session_swing,user,session,hitter_side,highest_playing_level,bat_speed_mph_max_x,attack_angle_contact_x,model_ready_primary,contact_time,force_climb_start_time,lead_force_max_time,fp_100_time,pelvis_velocity20_onset_time,pelvis_velocity20_to_contact_ms,torso_velocity20_onset_time,torso_velocity20_to_contact_ms,lead_hand_velocity20_onset_time,lead_hand_velocity20_to_contact_ms,velocity20_composite_swing_time_ms,velocity20_initiation_spread_ms,swing_length_from_barrel_inflection_ft,swing_length_from_barrel_inflection_in,swing_length_start_time,swing_length_start_ms_before_contact,barrel_angular_velocity_peak_time,barrel_angular_velocity_peak_ms_before_contact,barrel_angular_velocity_peak_deg_s,swing_length_qc,attack_angle_window_source,attack_angle_window_start_source,attack_angle_window_end_source,attack_angle_window_end_attack_direction_deg,attack_angle_window_start_ms_before_contact,attack_angle_window_end_ms_after_contact,attack_angle_window_end_ms_before_contact,attack_angle_marker_time_offset_ms,attack_angle_speed_gate_pct,attack_angle_speed_gate_mps,attack_angle_max_window_speed_mps,attack_angle_contact_computed_deg,attack_angle_contact_xz_deg,attack_angle_contact_obp_deg,attack_angle_contact_diff_deg,attack_angle_contact_speed_mps,attack_angle_contact_bat_speed_mph,attack_angle_contact_speed_pct_max,attack_direction_contact_raw_deg,attack_direction_contact_pull_deg,contact_barrel_x_relative_com_in,contact_barrel_x_relative_preswing_com_in,contact_barrel_preswing_com_reference_ms_before_contact,swing_length_lead_hand_onset_to_contact_in,swing_length_lead_hand_onset_to_contact_ft,swing_path_tilt_contact_deg,attack_angle_contact_in_zone,attack_angle_obp_contact_in_zone,attack_angle_qc,attack_zone_time_ms,attack_zone_pct_of_swing,longest_attack_zone_ms,attack_zone_entry_ms_before_contact,attack_zone_exit_ms_before_contact,attack_zone_entry_ms_from_contact,attack_zone_exit_ms_from_contact,attack_zone_depth_min_in,attack_zone_depth_max_toward_pitcher_in,attack_zone_depth_range_in,attack_zone_depth_entry_in,attack_zone_depth_exit_in,attack_zone_y_range_relative_com_in,attack_zone_y_min_relative_com_in,attack_zone_y_max_relative_com_in,attack_zone_speed_mean_mph,attack_zone_speed_max_mph,attack_zone_speed_pct_max_mean,attack_zone_speed_pct_max_peak,attack_direction_zone_mean_pull_deg,attack_direction_zone_median_pull_deg,attack_direction_zone_range_deg,attack_direction_zone_entry_pull_deg,attack_direction_zone_exit_pull_deg,attack_zone_path_length_in,attack_window_path_length_in,attack_zone_path_pct,attack_window_depth_range_in
6_1,5,6,R,milb,66.9317,1.1353,True,0.9944,0.7963,0.9241,0.8547604946533729,0.7877050258549175,206.69497414508243,0.8275722947357018,166.82770526429812,0.8494982702799604,144.90172972003955,206.69497414508243,61.79324442504287,,,,,,27.699999999999946,2281.021735159387,no_barrel_inflection_before_peak_omega,lead_hand_velocity20_onset_to_latest_upward_crossing_55deg_pull_attack_direction,lead_hand_velocity20_onset,latest_upward_crossing_55deg_pull_attack_direction,55.0,144.90172972003955,40.378167742687545,-40.378167742687545,-6.3,30.0,9.234299941602016,30.780999805340056,1.0734574153623087,1.0734574153623087,1.1353,-0.06184258463769132,29.945405374602384,66.98596406272895,97.28535643409248,-5.945237963407808,-5.945237963407808,16.840644919403264,26.494188226500306,499.99999999999994,80.63248802088563,6.719374001740469,37.159701411313044,False,False,ok,19.600000000000172,10.44776119402985,16.69999999999994,-5.600000000000049,-22.299999999999986,5.600000000000049,22.299999999999986,22.176227971527513,32.33277090367197,10.156542932144458,22.176227971527513,32.33277090367197,6.007499062623658,23.602549681315335,29.610048743938993,48.375608084882835,65.99445585580597,70.25708058551847,95.84536477811658,20.160040830957143,22.034146786401504,29.14733341657504,3.8175371257920694,32.96487054236711,12.148507030958296,110.74938869774337,10.969367121396882,59.841769778842306
6_2,5,6,R,milb,67.5289,1.0192,True,0.8944,0.7056,0.8241,0.76040687463617,0.6961604853498459,198.2395146501541,0.7380792998643982,156.32070013560173,0.7561517636643393,138.24823633566064,198.2395146501541,59.99127831449346,6.705764490687395,80.46917388824875,0.6889,205.50000000000003,0.8694,25.00000000000002,2391.5487751469436,ok,lead_hand_velocity20_onset_to_latest_upward_crossing_55deg_pull_attack_direction,lead_hand_velocity20_onset,latest_upward_crossing_55deg_pull_attack_direction,55.0,138.24823633566064,37.86599802478807,-37.86599802478807,-6.3,30.0,9.340464390670247,31.134881302234156,0.9661839439660371,0.9661839439660371,1.0192,-0.05301605603396298,30.317945274347267,67.81931208470658,97.37613893575927,-3.196305017114068,-3.196305017114068,17.39351331085493,27.41713535810985,500.0,76.95206992146564,6.41267249345547,41.04222885543431,False,False,ok,8.400000000000073,4.761904761904762,5.599999999999938,-5.600000000000049,-11.199999999999989,5.600000000000049,11.199999999999989,22.551931008648285,25.985939257620867,3.4340082489725816,22.551931008648285,25.985939257620867,1.6160479940024928,24.772028496464703,26.388076490467196,56.93574684938547,65.78649132341351,81.74932810719565,94.45737979771417,11.784725259400355,11.490186994036183,11.310229629070914,6.2768795775469854,17.5871092066179,4.002627601493911,105.32942301065101,3.8001039852740495,58.21541057374118
6_3,5,6,R,milb,68.2407,0.5749,True,0.9194,0.7343,0.8037,0.7813053500044879,0.7195415451496459,199.8584548503541,0.7580892971301891,161.31070286981085,0.7804012832503634,138.9987167496366,199.8584548503541,60.85973810071752,6.275908172894441,75.3108980747333,0.8028,116.60000000000004,0.8944,25.00000000000002,2405.2782711050745,ok,lead_hand_velocity20_onset_to_latest_upward_crossing_55deg_pull_attack_direction,lead_hand_velocity20_onset,latest_upward_crossing_55deg_pull_attack_direction,55.0,138.9987167496366,34.157734126810894,-34.157734126810894,-6.3,30.0,9.381313804516303,31.271046015054342,0.8689391263357913,0.8689391263357913,0.5749,0.2940391263357913,30.470408272279013,68.16036209797552,97.43968352580886,-4.215849642993106,-4.215849642993106,17.585489313854765,29.62092238473391,500.0,78.32385040498914,6.526987533749096,42.313177290671916,False,False,ok,19.600000000000172,11.11111111111111,16.69999999999994,-5.600000000000049,-22.299999999999986,5.600000000000049,22.299999999999986,23.136857892788402,34.49925009377556,11.362392200987156,23.136857892788402,34.49925009377556,8.298275215607017,18.328271466086534,26.62654668169355,53.74143942589883,67.35861452922968,76.82689306071839,96.29353308057081,24.892802500117885,27.364315108499337,32.93858423250694,6.188472059630808,39.12705629213775,14.369930644795735,108.1820268942443,13.283103540704941,59.31214848150391
6_4,5,6,R,milb,67.5669,5.4093,True,0.9806,0.8,0.8657,0.8454273010864413,0.784953436569373,195.64656343062703,0.8168109073522085,163.7890926477915,0.835051074644365,145.54892535563502,195.64656343062703,50.097638074992005,,,,,,25.00000000000002,2403.0342910623317,no_barrel_inflection_before_peak_omega,lead_hand_velocity20_onset_to_latest_upward_crossing_55deg_pull_attack_direction,lead_hand_velocity20_onset,latest_upward_crossing_55deg_pull_attack_direction,55.0,145.54892535563502,32.968696967189736,-32.968696967189736,-6.3,30.0,9.21257242360233,30.7085747453411,5.429833189270806,5.429833189270806,5.4093,0.020533189270805607,30.288794081440987,67.75410272333785,98.63301808246962,-1.3487671808840602,-1.3487671808840602,19.695913010894916,30.243157105394495,500.0,79.8795759627297,6.6566313302274756,36.44609258241415,True,True,ok,14.000000000000124,7.8125,11.099999999999998,0.0,-11.099999999999998,0.0,11.099999999999998,19.695913010894916,28.27652793403879,8.580614923143873,19.695913010894916,28.27652793403879,3.3490813648330153,25.541619797552897,28.890701162385913,62.24112571533509,68.6931253251187,90.60750318281946,100.0,9.098226877255096,8.646663820510415,21.8360339727795,-1.3487671808840602,20.48726679189544,9.640476296259497,104.56181899819242,9.219881968987318,57.37870266222923
6_5,5,6,R,milb,68.0812,1.1157,True,0.8444,0.662,0.7361,0.7118253718424105,0.6504231592726077,193.9768407273923,0.6878672193313105,156.53278066868958,0.7055277613826363,138.87223861736376,193.9768407273923,55.10460211002854,6.842185977678733,82.1062317321448,0.6306,213.79999999999998,0.8194,25.00000000000002,2426.383321741969,ok,lead_hand_velocity20_onset_to_latest_upward_crossing_55deg_pull_attack_direction,lead_hand_velocity20_onset,latest_upward_crossing_55deg_pull_attack_direction,55.0,138.87223861736376,37.70328949705271,-37.70328949705271,-6.3,30.0,9.27161977303989,30.9053992434663,1.1676996614460438,1.1676996614460438,1.1157,0.05199966144604384,30.737852052958512,68.75861679706173,99.45787081024942,-3.4459524597274376,-3.4459524597274376,18.08342707163558,27.0637420322752,497.20000000000005,78.54096104633008,6.545080087194173,38.67718221368484,False,False,ok,14.000000000000124,7.8125,11.099999999999998,-5.599999999999938,-16.69999999999994,5.599999999999938,16.69999999999994,23.07724034498181,29.91957255346314,6.842332208481331,23.07724034498181,29.91957255346314,3.6034870641208805,24.408698912662285,28.012185976783165,49.27929070507937,63.95029564813583,71.2814416123617,92.5027369532737,16.852245213625544,17.056180824969648,21.422701759424232,5.942332176387661,27.365033935811894,8.008046810541293,106.47985118096258,7.520715629975489,58.505999250156954
8_1,174,8,L,milb,65.0445,8.022,True,1.0111,0.825,0.9565,0.8750177095203123,0.8107236270297887,200.37637297021132,0.8378596904501079,173.24030954989223,0.8307839724040752,180.3160275959249,200.37637297021132,27.13606342031912,6.997902801157977,83.97483361389573,0.8833,127.80000000000014,0.9833,27.800000000000157,2647.8658299437343,ok,lead_hand_velocity20_onset_to_latest_upward_crossing_55deg_pull_attack_direction,lead_hand_velocity20_onset,latest_upward_crossing_55deg_pull_attack_direction,55.0,180.3160275959249,27.18626840102978,-27.18626840102978,-6.3,30.0,8.79837667147174,29.327922238239132,7.8976146989310285,7.8976146989310285,8.022,-0.12438530106897172,29.327922238239132,65.60469362526642,100.0,-13.75479854471692,13.75479854471692,21.52099737535133,35.58005249347675,497.2000000000001,90.96417621781785,7.580348018151487,39.12980566355357,True,True,ok,8.400000000000073,4.054054054054054,5.599999999999827,0.0,-5.599999999999827,0.0,5.599999999999827,21.52099737535133,25.47919010126487,3.9581927259135377,21.52099737535133,25.47919010126487,2.267716535435518,-21.50956130486012,-19.241844769424603,62.84115105619824,65.60469362526642,95.78758406394898,100.0,18.67938770679892,18.66189202038102,9.866674010581903,13.75479854471692,23.621472555298823,4.893525323785853,108.37085575870277,4.515536293892258,52.95631796031218
8_2,174,8,L,milb,66.4028,9.9825,True,1.1472,0.9611,1.0324,1.0057981137226937,0.942525881784681,204.674118215319,0.9720030669798332,175.1969330201669,0.9576730479650604,189.5269520349397,204.674118215319,29.47718519515209,7.19697568251446,86.36370819017353,1.0306,116.60000000000004,1.1194,27.800000000000047,2650.5136627822226,ok,lead_hand_velocity20_onset_to_latest_upward_crossing_55deg_pull_attack_direction,lead_hand_velocity20_onset,latest_upward_crossing_55deg_pull_attack_direction,55.0,189.52695203493963,25.918429088097827,-25.918429088097827,-6.3,30.0,9.090569442208762,30.301898140695876,10.71117197955651,10.71117197955651,9.9825,0.7286719795565109,30.301898140695876,67.78341566905834,100.0,-11.475860588842265,11.475860588842265,23.03299587554044,39.02512185980968,500.0,97.37045645682458,8.114204704735382,36.809112440486025,True,True,ok,13.999999999999568,6.41025641025641,11.199999999999877,2.7999999999999137,-8.399999999999963,-2.7999999999999137,8.399999999999963,20.326396700434405,28.208098987657017,7.881702287222613,20.326396700434405,28.208098987657017,4.389388826401444,-27.212973378357095,-22.82358455195565,61.71253836919342,67.78341566905834,91.04371292012635,100.0,17.124325094267228,16.7008887744912,22.708981204331124,6.233371241592934,28.942352445924058,9.553075469110855,115.55543851093485,8.267092914200537,55.223284589485985
8_3,174,8,L,milb,66.337,10.3916,True,1.1472,0.9528,1.0917,0.995171511896344,0.9417336069433856,205.4663930566145,0.9707052687297164,176.49473127028347,0.952056384383242,195.143615616758,205.4663930566145,28.971661786331023,7.1780663916016545,86.13679669921986,1.0222,125.0,1.1194,27.800000000000047,2665.208999256293,ok,lead_hand_velocity20_onset_to_latest_upward_crossing_55deg_pull_attack_direction,lead_hand_velocity20_onset,latest_upward_crossing_55deg_pull_attack_direction,55.0,195.14361561675798,24.910462139378975,-24.910462139378975,-6.3,30.0,9.04823724763441,30.160790825448032,10.279216840091502,10.279216840091502,10.3916,-0.11238315990849834,29.797807115913628,66.65579616122405,98.79650466847792,-13.754868624317268,13.754868624317268,23.802212223497783,40.136857892806766,500.0,96.78686951582779,8.065572459652316,32.95556315764084,True,True,ok,11.199999999999655,5.063291139240507,8.399999999999963,2.7999999999999137,-5.600000000000049,-2.7999999999999137,5.600000000000049,21.096362954653458,27.826584177007938,6.73022122235448,21.096362954653458,27.826584177007938,3.340832395954113,-26.83314585679688,-23.492313460842766,64.26064584658879,66.65579616122405,95.24643861466902,98.79650466847792,15.789115031155205,15.915829884781237,13.891804126184933,8.71649811443671,22.608302240621644,8.042770020777267,113.80778624422533,7.066976949642021,54.3483314586264
8_4,174,8,L,milb,68.7712,6.8776,True,1.2806,1.0982,1.2315,1.1421046205409462,1.0760650010815545,204.53499891844552,1.103969630245271,176.6303697547289,1.1071181747544734,173.48182524552658,204.53499891844552,31.053173672918945,7.138865711092047,85.66638853310457,1.1583,122.29999999999986,1.2556,24.99999999999991,2772.8845837447375,ok,lead_hand_velocity20_onset_to_latest_upward_crossing_55deg_pull_attack_direction,lead_hand_velocity20_onset,latest_upward_crossing_55deg_pull_attack_direction,55.0,173.48182524552658,25.36536625741359,-25.36536625741359,-6.3,30.0,9.274838286326645,30.916127621088815,7.05044592530051,7.05044592530051,6.8776,0.17284592530050968,30.916127621088815,69.15740788539902,100.0,-9.876223688972148,9.876223688972148,21.661417322858043,36.20472440948793,500.0,93.58697071451408,7.798914226209507,39.55270741211672,True,True,ok,11.199999999999655,5.555555555555555,8.299999999999974,0.0,-8.299999999999974,0.0,8.299999999999974,21.661417322858043,27.45256842897604,5.791151106117997,21.661417322858043,27.45256842897604,3.9261342332250884,-24.27259092616044,-20.34645669293535,64.40124405642858,69.15740788539902,93.12269795182044,100.0,19.232293455767525,18.72927574330787,19.718174958510062,9.876223688972148,29.594398647482212,7.382420900377112,112.28847633749004,6.574513379439565,53.946381702345505
8_5,174,8,L,milb,70.3682,12.6101,True,1.3778,1.1861,1.3259,1.2357278398324192,1.1637081754269096,214.0918245730903,1.1904761720707466,187.3238279292533,1.199971555778281,177.82844422171885,214.0918245730903,36.26338035137144,7.666642282782803,91.99970739339363,1.25,127.79999999999991,1.35,27.799999999999827,2587.981481905075,ok,lead_hand_velocity20_onset_to_latest_upward_crossing_55deg_pull_attack_direction,lead_hand_velocity20_onset,latest_upward_crossing_55deg_pull_attack_direction,55.0,177.82844422171883,23.389127474577,-23.389127474577,-6.3,30.0,9.696858638034824,32.322862126782745,13.274985506211525,13.274985506211525,12.6101,0.664885506211526,32.141574439225955,71.89865434687259,99.43913479305851,-12.58808685151029,12.58808685151029,25.559242594703274,42.66554180732018,499.9999999999999,99.6926348927164,8.307719574393033,40.80462878070918,True,True,ok,13.999999999999568,6.8493150684931505,11.099999999999888,5.599999999999827,-5.50000000000006,-5.599999999999827,5.50000000000006,19.39951256095084,29.729471316117603,10.329958755166764,19.39951256095084,29.729471316117603,5.097862767159615,-27.640982377232703,-22.543119610073088,69.70209962659875,72.30418335447098,96.40119892494252,100.0,13.443132819518613,12.58808685151029,22.58323211922838,2.8845261834616096,25.46775830268999,12.270541529224483,116.48026488116412,10.534438208689837,57.06899137613965
17_1,59,17,R,milb,70.5241,6.8001,True,1.1083,0.9167,1.0361,0.9902907851824416,0.8839653930666954,224.33460693330463,0.940748998331006,167.55100166899396,0.9683950259530766,139.90497404692348,224.33460693330463,84.42963288638114,5.279162786611234,63.34995343933481,1.0389,69.40000000000013,1.0806,27.70000000000006,2688.844290387046,ok,lead_hand_velocity20_onset_to_latest_upward_crossing_55deg_pull_attack_direction,lead_hand_velocity20_onset,latest_upward_crossing_55deg_pull_attack_direction,55.0,139.90497404692348,369.71079106156714,-369.71079106156714,-6.3,30.0,9.66217044551458,32.207234818381934,6.895695846816434,6.895695846816434,6.8001,0.09559584681643418,30.82476140542697,68.95302748171737,95.70756874736128,-0.7418432013297394,-0.7418432013297394,21.43025871768344,32.4656917885615,497.2000000000001,82.02382420225533,6.835318683521277,37.812796120505965,True,True,ok,11.199999999999655,2.1739130434782608,8.399999999999963,0.0,-8.399999999999963,0.0,8.399999999999963,21.43025871768344,28.273153355861062,6.842894638177622,21.43025871768344,28.273153355861062,2.4713160854919813,26.421072365982795,28.892388451474776,67.53950872112334,72.04553243195664,93.74558899250414,100.0,7.042604366239109,7.028672183770242,15.59675950007543,-0.7418432013297394,14.85491629874569,7.692465393485936,269.10185662340695,2.8585701674481987,74.47937757788324
17_2,59,17,R,milb,67.4617,9.9961,True,1.1917,0.9917,1.1139,1.070642259046436,0.972379082357248,219.32091764275208,1.0204105285782124,171.28947142178762,1.048596922959386,143.10307704061387,219.32091764275208,76.21784060213821,5.5521649688283095,66.62597962593972,1.1167,74.99999999999996,1.1667,24.99999999999991,2677.720746009756,ok,lead_hand_velocity20_onset_to_latest_upward_crossing_55deg_pull_attack_direction,lead_hand_velocity20_onset,latest_upward_crossing_55deg_pull_attack_direction,55.0,143.1030770406141,362.24500714022787,-362.24500714022787,-6.3,30.0,9.322233331254436,31.074111104181455,9.881764340289699,9.881764340289699,9.9961,-0.11433565971030113,31.074111104181455,69.51080687227412,100.0,10.950806748930125,10.950806748930125,25.92107236598226,35.9683164604813,500.0,84.37378227190266,7.031148522658555,42.5726994748791,True,True,ok,11.199999999999655,2.197802197802198,8.299999999999974,2.7999999999999137,-5.50000000000006,-2.7999999999999137,5.50000000000006,23.14529433823273,29.951818522717023,6.806524184484292,23.14529433823273,29.951818522717023,3.530183727037933,19.44544431948107,22.975628046519002,66.53145577916928,69.51080687227412,95.7138303708956,100.0,14.196177360023427,13.882822492345003,17.30581344122468,5.856625507089515,23.162438948314193,8.126514453457874,266.16584632173306,3.0531770194267507,73.51481064874834
17_3,59,17,R,milb,68.4308,9.8531,True,1.3833,1.1778,1.3167,1.267786437171689,1.1585465350347326,224.75346496526737,1.216003170626653,167.296829373347,1.234627162722828,148.67283727717196,224.75346496526737,76.0806276880954,5.679534761353763,68.15441713624514,1.3,83.29999999999993,1.3583,24.99999999999991,2543.9146563111117,ok,lead_hand_velocity20_onset_to_latest_upward_crossing_55deg_pull_attack_direction,lead_hand_velocity20_onset,latest_upward_crossing_55deg_pull_attack_direction,55.0,148.67283727717196,358.74022345460486,-358.74022345460486,-6.3,30.0,9.261591748306397,30.87197249435466,9.769291639832053,9.769291639832053,9.8531,-0.08380836016794646,30.686409262153628,68.64354255134573,99.39892654337208,-1.0951060656545037,-1.0951060656545037,21.080802399722806,34.64379452572171,500.0,81.5143641288057,6.792863677400475,33.80377475063611,True,True,ok,11.199999999999655,2.185792349726776,8.299999999999974,2.6999999999999247,-5.600000000000049,-2.6999999999999247,5.600000000000049,18.03693288340906,25.755530558707985,7.718597675298923,18.03693288340906,25.755530558707985,2.0434945631818096,28.039745031901305,30.083239595083114,67.34777701832915,69.05863567992714,97.52259996920954,100.0,1.7630678946793228,1.9088340310218315,17.49792816843425,-7.131662325880312,10.36626584255394,8.41940036824388,261.8100993364535,3.21584247115848,71.44206974135953
17_4,59,17,R,milb,69.7295,10.6642,True,1.3556,1.1611,1.2806,1.2426287331964232,1.13590938152353,219.69061847647,1.1821830410286551,173.4169589713448,1.2042159556618546,151.38404433814534,219.69061847647,68.30657413832466,6.280251002577404,75.36301203092884,1.2528,102.8,1.3306,24.99999999999991,2752.949698328193,ok,lead_hand_velocity20_onset_to_latest_upward_crossing_55deg_pull_attack_direction,lead_hand_velocity20_onset,latest_upward_crossing_55deg_pull_attack_direction,55.0,151.38404433814534,470.7142454516822,-470.7142454516822,-6.3,30.0,9.615824685978408,32.052748953261364,10.765533100122585,10.765533100122585,10.6642,0.10133310012258612,30.744051125367335,68.7724837271101,95.91704964275499,6.800869732592359,6.800869732592359,24.658980127510706,34.84401949760044,499.9999999999999,84.25997697417462,7.021664747847885,35.02562138011996,True,True,ok,11.199999999999655,1.7857142857142856,8.299999999999974,2.7999999999999137,-5.50000000000006,-2.7999999999999137,5.50000000000006,21.6916010498922,29.150543682071234,7.458942632179035,21.6916010498922,29.150543682071234,3.4124484439481932,24.089613798301237,27.50206224224943,67.77717861916477,70.63717867639053,94.52889664500529,98.51774149399638,10.199393767629353,10.072268925257452,19.27325857581382,0.6898893220943433,19.963147897908165,8.601956603307462,290.458592813281,2.961508736922499,74.30746156738437
17_5,59,17,R,milb,69.4476,12.485,True,1.2417,1.05,1.1694,1.1239588948607937,1.0216296845428814,220.07031545711865,1.0685188901634195,173.18110983658053,1.0876002348860343,154.0997651139655,220.07031545711865,65.97055034315315,6.3560254476532405,76.27230537183888,1.1389,102.8,1.2167,25.000000000000135,2610.018384491649,ok,lead_hand_velocity20_onset_to_latest_upward_crossing_55deg_pull_attack_direction,lead_hand_velocity20_onset,latest_upward_crossing_55deg_pull_attack_direction,55.0,154.09976511396573,460.59229180555184,-460.59229180555184,-6.3,30.0,9.468748069216376,31.56249356405459,12.122034299536883,12.122034299536883,12.485,-0.36296570046311594,31.503184687417722,70.47061714257714,99.81209064956637,10.533237486307376,10.533237486307376,27.349643794555227,37.12523434574688,500.0,85.98360150318977,7.165300125265815,30.83549611286216,True,True,ok,13.999999999999568,2.262443438914027,11.10000000000011,5.600000000000049,-5.50000000000006,-5.600000000000049,5.50000000000006,21.282902137255835,31.561679790060342,10.278777652804507,21.282902137255835,31.561679790060342,4.654668166484221,22.336520434969756,26.991188601453977,68.36655405847345,70.60328732116713,96.83197008587005,100.0,11.136570705426136,10.533237486307376,23.383772923675934,0.07503245101029411,23.45880537468623,11.917810777914248,293.1754125757363,4.06507853888856,74.41001124867432
21_1,92,21,R,college,66.0905,1.0243,True,0.8028,0.5991,0.7111,0.6822158102275927,0.5717842838129733,231.01571618702664,0.6206052773186266,182.19472268137332,0.6431583915646278,159.64160843537212,231.01571618702664,71.37410775165452,5.251077714022748,63.01293256827297,0.7222,80.60000000000001,0.7722,30.59999999999996,2241.702835245297,ok,lead_hand_velocity20_onset_to_latest_upward_crossing_55deg_pull_attack_direction,lead_hand_velocity20_onset,latest_upward_crossing_55deg_pull_attack_direction,55.0,159.64160843537212,409.48250073429307,-409.48250073429307,-6.3,30.0,9.055744604959436,30.18581534986479,2.0629559171477516,2.0629559171477516,1.0243,1.0386559171477516,29.397306197086333,65.75990112089814,97.38781562253878,-8.16175873414298,-8.16175873414298,14.64716910387784,24.11961004876996,397.19999999999993,80.04744398289779,6.670620331908149,32.57200288256922,False,False,ok,16.799999999999816,2.9268292682926833,13.900000000000023,-13.900000000000023,-27.800000000000047,13.900000000000023,27.800000000000047,24.260404949407533,31.546494188260557,7.286089238853023,24.260404949407533,31.546494188260557,5.590738657673832,20.73509561307077,26.3258342707446,37.34081876446274,39.88877964865285,55.30027738853247,59.07370679723469,31.202878722704686,31.32546371677364,13.848797316620761,23.88809855456107,37.73689587118183,9.379532734246615,248.45374555590976,3.775162541124151,69.37420322467187
21_2,92,21,R,college,62.4813,2.7361,True,0.75,0.538,0.7028,0.6311065168692104,0.5150349290112738,234.9650709887262,0.5636725119863473,186.32748801365275,0.5949178398559145,155.0821601440855,234.9650709887262,79.88291084464072,5.444131543712163,65.32957852454595,0.6694,80.60000000000001,0.725,25.00000000000002,2587.56058959643,ok,lead_hand_velocity20_onset_to_latest_upward_crossing_55deg_pull_attack_direction,lead_hand_velocity20_onset,latest_upward_crossing_55deg_pull_attack_direction,55.0,155.0821601440855,405.45812536236923,-405.45812536236923,-6.3,30.0,8.510461094135827,28.368203647119426,3.663325903892545,3.663325903892545,2.7361,0.9272259038925452,28.368203647119426,63.45786427863143,100.0,2.0001197778989654,2.0001197778989654,18.245406824166693,28.052493438350513,400.0,82.1562927778074,6.846357731483949,37.46147447925983,False,False,ok,19.600000000000172,3.482587064676617,16.599999999999948,-2.8000000000000247,-19.399999999999974,2.8000000000000247,19.399999999999974,20.69028871393311,28.60554930636761,7.9152605924345,20.69028871393311,28.60554930636761,6.1051743532124405,19.325084364475316,25.430258717687757,44.38566176761832,61.70631643300717,69.94509234147766,97.23982540929278,26.68739984592339,29.0484862614446,31.68308401822674,8.273613955985812,39.95669797421255,10.290155044115652,229.3180633503986,4.487284993503659,61.67679040126649
21_3,92,21,R,college,68.7228,6.2307,True,0.6556,0.4593,0.5648,0.5248506676032922,0.4268568666525853,228.74313334741464,0.4722286708404639,183.3713291595361,0.494291984052677,161.30801594732296,228.74313334741464,67.43511740009168,5.834720096680901,70.01664116017082,0.5583,97.29999999999994,0.625,30.59999999999996,2263.7364984945048,ok,lead_hand_velocity20_onset_to_latest_upward_crossing_55deg_pull_attack_direction,lead_hand_velocity20_onset,latest_upward_crossing_55deg_pull_attack_direction,55.0,161.30801594732296,433.7300242270277,-433.7300242270277,-6.3,30.0,9.270630920234098,30.90210306744699,5.433335653424105,5.433335653424105,6.2307,-0.797364346575895,30.90210306744699,69.12603585237777,100.0,0.5287105728879478,0.5287105728879478,19.3014623172312,30.25028121488082,436.19999999999993,80.8823414179599,6.740195118163325,31.541506784118255,True,True,ok,11.200000000000099,1.8604651162790697,8.300000000000086,0.0,-8.300000000000086,0.0,8.300000000000086,19.3014623172312,24.614360704938473,5.312898387707275,19.3014623172312,24.614360704938473,1.9236970378723477,25.446381702314696,27.370078740187044,61.91650792655065,69.12603585237777,89.57045947025888,100.0,7.226375693331461,6.965898391909076,13.916284843731798,0.5287105728879478,14.444995416619745,6.079669263196386,251.06670311289759,2.421535467593459,68.5329958755896
21_4,92,21,R,college,68.1827,10.0246,True,0.6667,0.4732,0.5676,0.5280907254987535,0.4250027586343187,241.6972413656813,0.4969742340374476,169.7257659625523,0.4836338842048855,183.06611579511448,241.6972413656813,71.971475403129,6.023205790781988,72.27846948938387,0.5778,88.89999999999998,0.6333,33.399999999999984,2363.32505523968,ok,lead_hand_velocity20_onset_to_latest_upward_crossing_55deg_pull_attack_direction,lead_hand_velocity20_onset,latest_upward_crossing_55deg_pull_attack_direction,55.0,183.06611579511446,498.05724446238065,-498.05724446238065,-6.3,30.0,9.467179049012966,31.55726349670989,10.300988455275313,10.300988455275313,10.0246,0.2763884552753133,30.716199321412088,68.71018101604342,97.33480003617713,1.7397072028611908,1.7397072028611908,22.20941132360855,33.756655418109204,441.7,90.18200041130612,7.515166700942177,29.47808738330789,True,True,ok,22.400000000000198,3.2653061224489797,19.49999999999996,5.599999999999938,-13.900000000000023,-5.599999999999938,13.900000000000023,16.524746906654524,28.986314210754976,12.461567304100452,16.524746906654524,28.986314210754976,4.697225346836721,26.898950131262648,31.59617547809937,53.44140219882322,70.59158799371389,75.70505738386579,100.0,11.731587477674026,8.885840320914655,42.5154152161892,-7.084716175613728,35.43069904057547,14.096072524565974,262.250561181133,5.375039985073666,69.91394825654348
21_5,92,21,R,college,64.1874,6.4613,True,0.5889,0.3898,0.4889,0.4591927882116293,0.3420928873035314,246.8071126964685,0.4014804577089056,187.4195422910943,0.4232582066355312,165.64179336446873,246.8071126964685,81.1653193319998,5.9744476801216635,71.69337216145996,0.5028,86.09999999999995,0.5583,30.59999999999996,2391.0927167293485,ok,lead_hand_velocity20_onset_to_latest_upward_crossing_55deg_pull_attack_direction,lead_hand_velocity20_onset,latest_upward_crossing_55deg_pull_attack_direction,55.0,165.64179336446878,456.0239474506935,-456.0239474506935,-6.3,30.0,8.740596220444553,29.135320734815178,7.547653347888202,7.547653347888202,6.4613,1.0863533478882026,27.581598839635824,61.6982794372669,94.66722227182233,6.631498238461591,6.631498238461591,21.581364829419638,31.49868766407602,419.5,90.13282358989768,7.511068632491473,32.78741645531965,True,True,ok,22.400000000000198,3.571428571428571,19.50000000000007,2.8000000000000247,-16.70000000000005,-2.8000000000000247,16.70000000000005,19.263217097883576,28.40588676418517,9.142669666301593,19.263217097883576,28.40588676418517,6.661229846276413,22.69403824524386,29.355268091520273,44.562059437241366,63.80796255477828,68.37413334880445,97.90423053899173,24.44131750472168,22.889143121221093,49.85159367224052,1.681720338574822,51.53331401081534,11.6869279476147,258.8452115737665,4.5150257470705135,65.85676790408314
23_1,109,23,L,college,58.7368,2.7773,True,1.2917,1.0917,1.225,1.1651902335382494,1.0778034092286326,213.89659077136747,1.1117325664569668,179.96743354303325,1.1268344452133685,164.86555478663155,213.89659077136747,49.03103598473592,5.598115220517542,67.1773826462105,1.1861,105.60000000000014,1.2667,25.000000000000135,2296.2558451254195,ok,lead_hand_velocity20_onset_to_latest_upward_crossing_55deg_pull_attack_direction,lead_hand_velocity20_onset,latest_upward_crossing_55deg_pull_attack_direction,55.0,164.86555478663155,544.4935662630193,-544.4935662630193,-6.3,30.0,8.065846806848969,26.886156022829898,3.1060478750469045,3.1060478750469045,2.7773,0.3287478750469046,26.886156022829898,60.14261816130518,100.0,9.838332089394802,-9.838332089394802,11.280089988763589,23.862767154131504,497.30000000000007,75.51420495375,6.292850412812499,22.426446813472527,False,False,ok,39.199999999998795,5.46875,36.10000000000002,-5.499999999999838,-41.59999999999986,5.499999999999838,41.59999999999986,15.068428946397976,31.217847769062594,16.149418822664618,15.068428946397976,31.217847769062594,12.093363329596869,-30.688038995158752,-18.594675665561883,34.519155909595405,51.35105951637347,57.39549917333744,85.38214844363384,28.3763882044357,29.696715865983208,45.71018409161143,0.5287506747987081,46.23893476641014,20.678744340439263,245.8829543364781,8.409995071127002,65.39876265473883
23_2,109,23,L,college,60.8459,1.4877,True,1.5583,1.3343,1.4898,1.442068865325973,1.3309589338061707,227.3410661938293,1.3778927792989235,180.4072207010765,1.3979227531437797,160.37724685622058,227.3410661938293,66.96381933760873,6.490309677019475,77.8837161242337,1.425,133.29999999999998,1.5333,24.99999999999991,2385.0366234840676,ok,lead_hand_velocity20_onset_to_latest_upward_crossing_55deg_pull_attack_direction,lead_hand_velocity20_onset,latest_upward_crossing_55deg_pull_attack_direction,55.0,160.37724685622035,587.7003257063724,-587.7003257063724,-6.3,30.0,8.334968079610594,27.783226932035316,1.7887576330847201,1.7887576330847201,1.4877,0.3010576330847201,27.47589177261958,61.46181946273163,98.89381042681775,0.04820654819119324,-0.04820654819119324,16.190663667059106,30.883577052901746,500.0,81.25864858156429,6.771554048463691,33.210405547932616,False,False,ok,27.999999999999137,3.717472118959108,24.99999999999991,-5.600000000000049,-30.59999999999996,5.600000000000049,30.59999999999996,19.96194225723941,30.174728159012723,10.212785901773312,19.96194225723941,30.174728159012723,8.045744281973452,-25.84533183354872,-17.799587551575268,35.2696503662448,56.50824450500997,56.74986760283807,90.92336784821815,30.249018255016114,33.26514157673395,33.051193577910055,10.093135764410201,43.144329342320255,13.597259033619935,262.56278768269254,5.178669511253148,65.80071241101972
23_3,109,23,L,college,59.8086,1.562,True,1.4056,1.1926,1.338,1.2752701570972116,1.1624425013393451,243.15749866065465,1.2217013333619071,183.89866663809264,1.2409483954060017,164.65160459399831,243.15749866065465,78.50589406665634,6.000890793705421,72.01068952446505,1.2917,113.89999999999989,1.3806,24.99999999999991,2343.219792509259,ok,lead_hand_velocity20_onset_to_latest_upward_crossing_55deg_pull_attack_direction,lead_hand_velocity20_onset,latest_upward_crossing_55deg_pull_attack_direction,55.0,164.65160459399831,530.096204158834,-530.096204158834,-6.3,30.0,8.106033752443638,27.02011250814546,1.666787327428843,1.666787327428843,1.562,0.10478732742884289,27.02011250814546,60.44227028486361,100.0,8.765039646418892,-8.765039646418892,11.328271466078975,25.11567304089702,500.0,79.40188147479714,6.616823456233095,29.285323537964732,False,False,ok,30.799999999999052,4.3999999999999995,27.800000000000047,-5.50000000000006,-33.30000000000011,5.50000000000006,33.30000000000011,15.605736782918994,29.365766779184327,13.760029996265333,15.605736782918994,29.365766779184327,9.65129358831189,-31.564116985410916,-21.912823397099025,38.484942610530645,55.47872890192084,63.67223208054828,91.78796335817687,26.068068331436738,28.515538790743502,40.52877930687038,1.471209951639012,41.999989258509395,17.22337274874261,262.5608592934681,6.559764008652863,67.8307086614906
23_4,109,23,L,college,60.2192,4.1101,True,1.5944,1.4019,1.5028,1.4683478999622794,1.3616816357008026,232.71836429919745,1.4082800451308748,186.11995486912525,1.426235677098906,168.16432290109407,232.71836429919745,64.55404139810338,6.258217963376204,75.09861556051445,1.4778,116.60000000000004,1.5694,25.000000000000135,2361.808739478623,ok,lead_hand_velocity20_onset_to_latest_upward_crossing_55deg_pull_attack_direction,lead_hand_velocity20_onset,latest_upward_crossing_55deg_pull_attack_direction,55.0,168.16432290109407,618.9995198926958,-618.9995198926958,-6.3,30.0,8.146054607508018,27.15351535836006,4.7083077600368775,4.7083077600368775,4.1101,0.5982077600368774,26.84368088852997,60.04760399187979,98.85895264115518,0.10966458771098864,-0.10966458771098864,16.690101237363358,27.867266591706134,500.0,82.89889590074408,6.908241325062007,31.301768361274142,False,False,ok,8.399999999999741,1.0600706713780919,5.600000000000049,-2.7999999999999137,-8.399999999999963,2.7999999999999137,8.399999999999963,18.97600299964554,22.221222347230597,3.2452193475850564,18.97600299964554,22.221222347230597,1.9004499437590887,-27.495500562459387,-25.5950506187003,54.24987752911906,59.88270209220029,89.31390624952992,98.5874675525402,11.457571067031916,10.934408281728485,13.40042877258636,5.018938073390452,18.41936684597681,3.7815369541176547,291.9831161545924,1.2951217878349839,67.67716535440384
23_5,109,23,L,college,59.554,-2.1309,True,1.5056,1.2907,1.438,1.3670177107410464,1.2787427021567226,226.85729784327745,1.3237136219559296,181.88637804407048,1.3330862989125902,172.51370108740983,226.85729784327745,54.34359675586762,4.812730542746738,57.75276651296086,1.4361,69.50000000000011,1.4806,25.000000000000135,2219.5362745894704,ok,lead_hand_velocity20_onset_to_latest_upward_crossing_55deg_pull_attack_direction,lead_hand_velocity20_onset,latest_upward_crossing_55deg_pull_attack_direction,55.0,172.51370108740983,474.91307159785754,-474.91307159785754,-6.3,30.0,8.106612385580739,27.022041285269133,-2.2166585278604702,-2.2166585278604702,-2.1309,-0.08575852786047022,27.022041285269133,60.44658483641084,100.0,13.799746900191513,-13.799746900191513,7.958005249352424,22.335958005273465,500.0,80.8766789252454,6.73972324377045,26.143149867654373,False,False,ok,36.399999999998876,5.579399141630901,33.30000000000011,-11.099999999999888,-44.39999999999999,11.099999999999888,44.39999999999999,14.538995125625,30.400262467224444,15.861267341599444,14.538995125625,30.400262467224444,9.031121109871023,-35.85770528687787,-26.826584177006843,31.653904448591085,34.72088087529186,52.366737565500834,57.44059977790054,24.298518492444792,24.56446583590009,29.30828057524108,7.585840806572254,36.894121381813335,18.872477541854597,247.00793339197207,7.640433763682493,64.66666666673653
24_1,116,24,R,college,68.4138,7.2922,True,1.7833,1.5982,1.7287,1.6663838408219485,1.5573875116211389,225.91248837886124,1.6217889280497315,161.51107195026836,1.6351301403814995,148.1698596185006,225.91248837886124,77.74262876036065,7.380267171550622,88.56320605860746,1.6139,169.4000000000002,1.7444,38.900000000000155,2601.3035417047486,ok,lead_hand_velocity20_onset_to_latest_upward_crossing_55deg_pull_attack_direction,lead_hand_velocity20_onset,latest_upward_crossing_55deg_pull_attack_direction,55.0,148.1698596185006,31.70446151025508,-31.70446151025508,-6.3,30.0,9.444218779831985,31.480729266106618,7.568017476120678,7.568017476120678,7.2922,0.275817476120678,29.82915134829838,66.72591121219209,94.75368596499958,12.914045427773825,12.914045427773825,21.66816647921351,29.731158605206463,500.0,87.00843531852377,7.250702943210314,44.74551225062507,True,True,ok,8.399999999999741,4.615384615384616,5.599999999999827,0.0,-5.599999999999827,0.0,5.599999999999827,21.66816647921351,25.56486689166616,3.896700412452649,21.66816647921351,25.56486689166616,1.8942632170999119,23.83164604427021,25.725909261370123,63.882116215762565,66.72591121219209,90.71537381391299,94.75368596499958,17.092181322090777,17.422286161135535,8.026166949589143,12.914045427773825,20.94021237736297,4.62900290999351,108.14718127512802,4.280280683615099,55.93344581933302
24_2,116,24,R,college,67.8255,8.1575,True,1.2444,1.0343,1.1583,1.1295738696600857,1.008583977777358,235.816022222642,1.0647718768483498,179.6281231516501,1.098290512772203,146.10948722779705,235.816022222642,89.70653499484496,7.224541088554892,86.6944930626587,1.1083,136.09999999999988,1.2194,24.99999999999991,2808.42736131547,ok,lead_hand_velocity20_onset_to_latest_upward_crossing_55deg_pull_attack_direction,lead_hand_velocity20_onset,latest_upward_crossing_55deg_pull_attack_direction,55.0,146.10948722779705,21.619181611232328,-21.619181611232328,-6.3,30.0,9.169030462327822,30.563434874426076,8.768976206111946,8.768976206111946,8.1575,0.611476206111945,30.445678172921586,68.10504244121678,99.61471378466358,19.995935686063547,19.995935686063547,23.936820397476176,30.95650543685384,500.0,87.44789593175835,7.287324660979863,50.597390399661684,True,True,ok,8.399999999999741,5.0,5.600000000000049,0.0,-5.600000000000049,0.0,5.600000000000049,23.936820397476176,27.805399325114404,3.8685789276382287,23.936820397476176,27.805399325114404,2.8552680914916486,14.886201724800479,17.741469816292128,67.00399912258032,68.16665968058302,98.004258653604,99.70483903007352,25.06085970475802,25.245758696542786,9.94494904560419,19.995935686063547,29.940884731667737,5.078171865898738,101.91227546502274,4.982885371489536,52.56280464947561
24_3,116,24,R,college,67.8871,10.3286,True,1.2694,1.0222,1.188,1.1545513877068536,1.0299566339518131,239.44336604818693,1.0831129842537248,186.28701574627527,1.1182599216640554,151.14007833594468,239.44336604818693,88.30328771224225,2.7111313773829893,32.53357652859587,1.2417,27.70000000000006,1.2444,25.000000000000135,2830.641653544615,ok,lead_hand_velocity20_onset_to_latest_upward_crossing_55deg_pull_attack_direction,lead_hand_velocity20_onset,latest_upward_crossing_55deg_pull_attack_direction,55.0,151.14007833594468,12.21464445998155,-12.21464445998155,-6.3,30.0,9.328122021978537,31.093740073261788,11.487961630289226,11.487961630289226,10.3286,1.1593616302892258,30.414261947249386,68.03476634585127,97.8147430176896,25.06950630564833,25.06950630564833,27.248781402354144,34.45350581181074,497.2000000000001,86.96550978109096,7.2471258150909135,39.87841334810397,True,True,ok,8.399999999999741,5.084745762711865,5.50000000000006,2.7000000000001467,-2.7999999999999137,-2.7000000000001467,2.7999999999999137,24.59336332961037,29.375328084021234,4.781964754410865,24.59336332961037,29.375328084021234,3.5959880015037022,17.692163479584163,21.288151481087866,68.41001450923223,69.55471562558553,98.35424369712725,100.0,25.10642745987764,25.06950630564833,11.030270292538546,19.609752890723026,30.640023183261572,6.193939000047848,95.3272820796461,6.497551241283478,50.31814773158792
24_4,116,24,R,college,68.6049,-0.4731,True,2.3861,2.1926,2.3074,2.27057273407147,2.147006439397812,239.09356060218772,2.214899878748972,171.20012125102858,2.2417334127352646,144.36658726473527,239.09356060218772,94.72697333745248,6.674120081054211,80.08944097265052,2.2778,108.29999999999984,2.3583,27.800000000000047,2526.589043958381,ok,lead_hand_velocity20_onset_to_latest_upward_crossing_55deg_pull_attack_direction,lead_hand_velocity20_onset,latest_upward_crossing_55deg_pull_attack_direction,55.0,144.36658726473527,30.672422188112503,-30.672422188112503,-6.3,30.0,9.2797888875399,30.932629625132996,0.07012765824266287,0.07012765824266287,-0.4731,0.543227658242663,30.932629625132996,69.19432181713708,100.0,9.229943654275079,9.229943654275079,18.826771653563647,26.527559055146767,499.9999999999998,84.71612444475979,7.059677037063316,45.010819437016835,False,False,ok,11.200000000000543,6.349206349206349,8.299999999999752,-5.600000000000271,-13.900000000000023,5.600000000000271,13.900000000000023,23.31664791903531,27.723472066021703,4.406824146986391,23.31664791903531,27.723472066021703,3.4698162729696307,21.566929133881562,25.036745406851193,50.72369740368322,62.55313878668346,73.3061558688775,90.40212714562827,27.166572183409677,27.35129993617095,18.55448962151749,17.704599619889656,36.259089241407146,5.725139632500337,107.25058075317283,5.338096625953206,55.177165354390326
24_5,116,24,R,college,68.6981,1.3802,True,1.2833,1.0491,1.2222,1.1700397429389022,1.04951103165328,233.78896834672025,1.1280319411565187,155.26805884348138,1.140020228706098,143.279771293902,233.78896834672025,90.50919705281824,6.831710077510874,81.9805209301305,1.1528,130.50000000000006,1.2583,25.000000000000135,2640.0703016289963,ok,lead_hand_velocity20_onset_to_latest_upward_crossing_55deg_pull_attack_direction,lead_hand_velocity20_onset,latest_upward_crossing_55deg_pull_attack_direction,55.0,143.279771293902,28.698487271480833,-28.698487271480833,-6.3,30.0,9.456846307451434,31.522821024838112,1.9338961278206477,1.9338961278206477,1.3802,0.5536961278206476,30.527869780516244,68.28889983114757,96.8437112797173,9.83369005561516,9.83369005561516,19.145669291359262,26.543307086642844,497.2000000000001,83.0980205362354,6.924835044686283,39.10642563808336,False,False,ok,11.199999999999655,6.451612903225806,8.299999999999974,-2.7999999999999137,-11.099999999999888,2.7999999999999137,11.099999999999888,21.86970378705024,26.883202099766574,5.013498312716333,21.86970378705024,26.883202099766574,3.4908136482977348,22.726659167628597,26.21747281592633,59.365640380267095,69.37640973278111,84.18921598001532,98.38596038884111,22.781140638879254,22.30879465335176,16.07719614459473,15.214888552109384,31.292084696704112,6.31053870764476,104.45596145701741,6.041338971583239,54.0772403450153
25_1,123,25,R,college,57.6494,9.203,True,1.1611,1.0167,1.0667,1.0457153140275812,0.940667705259098,220.432294740902,0.9799817260063666,181.11827399363344,0.9591970349201484,201.9029650798516,220.432294740902,39.31402074726856,7.69254731076571,92.31056772918852,0.9556,205.50000000000003,1.1361,24.99999999999991,2012.6641668711804,ok,lead_hand_velocity20_onset_to_latest_upward_crossing_55deg_pull_attack_direction,lead_hand_velocity20_onset,latest_upward_crossing_55deg_pull_attack_direction,55.0,201.9029650798516,518.0504275134236,-518.0504275134236,-6.3,30.0,7.954538830274978,26.51512943424993,9.357761965743466,9.357761965743466,9.203,0.15476196574346623,26.51512943424993,59.31265531999351,100.0,-2.8588711451087065,-2.8588711451087065,15.235283089630252,23.26284214475703,486.09999999999997,91.81237481539405,7.651031234616171,38.00014946275609,True,True,ok,16.799999999999482,2.3166023166023164,13.899999999999801,2.7999999999999137,-11.099999999999888,-2.7999999999999137,11.099999999999888,12.663854518198901,21.42200974880454,8.75815523060564,12.663854518198901,21.42200974880454,1.7870266216742188,25.75796775405857,27.544994375732788,50.07773216398628,59.31265531999351,84.43009656845652,100.0,3.3136822835390256,2.74185972409994,22.031065778941194,-7.0324851860875786,14.998580592853616,9.266529705872248,282.2787402142944,3.282758630294822,67.68560179984814
25_2,123,25,R,college,57.9052,2.7661,True,0.9861,0.837,0.9287,0.8696890772250555,0.7938639834867772,192.23601651322275,0.8129001142945996,173.19988570540033,0.7976587455969049,188.44125440309512,192.23601651322275,19.036130807822417,6.738743620389766,80.86492344467719,0.8583,127.80000000000003,0.9556,30.49999999999997,1889.752214929978,ok,lead_hand_velocity20_onset_to_latest_upward_crossing_55deg_pull_attack_direction,lead_hand_velocity20_onset,latest_upward_crossing_55deg_pull_attack_direction,55.0,188.44125440309512,616.6010701643254,-616.6010701643254,-6.3,30.0,7.874949504720414,26.249831682401382,2.7086051840451595,2.7086051840451595,2.7661,-0.057494815954840295,26.249831682401382,58.719201150683055,100.0,-10.801698621979922,-10.801698621979922,10.54218222723298,14.47525309337896,402.79999999999995,90.33781101469067,7.52815091789089,43.314801671354026,False,False,ok,11.199999999999655,1.4035087719298245,8.299999999999974,-2.8000000000000247,-11.099999999999998,2.8000000000000247,11.099999999999998,12.875328084003405,17.18166479191957,4.306336707916165,12.875328084003405,17.18166479191957,0.5425571803530467,28.463254593206596,29.005811773559643,48.3484745474498,58.584369853184995,82.33844057820154,99.77037954390411,-2.542896997489582,-2.9856663115927287,11.023462400241458,-7.611858883507165,3.4116035167342935,4.5386820247567305,255.4843940795719,1.77650069042696,64.85658042751663
25_3,123,25,R,college,57.1854,3.9214,True,1.0556,0.9093,1.0,0.93793063796891,0.8568278995220255,198.77210047797456,0.8784304667542968,177.1695332457033,0.8594042779510248,196.19572204897528,198.77210047797456,21.60256723227127,6.424083940386564,77.08900728463877,0.9306,125.00000000000011,1.0306,25.000000000000135,2041.3990681666792,ok,lead_hand_velocity20_onset_to_latest_upward_crossing_55deg_pull_attack_direction,lead_hand_velocity20_onset,latest_upward_crossing_55deg_pull_attack_direction,55.0,196.19572204897528,448.48426847951293,-448.48426847951293,-6.3,30.0,7.8402518927950045,26.13417297598335,4.152464940396148,4.152464940396148,3.9214,0.23106494039614756,26.13417297598335,58.460479992804494,100.0,-11.132152164403667,-11.132152164403667,9.70753655794074,14.951631046135383,430.6000000000001,86.66256244833342,7.2218802040277845,39.30055741676091,False,False,ok,30.799999999999052,4.741379310344827,27.800000000000047,-2.6999999999999247,-30.49999999999997,2.6999999999999247,30.49999999999997,11.902699662555035,26.486689163883128,14.583989501328093,11.902699662555035,26.486689163883128,6.461004874397677,20.720284964401834,27.18128983879951,37.732616446324656,56.82557434263948,64.54380198549329,97.2034002280408,15.841687665650925,19.20742037054597,39.61506786942304,-7.212052953988604,32.40301491543443,16.239989713518245,241.55097695821132,6.723214253994836,67.8427071616781
25_4,123,25,R,college,57.0072,6.2922,True,1.1417,0.9917,1.0898,1.0245024594337342,0.9349514754141348,206.748524585865,0.9652390743519832,176.46092564801674,0.9486882967750452,193.01170322495489,206.748524585865,30.28759893784826,7.377125645991377,88.52550775189653,0.9806,161.0999999999999,1.1111,30.59999999999996,2029.407805219283,ok,lead_hand_velocity20_onset_to_latest_upward_crossing_55deg_pull_attack_direction,lead_hand_velocity20_onset,latest_upward_crossing_55deg_pull_attack_direction,55.0,193.01170322495474,431.30852952353973,-431.30852952353973,-6.3,30.0,7.683672250907364,25.61224083635788,7.120443239708657,7.120443239708657,6.2922,0.828243239708657,25.61224083635788,57.29295104768668,100.0,-1.7810783093446303,-1.7810783093446303,14.801087364095475,22.206599175127096,491.69999999999993,91.72634202107203,7.643861835089336,40.99544543923801,True,True,ok,13.999999999999568,2.2222222222222223,11.099999999999888,2.7999999999999137,-8.299999999999974,-2.7999999999999137,8.299999999999974,12.143232096001114,19.858830146253172,7.7155980502520585,12.143232096001114,19.858830146253172,1.45313085864424,25.338020247496438,26.791151106140678,53.38407219375007,57.29295104768668,93.1773825881597,100.0,2.1502435034656355,2.0833939620764537,16.930724557823908,-6.4014725293496,10.529252028474309,8.07311592873831,238.32905706721462,3.387382146383223,65.09148856399983
25_5,123,25,R,college,55.7922,4.0726,True,1.4944,1.3389,1.4324,1.3723744339041424,1.2731240142123748,221.2759857876252,1.304625448632454,189.774551367546,1.2800643704132917,214.33562958670825,221.2759857876252,31.50143442007922,7.100548285452314,85.20657942542778,1.3417,152.70000000000005,1.4694,24.99999999999991,1938.1992346004483,ok,lead_hand_velocity20_onset_to_latest_upward_crossing_55deg_pull_attack_direction,lead_hand_velocity20_onset,latest_upward_crossing_55deg_pull_attack_direction,55.0,214.33562958670825,731.0420959922277,-731.0420959922277,-6.3,30.0,7.5816845208379675,25.27228173612656,4.034989464523061,4.034989464523061,4.0726,-0.037610535476939155,24.72677606600049,55.312222767538614,97.84148627408553,-13.401730453229595,-13.401730453229595,8.98256467942477,17.58492688415847,500.0,91.11930874132817,7.593275728444014,39.27181101593076,False,False,ok,25.19999999999922,2.6392961876832843,22.199999999999996,-2.8000000000001357,-25.000000000000135,2.8000000000001357,25.000000000000135,10.879265091875267,20.85489313838023,9.975628046504964,10.879265091875267,20.85489313838023,2.563367079117878,29.25834270719321,31.82170978631109,32.84216297842821,52.58025541505039,58.094321245592496,93.00892426797864,6.024895154689727,8.996844647381401,27.77001755095472,-10.083453838682985,17.686563712271735,10.660989858720583,294.0409733119686,3.625681733616626,65.7129733783987
33_1,139,33,R,college,67.8606,5.4987,True,1.2444,1.0824,1.1685,1.1174927930678304,1.0395938433984726,204.8061566015273,1.0766513818373675,167.7486181626322,1.0786024535112697,165.79754648873023,204.8061566015273,39.00861011279707,2.7208177913195932,32.64981349583512,1.2167,27.70000000000006,1.2194,24.99999999999991,2640.709908698263,ok,lead_hand_velocity20_onset_to_latest_upward_crossing_55deg_pull_attack_direction,lead_hand_velocity20_onset,latest_upward_crossing_55deg_pull_attack_direction,55.0,165.79754648873023,32.952290571123925,-32.952290571123925,-6.3,30.0,9.241926750495496,30.806422501651653,5.444678116807182,5.444678116807182,5.4987,-0.05402188319281809,30.36183194704803,67.91748377560845,98.55682510820662,3.8440964681289076,3.8440964681289076,21.71503562057089,33.74653168357601,500.0,88.90981332596142,7.4091511104967855,42.24595161984433,True,True,ok,11.199999999999655,5.633802816901409,8.399999999999963,0.0,-8.399999999999963,0.0,8.399999999999963,21.71503562057089,27.794525684319495,6.0794900637486045,21.71503562057089,27.794525684319495,2.448818897640443,26.19722534685994,28.646044244500384,64.14083483678995,68.91200452230588,93.07643172101957,100.0,11.035762474937524,11.146429195176895,14.161998573138497,3.8440964681289076,18.006095041267404,6.839223555403307,111.36266462100082,6.141397189694726,57.818897637857745
33_2,139,33,R,college,64.7291,5.941,True,1.5194,1.3611,1.4444,1.390622103464813,1.3178821215240093,201.5178784759908,1.357056088776854,162.34391122314597,1.3554082896914108,163.9917103085893,201.5178784759908,39.17396725284485,2.5663779955647965,30.79653594677756,1.4917,27.70000000000006,1.4944,25.000000000000135,2640.4890062133236,ok,lead_hand_velocity20_onset_to_latest_upward_crossing_55deg_pull_attack_direction,lead_hand_velocity20_onset,latest_upward_crossing_55deg_pull_attack_direction,55.0,163.9917103085893,35.36636322240594,-35.36636322240594,-6.3,30.0,8.779604581689146,29.265348605630486,5.560015889038312,5.560015889038312,5.941,-0.3809841109616876,28.019394140941206,62.677599635247795,95.74256065943611,0.3303970344372594,0.3303970344372594,18.935883014643633,31.90438695166551,500.0,83.96417253628029,6.997014378023358,45.14339345131457,True,True,ok,11.199999999999655,5.555555555555555,8.399999999999963,0.0,-8.399999999999963,0.0,8.399999999999963,18.935883014643633,24.723472066018466,5.787589051374834,18.935883014643633,24.723472066018466,1.973003374580312,25.820584926912026,27.79358830149234,57.236753343256,62.677599635247795,87.43144856865425,95.74256065943611,8.113688677534263,8.312491882064482,15.168976877133574,0.3303970344372594,15.499373911570833,6.4421733195026825,108.77237846412912,5.922618784719484,56.27146606680245
33_3,139,33,R,college,67.5595,5.6268,True,1.2833,1.1241,1.1843,1.1546910613676866,1.0745770961265029,208.72290387349724,1.117820873519521,165.47912648047912,1.122200750554322,161.09924944567825,208.72290387349724,47.62365442781899,3.736032516205149,44.83239019446179,1.2417,41.60000000000008,1.2444,38.900000000000155,2492.110459732168,ok,lead_hand_velocity20_onset_to_latest_upward_crossing_55deg_pull_attack_direction,lead_hand_velocity20_onset,latest_upward_crossing_55deg_pull_attack_direction,55.0,161.09924944567823,414.3055924871879,-414.3055924871879,-6.3,30.0,9.281860959432116,30.93953653144039,5.86282830901385,5.86282830901385,5.6268,0.2360283090138502,29.545268162515065,66.09088261120935,95.4935706050138,-2.7792910696184405,-2.7792910696184405,18.595800524954477,32.505249343867135,497.2000000000001,83.80611069228428,6.983842557690356,41.60596207588866,True,True,ok,16.799999999999482,2.898550724637681,13.899999999999801,0.0,-13.899999999999801,0.0,13.899999999999801,18.595800524954477,28.650543682070698,10.05474315711622,18.595800524954477,28.650543682070698,3.788338957634391,26.7945256843184,30.582864641952792,57.51595012311075,68.50959224644032,83.10379929869765,98.98832222882977,10.301131925321357,9.404260712024701,27.985239941002778,-2.7792910696184405,25.205948871384336,11.202890741719786,253.17387855595567,4.4249789139458,75.1998500188289
33_4,139,33,R,college,68.8345,3.3376,True,1.3528,1.1917,1.2815,1.2244884364838269,1.1534837851655713,199.3162148344288,1.1937093259264404,159.0906740735596,1.1924283000184783,160.3716999815217,199.3162148344288,40.225540760869166,6.953794782201015,83.44553738641218,1.1889,163.89999999999992,1.3278,24.99999999999991,2520.162522962503,ok,lead_hand_velocity20_onset_to_latest_upward_crossing_55deg_pull_attack_direction,lead_hand_velocity20_onset,latest_upward_crossing_55deg_pull_attack_direction,55.0,160.3716999815217,675.6990140602526,-675.6990140602526,-6.3,30.0,9.617523553550072,32.05841184516691,2.2297119131533507,2.2297119131533507,3.3376,-1.1078880868466494,30.71533129109114,68.7082392875159,95.81052061916708,-5.020666869969277,-5.020666869969277,16.100112485956654,28.607986501718194,500.0,83.11606453877287,6.926338711564406,45.92415659033376,False,False,ok,8.399999999999741,1.0309278350515463,5.50000000000006,-2.7999999999999137,-8.299999999999974,2.7999999999999137,8.299999999999974,18.50093738284713,22.330333708310594,3.8293963254634633,18.50093738284713,22.330333708310594,0.92032245969353,28.966441694819437,29.886764154512967,55.729283139928484,61.978857552434455,77.71195546179105,86.42670327543817,4.487503935350419,4.623401486946006,8.982697581814298,-0.07179363135452436,8.910903950459774,4.22775226844675,328.29824253899227,1.2877779167351515,91.40813648303839
33_5,139,33,R,college,67.3466,-4.0872,True,1.4083,1.2556,1.3472,1.289077135159474,1.220206486118497,188.0935138815032,1.2561491254255424,152.15087457445776,1.2498882381897554,158.41176181024474,188.0935138815032,35.942639307045454,6.605087535172933,79.26105042207519,1.2778,130.50000000000006,1.3833,25.000000000000135,2508.149530769065,ok,lead_hand_velocity20_onset_to_latest_upward_crossing_55deg_pull_attack_direction,lead_hand_velocity20_onset,latest_upward_crossing_55deg_pull_attack_direction,55.0,158.41176181024474,609.9012475012979,-609.9012475012979,-6.3,30.0,9.181716550715269,30.605721835717564,-3.955246165519383,-3.955246165519383,-4.0872,0.13195383448061726,29.158894741833542,65.22658988420166,95.27269083326915,-4.549643890681807,-4.549643890681807,13.164041994764878,24.667979002651315,497.2000000000001,81.36970727782135,6.780808939818446,51.13427879534325,False,False,ok,13.999999999999568,1.8050541516245486,11.099999999999888,-8.399999999999963,-19.49999999999985,8.399999999999963,19.49999999999985,20.630108736430238,27.45313085867233,6.823022122242094,20.630108736430238,27.45313085867233,3.433820772407156,22.364454443218754,25.79827521562591,47.49134971574618,58.55729345081979,69.3678557587578,85.5312369522513,17.037222516331088,17.926480232813002,20.05903612868776,6.351808010849787,26.41084413953755,7.984667159817257,317.58243652299376,2.5142030041825523,92.19741282349668
36_1,142,36,L,college,69.8842,7.8455,True,2.0167,1.8306,1.9398,1.89122640632613,1.818057295302296,198.64270469770395,1.8533911724996768,163.30882750032362,1.8685118184708047,148.18818152919545,198.64270469770395,50.4545231685085,7.12875152521811,85.54501830261732,1.8778,138.90000000000023,1.9917,25.000000000000135,2622.80839312717,ok,lead_hand_velocity20_onset_to_latest_upward_crossing_55deg_pull_attack_direction,lead_hand_velocity20_onset,latest_upward_crossing_55deg_pull_attack_direction,55.0,148.18818152919545,553.0506552365795,-553.0506552365795,-6.3,30.0,9.499243326102407,31.66414442034136,7.45649342122863,7.45649342122863,7.8455,-0.38900657877137057,31.427325368666104,70.30092467937112,99.25209079224916,1.357673331842543,-1.357673331842543,17.893138357724617,28.255343082145256,497.30000000000007,86.76139024132527,7.230115853443773,35.498864199869715,True,True,ok,13.999999999999568,1.9762845849802373,11.099999999999888,0.0,-11.099999999999888,0.0,11.099999999999888,17.893138357724617,26.434945631824586,8.54180727409997,17.893138357724617,26.434945631824586,3.6241094863181296,-31.081552305995324,-27.457442819677194,64.05728394900912,70.30092467937112,90.43720820755513,99.25209079224916,10.342636224441941,10.444621558094532,23.601892617309957,-1.357673331842543,22.244219285467413,9.746763070702231,316.9181615135688,3.0754826495751098,69.69722534690695
36_2,142,36,L,college,69.1246,7.225,True,1.4556,1.2667,1.3806,1.3263489776269195,1.251739826119243,203.86017388075703,1.2913485622203733,164.25143777962668,1.2933837572884668,162.21624271153323,203.86017388075703,41.643931169223805,6.804363006945907,81.6523560833509,1.3528,102.8,1.4306,24.99999999999991,2492.2645187585244,ok,lead_hand_velocity20_onset_to_latest_upward_crossing_55deg_pull_attack_direction,lead_hand_velocity20_onset,latest_upward_crossing_55deg_pull_attack_direction,55.0,162.21624271153323,468.74708478639104,-468.74708478639104,-6.3,30.0,9.31726847397352,31.057561579911738,7.175391745251358,7.175391745251358,7.225,-0.049608254748641833,30.89885047566916,69.1187600117867,99.48897757528641,4.596972949800058,-4.596972949800058,14.495875515576213,24.96044244472137,500.0,91.65539052328356,7.6379492102736295,30.908743639712885,True,True,ok,11.199999999999655,1.762114537444934,8.299999999999974,0.0,-8.299999999999974,0.0,8.299999999999974,14.495875515576213,21.07236595427848,6.576490438702269,14.495875515576213,21.07236595427848,1.7414698162748437,-36.23172103490977,-34.490251218634924,65.57183519848111,69.14439511524925,94.38356302282614,99.52587653344324,3.390472102056875,3.604606757184429,15.546620793458759,-4.596972949800058,10.9496478436587,7.104683947192211,311.5292499318114,2.2805832674611803,69.26415448076476
36_3,142,36,L,college,72.5922,3.8746,True,1.7306,1.5426,1.6528,1.6058723757426243,1.5269293382949092,203.6706617050908,1.5708454470047195,159.7545529952802,1.5846296634684574,145.97033653154256,203.6706617050908,57.70032517354821,7.007345859750903,84.08815031701084,1.5972,133.39999999999998,1.6944,36.20000000000001,2565.1672387780327,ok,lead_hand_velocity20_onset_to_latest_upward_crossing_55deg_pull_attack_direction,lead_hand_velocity20_onset,latest_upward_crossing_55deg_pull_attack_direction,55.0,145.97033653154256,499.94228253946903,-499.94228253946903,-6.3,30.0,9.970657111374477,33.23552370458159,3.8285988948404026,3.8285988948404026,3.8746,-0.04600110515959743,31.988078936768527,71.55529468675844,96.2466522901786,2.8347649580594103,-2.8347649580594103,16.86314210725481,26.50093738285577,500.0,85.83139987284075,7.152616656070062,37.94664612311588,False,False,ok,11.199999999999655,1.7241379310344827,8.399999999999963,-2.7000000000001467,-11.10000000000011,2.7000000000001467,11.10000000000011,19.884326959151586,25.865766779180547,5.98143982002896,19.884326959151586,25.865766779180547,2.6730408698941446,-29.939445069398655,-27.26640419950451,64.9184410593097,72.1566599255357,87.31964072271624,97.05552871629591,11.359846158180499,11.277572417495048,16.511801911131236,3.1862189433003314,19.69802085443157,6.892839534176324,310.2633897228045,2.221609046537693,69.40194975635545
36_4,142,36,L,college,72.4115,3.1513,True,2.7222,2.5343,2.6491,2.597990824020004,2.515247631234766,206.95236876523416,2.5591241567776275,163.07584322237244,2.579059149096959,143.14085090304073,206.95236876523416,63.81151786219343,6.503366360658605,78.04039632790327,2.5917,130.50000000000006,2.6944,27.800000000000047,2715.18781710075,ok,lead_hand_velocity20_onset_to_latest_upward_crossing_55deg_pull_attack_direction,lead_hand_velocity20_onset,latest_upward_crossing_55deg_pull_attack_direction,55.0,143.14085090304073,492.4634191102353,-492.4634191102353,-6.3,30.0,10.250103503668344,34.16701167889448,3.499364084111562,3.499364084111562,3.1513,0.3480640841115621,32.16684004600581,71.95517189961922,94.14589823749728,9.783976454872752,-9.783976454872752,11.878140232483771,22.76396700414907,500.0,79.58739335210903,6.632282779342419,31.436962517293328,False,False,ok,22.400000000001086,3.4934497816593884,19.400000000000084,-2.8000000000001357,-22.20000000000022,2.8000000000001357,22.20000000000022,14.845331833536845,27.520622422226957,12.675290588690112,14.845331833536845,27.520622422226957,6.738470191233368,-32.53318335211612,-25.79471316088275,52.02938763079595,76.4294284155656,68.07507096337208,100.0,16.809222531214825,20.280666611633677,36.41201114724384,-4.290340998863668,32.12167014838017,14.699563695962063,313.826814104956,4.683973145470595,70.84776902894794
36_5,142,36,L,college,72.1136,3.0784,True,1.8333,1.6398,1.7713,1.7030665134244412,1.62026475416025,213.03524583975,1.6634625893502033,169.83741064979662,1.682273762599938,151.02623740006194,213.03524583975,62.009008439688046,7.361371154344803,88.33645385213764,1.6861,147.2,1.8083,24.99999999999991,2542.4319804321417,ok,lead_hand_velocity20_onset_to_latest_upward_crossing_55deg_pull_attack_direction,lead_hand_velocity20_onset,latest_upward_crossing_55deg_pull_attack_direction,55.0,151.02623740006194,489.64917836048505,-489.64917836048505,-6.3,30.0,9.940302612752912,33.13434204250971,3.2712665449551577,3.2712665449551577,3.0784,0.19286654495515787,31.95726903766384,71.48637490529663,96.44757392998557,6.074430545610942,-6.074430545610942,13.744281964769254,27.567116610453475,500.0,88.76678129902942,7.397231774919118,38.906229336191444,False,False,ok,8.399999999999741,1.2987012987012987,5.599999999999827,-2.8000000000001357,-8.399999999999963,2.8000000000001357,8.399999999999963,16.813835770546852,20.665541807296414,3.8517060367495617,16.813835770546852,20.665541807296414,1.1010498687675963,-33.23809523813114,-32.13704536936354,67.45968747717338,73.35660127501951,91.01487106973623,98.97083512904088,3.4113103597687573,3.3127610681807846,8.46851596579249,-0.773672977333501,7.694842988458988,4.288873438607626,305.78256407613094,1.402589271747954,66.90907386583906
42_1,145,42,R,college,79.8418,6.5409,True,1.3528,1.15,1.2537,1.2162202835120088,1.1493154570006932,203.48454299930685,1.1919956989947746,160.80430100522537,1.2130350164243715,139.76498357562826,203.48454299930685,63.71955942367859,8.116454570663802,97.39745484796562,1.2139,138.90000000000003,1.3278,24.99999999999991,2610.222420045857,ok,lead_hand_velocity20_onset_to_latest_upward_crossing_55deg_pull_attack_direction,lead_hand_velocity20_onset,latest_upward_crossing_55deg_pull_attack_direction,55.0,139.7649835756285,459.41204414788797,-459.41204414788797,-6.3,30.0,11.066252066997782,36.88750688999261,6.196711592495215,6.196711592495215,6.5409,-0.3441884075047845,35.8845144654564,80.2713727305305,97.28094276599562,0.2835258145765131,0.2835258145765131,20.258905136879775,30.762842144765134,500.0,97.47260006655767,8.122716672213139,35.95072958464273,True,True,ok,11.199999999999655,1.8518518518518516,8.299999999999974,0.0,-8.299999999999974,0.0,8.299999999999974,20.258905136879775,27.391263592080577,7.1323584552008015,20.258905136879775,27.391263592080577,2.7390326209253466,29.938132733440657,32.677165354366004,71.54944221145401,80.2713727305305,86.71082798194185,97.28094276599562,8.900829647996932,8.91970852282593,17.19684991718284,0.2835258145765131,17.480375731759352,8.013252251252748,300.8825879846126,2.663248912118023,71.90626171736305
42_2,145,42,R,college,79.2,-2.0046,True,1.275,1.0926,1.1824,1.144424514461306,1.089288838909581,185.71116109041893,1.1253116976504154,149.68830234958452,1.1385283683448817,136.47163165511822,185.71116109041893,49.23952943530071,7.615256838024223,91.38308205629068,1.1111,163.89999999999992,1.2444,30.59999999999996,2663.275409252476,ok,lead_hand_velocity20_onset_to_latest_upward_crossing_55deg_pull_attack_direction,lead_hand_velocity20_onset,latest_upward_crossing_55deg_pull_attack_direction,55.0,136.47163165511822,418.0235497040685,-418.0235497040685,-6.3,30.0,11.058403479716915,36.86134493238972,-1.6197991583333327,-1.6197991583333327,-2.0046,0.3848008416666673,36.86134493238972,82.4564802531981,100.0,-9.864612368162877,-9.864612368162877,12.554930633684352,27.37382827149563,499.9999999999999,88.34121628297626,7.361768023581355,40.193260601304566,False,False,ok,16.799999999999482,3.0,13.899999999999801,-8.300000000000196,-22.199999999999996,8.300000000000196,22.199999999999996,20.326959130130692,30.378702662200048,10.051743532069356,20.326959130130692,30.378702662200048,5.572178477696312,25.58473940760169,31.156917885298,50.65925227095437,61.79301206413499,61.43756332479344,74.94015251971459,19.98922909792866,21.10067668750808,23.366906109743397,7.026154942908945,30.393061052652342,11.967022575486213,297.9936715298147,4.015864670565293,71.56205474323443
42_3,145,42,R,college,76.5585,-2.9175,True,2.1806,1.9778,2.0815,2.044161410268867,1.987756401919767,192.843598080233,2.0325645010423754,148.0354989576247,2.045254800606013,135.34519939398714,192.843598080233,57.49839868624585,7.158119068658264,85.89742882389916,2.0611,119.49999999999994,2.1556,24.99999999999991,2830.5503614825748,ok,lead_hand_velocity20_onset_to_latest_upward_crossing_55deg_pull_attack_direction,lead_hand_velocity20_onset,latest_upward_crossing_55deg_pull_attack_direction,55.0,135.34519939398714,450.02746865783826,-450.02746865783826,-6.3,30.0,10.57034032255546,35.23446774185153,-2.8617446606137733,-2.8617446606137733,-2.9175,0.05575533938622668,33.51966492596839,74.98135497040165,95.13316668085695,-8.087380583829654,-8.087380583829654,11.310086239232312,25.46362954633421,500.0,88.00547447464893,7.333789539554078,41.436323388663254,False,False,ok,16.800000000000814,2.843601895734597,13.900000000000023,-5.50000000000006,-19.400000000000084,5.50000000000006,19.400000000000084,16.16197975254839,25.71334833148634,9.55136857893795,16.16197975254839,25.71334833148634,3.7504686914176197,28.271466066772195,32.021934758189815,49.087223554837166,62.59782748264516,62.279789718206494,79.4214716194013,13.614238017662359,15.081946234901064,19.9229354498026,2.1511568963493897,22.074092346151993,10.797591722989207,286.9877578359805,3.76238756816946,67.45744281972043
42_4,145,42,R,college,79.5106,7.0001,True,1.3528,1.1444,1.2454,1.209446861298203,1.1590669246081644,193.7330753918356,1.198592472962056,154.20752703794395,1.2137214993324168,139.0785006675832,193.7330753918356,54.6545747242524,8.411665154756538,100.93998185707845,1.1778,175.00000000000006,1.3278,24.99999999999991,2751.589183527375,ok,lead_hand_velocity20_onset_to_latest_upward_crossing_55deg_pull_attack_direction,lead_hand_velocity20_onset,latest_upward_crossing_55deg_pull_attack_direction,55.0,139.0785006675832,711.2513295468175,-711.2513295468175,-6.3,30.0,11.008299751250904,36.69433250416968,6.886962855807281,6.886962855807281,7.0001,-0.11313714419271914,35.97137075989216,80.46566472774722,98.02977273344496,10.829097690314905,10.829097690314905,24.785714285741058,37.092800899927575,500.0,97.97726850554837,8.164772375462364,44.988163604596615,True,True,ok,8.399999999999741,1.276595744680851,5.50000000000006,0.0,-5.50000000000006,0.0,5.50000000000006,24.785714285741058,29.44581927262273,4.660104986881674,24.785714285741058,29.44581927262273,2.4806899137634595,22.67829021374778,25.15898012751124,75.18207585337807,80.46566472774722,91.59287796194423,98.02977273344496,16.291084842937952,16.359728535063045,10.855330613121,10.829097690314905,21.684428303435904,5.634179147950177,298.80522531437106,1.8855691502792475,85.53730783661285
42_5,145,42,R,college,80.8545,8.7881,True,1.7278,1.5296,1.6333,1.5830425722635717,1.527660803940044,200.1391960599559,1.573302377298334,154.4976227016661,1.5894550251191828,138.3449748808172,200.1391960599559,61.7942211791387,8.097109875579774,97.16531850695728,1.6028,125.0,1.6944,33.4000000000001,2780.27296903584,ok,lead_hand_velocity20_onset_to_latest_upward_crossing_55deg_pull_attack_direction,lead_hand_velocity20_onset,latest_upward_crossing_55deg_pull_attack_direction,55.0,138.3449748808172,466.15042863583045,-466.15042863583045,-6.3,30.0,11.235532460959236,37.451774869864124,8.49485697790891,8.49485697790891,8.7881,-0.2932430220910902,36.739939932770106,82.18490500351214,98.09932923187894,10.09600189212924,10.09600189212924,24.121859767555115,36.22422197229259,500.0,99.3711089334455,8.280925744453791,40.023062694284455,True,True,ok,8.399999999999741,1.3824884792626728,5.50000000000006,0.0,-5.50000000000006,0.0,5.50000000000006,24.121859767555115,28.388638920165647,4.266779152610532,24.121859767555115,28.388638920165647,2.3247094113261006,25.103299587578665,27.428008998904765,74.6186532660954,82.18490500351214,89.06793569059052,98.09932923187894,15.464517380719512,15.38416149167187,10.817386866228185,10.09600189212924,20.913388758357424,5.261615989387497,308.8524553840324,1.7036018000391526,69.38001499820021
43_1,146,43,R,college,65.4436,14.1809,True,2.1722,1.9954,2.0907,2.0389435497708868,1.944160141317488,228.0398586825128,1.9722645223007915,199.93547769920883,2.006773285939398,165.42671406060228,228.0398586825128,62.61314462191049,7.403052752496831,88.83663302996197,2.0556,116.60000000000004,2.1444,27.800000000000047,2378.2003406232607,ok,lead_hand_velocity20_onset_to_latest_upward_crossing_55deg_pull_attack_direction,lead_hand_velocity20_onset,latest_upward_crossing_55deg_pull_attack_direction,55.0,165.42671406060228,449.46288057677333,-449.46288057677333,-6.3,30.0,8.972990223099554,29.90996741033185,15.458375427252603,15.458375427252603,14.1809,1.2774754272526039,29.70553216673415,66.449382978557,99.31649793932213,19.592553808938728,19.592553808938728,26.28665166856982,38.644919385118605,497.2000000000001,97.88176426688901,8.156813688907418,28.899383001587864,True,True,ok,14.000000000000679,2.262443438914027,11.099999999999888,8.300000000000196,-2.7999999999996916,-8.300000000000196,2.7999999999996916,17.693850768673023,28.06711661045401,10.373265841780988,17.693850768673023,28.06711661045401,5.009373828276882,23.859392575953773,28.868766404230655,65.36064996991507,66.90669159433567,97.68925710182404,100.0,13.01737986801908,12.815136154038429,24.274862723194538,0.9193436652913525,25.194206388485892,11.92297596406034,279.924296959912,4.259357295364693,69.81552305969299
43_2,146,43,R,college,66.2155,9.9308,True,1.3472,,,1.225,1.115716926759271,231.4830732407289,1.1508143327795664,196.3856672204336,1.1807369291898495,166.46307081015044,231.4830732407289,65.02000243057847,7.002879994759688,84.03455993711626,1.2389,108.30000000000007,1.3194,27.800000000000047,2328.8960167786863,ok,lead_hand_velocity20_onset_to_latest_upward_crossing_55deg_pull_attack_direction,lead_hand_velocity20_onset,latest_upward_crossing_55deg_pull_attack_direction,55.0,166.46307081015044,464.1198748402129,-464.1198748402129,-6.3,30.0,9.243023805642242,30.810079352140807,10.190090253862696,10.190090253862696,9.9308,0.2592902538626962,30.082310082176225,67.29221117165397,97.6378857657372,4.758221100421541,4.758221100421541,19.853018372724854,32.282152231005995,500.0,95.76420041379251,7.980350034482709,29.73545004628298,True,True,ok,25.19999999999922,3.9647577092511015,22.299999999999986,2.7999999999999137,-19.50000000000007,-2.7999999999999137,19.50000000000007,16.740532433463898,30.01256092991618,13.272028496452283,16.740532433463898,30.01256092991618,8.073678290222446,23.808586426722375,31.88226471694482,50.20041218446688,68.92018466387968,72.83847602743928,100.0,22.825427607809953,22.019134639004157,46.00050750173785,-1.491210416870416,44.509297084867434,16.026761705191554,292.6374702988514,5.476660828438845,72.21166104244773
43_3,146,43,R,college,64.0936,8.3259,True,1.3917,,,1.2583,1.1694913720717357,222.20862792826424,1.1995164823222233,192.18351767777665,1.223300775477366,168.399224522634,222.20862792826424,53.80940340563024,7.392748637654743,88.71298365185692,1.2667,125.0,1.3667,24.99999999999991,2430.370282114339,ok,lead_hand_velocity20_onset_to_latest_upward_crossing_55deg_pull_attack_direction,lead_hand_velocity20_onset,latest_upward_crossing_55deg_pull_attack_direction,55.0,168.399224522634,461.56152907488377,-461.56152907488377,-6.3,30.0,8.759516717791508,29.19838905930503,8.217897931053075,8.217897931053075,8.3259,-0.10800206894692543,28.713800998819185,64.2309435370865,98.34036028665281,5.094477724535479,5.094477724535479,19.932508436466975,31.70809898766079,499.9999999999999,95.48568476337859,7.9571403969482155,29.18795372924712,True,True,ok,16.799999999999482,2.643171806167401,13.900000000000023,2.7999999999999137,-11.10000000000011,-2.7999999999999137,11.10000000000011,17.34645669293212,26.177915260620697,8.831458567688578,17.34645669293212,26.177915260620697,4.357705286843849,27.801649793805804,32.159355080649654,54.55558191173594,65.31493615628355,83.52696201248216,100.0,14.632029635646836,14.174794903217023,30.605295667349953,-0.07906760021254582,30.526228067137406,10.00644330375732,290.8710338752128,3.4401649316687224,72.35451818530504
43_4,146,43,R,college,65.2047,9.3662,True,1.4806,1.2954,1.4056,1.3433699989684706,1.253783339281474,226.8166607185258,1.285418576913103,195.1814230868969,1.3152094724475138,165.39052755248608,226.8166607185258,61.42613316603973,3.65485930408005,43.8583116489606,1.4389,41.69999999999985,1.4556,24.99999999999991,2522.058078788232,ok,lead_hand_velocity20_onset_to_latest_upward_crossing_55deg_pull_attack_direction,lead_hand_velocity20_onset,latest_upward_crossing_55deg_pull_attack_direction,55.0,165.39052755248608,400.62993964161177,-400.62993964161177,-6.3,30.0,9.007654806054783,30.025516020182607,9.251826053275739,9.251826053275739,9.3662,-0.11437394672426038,28.35358849460101,63.42517111354908,94.43164432392183,3.1251688565598554,3.1251688565598554,18.682414698182903,31.674540682448907,499.9999999999999,94.9021134979439,7.9085094581619915,26.19290914428605,True,True,ok,30.799999999999052,5.392156862745098,27.800000000000047,2.7999999999999137,-25.000000000000135,-2.7999999999999137,25.000000000000135,15.818522684681499,30.45369328837185,14.63517060369035,15.818522684681499,30.45369328837185,10.006749156366261,22.79621297340295,32.80296212976921,45.115764757488485,65.42119996891343,67.171373386658,97.4034658203527,26.97896149229325,28.411448227256567,52.18433535581322,-3.047442810614855,49.136892545198364,18.286556109841932,268.9342378237984,6.799638550232865,70.13967004132061
45_1,147,45,R,college,64.2132,-3.6308,True,2.0972,1.9259,2.0157,1.990692466018022,1.904585327377384,192.6146726226159,1.9329861425299493,164.21385747005024,1.9548207761792484,142.37922382075152,192.6146726226159,50.23544880186438,5.609222063964783,67.31066476757739,1.9722,125.0,2.0694,27.800000000000047,2561.649061022268,ok,lead_hand_velocity20_onset_to_latest_upward_crossing_55deg_pull_attack_direction,lead_hand_velocity20_onset,latest_upward_crossing_55deg_pull_attack_direction,55.0,142.37922382075152,548.3386839754321,-548.3386839754321,-6.3,30.0,9.017898001846406,30.059660006154687,-3.4135157272742958,-3.4135157272742958,-3.6308,0.21728427272570405,28.200102422533543,63.08183254861648,93.81377705788955,-4.240795904982931,-4.240795904982931,14.109673790791392,23.01518560182463,500.0,69.45374505742123,5.787812088118436,50.47149830694442,False,False,ok,14.000000000000679,2.0161290322580645,11.099999999999888,-8.399999999999963,-19.49999999999985,8.399999999999963,19.49999999999985,20.856392950903672,26.229846269244682,5.37345331834101,20.856392950903672,26.229846269244682,3.3037120359990695,17.859955005643585,21.163667041642654,41.85772093650643,54.98078575132326,62.24979112745977,81.76609601452289,21.138715354713494,22.73781226220514,22.267587562587693,8.679065330612275,30.946652893199968,6.652008340273363,247.39797150608646,2.688788553834085,62.66085489320606
45_2,147,45,R,college,65.9396,8.5431,True,1.8278,1.6083,1.7352,1.6957190799686257,1.6185665565656129,209.2334434343872,1.6492577287101786,178.54227128982149,1.6765470867080807,151.25291329191936,209.2334434343872,57.98053014246784,5.887251522048827,70.64701826458592,1.7083,119.50000000000016,1.7944,33.4000000000001,2543.1882719862388,ok,lead_hand_velocity20_onset_to_latest_upward_crossing_55deg_pull_attack_direction,lead_hand_velocity20_onset,latest_upward_crossing_55deg_pull_attack_direction,55.0,151.25291329191936,517.0155596515575,-517.0155596515575,-6.3,30.0,9.208951829039744,30.69650609679915,8.03706339384204,8.03706339384204,8.5431,-0.5060366061579611,30.038446488132912,67.19409110623855,97.85623938245253,5.064870471509711,5.064870471509711,22.45088113988177,36.265841769817946,500.0,73.8917034059741,6.157641950497841,40.47491628082938,True,True,ok,8.399999999999741,1.2448132780082988,5.499999999999838,0.0,-5.499999999999838,0.0,5.499999999999838,22.45088113988177,25.838395200627843,3.3875140607460743,22.45088113988177,25.838395200627843,1.4853768278981185,22.935508061517083,24.420884889415202,60.49065586671252,67.19409110623855,88.09387854559431,97.85623938245253,10.1996942972466,10.141213979378987,10.328127969341388,5.064870471509711,15.3929984408511,4.1181608607662525,247.45570782683959,1.664201200664157,65.631046119306
45_3,147,45,R,college,66.0369,6.0224,True,1.8083,1.6065,1.7417,1.6763589879896963,1.5933031718828707,214.99682811712927,1.6358233239479272,172.47667605207283,1.6590696260217728,149.23037397822725,214.99682811712927,65.76645413890202,5.942960713062099,71.31552855674519,1.6889,119.39999999999995,1.7833,24.99999999999991,2553.7459764511773,ok,lead_hand_velocity20_onset_to_latest_upward_crossing_55deg_pull_attack_direction,lead_hand_velocity20_onset,latest_upward_crossing_55deg_pull_attack_direction,55.0,149.23037397822725,541.524285959464,-541.524285959464,-6.3,30.0,8.967764857717164,29.892549525723883,6.303907127196856,6.303907127196856,6.0224,0.2815071271968561,29.583377456515787,66.17613067402415,98.96572198051545,-4.391396213392698,-4.391396213392698,18.50412448445943,31.539557555339652,500.0,74.57854501784028,6.21487875148669,41.54618060445975,True,True,ok,11.199999999999655,1.6129032258064515,8.399999999999963,0.0,-8.399999999999963,0.0,8.399999999999963,18.50412448445943,24.087551556081518,5.583427071622086,18.50412448445943,24.087551556081518,1.409073865768299,27.754030746186707,29.163104611955006,60.94363453127948,66.25329864246507,91.14057788017817,99.08112588268894,2.413985787665869,2.4446597557379675,13.549416065972935,-4.391396213392698,9.158019852580237,6.322234996855767,255.62169989010567,2.4732778944720883,65.59730033752868
45_4,147,45,R,college,66.9204,3.8556,True,2.1028,1.9232,2.0028,1.978927381095421,1.9001276004109788,202.67239958902096,1.9255895516875263,177.21044831247323,1.954430667467974,148.36933253202588,202.67239958902096,54.30306705699508,6.413666387134665,76.96399664561598,1.9528,149.9999999999997,2.0694,33.39999999999988,2514.5272019602526,ok,lead_hand_velocity20_onset_to_latest_upward_crossing_55deg_pull_attack_direction,lead_hand_velocity20_onset,latest_upward_crossing_55deg_pull_attack_direction,55.0,148.36933253202588,539.2835253727899,-539.2835253727899,-6.3,30.0,9.278156762946058,30.927189209820195,3.7400705584514746,3.7400705584514746,3.8556,-0.11552944154852529,30.373713661574417,67.94406241404434,98.21039168968503,-4.97374894406954,-4.97374894406954,18.267341582321944,31.287026621706083,499.9999999999998,76.64546689522705,6.38712224126892,42.79270700521342,False,False,ok,16.800000000000814,2.4193548387096775,13.800000000000257,-2.8000000000001357,-16.600000000000392,2.8000000000001357,16.600000000000392,20.704724409471186,28.599550056273866,7.89482564680268,20.704724409471186,28.599550056273866,4.096925384331389,24.111923509587346,28.208848893918734,47.92351708749531,63.24092614521922,69.27150389726118,91.41219860672621,15.044036516603056,15.25069127496143,29.529565703788727,-0.02524042987063019,29.504325273918095,9.422216637977884,263.11084135620496,3.5810826301991456,66.96719160112222
45_5,147,45,R,college,66.2525,9.3114,True,1.8167,1.6204,1.6972,1.6742721682260286,1.6053981877754104,211.30181222458955,1.6396983548624022,177.00164513759776,1.670878851084142,145.82114891585806,211.30181222458955,65.4806633087315,6.015128249926207,72.18153899911448,1.7139,102.8,1.7917,24.99999999999991,2625.963710754666,ok,lead_hand_velocity20_onset_to_latest_upward_crossing_55deg_pull_attack_direction,lead_hand_velocity20_onset,latest_upward_crossing_55deg_pull_attack_direction,55.0,145.82114891585806,593.4561332164021,-593.4561332164021,-6.3,30.0,9.032294429879583,30.10764809959861,9.075212125606713,9.075212125606713,9.3114,-0.2361878743932877,30.10764809959861,67.34889070239481,100.0,0.24459115593851471,0.24459115593851471,22.83277090366171,35.02568428950165,500.0,78.4792549564994,6.539937913041617,37.7488778713945,True,True,ok,13.999999999999568,1.8796992481203008,11.099999999999888,2.7999999999999137,-8.299999999999974,-2.7999999999999137,8.299999999999974,19.95050618674821,28.511061117391126,8.560554930642915,19.95050618674821,28.511061117391126,2.9340082489720523,26.76696662920026,29.700974878172314,62.82224391668964,67.34889070239481,93.27881018009965,100.0,6.013334307275843,5.514333390602858,21.935493463642914,-4.524680371719026,17.410813091923888,9.642092185381598,263.1120753799497,3.6646330927449204,68.62560929891178
47_1,149,47,R,college,62.287,3.4293,True,1.7944,1.5769,1.7463,1.6706913378159138,1.5961691330556511,198.23086694434863,1.6197099404650843,174.6900595349157,1.6425575088288054,151.84249117119464,198.23086694434863,46.388375773154,5.451198145919699,65.4143777510364,1.6917,102.70000000000002,1.7694,24.99999999999991,2639.6779474420982,ok,lead_hand_velocity20_onset_to_latest_upward_crossing_55deg_pull_attack_direction,lead_hand_velocity20_onset,latest_upward_crossing_55deg_pull_attack_direction,55.0,151.84249117119464,479.15651072776956,-479.15651072776956,-6.3,30.0,8.589430655480745,28.631435518269154,3.287623964085958,3.287623964085958,3.4293,-0.14167603591404188,26.821973984808675,59.999047031157495,93.68015783803122,-6.634078564866494,-6.634078564866494,13.24971878516617,23.985939257618707,500.0,74.11723494946925,6.176436245789104,32.689798434810974,False,False,ok,11.199999999999655,1.762114537444934,8.400000000000185,-2.7999999999999137,-11.200000000000099,2.7999999999999137,11.200000000000099,16.02568428948113,20.47469066368916,4.449006374208029,16.02568428948113,20.47469066368916,1.9473190851164617,24.693288338984303,26.640607424100764,55.40258219414481,64.04669720443164,86.50341799406837,100.0,7.758515512548856,7.053811869587619,17.792720411918232,-0.4331410504490225,17.35957936146921,5.135017581702811,232.52306934936587,2.208390589403173,59.645106861706736
47_2,149,47,R,college,63.2143,-4.5884,True,1.475,1.2676,1.4102,1.3443431051244188,1.270127137427342,204.8728625726581,1.3012987059645418,173.70129403545832,1.3308522155896307,144.14778441036935,204.8728625726581,60.72507816228875,4.986854952672837,59.842259432074044,1.3917,83.30000000000015,1.45,25.000000000000135,2373.726402137289,ok,lead_hand_velocity20_onset_to_latest_upward_crossing_55deg_pull_attack_direction,lead_hand_velocity20_onset,latest_upward_crossing_55deg_pull_attack_direction,55.0,144.14778441036935,511.42111569504453,-511.42111569504453,-6.3,30.0,8.847669867293206,29.492232890977352,-4.806536868726782,-4.806536868726782,-4.5884,-0.2181368687267824,29.492232890977352,65.97224608754769,100.0,-21.599408138411366,-21.599408138411366,5.217847769034507,16.477690288731704,497.2000000000001,72.06876482782374,6.005730402318645,33.56645949191505,False,False,ok,27.999999999999137,4.23728813559322,25.000000000000135,-11.099999999999888,-36.10000000000002,11.099999999999888,36.10000000000002,12.980877390340233,26.144356955408824,13.163479565068592,12.980877390340233,26.144356955408824,6.989688788908939,23.0003749531557,29.99006374206464,35.34604556267969,40.85983757083451,53.577144418842636,61.93488928148959,20.809413829432042,21.510609113232384,30.542339610668005,3.6314374358894774,34.17377704655748,15.414016641701533,246.96368156100877,6.241410293316236,61.79640045001052
47_3,149,47,R,college,57.8982,-3.2308,True,1.5472,1.3232,1.4667,1.4198957801740053,1.3427555483206726,204.44445167932736,1.368031733950979,179.1682660490206,1.3963074281256218,150.8925718743781,204.44445167932736,53.55187980494927,5.491055359076803,65.89266430892164,1.425,122.19999999999986,1.5194,27.799999999999827,2534.357344872882,ok,lead_hand_velocity20_onset_to_latest_upward_crossing_55deg_pull_attack_direction,lead_hand_velocity20_onset,latest_upward_crossing_55deg_pull_attack_direction,55.0,150.8925718743781,583.1336188390923,-583.1336188390923,-6.3,30.0,8.21486503178417,27.382883439280565,-2.9509925109707016,-2.9509925109707016,-3.2308,0.2798074890292983,26.362715352486244,58.971714729076176,96.27443147447761,-7.575069827787212,-7.575069827787212,9.523247094123523,21.63742032248306,500.0,69.97833593397222,5.8315279944976846,43.11238575767705,False,False,ok,5.599999999999827,0.7575757575757576,2.6999999999999247,-8.400000000000185,-11.10000000000011,8.400000000000185,11.10000000000011,14.359017622812662,15.34008248970536,0.981064866892698,14.359017622812662,15.34008248970536,0.5541807274096726,21.68897637797618,22.24315710538585,37.79781107098409,42.439657268058,61.70691811416003,69.28497660658022,11.576690697039375,11.576690697039375,8.680668138978366,7.236356627550193,15.917024766528558,1.2568586946982514,249.99675861013995,0.5027499963142613,81.22515935516839
47_4,149,47,R,college,60.9174,-1.6154,True,1.7472,1.5093,1.687,1.6105703297886915,1.534835498919232,212.3645010807682,1.5656878454036318,181.51215459636828,1.5898685861221462,157.3314138778539,212.3645010807682,55.03308720291432,5.136531462786336,61.63837755343603,1.6639,83.30000000000015,1.7194,27.800000000000047,2496.7449790757037,ok,lead_hand_velocity20_onset_to_latest_upward_crossing_55deg_pull_attack_direction,lead_hand_velocity20_onset,latest_upward_crossing_55deg_pull_attack_direction,55.0,157.3314138778539,501.1468927766216,-501.1468927766216,-6.3,30.0,8.58605561873478,28.620185395782602,-1.5363550071627619,-1.5363550071627619,-1.6154,0.07904499283723809,27.657573168558418,61.868229170898324,96.63659681475707,-12.793509601636694,-12.793509601636694,9.841394825657424,20.664229471338402,500.0,77.07487271298139,6.422906059415116,34.018439086907534,False,False,ok,19.599999999999397,2.9535864978902953,16.599999999999948,-8.399999999999963,-24.99999999999991,8.399999999999963,24.99999999999991,15.170228721426211,22.949381327358875,7.779152605932664,15.170228721426211,22.949381327358875,3.5673040869929835,26.83952006002149,30.406824147014472,32.05354234957671,44.60401457933631,50.06681603839751,69.6703337235712,17.371924695802104,21.58578630811498,23.955437650824866,1.737163874494541,25.692601525319407,8.92790448842492,238.9195263206515,3.736783102626308,60.896137982817955
47_5,149,47,R,college,64.1223,5.7971,True,1.6556,1.4398,1.5694,1.5130479650944808,1.4572465762960776,198.3534237039224,1.4769474358661268,178.6525641338732,1.5019290289047789,153.6709710952211,198.3534237039224,44.68245260870131,5.675312621747958,68.1037514609755,1.5639,91.69999999999989,1.6306,24.99999999999991,2571.7515937524972,ok,lead_hand_velocity20_onset_to_latest_upward_crossing_55deg_pull_attack_direction,lead_hand_velocity20_onset,latest_upward_crossing_55deg_pull_attack_direction,55.0,153.6709710952211,583.581675040237,-583.581675040237,-6.3,30.0,8.843374609329635,29.477915364432114,5.815311603544798,5.815311603544798,5.7971,0.018211603544797228,28.41432483084018,63.561034428328895,96.39190722802856,-6.956979107937448,-6.956979107937448,14.386389201365372,25.732845894291014,500.0,80.41740029528759,6.7014500246073,31.896051247157033,True,True,ok,11.199999999999655,1.5037593984962405,8.299999999999974,0.0,-8.299999999999974,0.0,8.299999999999974,14.386389201365372,19.038245219368147,4.651856018002775,14.386389201365372,19.038245219368147,1.3481439820037053,29.759655043151753,31.107799025155458,55.78374154471998,63.561034428328895,84.59744697632577,96.39190722802856,1.5270165611088489,1.3301402897189205,17.36174388087245,-6.956979107937448,10.404764772935001,5.116507188632746,267.62768827589457,1.9118003901592546,64.86557930265725
48_1,150,48,R,college,60.8149,-23.1958,True,2.9194,2.75,2.8593,2.807419866294674,2.74583779864392,173.5622013560798,2.7730017090932506,146.3982909067494,2.793446583377272,125.95341662272786,173.5622013560798,47.60878473335195,4.553452984938148,54.64143581925778,2.8111,108.29999999999984,2.8944,24.99999999999991,2320.942184981297,ok,lead_hand_velocity20_onset_to_latest_upward_crossing_55deg_pull_attack_direction,lead_hand_velocity20_onset,latest_upward_crossing_55deg_pull_attack_direction,55.0,125.95341662272786,512.8771139053812,-512.8771139053812,-6.3,30.0,8.434553489385173,28.115178297950578,-28.811737999494866,-28.811737999494866,-23.1958,-5.615937999494868,24.441655180681813,54.67442551154659,86.93402162227602,-39.24844744957571,-39.24844744957571,-6.149606299219253,4.539370078745045,500.0,56.63446805477078,4.719539004564232,40.51183077680767,False,False,ok,14.000000000000679,2.1739130434782608,11.099999999999888,-27.800000000000047,-38.899999999999935,27.800000000000047,38.899999999999935,18.73640794902661,27.247844019526994,8.511436070500384,18.73640794902661,27.247844019526994,4.526809148861286,21.682039745055288,26.208848893916574,52.79617645678686,55.12387961357752,83.94754773780846,87.64866749662411,18.53066147567022,18.141990588726056,17.186335937146403,10.14265899139894,27.328994928545345,10.154782595236716,277.7127251455878,3.656578066386113,71.20303712043689
48_2,150,48,R,college,74.0229,7.909,True,3.0528,2.8463,2.9648,2.9018402519582884,2.859842289665242,192.957710334758,2.880021641349396,172.778358650604,2.893520155474833,159.27984452516685,192.957710334758,33.67786580959114,7.320968717087167,87.851624605046,2.9167,136.09999999999988,3.0194,33.39999999999988,2508.6305239289327,ok,lead_hand_velocity20_onset_to_latest_upward_crossing_55deg_pull_attack_direction,lead_hand_velocity20_onset,latest_upward_crossing_55deg_pull_attack_direction,55.0,159.27984452516685,512.21906587902,-512.21906587902,-6.3,30.0,10.190426783026465,33.96808927675489,7.914856238468209,7.914856238468209,7.909,0.005856238468209263,33.259560859631506,74.39951874470175,97.9141352009804,5.655157696676296,5.655157696676296,21.80389951258448,35.71334833149714,500.0,89.86979222222348,7.489149351851957,33.246411098003676,True,True,ok,8.400000000000407,1.2396694214876034,5.50000000000006,0.0,-5.50000000000006,0.0,5.50000000000006,21.80389951258448,25.80839895015911,4.00449943757463,21.80389951258448,25.80839895015911,1.963067116612546,27.89182602177741,29.854893138389954,68.05967099873587,74.39951874470175,89.57052330905077,97.9141352009804,11.522865959682898,11.400291129455821,11.857991356240285,5.655157696676296,17.51314905291658,4.772867364149708,282.4124421003128,1.6900343797368484,69.84345706794198
48_3,150,48,R,college,73.4156,0.3361,True,2.2222,2.0306,2.1389,2.0856051733415866,2.038489437340342,183.710562659658,2.0605310856821863,161.6689143178136,2.0751414031348774,147.05859686512258,183.710562659658,36.65196579453541,6.678796597389607,80.14555916867529,2.0889,133.29999999999976,2.1944,27.800000000000047,2768.328379566746,ok,lead_hand_velocity20_onset_to_latest_upward_crossing_55deg_pull_attack_direction,lead_hand_velocity20_onset,latest_upward_crossing_55deg_pull_attack_direction,55.0,147.05859686512258,473.3299224711809,-473.3299224711809,-6.3,30.0,10.302803099813518,34.3426769993784,0.5614548652373745,0.5614548652373745,0.3361,0.22535486523737452,32.1530859579164,71.92440488080791,93.62428548740792,-2.8375871632878678,-2.8375871632878678,15.85001874767366,26.909073865795836,500.0,81.46408160367872,6.7886734669732265,34.25617187942662,False,False,ok,14.000000000000679,2.242152466367713,11.100000000000332,-5.599999999999827,-16.70000000000016,5.599999999999827,16.70000000000016,21.54124484441772,28.052868391481372,6.511623547063653,21.54124484441772,28.052868391481372,4.424634420702194,23.35883014625695,27.783464566959143,55.637305242267765,73.14962709099024,72.42330274938553,95.21916213854907,20.902278009585267,20.61968233984633,27.37795749758091,7.277089401875556,34.655046899456465,8.211475158229169,276.96458155698014,2.9648105588330678,70.59973753288467
48_4,150,48,R,college,69.3275,8.3298,True,2.3306,2.1343,2.2435,2.184976139234848,2.1381717017653434,192.42829823465652,2.152381946356657,178.21805364334287,2.168277391338786,162.32260866121396,192.42829823465652,30.10568957344259,2.7611378295770166,33.1336539549242,2.3028,27.800000000000047,2.3056,24.99999999999991,2670.32477599523,ok,lead_hand_velocity20_onset_to_latest_upward_crossing_55deg_pull_attack_direction,lead_hand_velocity20_onset,latest_upward_crossing_55deg_pull_attack_direction,55.0,162.32260866121396,537.4359414825118,-537.4359414825118,-6.3,30.0,9.35631003540073,31.187700118002432,8.486462580549768,8.486462580549768,8.3298,0.15666258054976723,31.187700118002432,69.76489825966893,100.0,8.11629249147781,8.11629249147781,23.420322459717834,35.85733033374702,500.0,90.96906320637228,7.5807552671976906,32.345219774756764,True,True,ok,14.000000000000679,1.984126984126984,11.100000000000332,2.8000000000001357,-8.300000000000196,-2.8000000000001357,8.300000000000196,20.333520809920728,28.60554930636761,8.272028496446882,20.333520809920728,28.60554930636761,4.18503937008326,26.87101612301365,31.05605549309691,65.26603270612762,69.76489825966893,93.5513909347416,100.0,13.889428479198505,14.201493579087076,23.79904502228877,1.693343474123627,25.492388496412396,9.723633251072178,294.6025585760825,3.300593619441021,73.74109486322178
48_5,150,48,R,college,68.8375,4.2494,True,3.0139,2.8167,2.9296,2.863361858166902,2.817551573889342,196.34842611065736,2.8432282221096146,170.67177789038544,2.861193383364636,152.7066166353639,196.34842611065736,43.641809475293456,5.825092161428566,69.9011059371428,2.9278,86.10000000000007,2.9833,30.600000000000183,2547.7957775453365,ok,lead_hand_velocity20_onset_to_latest_upward_crossing_55deg_pull_attack_direction,lead_hand_velocity20_onset,latest_upward_crossing_55deg_pull_attack_direction,55.0,152.7066166353639,697.932227858153,-697.932227858153,-6.3,30.0,9.46271914812151,31.54239716040503,4.199960897041953,4.199960897041953,4.2494,-0.04943910295804699,31.54239716040503,70.55833294650365,100.0,1.7404510823877042,1.7404510823877042,18.959130108756884,34.049681289875544,500.0,81.01607597990113,6.751339664991761,29.187103824426032,False,False,ok,16.800000000000814,1.9607843137254901,13.900000000000023,-2.8000000000001357,-16.70000000000016,2.8000000000001357,16.70000000000016,21.537307836543697,30.33052118488466,8.793213348340963,21.537307836543697,30.33052118488466,6.164229471322745,22.064866891662376,28.22909636298512,53.389431421909975,67.49134226560591,75.66708167891254,95.65325518217232,23.039497687755574,23.761170897433548,30.17448724215792,7.123737877783877,37.2982251199418,11.225640982255623,291.7799745004481,3.8472965807454287,89.20884889398465
51_1,151,51,L,college,56.5657,-7.9693,True,1.1056,0.9657,1.0296,1.002279373705677,0.9034626937644494,202.13730623555048,0.9356514020425604,169.94859795743966,0.9454035116828592,160.19648831714062,202.13730623555048,41.94081791840986,2.193487572652625,26.3218508718315,1.0778,27.799999999999827,1.0806,24.99999999999991,2376.496138802484,ok,lead_hand_velocity20_onset_to_latest_upward_crossing_55deg_pull_attack_direction,lead_hand_velocity20_onset,latest_upward_crossing_55deg_pull_attack_direction,55.0,160.19648831714073,368.9421229913885,-368.9421229913885,-6.3,30.0,7.806929740420905,26.023099134736352,-8.173037902054464,-8.173037902054464,-7.9693,-0.2037379020544643,25.017390724303567,55.96230924369976,96.13532421628315,6.283857153067699,-6.283857153067699,8.280089988760349,13.437570303726549,377.7999999999999,73.25708306892342,6.104756922410285,57.706572248233,False,False,ok,8.399999999999741,1.5789473684210527,5.50000000000006,-8.299999999999974,-13.800000000000034,8.299999999999974,13.800000000000034,14.332020997390808,16.846644169497015,2.514623172106207,14.332020997390808,16.846644169497015,0.9467566554190867,-21.203412073513704,-20.256655418094617,40.011856014671444,48.853891329069995,68.73470381136431,83.92406863867845,8.584210713977006,7.892637989587826,9.760612532530129,4.049690809906534,13.810303342436661,2.8489606367722033,231.45932577351755,1.2308688048110472,59.97769028877872
51_2,151,51,L,college,56.9455,2.2098,True,1.0417,0.8815,0.9407,0.9214253659288624,0.8209014890984955,220.79851090150456,0.8542810844745929,187.4189155254072,0.8729906179516838,168.70938204831631,220.79851090150456,52.08912885318824,3.023956446606239,36.287477359274874,1.0028,38.900000000000155,1.0167,25.000000000000135,2276.1172585873533,ok,lead_hand_velocity20_onset_to_latest_upward_crossing_55deg_pull_attack_direction,lead_hand_velocity20_onset,latest_upward_crossing_55deg_pull_attack_direction,55.0,168.70938204831631,463.40807594675005,-463.40807594675005,-6.3,30.0,7.794030867660107,25.980102892200357,1.474252468568027,1.474252468568027,2.2098,-0.735547531431973,25.865650717219147,57.85981280695042,99.55946219514176,-2.3056350620559276,2.3056350620559276,15.29958755157258,22.149981252367382,436.1,77.6631816507198,6.47193180422665,51.65479412975294,False,False,ok,8.399999999999741,1.3215859030837005,5.600000000000049,-2.6999999999999247,-8.299999999999974,2.6999999999999247,8.299999999999974,17.440007499081457,20.49418822649383,3.0541807274123727,17.440007499081457,20.49418822649383,0.9844394450704321,-21.15504311963289,-20.170603674562457,49.880182780361515,54.568220418414604,85.82890145838178,93.8956144903168,9.87355128176277,10.05258358970625,7.103341942455449,6.232364156563305,13.335706099018754,3.4706796742196158,253.26943321836328,1.3703507881376562,65.01256092995399
51_3,151,51,L,college,55.805,-0.6735,True,1.0194,0.8491,0.9241,0.9033804813800907,0.8066762425384826,212.7237574615175,0.8468795077774864,172.52049222251364,0.8508262520019934,168.57374799800672,212.7237574615175,44.15000946351077,2.201912881502215,26.422954578026577,0.9917,27.70000000000006,0.9944,25.000000000000135,2423.8216398326804,ok,lead_hand_velocity20_onset_to_latest_upward_crossing_55deg_pull_attack_direction,lead_hand_velocity20_onset,latest_upward_crossing_55deg_pull_attack_direction,55.0,168.57374799800672,370.43057778625666,-370.43057778625666,-6.3,30.0,7.631656675232528,25.438855584108428,-0.5523715571416021,-0.5523715571416021,-0.6735,0.12112844285839786,25.079112755199883,56.10037749463103,98.58585293776629,3.597606272118004,-3.597606272118004,11.401012373465633,21.885264341980893,497.2000000000001,71.42202230165792,5.951835191804826,51.207437496176055,False,False,ok,13.999999999999568,2.6455026455026456,11.10000000000011,-5.599999999999827,-16.69999999999994,5.599999999999827,16.69999999999994,15.385826771670164,20.084551931030322,4.698725159360158,15.385826771670164,20.084551931030322,2.924259467569712,-21.84326959132467,-18.91901012375496,38.5304123489448,54.11525892096813,67.70994661895278,95.09738072943065,19.393365309232223,19.57793457578976,26.532969926811514,5.80740109015925,32.340371016970764,5.76152803172967,220.88252065779017,2.6084128407136005,58.952568429010086
51_4,151,51,L,college,57.6903,-10.8166,True,0.9222,0.7528,0.8306,0.8087585942271555,0.700362298706301,221.83770129369907,0.7468377090677573,175.36229093224276,0.7537517070313096,168.44829296869045,221.83770129369907,53.38940832500862,5.464176021122479,65.57011225346974,0.7861,136.1,0.8944,27.800000000000047,2395.013002962541,ok,lead_hand_velocity20_onset_to_latest_upward_crossing_55deg_pull_attack_direction,lead_hand_velocity20_onset,latest_upward_crossing_55deg_pull_attack_direction,55.0,168.44829296869045,370.4669815969493,-370.4669815969493,-6.3,30.0,8.138944279691666,27.12981426563889,-11.06210598116334,-11.06210598116334,-10.8166,-0.24550598116334044,25.83508620664335,57.79144194399454,95.22765601593017,14.064560609345753,-14.064560609345753,4.613798275220582,12.897262842158662,472.2,67.28632886335689,5.607194071946407,51.27126786431307,False,False,ok,13.999999999999568,2.6595744680851063,11.099999999999998,-11.099999999999998,-22.199999999999996,11.099999999999998,22.199999999999996,11.88732658418982,17.843832021016656,5.956505436826836,11.88732658418982,17.843832021016656,2.1576677915283895,-24.901762279741924,-22.744094488213534,33.0936852789429,38.340052823728094,54.53115499517505,63.17602120862069,12.844816016113928,14.92536536815195,18.07168177086105,1.8046469284593212,19.87632869932037,6.622434494065391,236.9746040102156,2.794575613587652,62.49306336714664
51_5,151,51,L,college,56.7284,7.8737,True,1.0444,0.8222,0.9222,0.903451515387614,0.7996388217176534,244.7611782823465,0.8465857370288568,197.81426297114325,0.8646244779898995,179.7755220101005,244.7611782823465,64.98565627224602,2.262067108133398,27.144805297600776,1.0167,27.70000000000006,1.0194,24.99999999999991,2402.966376267298,ok,lead_hand_velocity20_onset_to_latest_upward_crossing_55deg_pull_attack_direction,lead_hand_velocity20_onset,latest_upward_crossing_55deg_pull_attack_direction,55.0,179.7755220101005,394.5605420069844,-394.5605420069844,-6.3,30.0,7.700741226677346,25.669137422257823,7.638936546626244,7.638936546626244,7.8737,-0.23476345337375637,25.610261532042422,57.288523470030405,99.77063549410761,-3.58537728563454,3.58537728563454,17.802024746925866,26.451631046147806,488.8,78.5631888224199,6.546932401868325,42.64605963282715,True,True,ok,11.199999999999655,1.9607843137254901,8.299999999999974,2.6999999999999247,-5.600000000000049,-2.6999999999999247,5.600000000000049,15.21897262843789,21.456505436843578,6.237532808405689,15.21897262843789,21.456505436843578,1.7577802774672158,-26.232095988029826,-24.47431571056261,56.40495613311652,57.42022508558025,98.23186176830455,100.0,6.079532870623668,6.405505686791115,15.341564104752706,-1.917221997920132,13.424342106832574,6.833489219832212,237.03119811617896,2.882949280154603,62.11304836902099
56_1,152,56,L,college,71.3822,3.6043,True,1.8278,1.6602,1.7472,1.704590357911316,1.6026180986465206,225.18190135347947,1.65307908228761,174.72091771239008,1.6562622565912506,171.5377434087495,225.18190135347947,53.64415794472998,7.62174912992993,91.46098955915916,1.6389,188.90000000000006,1.7944,33.4000000000001,2493.417987584366,ok,lead_hand_velocity20_onset_to_latest_upward_crossing_55deg_pull_attack_direction,lead_hand_velocity20_onset,latest_upward_crossing_55deg_pull_attack_direction,55.0,171.5377434087495,717.3225125238519,-717.3225125238519,-6.3,30.0,9.920799712741148,33.06933237580383,2.73853436666643,2.73853436666643,3.6043,-0.8657656333335697,32.64986429370266,73.03566636923458,98.73154959001202,-4.3149082187368775,4.3149082187368775,18.975440569949257,33.412448443980594,500.0,90.4913978664994,7.540949822208283,46.55210047297655,False,False,ok,13.999999999999568,1.5625,11.099999999999888,-2.7999999999999137,-13.899999999999801,2.7999999999999137,13.899999999999801,21.54424446946459,28.59411323587641,7.049868766411819,21.54424446946459,28.59411323587641,4.579865016877836,-25.44675665544555,-20.866891638567715,55.67213686637978,67.89475584276072,75.25907019204371,91.7819304817762,19.322279251090094,18.36270823539266,24.960659683267554,7.795080068965627,32.75573975223318,8.8825200996002,324.8358859958392,2.7344639193324767,90.46606674175503
56_2,152,56,L,college,69.2423,1.9619,True,1.6833,1.513,1.5944,1.5579941542219802,1.4589058463460682,224.3941536539318,1.5112650542699633,172.03494573003675,1.5150360201935642,168.26397980643583,224.3941536539318,56.13017384749597,7.297010982292666,87.564131787512,1.5528,130.50000000000006,1.6583,24.99999999999991,2458.639112258172,ok,lead_hand_velocity20_onset_to_latest_upward_crossing_55deg_pull_attack_direction,lead_hand_velocity20_onset,latest_upward_crossing_55deg_pull_attack_direction,55.0,168.26397980643583,34.35138008482963,-34.35138008482963,-6.3,30.0,9.552403771817454,31.841345906058184,2.1675717234752967,2.1675717234752967,1.9619,0.20567172347529672,30.31688848041244,67.81694810400056,95.21233357992038,-8.076682734465518,8.076682734465518,20.86426696665171,31.439070116269427,500.0,91.50860562346647,7.625717135288872,48.7717892775189,False,False,ok,11.199999999999655,5.47945205479452,8.299999999999974,-2.7999999999999137,-11.099999999999888,2.7999999999999137,11.099999999999888,23.775778027772212,28.685789276371448,4.910011248599236,23.775778027772212,28.685789276371448,3.119047619050992,-22.04161979754911,-18.92257217849812,61.404861093604396,70.30060226364718,86.21001506742898,98.69928654605485,18.744264494725883,18.02877064980577,14.340902254785881,12.28930721225305,26.63020946703893,6.165548297971469,115.97995736747008,5.316046356558478,57.92500937389085
56_3,152,56,L,college,74.1675,9.1739,True,2.1278,1.9509,2.0389,2.0019062386888447,1.8961590313151004,231.6409686848997,1.9486753921619384,179.1246078380615,1.9531284807225264,174.67151927747392,231.6409686848997,56.96944940742577,8.286513616655368,99.43816339986441,1.9417,186.10000000000016,2.0944,33.40000000000032,2585.96787157602,ok,lead_hand_velocity20_onset_to_latest_upward_crossing_55deg_pull_attack_direction,lead_hand_velocity20_onset,latest_upward_crossing_55deg_pull_attack_direction,55.0,174.67151927747372,588.5417404581452,-588.5417404581452,-6.3,30.0,10.323179081956633,34.410596939855445,9.068757057176578,9.068757057176578,9.1739,-0.10514294282342185,33.256535698942656,74.39275165296756,96.64620395010898,-13.622133276830695,13.622133276830695,25.87251593553601,38.59692538436865,497.2000000000001,98.8272930257721,8.235607752147674,46.275965165907174,True,True,ok,11.200000000000543,1.4598540145985401,8.300000000000196,2.8000000000001357,-5.50000000000006,-2.8000000000001357,5.50000000000006,23.0676790401449,29.986876640452344,6.919197600307445,23.0676790401449,29.986876640452344,3.83989501312751,-24.46737907764172,-20.62748406451421,70.82847598108494,76.97431312601871,92.0157297995344,100.0,16.411084643162166,16.081889013827272,14.725456741842144,9.377551901575988,24.103008643418132,8.433164247175084,314.86189896601826,2.678369238980306,89.10198725168982
56_4,152,56,L,college,72.1336,13.0696,True,1.9667,1.7861,1.8722,1.8320962504401084,1.7368288101011091,229.8711898988908,1.7837952507450927,182.9047492549072,1.7880353028280829,178.66469717191725,229.8711898988908,51.20649272697355,8.325395778140182,99.90474933768218,1.7806,186.09999999999994,1.9417,24.99999999999991,2623.2876877887484,ok,lead_hand_velocity20_onset_to_latest_upward_crossing_55deg_pull_attack_direction,lead_hand_velocity20_onset,latest_upward_crossing_55deg_pull_attack_direction,55.0,178.66469717191703,596.0979684337384,-596.0979684337384,-6.3,30.0,9.810619699654449,32.70206566551483,13.790961901442103,13.790961901442103,13.0696,0.7213619014421031,31.26792654474304,69.94435966522684,95.61453048428031,-17.48077070437766,17.48077070437766,27.264154480719366,38.47281589805431,500.0,99.22644501846429,8.268870418205358,40.00595537803405,True,True,ok,11.199999999999655,1.4336917562724014,8.299999999999974,5.599999999999827,-2.7000000000001467,-5.599999999999827,2.7000000000001467,22.11511061119749,29.201162354737214,7.0860517435397234,22.11511061119749,29.201162354737214,3.942257217852031,-25.55080614925894,-21.608548931406908,69.58843055356508,73.15243751233625,95.12797238209576,100.0,15.414154254476477,14.978068270339644,15.677644492275293,8.011417992475662,23.689062484750956,8.585649495205617,340.9603181056048,2.5180788025151957,89.35245594310368
56_5,152,56,L,college,73.9687,12.64,True,2.0722,1.8917,1.9732,1.9312865022513264,1.8459516869122743,226.2483130877256,1.8912987773794765,180.90122262052355,1.8983499494984912,173.8500505015088,226.2483130877256,52.39826258621676,3.1247238168328533,37.49668580199424,2.0417,30.49999999999997,2.0444,27.800000000000047,2731.4921521156543,ok,lead_hand_velocity20_onset_to_latest_upward_crossing_55deg_pull_attack_direction,lead_hand_velocity20_onset,latest_upward_crossing_55deg_pull_attack_direction,55.0,173.8500505015088,621.0079155094337,-621.0079155094337,-6.3,30.0,10.408993311750706,34.696644372502355,13.32828596434818,13.32828596434818,12.64,0.6882859643481787,32.7432540055212,73.24457320490598,94.37008851343201,-16.451569286765533,16.451569286765533,28.664416947912486,45.22347206604061,500.0,96.10832269741057,8.009026891450882,45.27094876298356,True,True,ok,8.400000000000407,1.048951048951049,5.600000000000271,2.8000000000001357,-2.8000000000001357,-2.8000000000001357,2.8000000000001357,25.41807274093485,31.173415823055798,5.755343082120948,25.41807274093485,31.173415823055798,2.919385076868547,-22.264904386975672,-19.345519310107125,73.32776702160882,77.61418300935557,94.47727744910996,100.0,16.207035123062123,16.451569286765533,9.986082244735698,11.091726918842568,21.077809163578266,6.990210458932714,350.6365840944376,1.993577047011737,92.31421072375929
59_1,157,59,R,college,65.4892,16.0499,True,1.4917,1.2972,1.3861,1.3428934843686766,1.274568758717959,217.13124128204092,1.3190778205098197,172.62217949018032,1.3214432841640662,170.25671583593382,217.13124128204092,46.87452544610713,6.235349327420922,74.82419192905107,1.3917,100.00000000000009,1.4556,36.10000000000002,2573.6690915147246,ok,lead_hand_velocity20_onset_to_latest_upward_crossing_55deg_pull_attack_direction,lead_hand_velocity20_onset,latest_upward_crossing_55deg_pull_attack_direction,55.0,170.25671583593382,28.86778546919966,-28.86778546919966,-6.3,30.0,9.099330018183494,30.331100060611647,15.240365369013436,15.240365369013436,16.0499,-0.8095346309865654,29.968269858035526,67.03711045551962,98.80376840321958,4.152777850870325,4.152777850870325,20.973190851166265,35.09130108740199,500.0,85.02539347464561,7.085449456220467,29.676438703974092,True,True,ok,16.799999999999482,8.333333333333332,13.800000000000034,11.10000000000011,-2.6999999999999247,-11.10000000000011,2.6999999999999247,9.17754030747148,22.898575178127473,13.721034870655993,9.17754030747148,22.898575178127473,2.009748781404493,29.014810648700255,31.02455943010475,62.95858721046106,67.84873850351559,92.79256858577973,100.0,-2.134662273471178,-1.3974752974164468,24.595258007498266,-14.92869045190831,9.666567555589959,14.68663718852528,104.84890531149942,14.007430163330953,53.43569553811547
59_2,157,59,R,college,61.5046,10.6571,True,1.0778,0.8982,0.9722,0.9354696425315864,0.8683157719952466,209.4842280047536,0.9016734399990642,176.12656000093585,0.911412545416003,166.38745458399706,209.4842280047536,43.096773420756506,6.382174559276165,76.58609471131398,0.9639,113.90000000000012,1.0444,33.4000000000001,2464.200718205365,ok,lead_hand_velocity20_onset_to_latest_upward_crossing_55deg_pull_attack_direction,lead_hand_velocity20_onset,latest_upward_crossing_55deg_pull_attack_direction,55.0,166.38745458399706,42.44548046144914,-42.44548046144914,-6.3,30.0,8.33833528973,27.79445096576667,10.969131092359493,10.969131092359493,10.6571,0.31203109235949356,27.655750915015073,61.86415290581389,99.50097934684003,-4.482185569304852,-4.482185569304852,15.018560179993727,27.561867266621448,497.2000000000001,83.4946429374683,6.957886911455692,29.49448449230867,True,True,ok,22.39999999999931,10.666666666666668,19.49999999999985,5.600000000000049,-13.899999999999801,-5.600000000000049,13.899999999999801,9.594300712421312,23.08155230598669,13.487251593565379,9.594300712421312,23.08155230598669,3.4686914135770515,30.150918635203173,33.619610048780224,51.513989246773534,62.17441608304993,82.85399766032921,100.0,4.66657415899613,4.598175542614394,39.27087390812589,-14.541859895981485,24.729014012144404,14.635335588655213,111.09549749700008,13.173653224830659,55.934570678725606
59_3,157,59,R,college,61.4768,8.5528,True,1.0667,0.8593,0.9926,0.9221221367749908,0.8420673987415329,224.63260125846708,0.8877263873571843,178.97361264281562,0.9031160764471312,163.58392355286878,224.63260125846708,61.04867770559829,5.003103890610419,60.03724668732502,0.9889,77.79999999999998,1.0417,24.99999999999991,2403.0462123216853,ok,lead_hand_velocity20_onset_to_latest_upward_crossing_55deg_pull_attack_direction,lead_hand_velocity20_onset,latest_upward_crossing_55deg_pull_attack_direction,55.0,163.58392355286878,48.228954699452316,-48.228954699452316,-6.3,30.0,8.414347255269442,28.047824184231473,8.589288745446845,8.589288745446845,8.5528,0.03648874544684588,27.960675027878448,62.54624872020047,99.68928371847817,-14.253779796093438,-14.253779796093438,9.514060742417476,24.250281214874335,500.0,75.93626794081555,6.328022328401296,23.43510819801979,True,True,ok,16.799999999999482,7.894736842105263,13.900000000000023,2.7999999999999137,-11.10000000000011,-2.7999999999999137,11.10000000000011,6.86632920885631,16.480314960647725,9.613985751791414,6.86632920885631,16.480314960647725,1.0174353205860243,33.087551556091235,34.10498687667726,53.44639659946161,62.74119583086847,85.1854923893021,100.0,-6.470493192834318,-6.706008920755371,26.349018244595566,-19.157791920868753,7.191226323726814,10.193625524101291,108.70664964140332,9.377186729356088,53.451443569611556
59_4,157,59,R,college,67.8471,12.1905,True,1.1056,0.9204,1.0056,0.9689651861740392,0.8861690719186365,219.43092808136345,0.9305907442638024,175.00925573619764,0.940707422772322,164.8925772276778,219.43092808136345,54.53835085368564,2.579810225382474,30.957722704589692,1.0778,27.799999999999827,1.0806,24.99999999999991,2720.9040219429585,ok,lead_hand_velocity20_onset_to_latest_upward_crossing_55deg_pull_attack_direction,lead_hand_velocity20_onset,latest_upward_crossing_55deg_pull_attack_direction,55.0,164.89257722767792,26.56981623045862,-26.56981623045862,-6.3,30.0,9.384355915143345,31.281186383811153,11.743814598945976,11.743814598945976,12.1905,-0.4466854010540242,29.911133130017873,66.9092992350077,95.62020047135323,7.753510274123905,7.753510274123905,21.022872141005088,35.47956505440653,499.9999999999999,83.51661185753696,6.959717654794747,29.777199509615027,True,True,ok,16.799999999999482,8.695652173913043,13.900000000000023,8.399999999999963,-5.50000000000006,-8.399999999999963,5.50000000000006,12.335958005262668,24.70284964382121,12.366891638558542,12.335958005262668,24.70284964382121,3.65916760405344,25.52549681292596,29.184664416979402,63.70154075098096,69.9740210804651,91.03598702399675,100.0,5.954622967804563,5.470664570088173,25.9961855337218,-6.619936913666272,19.376248620055527,13.536539378586552,101.53249497599226,13.33222371989117,53.15298087744775
59_5,157,59,R,college,62.6485,9.1944,True,0.9833,0.7806,0.913,0.8391659079374381,0.7552295952481112,228.0704047518888,0.8175291431466238,165.7708568533761,0.8220089972827593,161.29100271724062,228.0704047518888,66.77940203464817,4.968637498430606,59.623649981167276,0.9028,80.4999999999999,0.9556,27.699999999999946,2355.326044890339,ok,lead_hand_velocity20_onset_to_latest_upward_crossing_55deg_pull_attack_direction,lead_hand_velocity20_onset,latest_upward_crossing_55deg_pull_attack_direction,55.0,161.29100271724062,43.39818272352558,-43.39818272352558,-6.3,30.0,8.42468625980267,28.08228753267557,9.670238037939075,9.670238037939075,9.1944,0.4758380379390754,28.08228753267557,62.81828814574879,100.0,-13.157844990317283,-13.157844990317283,9.231908511446045,25.456317960282465,499.99999999999994,73.14690598497656,6.095575498748047,23.52855550748495,True,True,ok,16.800000000000146,8.108108108108109,13.799999999999923,2.6999999999999247,-11.099999999999998,-2.6999999999999247,11.099999999999998,6.419947506568615,16.705849268859442,10.285901762290827,6.419947506568615,16.705849268859442,1.566366704163677,30.711848518968303,32.27821522313198,55.60419044783497,62.81828814574879,88.51592758915058,100.0,-4.675424035495919,-5.271814021187536,30.518885030480277,-18.975094193213245,11.543790837267032,10.951133863006289,103.94675480866307,10.535330211283908,51.95106861647908
67_1,162,67,R,high_school,59.8084,4.6745,True,1.1194,0.9482,1.0185,0.9956311597303996,0.9199298966870808,199.4701033129193,0.9585644791234949,160.8355208765051,0.9364586873282892,182.94131267171088,199.4701033129193,38.634582436414206,5.992158322897944,71.90589987477533,0.9472,172.1999999999999,1.0944,24.99999999999991,2555.5286919512478,ok,lead_hand_velocity20_onset_to_latest_upward_crossing_55deg_pull_attack_direction,lead_hand_velocity20_onset,latest_upward_crossing_55deg_pull_attack_direction,55.0,182.94131267171076,574.2981268545668,-574.2981268545668,-6.3,30.0,8.218776448056452,27.39592149352151,4.795331318556887,4.795331318556887,4.6745,0.12083131855688656,25.73240523640305,57.56175115516066,93.92786894387969,1.537440399250357,1.537440399250357,14.914135733049482,19.67791526061368,447.19999999999993,72.40162649454504,6.03346887454542,38.85105544059001,False,False,ok,13.999999999999568,1.9011406844106464,11.099999999999888,-2.8000000000001357,-13.900000000000023,2.8000000000001357,13.900000000000023,17.60367454070143,23.271278590201366,5.667604049499936,17.60367454070143,23.271278590201366,3.609111361083766,18.868203974523567,22.477315335607333,50.28065895840041,61.28293104313144,82.04675935459494,100.0,19.18021989626689,17.598188814750877,26.508800945829847,7.216835524019039,33.72563646984889,6.880188622613057,263.1238611955817,2.614809843299984,60.37457817779301
67_2,162,67,R,high_school,65.4589,2.0824,True,1.5222,1.35,1.4352,1.405693832908789,1.320984685501348,201.215314498652,1.3446394110422724,177.56058895772765,1.3511146426656664,171.08535733433362,201.215314498652,30.12995716431834,,,,,,27.800000000000047,2511.3126203518946,no_barrel_inflection_before_peak_omega,lead_hand_velocity20_onset_to_latest_upward_crossing_55deg_pull_attack_direction,lead_hand_velocity20_onset,latest_upward_crossing_55deg_pull_attack_direction,55.0,171.08535733433362,657.4324877246778,-657.4324877246778,-6.3,30.0,9.246621415894722,30.822071386315745,2.2556385841860944,2.2556385841860944,2.0824,0.1732385841860946,29.79908471674297,66.65865407288595,96.68099312096541,-9.659618040792399,-9.659618040792399,12.708473940771132,17.708473940776532,494.4,79.08113817391232,6.590094847826027,35.039978795918095,False,False,ok,27.999999999999137,3.4129692832764507,25.000000000000135,-2.7999999999999137,-27.800000000000047,2.7999999999999137,27.800000000000047,15.1676040495102,27.86820397453329,12.700599925023091,15.1676040495102,27.86820397453329,6.845519310093636,26.673040869920072,33.51856018001371,40.691319803896725,68.94701008034116,59.018251489775686,100.0,18.77814915954577,26.21510698138327,38.74990803808181,-5.6035205174067375,33.14638752067508,14.5823415452597,259.0852173886845,5.628395819813601,60.56842894644714
67_3,162,67,R,high_school,62.7887,2.033,True,1.5028,1.3315,1.4093,1.3824470940491596,1.301595287108367,201.204712891633,1.331867636858137,170.93236314186288,1.3309909226204466,171.80907737955332,201.204712891633,30.272349749770115,6.014834500871426,72.1780140104571,1.3639,138.90000000000003,1.4694,33.39999999999988,2335.31583192395,ok,lead_hand_velocity20_onset_to_latest_upward_crossing_55deg_pull_attack_direction,lead_hand_velocity20_onset,latest_upward_crossing_55deg_pull_attack_direction,55.0,171.80907737955332,511.57654894266426,-511.57654894266426,-6.3,30.0,8.72937120069168,29.097904002305604,1.5963481811077245,1.5963481811077245,2.033,-0.43665181889227545,28.5948551590339,63.96486927128192,98.2711852948864,-14.887891643102142,-14.887891643102142,9.435508061502505,13.707161604814203,466.6999999999999,73.77095107279146,6.1475792560659555,30.409985189474657,False,False,ok,5.599999999999827,0.819672131147541,2.8000000000001357,-5.50000000000006,-8.300000000000196,5.50000000000006,8.300000000000196,13.482002249733348,14.979940007515244,1.4979377577818962,13.482002249733348,14.979940007515244,0.22347206599199154,33.804649418859164,34.028121484851155,48.51748057132581,52.38545842073353,74.5388895120657,80.48138220041264,-2.3566516217925173,-2.3566516217925173,5.078456179518284,-4.895879711551659,0.18257646796662463,1.6268985403204639,240.46798779307446,0.6765551436810913,58.680164979440974
67_4,162,67,R,high_school,62.396,-1.8838,True,1.3361,1.1769,1.2463,1.224589601774677,1.1491371935900545,186.9628064099456,1.1813123520721065,154.7876479278938,1.1673714385533704,168.7285614466296,186.9628064099456,32.17515848205181,5.972660705835184,71.67192847002221,1.175,161.10000000000002,1.3083,27.800000000000047,2305.3449936319553,ok,lead_hand_velocity20_onset_to_latest_upward_crossing_55deg_pull_attack_direction,lead_hand_velocity20_onset,latest_upward_crossing_55deg_pull_attack_direction,55.0,168.7285614466296,531.530338660483,-531.530338660483,-6.3,30.0,8.70779657641683,29.0259885880561,-1.7583651097942576,-1.7583651097942576,-1.8838,0.12543489020574228,29.0259885880561,64.92928728537954,100.0,-9.78126023439176,-9.78126023439176,9.977502812159258,17.264904386970276,497.2000000000001,71.41464454753968,5.95122037896164,41.665960841691,False,False,ok,8.399999999999741,1.2295081967213115,5.50000000000006,-5.599999999999827,-11.099999999999888,5.599999999999827,11.099999999999888,14.099550056258199,16.865204349474535,2.765654293216336,14.099550056258199,16.865204349474535,0.9265091863527068,26.373078365232836,27.299587551585542,45.77257309972583,55.60857560679457,70.4960350150535,85.64482675188125,4.909069970300881,4.3699308058473,12.442291006201955,-1.042505950573305,11.39978505562865,3.052975686731541,244.7044902650601,1.2476173540684132,58.550806149294615
67_5,162,67,R,high_school,63.9992,7.9926,True,1.4583,1.2898,1.3583,1.3316070443223866,1.2627810936008677,195.51890639913228,1.2852106947093525,173.08930529064747,1.289342125387808,168.9578746121918,195.51890639913228,26.561031786940475,6.45569915991931,77.46838991903172,1.2917,166.59999999999985,1.4306,27.699999999999836,2385.1373619329866,ok,lead_hand_velocity20_onset_to_latest_upward_crossing_55deg_pull_attack_direction,lead_hand_velocity20_onset,latest_upward_crossing_55deg_pull_attack_direction,55.0,168.95787461219203,525.0531400192037,-525.0531400192037,-6.3,30.0,9.059844663652298,30.199482212174328,8.49740672617456,8.49740672617456,7.9926,0.5048067261745599,28.471392640686283,63.6886914832817,94.27775099140143,1.2410770214379307,1.2410770214379307,19.16404199477136,25.10104986879352,499.9999999999999,77.59721795895865,6.466434829913221,32.09673564401608,True,True,ok,13.999999999999568,2.0325203252032518,11.099999999999888,2.6999999999999247,-8.399999999999963,-2.6999999999999247,8.399999999999963,15.892013498329877,23.779152605949946,7.887139107620069,15.892013498329877,23.779152605949946,2.2497187851542897,26.984251968533083,29.233970753687373,60.03748175259922,67.55431776166404,88.87290071437816,100.0,5.005018070254094,5.193878666866015,18.850005669877746,-4.322279666416165,14.527726003461579,8.527335997613633,264.6605262920237,3.22199011582281,63.70978627678424
68_1,163,68,R,college,71.874,10.7479,True,1.6611,1.4769,1.5639,1.5338992733413166,1.44899997350096,212.10002649904004,1.4897869327086173,171.31306729138274,1.511380339100642,149.71966089935808,212.10002649904004,62.380365599681966,5.8218529968272135,69.86223596192656,1.5917,69.40000000000013,1.6361,24.99999999999991,2482.1535244909455,ok,lead_hand_velocity20_onset_to_latest_upward_crossing_55deg_pull_attack_direction,lead_hand_velocity20_onset,latest_upward_crossing_55deg_pull_attack_direction,55.0,149.71966089935808,717.8500142061772,-717.8500142061772,-6.3,30.0,9.804216367987635,32.68072122662545,11.205434530183815,11.205434530183815,10.7479,0.45753453018381585,32.29895926405697,72.2507141733557,98.83184352046229,8.48649272561661,8.48649272561661,23.266779152631056,34.916385451856236,500.0,92.3217830294477,7.693481919120642,37.13715493420254,True,True,ok,11.199999999999655,1.282051282051282,8.399999999999963,2.7999999999999137,-5.600000000000049,-2.7999999999999137,5.600000000000049,20.000187476587033,27.810648668946428,7.810461192359394,20.000187476587033,27.810648668946428,3.3944506936669647,28.15616797903304,31.550618672700004,70.55166236585367,73.10469136235105,96.50770839884541,100.0,10.832948259872017,10.968247936178571,16.15573347197661,2.619781847577159,18.77551531955377,8.975164375556028,312.62948415403326,2.8708630600989467,86.75009373837645
68_2,163,68,R,college,70.3116,12.9751,True,2.0167,1.8361,1.925,1.882858705124504,1.7867103175797543,229.98968242024569,1.83848890007673,178.2110999232702,1.8674200647685428,149.27993523145733,229.98968242024569,80.70974718878836,6.10096907802537,73.21162893630444,1.9417,75.00000000000017,1.9917,25.000000000000135,2677.0420629117343,ok,lead_hand_velocity20_onset_to_latest_upward_crossing_55deg_pull_attack_direction,lead_hand_velocity20_onset,latest_upward_crossing_55deg_pull_attack_direction,55.0,149.27993523145733,484.97595573935513,-484.97595573935513,-6.3,30.0,9.56893952641884,31.8964650880628,13.349327487739851,13.349327487739851,12.9751,0.3742274877398515,31.735096117472565,70.98938823700907,99.49408509643713,13.095897178049736,13.095897178049736,25.028121484841435,36.154105736821954,497.30000000000007,94.15584315066603,7.846320262555502,36.05164031559052,True,True,ok,11.199999999999655,1.7543859649122806,8.300000000000196,5.600000000000271,-2.6999999999999247,-5.600000000000271,2.6999999999999247,19.12635920512002,27.250843644573866,8.124484439453845,19.12635920512002,27.250843644573866,3.7191601049908947,26.165166854171495,29.88432695916239,69.99259953197856,71.35036034373381,98.09705121990389,100.0,10.641445612516396,10.274041058461183,17.118079769626036,2.449810281758591,19.567890051384627,9.341326853114621,285.41134505264586,3.272934666066465,86.98200224981277
68_3,163,68,R,college,72.4937,11.7455,True,2.0806,1.8833,1.987,1.9418280818550049,1.869209373888616,211.39062611138385,1.9088812533935704,171.71874660642962,1.9278318098312133,152.7681901687865,211.39062611138385,58.62243594259735,5.616735960852848,67.40083153023417,2.0139,66.69999999999999,2.0556,24.99999999999991,2542.464190119248,ok,lead_hand_velocity20_onset_to_latest_upward_crossing_55deg_pull_attack_direction,lead_hand_velocity20_onset,latest_upward_crossing_55deg_pull_attack_direction,55.0,152.76819016878673,446.7618048212816,-446.7618048212816,-6.3,30.0,9.9960109918297,33.32003663943233,11.264248739315311,11.264248739315311,11.7455,-0.4812512606846884,31.551163451279923,70.57794258070841,94.6912627759267,9.356153537838752,9.356153537838752,24.030746156756365,39.27090363708779,500.0,93.50771376055712,7.792309480046427,33.06951756866323,True,True,ok,14.000000000000124,2.3255813953488373,11.099999999999888,5.599999999999827,-5.50000000000006,-5.599999999999827,5.50000000000006,17.56467941509209,28.917322834676906,11.352643419584815,17.56467941509209,28.917322834676906,4.566554180732339,28.22122234723708,32.78777652796942,71.57109184670153,74.5347992113285,96.02372664045961,100.0,9.45398846470749,9.356153537838752,23.227407945822716,-1.9960873292725774,21.23132061655014,12.930409360467749,282.1419193146111,4.582945133384911,89.07105361839395
68_4,163,68,R,college,73.4984,7.7151,True,1.8222,1.6287,1.7222,1.6929903880830222,1.5926433433012503,229.5566566987497,1.649118526483335,173.08147351666503,1.6670533491821724,155.14665081782763,229.5566566987497,74.41000588092206,5.156610799277367,61.8793295913284,1.7667,55.50000000000011,1.7944,27.800000000000047,2682.0045470612877,ok,lead_hand_velocity20_onset_to_latest_upward_crossing_55deg_pull_attack_direction,lead_hand_velocity20_onset,latest_upward_crossing_55deg_pull_attack_direction,55.0,155.14665081782763,29.214434773938258,-29.214434773938258,-6.3,30.0,10.248417518842214,34.16139172947405,8.12440179497335,8.12440179497335,7.7151,0.4093017949733504,33.318798740422,74.53203011010639,97.53349337835944,10.930933250630343,10.930933250630343,24.958380202501655,39.151293588343755,500.0,96.83867099931452,8.069889249942877,38.275227763054076,True,True,ok,8.399999999999741,4.545454545454546,5.600000000000049,0.0,-5.600000000000049,0.0,5.600000000000049,24.958380202501655,29.29883764532599,4.340457442824334,24.958380202501655,29.29883764532599,2.299400074993116,26.128421447347304,28.42782152234042,73.06247098240154,76.41685694674752,95.61041097688229,100.0,15.766156564113729,15.920119610252355,9.516483580828151,10.930933250630343,20.447416831458494,5.187255460818754,117.76426825701374,4.4047787479117755,61.54424446950781
68_5,163,68,R,college,75.1569,10.3521,True,1.9,1.7056,1.8019,1.7681632471193154,1.6482651973761138,251.7348026238861,1.7194849357716389,180.51506422836104,1.750355181811988,149.6448181880119,251.7348026238861,102.0899844358742,5.374922363602284,64.49906836322741,1.8417,58.30000000000002,1.8694,30.59999999999996,2593.737236973077,ok,lead_hand_velocity20_onset_to_latest_upward_crossing_55deg_pull_attack_direction,lead_hand_velocity20_onset,latest_upward_crossing_55deg_pull_attack_direction,55.0,149.6448181880119,598.3729842525189,-598.3729842525189,-6.3,30.0,10.490568630756169,34.968562102520565,10.541236454003254,10.541236454003254,10.3521,0.18913645400325407,34.968562102520565,78.22244564808636,100.0,12.232055103359906,12.232055103359906,26.56242969631666,39.04274465696006,500.0,96.83596621583114,8.06966385131926,36.167684364184105,True,True,ok,11.199999999999655,1.486988847583643,8.399999999999963,2.7999999999999137,-5.600000000000049,-2.7999999999999137,5.600000000000049,23.453318335233433,30.979377577836242,7.526059242602809,23.453318335233433,30.979377577836242,4.098237720289397,27.109673790805434,31.20791151109483,73.7552886339346,78.22244564808636,94.28916217443651,100.0,15.04733735871621,14.8437490945287,16.962980375904632,6.769435434951404,23.732415810856036,9.027256804143729,322.59636396598825,2.7983132522521186,85.84758155239872
69_1,164,69,R,college,64.8262,-1.0682,True,1.0444,0.8926,0.9583,0.9244223899765248,0.823603188548728,220.796811451272,0.8629598985847011,181.44010141529887,0.8915245507639958,152.87544923600416,220.796811451272,67.9213622152678,,,,,,24.99999999999991,2540.810549952073,no_barrel_inflection_before_peak_omega,lead_hand_velocity20_onset_to_latest_upward_crossing_55deg_pull_attack_direction,lead_hand_velocity20_onset,latest_upward_crossing_55deg_pull_attack_direction,55.0,152.87544923600416,33.942141176286796,-33.942141176286796,-6.3,30.0,8.830344952832991,29.43448317610997,-0.8258431149002958,-0.8258431149002958,-1.0682,0.2423568850997042,29.008232744923863,64.88956859548101,98.55186711233962,6.786236114268985,6.786236114268985,19.555305586822776,30.315148106519437,500.0,79.75965625195006,6.646638020995838,40.71372905662467,False,False,ok,16.799999999999482,8.823529411764707,13.900000000000023,-8.399999999999963,-22.299999999999986,8.399999999999963,22.299999999999986,25.102924634447817,32.22328458946114,7.1203599550133205,25.102924634447817,32.22328458946114,6.488188976384965,16.71597300339263,23.204161979777595,41.23651379680464,48.914189980858794,62.628485838968395,74.28905531723696,35.41525899440277,37.49272807665048,18.97121356656489,23.5876841848508,42.55889775141569,9.879325856669002,103.87724566923404,9.51057740607289,56.26509186357785
69_2,164,69,R,college,65.5026,3.5905,True,1.3194,,,1.1917,1.0830555050614654,236.3444949385345,1.1353863783395275,184.01362166047213,1.16543281861448,153.9671813855199,236.3444949385345,82.3773135530146,5.531523916781611,66.37828700137933,1.2417,77.69999999999987,1.2944,24.99999999999991,2559.071702998925,ok,lead_hand_velocity20_onset_to_latest_upward_crossing_55deg_pull_attack_direction,lead_hand_velocity20_onset,latest_upward_crossing_55deg_pull_attack_direction,55.0,153.9671813855199,35.45504416162726,-35.45504416162726,-6.3,30.0,8.879659185931468,29.598863953104892,3.598236242608558,3.598236242608558,3.5905,0.007736242608558097,29.598863953104892,66.21077298028109,100.0,5.074901893082624,5.074901893082624,21.34570678667473,33.12917135361659,499.9999999999999,81.30256532962366,6.775213777468639,35.7440001468514,False,False,ok,11.199999999999655,5.88235294117647,8.399999999999963,-2.8000000000001357,-11.200000000000099,2.8000000000001357,11.200000000000099,23.861267341608084,28.54124484442528,4.679977502817195,23.861267341608084,28.54124484442528,2.7225346831675523,25.475253093390844,28.197787776558396,54.14969832741695,65.40224421128639,81.78381838789865,98.77885617007448,17.5080005850332,16.833138257189084,15.91104085575861,10.227342484998012,26.138383340756622,5.688667934221684,104.94855386055202,5.420434798730405,57.8865766779778
69_3,164,69,R,college,69.8654,3.4832,True,1.2806,1.1185,1.187,1.152344354661214,1.0452247190608288,235.37528093917115,1.0955901852039438,185.00981479605616,1.123213555661983,157.38644433801684,235.37528093917115,77.9888366011543,7.257755412493272,87.09306494991927,1.1,180.59999999999988,1.2556,24.99999999999991,2406.13651775875,ok,lead_hand_velocity20_onset_to_latest_upward_crossing_55deg_pull_attack_direction,lead_hand_velocity20_onset,latest_upward_crossing_55deg_pull_attack_direction,55.0,157.38644433801684,30.800488796018712,-30.800488796018712,-6.3,30.0,9.692208031667247,32.30736010555749,3.837951282601027,3.837951282601027,3.4832,0.35475128260102684,30.073383119485605,67.27224212483351,93.08523822815347,8.401237312141173,8.401237312141173,24.193663292114625,35.059805024409826,500.0,86.22992487183738,7.185827072653115,38.449105402909375,False,False,ok,19.599999999999397,10.294117647058822,16.69999999999994,-2.7000000000001467,-19.400000000000084,2.7000000000001467,19.400000000000084,26.552680914914323,35.53168353959594,8.979002624681616,26.552680914914323,35.53168353959594,7.434570678673207,21.04386951633319,28.478440195006396,48.95032285428061,64.38265367855104,67.73302509793541,89.0868873421462,30.17066418423575,31.015249886551153,29.135787697458568,13.95483629487316,43.09062399233173,12.024687734360153,108.24909439422645,11.108349498581578,59.25890513692191
69_4,164,69,R,college,64.7597,1.3175,True,1.2944,1.1324,1.213,1.1663621827655706,1.0616105975665615,232.78940243343848,1.1039616272526518,190.4383727473482,1.1390031399517533,155.3968600482467,232.78940243343848,77.39254238519177,,,,,,24.99999999999991,2602.468903148234,no_barrel_inflection_before_peak_omega,lead_hand_velocity20_onset_to_latest_upward_crossing_55deg_pull_attack_direction,lead_hand_velocity20_onset,latest_upward_crossing_55deg_pull_attack_direction,55.0,155.3968600482467,35.676626830418726,-35.676626830418726,-6.3,30.0,8.831614355798397,29.43871451932799,1.4037208459870782,1.4037208459870782,1.3175,0.08622084598707835,29.09203286065835,65.07702411564584,98.82236142328148,7.821708210814468,7.821708210814468,21.660292463465467,31.254780652452208,500.0,81.94491088997384,6.828742574164487,36.73481481859056,False,False,ok,11.199999999999655,5.88235294117647,8.299999999999974,-5.600000000000049,-13.900000000000023,5.600000000000049,13.900000000000023,25.689726284242223,29.93625796778637,4.2465316835441484,25.689726284242223,29.93625796778637,2.9641919760062017,22.317960254992236,25.282152230998438,45.2495653098831,58.59065335205083,68.71348157151776,88.9725183390879,25.67059925481641,25.799624822524322,16.066170120565744,17.50848862682563,33.574658747391375,5.334395739510894,104.45316539439308,5.106973751699474,57.353205849330806
69_5,164,69,R,college,66.9887,-1.9592,True,1.4972,1.337,1.4037,1.3719906579134102,1.267783752038498,229.41624796150205,1.3166394318996826,180.5605681003175,1.3435486096902567,153.6513903097434,229.41624796150205,75.76485765175866,6.901695930931798,82.82035117118157,1.2472,250.0,1.4694,27.800000000000047,2428.830329558838,ok,lead_hand_velocity20_onset_to_latest_upward_crossing_55deg_pull_attack_direction,lead_hand_velocity20_onset,latest_upward_crossing_55deg_pull_attack_direction,55.0,153.6513903097434,42.02679420433908,-42.02679420433908,-6.3,30.0,9.418728336350158,31.395761121167194,-1.8227096987394993,-1.8227096987394993,-1.9592,0.13649030126050077,30.34714486738346,67.88462971408246,96.66000690431821,-0.5236449540991805,-0.5236449540991805,17.59542557182253,26.80014998128129,497.2000000000001,80.58164839074706,6.715137365895589,37.323132680208346,False,False,ok,8.399999999999741,4.225352112676056,5.50000000000006,-8.399999999999963,-13.900000000000023,8.399999999999963,13.900000000000023,23.95294338210312,27.084551931037883,3.1316085489347643,23.95294338210312,27.084551931037883,1.6364829396343161,27.98293963257616,29.619422572210475,44.64678212499109,51.68355612080724,63.57194974228429,73.59151714486843,18.89351884974911,19.04068500588468,11.764602078310785,12.93763473252593,24.702236810836716,3.66987710628474,110.03741442551687,3.335117537470712,59.48218972634848
72_1,8,72,R,college,61.6612,5.8335,True,1.7528,1.5556,1.6843,1.6033019652358016,1.5082323182120172,244.5676817879827,1.5619577695722684,190.84223042773152,1.5901676372420368,162.6323627579631,244.5676817879827,81.9353190300196,6.6516959162450355,79.82035099494043,1.5472,205.6,1.7194,33.39999999999988,2435.035089809487,ok,lead_hand_velocity20_onset_to_latest_upward_crossing_55deg_pull_attack_direction,lead_hand_velocity20_onset,latest_upward_crossing_55deg_pull_attack_direction,55.0,162.6323627579631,47.11026461934087,-47.11026461934087,-6.3,30.0,8.57726066252156,28.59086887507187,5.242536563915246,5.242536563915246,5.8335,-0.5909634360847535,28.084022097433053,62.82216825660572,98.22724248131985,-2.563314305435184,-2.563314305435184,16.488563929526624,25.677540307489302,500.0,77.97571742479701,6.497976452066418,31.62228004517847,True,True,ok,11.199999999999655,5.333333333333334,8.300000000000196,0.0,-8.300000000000196,0.0,8.300000000000196,16.488563929526624,21.753468316483943,5.264904386957319,16.488563929526624,21.753468316483943,1.3483314585691382,28.10723659545593,29.45556805402507,54.3598839306533,62.82216825660572,84.99581673625576,98.22724248131985,4.551873814173967,4.6838573615717465,13.966409144422745,-2.563314305435184,11.40309483898756,5.849513437097392,105.2879511817807,5.555729189751397,54.85545556811326
72_2,8,72,R,college,60.6199,5.1606,True,1.7722,1.5657,1.6583,1.6372592867494125,1.5468887204093398,225.3112795906602,1.5889619166380202,183.23808336197976,1.6143696504820575,157.8303495179425,225.3112795906602,67.48093007271771,5.495646840455803,65.94776208546963,1.6861,86.10000000000007,1.7444,27.800000000000047,2588.98292765209,ok,lead_hand_velocity20_onset_to_latest_upward_crossing_55deg_pull_attack_direction,lead_hand_velocity20_onset,latest_upward_crossing_55deg_pull_attack_direction,55.0,157.8303495179425,38.086718756215056,-38.086718756215056,-6.3,30.0,8.421938335094199,28.07312778364733,5.440923581645853,5.440923581645853,5.1606,0.28032358164585336,27.527709580114742,61.57773259689225,98.05715199340811,0.293653106033348,0.293653106033348,16.89820022499013,25.217097862794393,500.0,78.31566009521075,6.526305007934229,35.94712029733732,True,True,ok,11.199999999999655,5.714285714285714,8.399999999999963,0.0,-8.399999999999963,0.0,8.399999999999963,16.89820022499013,22.17641544809295,5.278215223102819,16.89820022499013,22.17641544809295,1.8953880764924875,25.595425571831168,27.490813648323655,56.28368872595135,62.79779837072141,89.6268502817335,100.0,7.306663095341518,7.049328784586407,14.540688600126565,0.293653106033348,14.834341706159913,5.864259446506963,101.33504454395482,5.787000413231473,52.33089613803929
72_3,8,72,R,college,52.8558,-2.5343,True,1.3778,,,1.2639,1.163966783808938,213.8332161910619,1.2038935295065358,173.90647049346407,1.197713790115423,180.08620988457702,213.8332161910619,39.92674569759782,4.180898121069433,50.17077745283319,1.3028,74.99999999999996,1.3444,33.39999999999988,2303.9403414016024,ok,lead_hand_velocity20_onset_to_latest_upward_crossing_55deg_pull_attack_direction,lead_hand_velocity20_onset,latest_upward_crossing_55deg_pull_attack_direction,55.0,180.08620988457702,45.43468626186309,-45.43468626186309,-6.3,30.0,7.374181928798368,24.580606429327894,-2.886831766424041,-2.886831766424041,-2.5343,-0.35253176642404105,24.309262540047495,54.378271608910765,98.89610579763138,-8.828789575169791,-8.828789575169791,7.4336332958460485,15.169853768295347,499.9999999999999,64.73557976264874,5.394631646887395,39.522523128105405,False,False,ok,5.599999999999827,2.631578947368421,2.7999999999999137,-8.300000000000196,-11.10000000000011,8.300000000000196,11.10000000000011,11.835020622434982,12.919947506575635,1.0849268841406534,11.835020622434982,12.919947506575635,0.4958755155610888,21.066554180750163,21.562429696311252,33.07342410845419,35.986721443965614,60.14962875693237,65.44795385973839,11.827856602379011,11.827856602379011,6.775350210242058,8.440181497257981,15.21553170750004,1.2673848176556657,88.70992914200092,1.4286842858671671,43.62223472070705
72_4,8,72,R,college,59.8451,-4.108,True,1.3528,1.1722,1.2546,1.2302617641406128,1.1408128263681492,211.9871736318508,1.1817112816226167,171.08871837738326,1.199558353289116,153.2416467108839,211.9871736318508,58.74552692096688,4.323319580732189,51.87983496878627,1.2889,63.90000000000007,1.3278,24.99999999999991,2336.162614552187,ok,lead_hand_velocity20_onset_to_latest_upward_crossing_55deg_pull_attack_direction,lead_hand_velocity20_onset,latest_upward_crossing_55deg_pull_attack_direction,55.0,153.2416467108839,478.9092233480068,-478.9092233480068,-6.3,30.0,8.321624658127623,27.73874886042541,-4.11275621923177,-4.11275621923177,-4.108,-0.004756219231770054,27.24675811721045,60.94926207321586,98.22634126113425,-13.690690528152837,-13.690690528152837,8.595988001509097,17.54086989128254,500.0,70.24686905014705,5.853905754178921,32.42749401236814,False,False,ok,25.19999999999922,4.712041884816754,22.199999999999996,-13.900000000000023,-36.10000000000002,13.900000000000023,36.10000000000002,17.183164604443007,28.49568803902591,11.312523434582904,17.183164604443007,28.49568803902591,6.984064491946054,21.30333708288765,28.287401574833705,34.121350194388775,36.246378202495514,54.99025376974281,58.41496670659539,25.299870113012023,24.82055860278866,23.49560468124577,13.149335017248237,36.64493969849401,13.589961749621981,235.64333260880136,5.767174313471067,72.26115485572112
72_5,8,72,R,college,57.2506,-6.533,True,1.3472,,,1.2222,1.1380654366492269,209.1345633507733,1.1818205092320964,165.3794907679036,1.201148743882989,146.0512561170109,209.1345633507733,63.08330723376241,4.276211294859239,51.31453553831087,1.2722,74.99999999999996,1.3194,27.800000000000047,2201.4756815123505,ok,lead_hand_velocity20_onset_to_latest_upward_crossing_55deg_pull_attack_direction,lead_hand_velocity20_onset,latest_upward_crossing_55deg_pull_attack_direction,55.0,146.05125611701087,59.97010449149709,-59.97010449149709,-6.3,30.0,8.065462459673336,26.884874865577785,-6.630592365491443,-6.630592365491443,-6.533,-0.09759236549144301,25.161610802101723,56.28492036976936,93.59020984069205,-17.037952144117856,-17.037952144117856,5.964754405705729,13.216722909650567,500.0,62.979440023806774,5.2482866686505645,32.863846564251666,False,False,ok,22.39999999999931,10.95890410958904,19.49999999999985,-25.000000000000135,-44.499999999999986,25.000000000000135,44.499999999999986,21.266404199498037,30.225721784809554,8.959317585311517,21.266404199498037,30.225721784809554,6.750656167986296,16.460254968146764,23.21091113613306,34.03376458352649,36.00877525173728,56.59112863827988,59.8751638942795,31.490064770096502,31.042587974744443,16.295112741426777,23.938952048439354,40.23406478986613,11.434863851468693,98.55723349281747,11.602257334366053,53.62429696293758
73_1,167,73,R,high_school,56.4365,6.8375,True,2.1722,2.0065,2.0833,2.0543262538684046,1.9682318176643483,203.96818233565185,2.005409940837678,166.79005916232194,2.013548266335495,158.65173366450503,203.96818233565185,45.316448671146816,4.119160655636605,49.429927867639265,2.1028,69.40000000000035,2.1444,27.800000000000047,2113.287899192084,ok,lead_hand_velocity20_onset_to_latest_upward_crossing_55deg_pull_attack_direction,lead_hand_velocity20_onset,latest_upward_crossing_55deg_pull_attack_direction,55.0,158.65173366450503,560.0040944551052,-560.0040944551052,-6.3,30.0,7.945340607552177,26.484468691840593,7.04031456834877,7.04031456834877,6.8375,0.20281456834876987,24.783189288237715,55.438415551712794,93.57631288209677,-12.527309156106316,-12.527309156106316,11.829771278602951,21.176227971526433,497.2000000000001,67.27625926752694,5.606354938960578,29.96891025312712,True,True,ok,16.800000000000814,2.3166023166023164,13.900000000000023,0.0,-13.900000000000023,0.0,13.900000000000023,11.829771278602951,20.608923884536697,8.779152605933746,11.829771278602951,20.608923884536697,1.6034870641187169,27.237720284993802,28.84120734911252,49.09704318882231,59.244069192556736,82.87250328677749,100.0,-0.7612955838724265,-1.9017477359575305,25.976954179864148,-12.527309156106316,13.449645023757832,9.338603656662363,251.4605259352333,3.7137453769056514,67.94450693670633
73_2,167,73,R,high_school,55.9183,12.6126,True,1.5472,1.3602,1.4556,1.4138745867235465,1.3382695587258655,208.9304412741344,1.3648161288407965,182.38387115920364,1.3753587732960673,171.84122670393265,208.9304412741344,37.08921457020176,4.984146544889767,59.8097585386772,1.4667,80.50000000000001,1.5194,27.799999999999827,2291.4641823345705,ok,lead_hand_velocity20_onset_to_latest_upward_crossing_55deg_pull_attack_direction,lead_hand_velocity20_onset,latest_upward_crossing_55deg_pull_attack_direction,55.0,171.84122670393265,493.5184652850559,-493.5184652850559,-6.3,30.0,7.883240853597313,26.277469511991043,12.814118266028112,12.814118266028112,12.6126,0.20151826602811163,25.370691053833312,56.75261957281962,96.54921697180946,0.09948661167143286,0.09948661167143286,19.566179227617685,30.542557180385444,500.0,77.94093891453636,6.49507824287803,30.62087739416878,True,True,ok,16.799999999999482,2.510460251046025,13.900000000000023,8.299999999999974,-5.600000000000049,-8.299999999999974,5.600000000000049,11.476190476202872,22.968878890163545,11.492688413960673,11.476190476202872,22.968878890163545,1.5817397825288992,28.72159730036848,30.30333708289738,54.762621807973254,58.78102521472578,93.16377454786918,100.0,-2.7740124939629243,-2.697468447866512,23.046727244627476,-14.294770110675747,8.75195713395173,12.239458414114791,238.8753039555394,5.1237855950118885,66.04349456325096
73_3,167,73,R,high_school,54.0463,9.7384,True,2.0611,,,1.9389,1.8232757153707928,237.8242846292069,1.8810249342285523,180.07506577144784,1.898557614217746,162.54238578225412,237.8242846292069,75.28189884695277,4.932997344249789,59.19596813099747,1.9667,94.40000000000026,2.0306,30.49999999999997,2335.273315035835,ok,lead_hand_velocity20_onset_to_latest_upward_crossing_55deg_pull_attack_direction,lead_hand_velocity20_onset,latest_upward_crossing_55deg_pull_attack_direction,55.0,162.54238578225412,592.2070656217251,-592.2070656217251,-6.3,30.0,7.3384257105036825,24.461419035012277,10.331804698847527,10.331804698847527,9.7384,0.593404698847527,24.461419035012277,54.718635994569276,100.0,-0.2905148932692492,-0.2905148932692492,18.386389201369695,32.201349831305876,497.2000000000001,67.92978204485017,5.660815170404181,26.527495432457513,True,True,ok,19.60000000000095,2.5735294117647056,16.599999999999948,5.50000000000006,-11.099999999999888,-5.50000000000006,11.099999999999888,13.29621297339269,23.686351706062336,10.390138732669646,13.29621297339269,23.686351706062336,2.876077990254327,24.1700412448705,27.046119235124827,47.46672413219398,54.718635994569276,86.74690673375879,100.0,4.822327903415434,3.572535402880759,34.28753883573571,-10.276364575176215,24.011174260559493,11.368771729524696,250.25036578128345,4.5429590858064515,68.08417697795133
73_4,167,73,R,high_school,54.9402,10.6309,True,2.2556,2.0815,2.1537,2.1304211621373,2.0492794620311745,206.3205379688253,2.084553679580833,171.0463204191668,2.095553801138428,160.04619886157246,206.3205379688253,46.27433910725284,3.0300198476996894,36.36023817239627,2.2139,41.699999999999626,2.2306,24.99999999999991,2330.59223067701,ok,lead_hand_velocity20_onset_to_latest_upward_crossing_55deg_pull_attack_direction,lead_hand_velocity20_onset,latest_upward_crossing_55deg_pull_attack_direction,55.0,160.046198861572,534.6262149950758,-534.6262149950758,-6.3,30.0,7.50520584019551,25.0173528006517,10.936454166664436,10.936454166664436,10.6309,0.3055541666644359,24.47577718724024,54.75075426637485,97.83520015995715,2.3270812448010822,2.3270812448010822,17.658042744675992,27.709223847049053,499.9999999999998,70.18051451143603,5.848376209286336,25.450455082401255,True,True,ok,19.60000000000095,2.8000000000000003,16.70000000000016,8.399999999999963,-8.300000000000196,-8.399999999999963,8.300000000000196,9.925571803535279,22.098425196874267,12.172853393338988,9.925571803535279,22.098425196874267,3.1181102362238455,23.844769403850275,26.96287964007412,51.894492019928975,55.96222441090657,92.73128894750504,100.0,2.7116852022702522,2.3270812448010822,34.354443546256476,-13.833996020107891,20.520447526148583,13.036654418928874,241.78788670276418,5.3917731763606325,65.78252718417306
73_5,167,73,R,high_school,55.8053,9.8188,True,1.6861,,,1.5694,1.4867950195214177,199.30498047858248,1.5150173090010868,171.08269099891317,1.5354085313057977,150.69146869420246,199.30498047858248,48.61351178438002,4.930927007884914,59.17112409461896,1.5972,88.89999999999998,1.6583,27.799999999999827,2291.0961046467296,ok,lead_hand_velocity20_onset_to_latest_upward_crossing_55deg_pull_attack_direction,lead_hand_velocity20_onset,latest_upward_crossing_55deg_pull_attack_direction,55.0,150.69146869420226,597.6512403720828,-597.6512403720828,-6.3,30.0,7.610501858232832,25.368339527442775,10.070542910285377,10.070542910285377,9.8188,0.2517429102853779,25.197212590954422,56.36455930331602,99.32543107008154,6.025217356804299,6.025217356804299,19.045931758550758,29.656167979034656,500.0,69.42108713493427,5.785090594577856,30.143866054960437,True,True,ok,13.999999999999568,1.8518518518518516,11.099999999999888,2.7999999999999137,-8.299999999999974,-2.7999999999999137,8.299999999999974,16.478815148124287,23.788338957655995,7.309523809531708,16.478815148124287,23.788338957655995,3.110798650172093,20.865016872913426,23.97581552308552,52.3852499749135,56.747359358094904,92.31310596206772,100.0,10.82903809028814,10.454261390462548,20.83889116135832,0.7391083526575986,21.577999514015918,8.404704747792175,254.51535267784647,3.3022388077431444,66.14810648676064
81_1,176,81,R,college,65.3704,4.3128,True,1.4167,1.2324,1.3537,1.2867970375563913,1.2043291052737155,212.37089472628435,1.2282080777681452,188.4919222318549,1.2635967358758249,153.1032641241754,212.37089472628435,59.26763060210894,6.657952854228796,79.89543425074555,1.2861,130.60000000000005,1.3917,25.000000000000135,2296.4259776406752,ok,lead_hand_velocity20_onset_to_latest_upward_crossing_55deg_pull_attack_direction,lead_hand_velocity20_onset,latest_upward_crossing_55deg_pull_attack_direction,55.0,153.10326412417518,364.9635947310603,-364.9635947310603,-6.3,30.0,9.013626816357743,30.045422721192477,4.193796964665525,4.193796964665525,4.3128,-0.1190030353344751,29.299635792013174,65.54141864713033,97.51780184256398,-2.6014543851796073,-2.6014543851796073,16.043869516327792,32.31158605177843,497.30000000000007,82.17724199798755,6.848103499832296,45.62793082386065,False,False,ok,13.999999999999568,2.6737967914438503,11.200000000000099,-2.6999999999999247,-13.900000000000023,2.6999999999999247,13.900000000000023,18.193288338977286,24.189726284240603,5.996437945263317,18.193288338977286,24.189726284240603,3.045744281968048,27.750656168008977,30.796400449977025,46.043451762023224,59.59739065296176,68.50715620378517,88.67379821788255,14.886377897816118,15.053405142452508,24.65420518314812,2.34379482160542,26.998000004753543,7.090513485520808,258.28011500224017,2.745280443079913,68.9780652419193
81_2,176,81,R,college,67.9466,4.4744,True,1.5861,1.4148,1.4852,1.4675738894717307,1.399561312288084,186.53868771191617,1.4118142676375605,174.2857323624396,1.4233297967247267,162.77020327527336,186.53868771191617,23.768484436642808,4.011753008495421,48.14103610194505,1.5417,44.39999999999999,1.5583,27.800000000000047,2127.183523000928,ok,lead_hand_velocity20_onset_to_latest_upward_crossing_55deg_pull_attack_direction,lead_hand_velocity20_onset,latest_upward_crossing_55deg_pull_attack_direction,55.0,162.77020327527336,424.2248152431638,-424.2248152431638,-6.3,30.0,9.247032065146513,30.823440217155046,4.8224375805356665,4.8224375805356665,4.4744,0.34803758053566636,30.823440217155046,68.95007206772327,100.0,-2.902557556273116,-2.902557556273116,15.260592425963239,29.559805024403882,500.0,90.70684105127901,7.5589034209399175,50.527728572237855,False,False,ok,8.399999999999741,1.4218009478672986,5.50000000000006,-2.7999999999999137,-8.299999999999974,2.7999999999999137,8.299999999999974,17.61117360331861,20.677540307483902,3.0663667041652936,17.61117360331861,20.677540307483902,1.1040494938144718,29.984064491970894,31.088113985785366,59.13524310567651,68.39911733479252,85.76531007479359,99.20093668301087,5.217908716463181,4.730066776211833,9.568081987330773,0.6777886929234669,10.24587068025424,3.6757957257011395,280.6087183323336,1.3099363938321336,69.78852643427113
81_3,176,81,R,college,69.0888,6.6721,True,1.1333,0.9602,1.0407,1.0181165044523623,0.95249868981797,180.80131018202985,0.9646418409753864,168.65815902461355,0.9764491183800011,156.85088161999883,180.80131018202985,23.95042856203102,7.233578896639332,86.80294675967198,1.0167,116.60000000000004,1.1083,24.99999999999991,2316.7441178779604,ok,lead_hand_velocity20_onset_to_latest_upward_crossing_55deg_pull_attack_direction,lead_hand_velocity20_onset,latest_upward_crossing_55deg_pull_attack_direction,55.0,156.85088161999883,360.67370725783496,-360.67370725783496,-6.3,30.0,9.508357417773626,31.694524725912085,6.804298656688959,6.804298656688959,6.6721,0.13219865668895903,30.97444558358778,69.28786145219163,97.72806455199627,3.677668380112451,3.677668380112451,19.466816647940036,31.58098987629958,500.0,93.0641420085201,7.7553451673766745,56.066155091748705,True,True,ok,8.399999999999741,1.6129032258064515,5.600000000000049,0.0,-5.600000000000049,0.0,5.600000000000049,19.466816647940036,23.541432320985308,4.0746156730452725,19.466816647940036,23.541432320985308,1.3128983877029548,22.704349456342484,24.01724784404544,66.86652212296043,69.28786145219163,94.31285153618296,97.72806455199627,7.332967478189808,7.4244263738858205,7.2191393004587,3.677668380112451,10.89680768057115,4.629359572136867,270.84706145947234,1.7092153583617788,67.58098987633849
81_4,176,81,R,college,70.2928,9.3785,True,1.5083,1.3269,1.4111,1.385177675563227,1.3016896392481985,206.6103607518015,1.333584701937662,174.7152980623379,1.3520868766183656,156.2131233816344,206.6103607518015,50.39723737016709,6.948455141588538,83.38146169906246,1.4028,105.49999999999993,1.4833,24.99999999999991,2393.980767291003,ok,lead_hand_velocity20_onset_to_latest_upward_crossing_55deg_pull_attack_direction,lead_hand_velocity20_onset,latest_upward_crossing_55deg_pull_attack_direction,55.0,156.2131233816344,356.47239748665083,-356.47239748665083,-6.3,30.0,9.705697983048637,32.35232661016212,9.70981850469021,9.70981850469021,9.3785,0.3313185046902092,31.01290189953575,69.37388578099434,95.85988134094303,6.500763136329545,6.500763136329545,21.570303712059296,37.45219347585598,500.0,91.36507717996234,7.6137564316635284,48.89533556773786,True,True,ok,8.399999999999741,1.6216216216216217,5.600000000000049,0.0,-5.600000000000049,0.0,5.600000000000049,21.570303712059296,25.664229471343805,4.0939257592845095,21.570303712059296,25.664229471343805,1.8886389201370228,25.733595800552735,27.622234720689757,67.73637469631694,69.5240354720726,93.597191043225,96.06735611921303,11.541009808762658,11.705367385923067,9.916135767705814,6.500763136329545,16.41689890403536,4.909748547477382,269.6923683765292,1.820499622229825,67.80052493445646
81_5,176,81,R,college,67.7032,-0.4966,True,1.4694,1.3019,1.3713,1.3482482063299397,1.2712103491148106,198.18965088518948,1.3096263159809085,159.77368401909175,1.317352030854921,152.04796914507912,198.18965088518948,46.14168174011036,7.183997715659907,86.20797258791889,1.3,169.4,1.4444,25.000000000000135,2242.1414918935657,ok,lead_hand_velocity20_onset_to_latest_upward_crossing_55deg_pull_attack_direction,lead_hand_velocity20_onset,latest_upward_crossing_55deg_pull_attack_direction,55.0,152.04796914507912,39.75775406402726,-39.75775406402726,-6.3,30.0,9.296083591501283,30.986945305004276,-0.5410104911476634,-0.5410104911476634,-0.4966,-0.04441049114766343,29.491409407885524,65.97040400833369,95.17365818928518,-1.908703714121453,-1.908703714121453,15.030558680181215,31.388826396734316,500.0,84.95645915387291,7.079704929489409,56.29929071715603,False,False,ok,8.399999999999741,4.3478260869565215,5.599999999999827,-5.600000000000049,-11.199999999999877,5.600000000000049,11.199999999999877,19.528308961400924,22.776715410598285,3.248406449197361,19.528308961400924,22.776715410598285,1.3697037870281008,25.011811023649063,26.381514810677164,51.417405863610085,61.470242574260126,74.17845447823534,88.68140105426724,10.38657274000238,9.756155541631399,10.480433243667825,5.461564717353958,15.941997961021784,3.795292656926119,114.97236724053138,3.3010476760786034,60.51406074247258
84_1,177,84,L,independent,71.5208,7.3721,True,1.4389,1.2333,1.3315,1.305385561111421,1.195471447432945,243.42855256705496,1.2336563512235088,205.24364877649128,1.261641738186192,177.2582618138081,243.42855256705496,66.17029075324686,7.145120976852144,85.74145172222573,1.2861,152.80000000000004,1.3944,44.499999999999986,2712.2341278363415,ok,lead_hand_velocity20_onset_to_latest_upward_crossing_55deg_pull_attack_direction,lead_hand_velocity20_onset,latest_upward_crossing_55deg_pull_attack_direction,55.0,177.2582618138081,30.5498090053824,-30.5498090053824,-6.3,30.0,9.792461138787383,32.64153712929128,7.676268767262231,7.676268767262231,7.3721,0.3041687672622313,32.64153712929128,73.01703903295285,100.0,-10.110923775281575,10.110923775281575,23.736595425597443,38.3940757405739,497.2000000000001,86.87618643511351,7.239682202926126,38.79440341259852,True,True,ok,11.199999999999655,5.333333333333334,8.299999999999974,0.0,-8.299999999999974,0.0,8.299999999999974,23.736595425597443,28.749531308617485,5.012935883020042,23.736595425597443,28.749531308617485,3.208473940760868,-26.10836145484634,-22.89988751408547,61.89457882273669,73.01703903295285,84.7673086206679,100.0,18.315213241400116,17.644455580544772,17.750094253947765,10.110923775281575,27.861018029229342,6.323350659884929,108.60060793533704,5.82257390644625,54.556055493122315
84_2,177,84,L,independent,70.2543,5.1767,True,1.3278,1.1185,1.2454,1.185810384802335,1.0726144270001436,255.18557299985645,1.1133601340580133,214.4398659419868,1.1478223885520464,179.97761144795365,255.18557299985645,75.2079615519028,3.484003842872396,41.80804611446875,1.2917,36.10000000000002,1.2944,33.4000000000001,2758.706502739927,ok,lead_hand_velocity20_onset_to_latest_upward_crossing_55deg_pull_attack_direction,lead_hand_velocity20_onset,latest_upward_crossing_55deg_pull_attack_direction,55.0,179.97761144795365,449.50225881736094,-449.50225881736094,-6.3,30.0,9.578576328315474,31.92858776105158,4.835377248578453,4.835377248578453,5.1767,-0.3413227514215471,31.311342808718386,70.0414790817787,98.0667953216329,-2.1477060110519526,2.1477060110519526,20.614548181499586,35.90588676419326,497.2000000000001,87.09881837002251,7.258234864168543,36.166414118606106,False,True,ok,8.399999999999741,1.3274336283185841,5.50000000000006,-2.7999999999999137,-8.299999999999974,2.7999999999999137,8.299999999999974,22.99362579680024,26.42463442072596,3.4310086239257167,22.99362579680024,26.42463442072596,1.4906261717301454,-31.106861642328308,-29.616235470598163,57.961900177254144,64.40668252588762,81.15388018147132,90.17737825377763,12.283388758398251,12.330268589657091,9.934768721565943,7.2925644819858615,17.227333203551805,4.035055167895515,304.5393422669587,1.3249700803380575,77.76452943390478
84_3,177,84,L,independent,69.3481,1.374,True,1.3667,1.1722,1.2769,1.238578873741905,1.1378514698326323,228.8485301673675,1.1714070124932665,195.2929875067335,1.196142072298475,170.557927701525,228.8485301673675,58.29060246584251,6.682894675746374,80.19473610895648,1.2167,150.00000000000014,1.3306,36.10000000000002,2771.715282537375,ok,lead_hand_velocity20_onset_to_latest_upward_crossing_55deg_pull_attack_direction,lead_hand_velocity20_onset,latest_upward_crossing_55deg_pull_attack_direction,55.0,170.557927701525,38.07162936281383,-38.07162936281383,-6.3,30.0,9.552864375116476,31.842881250388253,0.8595593502352306,0.8595593502352306,1.374,-0.5144406497647696,31.41770669832791,70.27940832661031,98.6647736154367,-6.810199992475206,6.810199992475206,19.52512185978862,35.418822647207364,500.0,81.04172068534419,6.753476723778682,46.87867288476693,False,False,ok,8.399999999999741,4.0,5.600000000000049,-2.6999999999999247,-8.299999999999974,2.6999999999999247,8.299999999999974,21.790213723308124,24.98481439822721,3.194600674919087,21.790213723308124,24.98481439822721,1.558117735284771,-21.622234720683263,-20.064116985398492,57.900036991693916,64.83569749148675,81.28546011033875,91.02238575298796,16.3036525651406,16.520834901914423,9.312055436467778,11.539033678519798,20.851089114987577,3.93396221259258,107.09538170384384,3.673325730769008,53.21466066747407
84_4,177,84,L,independent,70.0833,0.6939,True,1.3833,1.187,1.2833,1.2564474749224406,1.1489626104781794,234.3373895218206,1.188590073546664,194.70992645333584,1.2143101565100116,168.98984348998837,234.3373895218206,65.34754603183222,6.461393951543072,77.53672741851686,1.2389,144.4000000000001,1.3444,38.899999999999935,2736.4225302751083,ok,lead_hand_velocity20_onset_to_latest_upward_crossing_55deg_pull_attack_direction,lead_hand_velocity20_onset,latest_upward_crossing_55deg_pull_attack_direction,55.0,168.98984348998835,36.15065556615215,-36.15065556615215,-6.3,30.0,9.562070233664548,31.873567445548492,1.0876570965652492,1.0876570965652492,0.6939,0.39375709656524926,30.660951576990588,68.58659533149283,96.19554393894097,-0.09576318235422959,0.09576318235422959,16.52868391452854,31.977502812183022,500.0,78.94608407415147,6.578840339512623,42.23223683385558,False,False,ok,11.199999999999655,5.405405405405405,8.299999999999974,-2.8000000000001357,-11.10000000000011,2.8000000000001357,11.10000000000011,19.510873640815976,24.901949756307367,5.391076115491391,19.510873640815976,24.901949756307367,2.7047244094517424,-26.665354330737458,-23.960629921285715,61.957066128988274,71.29913977619107,86.89735433481009,100.0,12.643182468967819,12.107728192951168,15.8624274016085,5.247423044180219,21.10985044578872,6.435601971997157,107.12683100763886,6.0074604200121025,53.136857892820814
84_5,177,84,L,independent,71.2026,4.3067,True,1.5806,1.3694,1.4713,1.4435212304980636,1.3381080484418375,242.4919515581625,1.373645727259657,206.95427274034307,1.408665065921461,171.934934078539,242.4919515581625,70.55701747962351,6.630446292019551,79.56535550423462,1.4278,152.80000000000004,1.5444,36.20000000000001,2800.6750806357295,ok,lead_hand_velocity20_onset_to_latest_upward_crossing_55deg_pull_attack_direction,lead_hand_velocity20_onset,latest_upward_crossing_55deg_pull_attack_direction,55.0,171.934934078539,31.186229968274137,-31.186229968274137,-6.3,30.0,9.750588389312412,32.50196129770804,4.045512035532239,4.045512035532239,4.3067,-0.26118796446776127,30.90202290618736,69.12585653674688,95.07740970809196,-3.9809788386623794,3.9809788386623794,20.685976752928237,36.256842894677334,500.0,80.8309753164968,6.735914609708067,34.68823569526929,False,False,ok,8.399999999999741,4.10958904109589,5.600000000000049,-2.6999999999999247,-8.299999999999974,2.6999999999999247,8.299999999999974,23.20191226099244,26.851331083643554,3.649418822651114,23.20191226099244,26.851331083643554,1.7757780277484514,-27.696475440599837,-25.920697412851386,62.265479868119655,67.29441794244592,85.64147826428895,92.55840384965462,14.384584562493735,14.60565655761144,9.450959817196201,9.548568656336782,18.999528473532983,4.452220941822576,104.70098773934974,4.252319904475265,52.63967004130173
86_1,178,86,R,college,67.4661,5.9453,True,1.3917,1.2102,1.2732,1.2487635475078578,1.1786199662665724,213.0800337334276,1.2134933745019616,178.2066254980383,1.2357716329011614,155.9283670988385,213.0800337334276,57.15166663458908,7.037942051362568,84.45530461635082,1.2472,144.49999999999986,1.3667,24.99999999999991,2605.6324795164783,ok,lead_hand_velocity20_onset_to_latest_upward_crossing_55deg_pull_attack_direction,lead_hand_velocity20_onset,latest_upward_crossing_55deg_pull_attack_direction,55.0,155.9283670988385,42.47139163874092,-42.47139163874092,-6.3,30.0,9.223534105012822,30.745113683376076,5.515241994932394,5.515241994932394,5.9453,-0.4300580050676057,30.560291672821847,68.36142553870306,99.39885728686,0.3521895136460919,0.3521895136460919,18.61154855645055,32.477690288748995,499.9999999999999,84.72648047485758,7.060540039571465,40.46789092440839,True,True,ok,11.199999999999655,5.555555555555555,8.299999999999974,0.0,-8.299999999999974,0.0,8.299999999999974,18.61154855645055,24.05905511813623,5.447506561685678,18.61154855645055,24.05905511813623,1.6016122984644312,32.37251593554303,33.97412823400746,60.57313399753241,68.36142553870306,88.07452820347959,99.39885728686,6.791326389185719,6.933613869020027,12.593698791410638,0.3521895136460919,12.94588830505673,6.224566000090631,112.43325708747489,5.536232037863867,58.665916760468335
86_2,178,86,R,college,70.7922,2.8507,True,1.3028,,1.1963,1.1917,1.1068973232286152,195.9026767713848,1.1337788213995974,169.02117860040255,1.165450668077239,137.349331922761,195.9026767713848,58.553344848623766,6.391726495303939,76.70071794364728,1.1667,136.09999999999988,1.2694,33.39999999999988,2679.0906502671332,ok,lead_hand_velocity20_onset_to_latest_upward_crossing_55deg_pull_attack_direction,lead_hand_velocity20_onset,latest_upward_crossing_55deg_pull_attack_direction,55.0,137.349331922761,41.70306856718442,-41.70306856718442,-6.3,30.0,9.78341910589014,32.6113970196338,2.4431452717719875,2.4431452717719875,2.8507,-0.4075547282280123,32.24301634341617,72.12557342389078,98.87039283844283,-4.1355764744721535,-4.1355764744721535,14.168541432336264,29.605549306368683,500.0,76.69408906645617,6.391174088871348,47.7204907115382,False,False,ok,8.399999999999741,4.615384615384616,5.499999999999838,-2.8000000000001357,-8.299999999999974,2.8000000000001357,8.299999999999974,16.895013123377833,20.779340082512135,3.8843269591343024,16.895013123377833,20.779340082512135,1.2769028871404906,26.72928383954893,28.00618672668942,62.7295850389571,68.65221432233491,85.99028639874659,94.10908055297186,5.305656815674509,5.05297881740241,10.121461407779123,0.371265110920997,10.492726518700119,4.376152005766107,107.70170338962679,4.063215221336595,56.60554930639787
86_3,178,86,R,college,72.8335,3.4045,True,2.2667,,2.1509,2.1444,2.066086057100982,200.61394289901813,2.0958730234475933,170.82697655240685,2.1212684309000966,145.43156909990353,200.61394289901813,55.1823737991146,7.318767593037693,87.82521111645232,2.1389,127.80000000000014,2.2417,25.000000000000355,2752.6651948459494,ok,lead_hand_velocity20_onset_to_latest_upward_crossing_55deg_pull_attack_direction,lead_hand_velocity20_onset,latest_upward_crossing_55deg_pull_attack_direction,55.0,145.43156909990353,39.94360465116698,-39.94360465116698,-6.3,30.0,9.864136524306826,32.88045508102275,3.2886496609622653,3.2886496609622653,3.4045,-0.11585033903773478,32.4879743470556,72.67352887226102,98.80634032284523,3.3366133450979802,3.3366133450979802,19.303149606320062,32.279527559089985,497.30000000000007,88.92383666371083,7.4103197219759025,51.85249296837613,False,False,ok,11.200000000000543,5.970149253731343,8.399999999999963,-2.6999999999999247,-11.099999999999888,2.6999999999999247,11.099999999999888,21.748968878913633,26.80746156733305,5.058492688419417,21.748968878913633,26.80746156733305,2.460254968131647,24.550806149257863,27.01106111738951,56.88968990547357,68.48668646389605,77.3467609030181,93.11394334834067,14.260492767422893,13.971895581266894,14.75038065688386,7.1738996251369604,21.92428028202082,5.968799867671576,117.63669285174213,5.07392695508201,60.636670416263485
86_4,178,86,R,college,71.1357,1.777,True,1.6333,,1.5167,,1.426437136073899,206.86286392610097,1.4587080497476648,174.5919502523352,1.4773077551023517,155.9922448976485,206.86286392610097,50.87061902845247,7.50407376068134,90.04888512817608,1.4778,155.49999999999997,1.5944,38.899999999999935,2518.622110438179,ok,lead_hand_velocity20_onset_to_latest_upward_crossing_55deg_pull_attack_direction,lead_hand_velocity20_onset,latest_upward_crossing_55deg_pull_attack_direction,55.0,155.99224489764828,50.07513065029423,-50.07513065029423,-6.3,30.0,9.83196721072939,32.773224035764635,1.9055172341346578,1.9055172341346578,1.777,0.12851723413465788,30.35041471054735,67.8919441449251,92.60735128599697,-6.197896238187,-6.197896238187,13.83952006000745,25.709598800177748,500.0,89.97417315384266,7.497847762820221,50.54550635086741,False,False,ok,8.399999999999741,4.0,5.599999999999827,-2.8000000000001357,-8.399999999999963,2.8000000000001357,8.399999999999963,16.58698912637712,20.15860517437498,3.5716160479978605,16.58698912637712,20.15860517437498,0.35301837270379366,33.845706786688226,34.19872515939202,61.569965253335205,67.77172819110596,83.98391698300556,92.44337187421662,-0.07344333698802548,0.11199372674594875,4.407968134987622,-2.3701459363488238,2.0378221986387985,4.0122654136710345,124.87830429466986,3.2129403392629903,61.69216347963171
86_5,178,86,R,college,74.6894,7.3829,True,1.6833,,1.5611,1.5583,1.4713464644943517,211.95353550564832,1.5134798754460452,169.8201245539548,1.5362225369566045,147.07746304339554,211.95353550564832,64.87607246225278,7.3083811955068345,87.70057434608202,1.5472,136.1000000000001,1.6444,38.899999999999935,2743.8325801121437,ok,lead_hand_velocity20_onset_to_latest_upward_crossing_55deg_pull_attack_direction,lead_hand_velocity20_onset,latest_upward_crossing_55deg_pull_attack_direction,55.0,147.07746304339554,32.74308048305707,-32.74308048305707,-6.3,30.0,10.302603642072887,34.34201214024296,7.661154682740977,7.661154682740977,7.3829,0.2782546827409771,32.60260167135314,72.92994289404328,94.93503624136362,3.3633054162101086,3.3633054162101086,20.815148106509174,36.350581177392094,500.0,88.39624622674073,7.366353852228394,51.38152194133445,True,True,ok,8.399999999999741,4.6875,5.600000000000049,0.0,-5.600000000000049,0.0,5.600000000000049,20.815148106509174,26.166479190129504,5.35133108362033,20.815148106509174,26.166479190129504,1.7073490813666758,26.47375328086849,28.181102362235166,74.00490526799865,75.6210445070445,96.33434615276478,98.43812179198085,7.64487419261224,7.931146188195274,8.276865557221232,3.3633054162101086,11.64017097343134,6.025623683858035,112.92453785867296,5.335973737965798,58.87439070122596
89_1,179,89,R,milb,74.0327,2.9095,True,1.3806,1.1926,1.3083,1.2425899189856482,1.1408171112019392,239.78288879806087,1.188698371511713,191.90162848828703,1.222584627005275,158.0153729947251,239.78288879806087,81.76751580333575,7.688017328389892,92.2562079406787,1.175,205.6,1.3556,25.000000000000135,2518.763807123922,ok,lead_hand_velocity20_onset_to_latest_upward_crossing_55deg_pull_attack_direction,lead_hand_velocity20_onset,latest_upward_crossing_55deg_pull_attack_direction,55.0,158.0153729947251,42.34539397291171,-42.34539397291171,-6.3,30.0,10.234607053041378,34.11535684347126,2.529593967212912,2.529593967212912,2.9095,-0.3799060327870878,32.13236867800774,71.87806164550756,94.18740312592388,-7.126430378677419,-7.126430378677419,13.6728533933406,21.672853393349236,500.0,90.08363541723037,7.506969618102531,40.70035427018083,False,False,ok,8.399999999999741,4.166666666666666,5.600000000000049,-2.6999999999999247,-8.299999999999974,2.6999999999999247,8.299999999999974,16.59392575929801,20.93719535060379,4.343269591305781,16.59392575929801,20.93719535060379,0.7709036370461959,31.414510686198163,32.18541432324436,66.58842497096182,70.86385593126566,87.25598162610315,92.85841065905637,1.3836853308952464,1.5491050594802642,7.247378314672374,-2.3227136907334494,4.9246646239389245,4.797001976159262,124.39780473333845,3.8561789626772023,61.426134233287215
89_2,179,89,R,milb,73.3095,6.2198,True,1.6389,1.4509,1.5852,1.499636478735692,1.4082861250683572,230.61387493164287,1.4477954947132592,191.10450528674085,1.4834509387877874,155.44906121221257,230.61387493164287,75.1648137194303,,,,,,30.59999999999996,2408.4772088898108,no_barrel_inflection_before_peak_omega,lead_hand_velocity20_onset_to_latest_upward_crossing_55deg_pull_attack_direction,lead_hand_velocity20_onset,latest_upward_crossing_55deg_pull_attack_direction,55.0,155.44906121221257,403.9831956523816,-403.9831956523816,-6.3,30.0,9.96333857097505,33.21112856991684,6.676577901148777,6.676577901148777,6.2198,0.4567779011487767,33.21112856991684,74.29117879813171,100.0,-2.914083277361318,-2.914083277361318,16.742594675683623,26.352830896166445,500.0,95.68844368917675,7.974036974098063,46.05205291867329,True,True,ok,13.999999999999568,2.4875621890547266,11.099999999999888,0.0,-11.099999999999888,0.0,11.099999999999888,16.742594675683623,25.176040494965328,8.433445819281705,16.742594675683623,25.176040494965328,3.19028871391421,27.555118110265983,30.745406824180193,63.29757323801532,74.29117879813171,85.20200414373711,100.0,8.404374833234849,7.6272474531779775,23.738149760198453,-2.914083277361318,20.824066482837136,9.469018284468747,297.16092599358484,3.186495079327208,73.19628796408358
89_3,179,89,R,milb,72.5907,-1.8704,True,1.6639,1.4722,1.6,1.5260129640134057,1.4332271419650977,230.67285803490225,1.4730812081676012,190.8187918323987,1.5009864264479758,162.9135735520242,230.67285803490225,67.75928448287806,7.769539338037284,93.23447205644742,1.4806,183.3,1.6333,30.59999999999996,2314.46917267898,ok,lead_hand_velocity20_onset_to_latest_upward_crossing_55deg_pull_attack_direction,lead_hand_velocity20_onset,latest_upward_crossing_55deg_pull_attack_direction,55.0,162.9135735520242,52.20094001383391,-52.20094001383391,-6.3,30.0,10.120969987272902,33.73656662424301,-2.0987805635173022,-2.0987805635173022,-1.8704,-0.22838056351730218,33.73656662424301,75.46655025108038,100.0,-10.698680374005164,-10.698680374005164,11.378702662179514,20.870828646441733,500.0,91.84632999684119,7.653860833070099,43.96184722918228,False,False,ok,8.399999999999741,3.896103896103896,5.600000000000049,-5.50000000000006,-11.10000000000011,5.50000000000006,11.10000000000011,16.526621672308814,20.312523434592613,3.7859017622837996,16.526621672308814,20.312523434592613,0.8100862392209791,32.193288338992396,33.003374578213375,56.636629159419016,63.84935555335676,75.04865264277561,84.60616702489683,2.9337955068286448,3.1457371913938386,9.292745963400556,-1.8185483171542307,7.474197646246326,4.078887931617966,129.92543630663803,3.1394067609604566,65.34083239602109
89_4,179,89,R,milb,73.3997,6.2593,True,2.1556,1.9648,2.0787,2.0121051307430493,1.9175103660210264,238.08963397897352,1.9625241398626216,193.0758601373784,1.9969087197205413,158.69128027945845,238.08963397897352,79.39835369951507,8.195128934099232,98.3415472091908,1.9417,213.9000000000002,2.1306,25.000000000000355,2583.5604275823102,ok,lead_hand_velocity20_onset_to_latest_upward_crossing_55deg_pull_attack_direction,lead_hand_velocity20_onset,latest_upward_crossing_55deg_pull_attack_direction,55.0,158.69128027945888,405.25405037415794,-405.25405037415794,-6.3,30.0,9.974270622578427,33.24756874192809,6.539669117652924,6.539669117652924,6.2593,0.28036911765292416,32.49843973001431,72.6969392672116,97.74681566123341,-1.9044568098692112,-1.9044568098692112,17.1602924634606,26.63667041622674,497.30000000000007,95.74450815976694,7.978709013313911,43.82702062913383,True,True,ok,11.200000000000543,1.9704433497536946,8.299999999999752,0.0,-8.299999999999752,0.0,8.299999999999752,17.1602924634606,23.199287589076427,6.038995125615827,17.1602924634606,23.199287589076427,1.874390701164387,29.803524559462257,31.677915260626644,66.32718771560229,72.6969392672116,89.18217818131914,97.74681566123341,5.482613844340041,5.4162686046760165,14.906831787746555,-1.9044568098692112,13.002374977877343,6.732302264047017,298.0496036284962,2.258785847082854,72.92819647551937
89_5,179,89,R,milb,72.8765,-2.4388,True,2.2694,2.0769,2.2028,2.1301977842227218,2.030633279189195,238.7667208108053,2.0843016969933474,185.09830300665263,2.124745151451417,144.65484854858258,238.7667208108053,94.11187226222272,6.122826368385469,73.47391642062563,2.1694,100.00000000000009,2.2444,24.99999999999991,2567.1356629196425,ok,lead_hand_velocity20_onset_to_latest_upward_crossing_55deg_pull_attack_direction,lead_hand_velocity20_onset,latest_upward_crossing_55deg_pull_attack_direction,55.0,144.654848548583,45.944196741850796,-45.944196741850796,-6.3,30.0,9.910807705054145,33.03602568351382,-2.795283464018683,-2.795283464018683,-2.4388,-0.3564834640186829,31.39739093472631,70.23396325770909,95.03985508279452,-16.868018023040527,-16.868018023040527,7.751406074249087,19.52699662544291,500.0,80.23730675500995,6.686442229584163,39.81427928689729,False,False,ok,19.60000000000095,10.144927536231885,16.599999999999948,-8.399999999999963,-24.99999999999991,8.399999999999963,24.99999999999991,16.595050618690586,28.861454818178906,12.26640419948832,16.595050618690586,28.861454818178906,5.695913010879792,27.853018372733494,33.54893138361329,52.02325813206803,67.3475786122093,70.39732181515267,91.13402995635337,14.912860723776978,17.929069179577024,28.525548986336087,-1.990833585339123,26.534715400996966,14.045856224493392,120.00320998347951,11.704567091519506,62.39613798281958
103_1,4,103,R,high_school,69.2154,5.7984,True,1.7528,1.5639,1.6787,1.593703905984175,1.5232749645721173,229.5250354278826,1.5553594987340142,197.4405012659857,1.579005845953364,173.7941540466359,229.5250354278826,55.73088138124672,7.884483776372171,94.61380531646606,1.5556,197.19999999999982,1.7194,33.39999999999988,2567.547351141404,ok,lead_hand_velocity20_onset_to_latest_upward_crossing_55deg_pull_attack_direction,lead_hand_velocity20_onset,latest_upward_crossing_55deg_pull_attack_direction,55.0,173.7941540466359,39.33886271363929,-39.33886271363929,-6.3,30.0,9.616508420208453,32.05502806736151,4.874806430420884,4.874806430420884,5.7984,-0.9235935695791158,31.374256623297775,70.18221327688292,97.8762413103082,0.9289012747233641,0.9289012747233641,18.457817772798336,33.89088863895674,500.0,93.47443575825851,7.789536313188209,41.05360596398617,False,True,ok,5.599999999999827,2.631578947368421,2.6999999999999247,-2.8000000000001357,-5.50000000000006,2.8000000000001357,5.50000000000006,20.760217472838317,22.49250093740712,1.732283464568802,20.760217472838317,22.49250093740712,0.5815523059623793,30.26190476193745,30.84345706789983,60.67559186798842,64.40048017227922,84.61828993462561,89.81302588697262,8.039880222770629,8.039880222770629,4.4125736007786855,5.833593422381286,10.246167023159972,2.018608445868638,118.75269143123776,1.699842270132873,58.606861642358034
103_2,4,103,R,high_school,66.0435,0.2952,True,1.6722,1.4898,1.5444,1.5228047070915505,1.4714322363048022,200.7677636951977,1.4764944635056043,195.7055364943956,1.4949571737483802,177.2428262516197,200.7677636951977,23.524937443577983,7.785999889180723,93.43199867016868,1.4139,258.29999999999995,1.6444,27.799999999999827,2555.2830234625226,ok,lead_hand_velocity20_onset_to_latest_upward_crossing_55deg_pull_attack_direction,lead_hand_velocity20_onset,latest_upward_crossing_55deg_pull_attack_direction,55.0,177.2428262516197,53.79303419870962,-53.79303419870962,-6.3,30.0,9.279065221226674,30.930217404088914,0.6470892930616223,0.6470892930616223,0.2952,0.3518892930616223,29.977789589221167,67.05840548769939,96.92072059363592,-2.3949106548222145,-2.3949106548222145,14.341207349096848,26.82939632548829,500.0,91.72084959113738,7.643404132594782,48.03764381749953,False,False,ok,5.599999999999827,2.4096385542168677,2.8000000000001357,-5.600000000000049,-8.400000000000185,5.600000000000049,8.400000000000185,18.643044619442705,20.04686914137898,1.4038245219362757,18.643044619442705,20.04686914137898,0.5425571803530431,28.58023997003462,29.12279715038766,55.13605609491847,61.466131957693385,79.68913439778784,88.83810699220875,7.812704768018605,7.812704768018605,4.959222978505971,5.333093278765619,10.29231625727159,1.638063131004411,123.6695022541472,1.3245489802636279,60.77746531690106
103_3,4,103,R,high_school,65.0387,7.9991,True,1.6944,1.4935,1.6204,1.5245761656566492,1.4655937797538383,228.8062202461616,1.487434747397513,206.965252602487,1.5199993490318942,174.40065096810577,228.8062202461616,54.40556927805582,5.930425210605069,71.16510252726083,1.6167,77.69999999999987,1.6694,24.99999999999991,2586.335479560531,ok,lead_hand_velocity20_onset_to_latest_upward_crossing_55deg_pull_attack_direction,lead_hand_velocity20_onset,latest_upward_crossing_55deg_pull_attack_direction,55.0,174.40065096810577,39.36950732124789,-39.36950732124789,-6.3,30.0,8.809001729332497,29.36333909777499,7.914480208658158,7.914480208658158,7.9991,-0.08461979134184272,29.07554696007012,65.04014620631283,99.01989301439265,-2.591010959939169,-2.591010959939169,17.655230596194542,27.93082114738674,500.0,92.66558455764628,7.722132046470524,36.44672343148031,True,True,ok,25.19999999999922,11.688311688311687,22.299999999999986,0.0,-22.299999999999986,0.0,22.299999999999986,17.655230596194542,30.42219722537969,12.766966629185148,17.655230596194542,30.42219722537969,7.074990626179375,27.883952006029364,34.95894263220874,46.08732036191623,65.04014620631283,70.16530247458212,99.01989301439265,19.65885911116213,23.0700873524641,37.79715839490143,-2.591010959939169,35.20614743496226,14.825418854391554,118.67565962873103,12.492383780104445,59.27896512942288
103_4,4,103,R,high_school,60.9263,-0.0462,True,1.4944,1.3046,1.4306,1.334868225149816,1.2755784649984467,218.8215350015532,1.3018105230046657,192.58947699533445,1.3128023458165805,181.59765418341945,218.8215350015532,37.22388081813375,5.39813707358273,64.77764488299276,1.4167,77.69999999999987,1.4694,24.99999999999991,2556.2679170327247,ok,lead_hand_velocity20_onset_to_latest_upward_crossing_55deg_pull_attack_direction,lead_hand_velocity20_onset,latest_upward_crossing_55deg_pull_attack_direction,55.0,181.59765418341945,40.66167849082958,-40.66167849082958,-6.3,30.0,8.294389165658114,27.647963885527044,0.2437475346669733,0.2437475346669733,-0.0462,0.2899475346669733,27.313032346261522,61.097513301408135,98.78858515349533,-7.077340657140585,-7.077340657140585,12.437382827160038,25.13423322087454,500.0,81.27713604933898,6.7730946707782484,37.557701098564856,False,False,ok,5.599999999999827,2.5,2.7999999999999137,-5.600000000000049,-8.399999999999963,5.600000000000049,8.399999999999963,16.650168728926868,18.194788151500713,1.5446194225738452,16.650168728926868,18.194788151500713,0.7058492688421545,29.340644919416768,30.046494188258922,50.489050487337224,55.218288582675505,81.63575886929729,89.28246517611048,7.308250632858472,7.308250632858472,6.681745480619121,3.967377892548912,10.649123373168033,1.658645373149492,107.90886928786324,1.5370797452476355,54.261717285397964
103_5,4,103,R,high_school,66.0698,8.7967,True,1.7694,1.5806,1.688,1.6142186434648298,1.5513664020308189,218.0335979691814,1.5672092356387126,202.19076436128748,1.5867334360076764,182.6665639923237,218.0335979691814,35.3670339768577,6.165834652615348,73.99001583138417,1.6917,77.7000000000001,1.7444,25.000000000000135,2598.1460785156237,ok,lead_hand_velocity20_onset_to_latest_upward_crossing_55deg_pull_attack_direction,lead_hand_velocity20_onset,latest_upward_crossing_55deg_pull_attack_direction,55.0,182.66656399232372,38.41772159341139,-38.41772159341139,-6.3,30.0,8.945126534436943,29.817088448123144,8.974772754740359,8.974772754740359,8.7967,0.17807275474035933,29.33002332593297,65.60939362458156,98.36648999771528,-0.9787006812186617,-0.9787006812186617,18.751593550826403,34.605924259504945,500.0,96.31899461001483,8.026582884167903,38.150768503455716,True,True,ok,22.39999999999931,10.81081081081081,19.49999999999985,0.0,-19.49999999999985,0.0,19.49999999999985,18.751593550826403,29.786839145139037,11.035245594312634,18.751593550826403,29.786839145139037,6.536557930265779,28.69666291716635,35.23322084743213,48.64351831597369,65.60939362458156,72.92998599043861,98.36648999771528,20.563412790173864,21.614748188140815,37.87645988430103,-0.9787006812186617,36.897759203082366,13.282344651396276,119.38074261033024,11.126036210673504,59.21541057374227
111_1,10,111,L,college,62.8316,2.7614,True,1.6444,1.4213,1.5694,1.5348710413150488,1.4260267083316631,218.37329166833675,1.4539141037948689,190.48589620513124,1.4556248489647965,188.7751510352036,218.37329166833675,29.59814063313314,2.977482311970484,35.72978774364581,1.6111,33.30000000000011,1.6194,25.000000000000135,2487.1614190756895,ok,lead_hand_velocity20_onset_to_latest_upward_crossing_55deg_pull_attack_direction,lead_hand_velocity20_onset,latest_upward_crossing_55deg_pull_attack_direction,55.0,188.77515103520358,471.9026195902103,-471.9026195902103,-6.3,30.0,8.579285235107676,28.59761745035892,2.1264059083598816,2.1264059083598816,2.7614,-0.6349940916401184,28.59761745035892,63.971048340996084,100.0,3.4667100567767357,-3.4667100567767357,14.739970003765453,24.77146606676841,500.0,91.83343324467195,7.652786103722662,46.42980029336096,False,False,ok,8.399999999999741,1.2658227848101267,5.600000000000049,-2.7999999999999137,-8.399999999999963,2.7999999999999137,8.399999999999963,17.031683539575955,20.253843269613178,3.222159730037223,17.031683539575955,20.253843269613178,0.5283089613803895,-26.48837645297198,-25.96006749159159,55.256141148507986,62.382134104010234,86.37679478686437,97.51619790797209,2.7061185825737564,2.787141643610751,5.942643399713332,-0.30571464780140695,5.636928751911925,3.697534718120863,257.86028949113967,1.433929483836988,67.10892388458694
111_2,10,111,L,college,64.4307,1.7087,True,1.4278,1.2074,1.3528,1.3161086504095392,1.216804815873954,210.995184126046,1.2412334876041653,186.56651239583465,1.2552376988549496,172.56230114505033,210.995184126046,38.432882980995686,6.1771113122595915,74.1253357471151,1.3139,113.89999999999989,1.3944,33.39999999999988,2486.5825237141235,ok,lead_hand_velocity20_onset_to_latest_upward_crossing_55deg_pull_attack_direction,lead_hand_velocity20_onset,latest_upward_crossing_55deg_pull_attack_direction,55.0,172.56230114505033,51.390724758775484,-51.390724758775484,-6.3,30.0,9.045537967244396,30.151793224147987,2.038999384131965,2.038999384131965,1.7087,0.3302993841319648,29.172826318976423,65.25775393471812,96.75320503197294,15.276944685073664,-15.276944685073664,8.430446194234827,19.61548556432565,500.0,80.51558221882927,6.709631851569106,44.95820756539923,False,False,ok,22.39999999999931,9.876543209876543,19.399999999999864,-2.8000000000001357,-22.199999999999996,2.8000000000001357,22.199999999999996,10.786839145118513,22.827334083264255,12.040494938145741,10.786839145118513,22.827334083264255,4.34345706787121,-27.338395200629446,-22.994938132758236,44.62041195442019,58.82407314947763,66.15563065127672,87.21442690075885,9.977938143608174,12.92397312229814,33.202159424640165,-10.024442771532508,23.177716653107655,13.398402370037775,115.66008020922473,11.584292822381387,55.12804649424778
111_3,10,111,L,college,60.9335,7.9804,True,1.2972,1.0639,1.2222,1.1806700914289403,1.0780938235291693,219.10617647083063,1.106022522819012,191.1774771809877,1.1483041482262986,148.89585177370134,219.10617647083063,70.2103246971293,2.5288710181878056,30.346452218253667,1.2667,30.49999999999997,1.2694,27.799999999999827,2595.96617743183,ok,lead_hand_velocity20_onset_to_latest_upward_crossing_55deg_pull_attack_direction,lead_hand_velocity20_onset,latest_upward_crossing_55deg_pull_attack_direction,55.0,148.89585177370134,39.36820974724253,-39.36820974724253,-6.3,30.0,8.5994607174389,28.664869058129668,8.251327131519343,8.251327131519343,7.9804,0.27092713151934245,27.27372623499367,61.00958803461355,95.14687187192486,5.620386629056397,-5.620386629056397,11.913385826784523,22.740157480339526,499.9999999999999,75.11226432095366,6.259355360079471,38.07200275049195,True,True,ok,8.399999999999741,4.411764705882353,5.600000000000049,0.0,-5.600000000000049,0.0,5.600000000000049,11.913385826784523,16.016497937775082,4.103112110990558,11.913385826784523,16.016497937775082,0.7491563554563747,-24.821147356607227,-24.071991001150852,61.211611201199425,64.12148590311747,95.4619350114334,100.0,-1.0705250918406441,-0.9037281454234336,8.932926128014294,-5.620386629056397,3.3125394989578982,4.5650550823131315,101.98895397233117,4.476028927163619,47.87420322464865
111_4,10,111,L,college,62.3658,9.3804,True,1.2944,1.0389,1.2074,1.1622499976242022,1.088693104503326,205.70689549667387,1.11233257758421,182.06742241578988,1.1226271314823122,171.7728685176878,205.70689549667387,33.934026978986054,2.7069424423778634,32.48330930853436,1.2639,30.49999999999997,1.2694,24.99999999999991,2658.948750487482,ok,lead_hand_velocity20_onset_to_latest_upward_crossing_55deg_pull_attack_direction,lead_hand_velocity20_onset,latest_upward_crossing_55deg_pull_attack_direction,55.0,171.7728685176878,48.72285955508837,-48.72285955508837,-6.3,30.0,8.532367340908932,28.441224469696444,9.335453548954902,9.335453548954902,9.3804,-0.044946451045097646,27.932998411822325,62.48433789330327,98.21306548030087,5.072633652476477,-5.072633652476477,15.045181852284719,26.12785901765102,500.0,84.41652615906325,7.034710513255271,41.18756793333183,True,True,ok,11.199999999999655,5.063291139240507,8.299999999999974,2.6999999999999247,-5.600000000000049,-2.6999999999999247,5.600000000000049,12.110798650181811,19.270903637066187,7.160104986884376,12.110798650181811,19.270903637066187,1.0551181102373661,-27.092425946785912,-26.037307836548546,62.31800086938967,63.62120720672963,97.95161645847848,100.0,-2.4316132746078756,-2.3071249702002112,15.31504717720382,-10.21362516761745,5.101422009586371,7.709683177280771,111.910772068657,6.889134115302946,53.30708661423082
111_5,10,111,L,college,62.0994,5.9829,True,1.2333,1.012,1.1583,1.1172430967393228,1.0091175688581293,224.18243114187075,1.043025654476084,190.274345523916,1.0429005362939572,190.3994637060429,224.18243114187075,33.908085617954754,2.639881106495117,31.678573277941403,1.2028,30.49999999999997,1.2056,27.70000000000006,2486.6651765825936,ok,lead_hand_velocity20_onset_to_latest_upward_crossing_55deg_pull_attack_direction,lead_hand_velocity20_onset,latest_upward_crossing_55deg_pull_attack_direction,55.0,190.3994637060429,41.453731423650275,-41.453731423650275,-6.3,30.0,8.49371329089192,28.3123776363064,6.501473724534301,6.501473724534301,5.9829,0.518573724534301,27.58859800327575,61.71393612042707,97.44359289661878,11.474711886573,-11.474711886573,11.223659542569305,20.656730408721227,497.2000000000001,80.40556503495468,6.700463752912889,33.98354455814754,True,True,ok,19.599999999999397,8.433734939759036,16.69999999999994,0.0,-16.69999999999994,0.0,16.69999999999994,11.223659542569305,23.117922759680017,11.894263217110712,11.223659542569305,23.117922759680017,2.94244469441637,-28.078177727814342,-25.135733033397972,52.19681026922559,62.69789186087432,82.41646944138022,98.99721576736445,3.778105086971148,2.8668306724191903,30.750838221553764,-11.474711886573,19.276126334980763,12.92353117472039,110.54515798692562,11.690725681760643,53.14323209604542
111_6,10,111,L,college,65.8984,7.3482,True,1.2806,1.0685,1.2009,1.1636666634891848,1.059237483223792,221.3625167762081,1.0894572008821832,191.1427991178168,1.0977281421875988,182.87185781240112,221.3625167762081,38.49065896380699,7.321724675815023,87.86069610978028,1.1167,163.89999999999992,1.2444,36.20000000000001,2551.4771280715277,ok,lead_hand_velocity20_onset_to_latest_upward_crossing_55deg_pull_attack_direction,lead_hand_velocity20_onset,latest_upward_crossing_55deg_pull_attack_direction,55.0,182.87185781240112,34.83910679452751,-34.83910679452751,-6.3,30.0,9.062195828899602,30.20731942966534,7.150635778564473,7.150635778564473,7.3482,-0.19756422143552754,28.300372027621258,63.30612926722715,93.68713464799744,-4.194942258080698,4.194942258080698,18.128233970773238,27.08098987629472,500.0,89.22932768492748,7.435777307077291,45.295076983721955,True,True,ok,16.799999999999482,8.108108108108109,13.800000000000034,0.0,-13.800000000000034,0.0,13.800000000000034,18.128233970773238,26.61492313463693,8.48668916386369,18.128233970773238,26.61492313463693,4.83539557555828,-23.24259467569064,-18.40719910013236,54.15884003255741,63.30612926722715,80.15000438727351,93.68713464799744,17.74640349663677,16.56349995292366,30.05205259362126,4.194942258080698,34.246994851701956,10.334868006460518,110.77907485226054,9.329260079345776,53.91919760035822
111_7,10,111,L,college,66.1865,5.7469,True,1.3556,1.1463,1.2889,1.242935787353248,1.1425738279729265,213.0261720270734,1.1703506913209554,185.24930867904453,1.1847919117265848,170.80808827341508,213.0261720270734,42.21808375365831,2.5716596728790386,30.859916074548465,1.3278,27.799999999999827,1.3306,24.99999999999991,2645.10067410127,ok,lead_hand_velocity20_onset_to_latest_upward_crossing_55deg_pull_attack_direction,lead_hand_velocity20_onset,latest_upward_crossing_55deg_pull_attack_direction,55.0,170.80808827341508,37.39939311580609,-37.39939311580609,-6.3,30.0,9.138791159008612,30.462637196695372,5.025133835137945,5.025133835137945,5.7469,-0.7217661648620552,28.939292100068055,64.73535276500542,94.99930000547499,4.559466318474128,-4.559466318474128,14.891076115501653,25.544619422599773,499.9999999999999,87.57495123694642,7.297912603078868,43.23737875224678,True,True,ok,8.399999999999741,4.0,5.50000000000006,0.0,-5.50000000000006,0.0,5.50000000000006,14.891076115501653,19.655043119631284,4.763967004129631,14.891076115501653,19.655043119631284,0.7242219722542451,-26.945256842923733,-26.221034870669488,63.056402456518114,64.73535276500542,92.53543602331267,94.99930000547499,0.048636905381800766,0.2592776478776706,9.00556570521599,-4.559466318474128,4.44609938674186,5.191978154809972,115.0203015650917,4.513966738186436,54.47994000755792
111_8,10,111,L,college,64.8073,6.2573,True,1.2917,1.088,1.2074,1.1732796958275535,1.07964846004628,212.05153995371995,1.1027996144373509,188.9003855626492,1.1083322216146465,183.36777838535377,212.05153995371995,28.68376156836618,6.873457296363957,82.48148755636748,1.1889,102.8,1.2667,25.000000000000135,2522.1584792136396,ok,lead_hand_velocity20_onset_to_latest_upward_crossing_55deg_pull_attack_direction,lead_hand_velocity20_onset,latest_upward_crossing_55deg_pull_attack_direction,55.0,183.36777838535357,494.1516508801409,-494.1516508801409,-6.3,30.0,8.916710067324093,29.72236689108031,6.90987921798771,6.90987921798771,6.2573,0.6525792179877099,27.804837031850415,62.19764905120433,93.54852907153453,-7.713067750688685,7.713067750688685,19.78327709038508,30.47225346834938,497.30000000000007,95.68374928981119,7.973645774150932,48.423627607467004,True,True,ok,16.799999999999482,2.5210084033613445,13.900000000000023,0.0,-13.900000000000023,0.0,13.900000000000023,19.78327709038508,27.360892388481005,7.577615298095925,19.78327709038508,27.360892388481005,4.844769403829755,-21.59673790778485,-16.751968503955094,48.819395709262935,62.19764905120433,73.42693378977964,93.54852907153453,21.758381157339812,22.031749826672144,27.825928402257738,7.713067750688685,35.538996152946424,9.443525257283923,267.3567996856705,3.5321806920140455,65.83839520067106
121_1,22,121,R,college,69.4883,18.2216,True,1.4694,1.3278,1.4065,1.3686678825522425,1.216729377698086,252.67062230191416,1.2808781361715431,188.52186382845693,1.2702417987291763,199.15820127082367,252.67062230191416,64.14875847345724,3.0016633836624806,36.01996060394977,1.4389,30.49999999999997,1.4417,27.70000000000006,2655.016176825355,ok,lead_hand_velocity20_onset_to_latest_upward_crossing_55deg_pull_attack_direction,lead_hand_velocity20_onset,latest_upward_crossing_55deg_pull_attack_direction,55.0,199.15820127082372,24.522097441322053,-24.522097441322053,-6.3,30.0,9.527947388750077,31.75982462916692,18.659142404817274,18.659142404817274,18.2216,0.43754240481727535,30.080993520756948,67.28926610763448,94.71397865695957,16.09030787099893,16.09030787099893,25.670041244872127,39.359017622839666,500.0,108.5942972185046,9.049524768208716,26.90885335571967,True,True,ok,16.799999999999482,7.5,13.800000000000034,13.800000000000034,0.0,-13.800000000000034,0.0,10.714098237731859,25.670041244872127,14.955943007140268,10.714098237731859,25.670041244872127,3.6121109861306344,28.131608548961772,31.743719535092406,67.94033024563068,71.04470434226666,95.63039339050484,100.0,0.7741207572733995,-0.03099513503482698,29.533598626078216,-13.443290755079286,16.09030787099893,16.382092550618964,122.50880582311976,13.372175526934532,53.20322459698287
121_2,22,121,R,college,66.8883,12.4188,True,1.5194,1.3676,1.4556,1.4126681883229977,1.2687874719924792,250.6125280075209,1.3314825776085246,187.91742239147547,1.3087371266487469,210.6628733512532,250.6125280075209,62.695105616045424,2.6874724776028645,32.24966973123438,1.4917,27.70000000000006,1.4944,25.000000000000135,2750.0126507920904,ok,lead_hand_velocity20_onset_to_latest_upward_crossing_55deg_pull_attack_direction,lead_hand_velocity20_onset,latest_upward_crossing_55deg_pull_attack_direction,55.0,210.6628733512532,350.64224242632133,-350.64224242632133,-6.3,30.0,9.080079731463892,30.266932438212976,12.139129910845792,12.139129910845792,12.4188,-0.279670089154207,30.12045614725858,67.37754148903576,99.51605174639546,1.2738188446434764,1.2738188446434764,19.569553805795422,35.72309711289948,500.0,104.38764294077453,8.698970245064544,23.411234522058738,True,True,ok,16.799999999999482,3.0,13.899999999999801,8.299999999999974,-5.599999999999827,-8.299999999999974,5.599999999999827,10.183164604435449,23.97881514813239,13.795650543696942,10.183164604435449,23.97881514813239,2.617360329961585,32.055493063401705,34.67285339336329,66.62644308600052,67.70519962019716,98.40668583764894,100.0,-1.2488734217405053,-1.816263634342873,28.641775980053367,-15.14846099648523,13.493314983568137,14.891463402233642,253.25046417068012,5.880132718018405,62.53393325841027
121_3,22,121,R,college,67.3292,6.522,True,1.4083,1.2759,1.3426,1.31451334389575,1.1748436364259045,233.4563635740956,1.2273929206796166,180.9070793203836,1.2014050570031676,206.89494299683253,233.4563635740956,52.549284253712045,5.410253735809772,64.92304482971727,1.3417,66.60000000000022,1.3694,38.900000000000155,2489.9819535737324,ok,lead_hand_velocity20_onset_to_latest_upward_crossing_55deg_pull_attack_direction,lead_hand_velocity20_onset,latest_upward_crossing_55deg_pull_attack_direction,55.0,206.89494299683253,50.65226080357155,-50.65226080357155,-6.3,30.0,9.28827778262747,30.960925942091567,6.221047307156963,6.221047307156963,6.522,-0.30095269284303683,29.48241251758906,65.9502785379139,95.22458266504084,-13.852905442587495,-13.852905442587495,10.601049868777856,25.073490813675374,497.2000000000001,104.0732367007728,8.6727697250644,31.552866218225095,True,True,ok,11.199999999999655,4.301075268817205,8.399999999999963,0.0,-8.399999999999963,0.0,8.399999999999963,10.601049868777856,17.5247469066556,6.923697037877744,10.601049868777856,17.5247469066556,0.5328083989506993,36.9379452568828,37.4707536558335,64.48934722477614,67.59419813870501,93.11516663708795,97.59821263887363,-6.4759477470713565,-5.9053854893815085,13.612790875652578,-13.852905442587495,-0.24011456693491767,7.402146155310154,138.21757599545214,5.3554304523136125,58.09130108742684
121_4,22,121,R,college,70.4725,9.59,True,1.7472,1.6204,1.6889,1.6570605254625523,1.5114734133943142,235.7265866056859,1.5694284873294588,177.77151267054126,1.546034593520505,201.165406479495,235.7265866056859,57.95507393514464,2.9916659605699367,35.899991526839244,1.7167,30.500000000000192,1.7194,27.800000000000047,2798.825690526379,ok,lead_hand_velocity20_onset_to_latest_upward_crossing_55deg_pull_attack_direction,lead_hand_velocity20_onset,latest_upward_crossing_55deg_pull_attack_direction,55.0,201.165406479495,37.10823024218679,-37.10823024218679,-6.3,30.0,9.952389158633318,33.174630528777726,9.766930451499423,9.766930451499423,9.59,0.1769304514994232,32.10955538835835,71.8270297699497,96.78948906606372,-1.5172837368852783,-1.5172837368852783,17.33558305213721,31.73322084742835,500.0,101.56133916334329,8.463444930278607,28.57605963814201,True,True,ok,13.999999999999568,5.813953488372093,11.200000000000099,2.8000000000001357,-8.399999999999963,-2.8000000000001357,8.399999999999963,13.978627671556158,22.91151106114211,8.932883389585953,13.978627671556158,22.91151106114211,2.456505436823047,28.897450318741377,31.353955755564424,65.91321210422811,74.20953500531874,88.82040845492968,100.0,3.5386030857774395,3.514828869812783,23.103223422638614,-7.9330618519096925,15.17016157072892,9.898665047126638,126.3826001398775,7.832300519352358,53.8117735283671
121_5,22,121,R,college,70.7974,15.2208,True,1.3167,1.1833,1.2574,1.2254788474325555,1.0814515521590349,235.24844784096533,1.1374545080967804,179.2454919032196,1.1643521292728465,152.3478707271535,235.24844784096533,82.90057711381183,8.014035578101455,96.16842693721745,1.1972,119.49999999999994,1.2917,24.99999999999991,2860.8325196183864,ok,lead_hand_velocity20_onset_to_latest_upward_crossing_55deg_pull_attack_direction,lead_hand_velocity20_onset,latest_upward_crossing_55deg_pull_attack_direction,55.0,152.3478707271535,31.791405252423743,-31.791405252423743,-6.3,30.0,9.728298196895887,32.427660656319624,15.193938520767457,15.193938520767457,15.2208,-0.026861479232543672,31.54519790593908,70.56459803583358,97.2786727980991,12.888647033782178,12.888647033782178,23.555680539957958,38.23678290217854,500.0,104.44922617642503,8.704102181368752,41.106896952795786,True,True,ok,8.399999999999741,4.545454545454546,5.600000000000049,5.600000000000049,0.0,-5.600000000000049,0.0,18.108548931403142,23.555680539957958,5.447131608554816,18.108548931403142,23.555680539957958,1.9825646794172087,24.440569928785308,26.423134608202517,70.87186471146181,71.81859534447206,97.70226331277924,99.00740359615156,8.022513511479271,7.925532857279681,9.635286390406222,3.253360643375956,12.888647033782178,6.266164260796647,123.25335331113105,5.08397061212512,55.83202099743565
121_6,22,121,R,college,74.103,13.1526,True,1.3028,1.1704,1.238,1.2084931681784443,1.068417911047011,234.38208895298928,1.123968125977369,178.8318740226309,1.125783661484523,177.01633851547706,234.38208895298928,57.36575043751222,7.12546197651208,85.50554371814496,1.2028,99.99999999999987,1.2694,33.39999999999988,2993.616489794658,ok,lead_hand_velocity20_onset_to_latest_upward_crossing_55deg_pull_attack_direction,lead_hand_velocity20_onset,latest_upward_crossing_55deg_pull_attack_direction,55.0,177.01633851547706,22.36474392260024,-22.36474392260024,-6.3,30.0,10.316614459555504,34.388714865185015,13.459987404627558,13.459987404627558,13.1526,0.3073874046275584,33.61619283623776,75.19728175607936,97.75355946863442,13.941579871810006,13.941579871810006,24.647919010150364,39.51406074244988,500.0,104.64571635758911,8.720476363132425,32.21044454997129,True,True,ok,11.199999999999655,5.555555555555555,8.400000000000185,5.600000000000049,-2.8000000000001357,-5.600000000000049,2.8000000000001357,18.81477315337616,26.73115860520323,7.916385451827072,18.81477315337616,26.73115860520323,3.8132733408365134,22.810273715810165,26.62354705664668,73.20702005247914,76.92536431904298,95.16629618919676,100.0,11.453818146620097,11.163723972579444,17.904294954188284,2.7917648435666105,20.696059797754895,9.29729188399297,120.52007907078878,7.7143094791135205,53.408511436128194
121_7,22,121,R,college,71.4564,17.0583,True,1.4806,1.3482,1.4102,1.3824373404538872,1.2407830666618351,239.8169333381648,1.2912781842000838,189.32181579991607,1.2383902345724846,242.2097654275153,242.2097654275153,52.88794962759923,3.949563143312893,47.394757719754715,1.4389,41.69999999999985,1.4556,24.99999999999991,2889.9416768039723,ok,lead_hand_velocity20_onset_to_latest_upward_crossing_55deg_pull_attack_direction,lead_hand_velocity20_onset,latest_upward_crossing_55deg_pull_attack_direction,55.0,242.20976542751526,22.31892433933225,-22.31892433933225,-6.3,30.0,9.895629993389061,32.98543331129687,17.80099174650086,17.80099174650086,17.0583,0.74269174650086,30.88188725758598,69.0808143736264,93.62280302987419,13.462419707646475,13.462419707646475,23.882264716936188,39.33108361459067,499.9999999999999,117.70093710665819,9.80841142555485,24.10023161784391,True,True,ok,19.599999999999397,7.291666666666667,16.600000000000172,13.900000000000023,-2.7000000000001467,-13.900000000000023,2.7000000000001467,8.0283089613885,26.09186351708856,18.06355455570006,8.0283089613885,26.09186351708856,4.71334833146366,26.263967004152853,30.977315335616513,68.4429698223216,73.78631288318012,92.7583546974109,100.0,0.8405508223936268,0.7787939404412774,39.11574983728094,-18.489346640073897,20.62640319720704,19.874700576303315,135.72551237830987,14.64330487911974,54.263967004183115
121_8,22,121,R,college,71.9167,1.6679,True,1.6056,1.488,1.5565,1.528032534633562,1.3738478205398874,231.7521794601125,1.4377987486760049,167.80125132399505,1.425713751666993,179.88624833300682,231.7521794601125,63.950928136117454,7.064139674986858,84.7696760998423,1.4972,108.39999999999984,1.5806,24.99999999999991,2713.6045168554397,ok,lead_hand_velocity20_onset_to_latest_upward_crossing_55deg_pull_attack_direction,lead_hand_velocity20_onset,latest_upward_crossing_55deg_pull_attack_direction,55.0,179.88624833300682,38.831261564792555,-38.831261564792555,-6.3,30.0,9.92470133468805,33.0823377822935,1.6491718365962598,1.6491718365962598,1.6679,-0.018728163403740172,31.443122400139142,70.33626163237989,95.04504369388397,-2.1948094681069867,-2.1948094681069867,14.869703787042683,29.432695913042664,500.0,101.57480326191032,8.464566938492526,40.958625689527445,False,False,ok,11.199999999999655,5.063291139240507,8.399999999999963,-2.7000000000001467,-11.10000000000011,2.7000000000001467,11.10000000000011,17.674540682433793,23.25590551183615,5.581364829402357,17.674540682433793,23.25590551183615,2.1364829396348526,24.81252343459748,26.949006374232333,61.526576308460726,69.82946675825511,83.14055933391623,94.36021427820101,10.691223752605037,10.848152436279024,13.89171094488537,3.588439596488366,17.480150541373735,6.461450105714422,130.57542580246601,4.948442684375602,56.38582677171446
123_1,9,123,R,college,55.4608,5.7267,True,1.1472,0.9472,1.0778,0.98974492648688,0.8740862978308471,273.1137021691529,0.9519567522874766,195.24324771252344,0.96784331092362,179.35668907637992,273.1137021691529,93.75701309277297,5.984276005131168,71.81131206157401,1.0083,138.90000000000003,1.1194,27.800000000000047,2527.3492116778334,ok,lead_hand_velocity20_onset_to_latest_upward_crossing_55deg_pull_attack_direction,lead_hand_velocity20_onset,latest_upward_crossing_55deg_pull_attack_direction,55.0,179.35668907638004,37.75401249343968,-37.75401249343968,-6.3,30.0,7.892024052163281,26.30674684054427,5.756908316872268,5.756908316872268,5.7267,0.030208316872267993,24.45910241902555,54.71345387219382,92.97653779572961,-2.510847089795121,-2.510847089795121,16.00468691415302,22.96137982754636,500.0,75.05854336573313,6.254878613811094,27.031606829898994,True,True,ok,36.399999999998876,16.666666666666664,33.4000000000001,0.0,-33.4000000000001,0.0,33.4000000000001,16.00468691415302,29.73547056621135,13.730783652058332,16.00468691415302,29.73547056621135,10.236595425582863,20.325271841041825,30.561867266624688,35.43237144165614,58.8465167335009,60.211501731052735,100.0,29.5338486177263,39.888972273037346,52.98345252771291,-2.510847089795121,50.47260543791779,17.207198217901468,93.52135943884238,18.39921737788039,46.809898762705245
123_2,9,123,R,college,51.726,7.4062,True,1.1694,0.9574,1.088,1.0037648178110856,0.8828395346290663,286.56046537093374,0.9688708639088176,200.5291360911824,0.9905174189591164,178.8825810408835,286.56046537093374,107.67788433005023,2.0919792792162712,25.103751350595253,1.1417,27.70000000000006,1.1444,24.99999999999991,2489.4825463957004,ok,lead_hand_velocity20_onset_to_latest_upward_crossing_55deg_pull_attack_direction,lead_hand_velocity20_onset,latest_upward_crossing_55deg_pull_attack_direction,55.0,178.88258104088362,38.75038412690102,-38.75038412690102,-6.3,30.0,7.012756860641611,23.375856202138703,7.6914294218645765,7.6914294218645765,7.4062,0.28522942186457634,23.280053183783714,52.075995847762364,99.59016252698277,-1.0253170073994493,-1.0253170073994493,16.591301087382,24.040119985027843,500.0,73.7711867201644,6.147598893347033,25.856641988946393,True,True,ok,30.799999999999052,14.102564102564102,27.699999999999836,2.6999999999999247,-24.99999999999991,-2.6999999999999247,24.99999999999991,14.184851893528634,26.9328833896054,12.748031496076766,14.184851893528634,26.9328833896054,6.964004499445096,23.692725909286935,30.65673040873203,36.057045263653364,52.24351075379951,68.95551279609971,99.91051812357476,21.21091489492616,25.27464358809021,47.79847386125577,-6.517049722860808,41.28142413839496,14.609691644632425,91.17771071051484,16.02331483296125,45.86895388081446
123_3,9,123,R,college,53.0681,11.412,True,1.2194,,,1.0472,0.9369236012700274,282.47639872997263,1.0211447433052132,198.2552566947868,1.0377516342324895,181.6483657675103,282.47639872997263,100.82803296246232,6.024864908362419,72.29837890034904,1.0833,136.1000000000001,1.1917,27.70000000000006,2334.3383228802504,ok,lead_hand_velocity20_onset_to_latest_upward_crossing_55deg_pull_attack_direction,lead_hand_velocity20_onset,latest_upward_crossing_55deg_pull_attack_direction,55.0,181.64836576751054,28.954421633148762,-28.954421633148762,-6.3,30.0,7.287617452566705,24.29205817522235,10.630374247996464,10.630374247996464,11.412,-0.7816257520035368,22.80924699690064,51.022832401799874,93.89590141919649,8.01457522018779,8.01457522018779,20.19610048746089,25.31814773156091,500.0,75.8592740690636,6.3216061724219665,20.913604936336625,True,True,ok,16.799999999999482,7.894736842105263,13.900000000000023,8.299999999999974,-5.600000000000049,-8.299999999999974,5.600000000000049,13.12654668167897,22.99118860144966,9.86464191977069,13.12654668167897,22.99118860144966,2.888826396703532,27.685414323239506,30.574240719943038,50.72931501257419,54.339786540851655,93.35574951962099,100.0,5.120170535818723,5.067499850047808,27.405635403358836,-8.374459217057789,19.03117618630105,10.474820233875123,89.81141055616426,11.663128514527243,45.103112111034854
123_4,9,123,R,college,54.0188,12.0787,True,1.0167,0.8111,0.9241,0.8607660143185756,0.7514677075438239,265.2322924561761,0.8153909431024656,201.3090568975343,0.8290003981696052,187.6996018303947,265.2322924561761,77.53269062578138,6.261329149993704,75.13594979992445,0.8778,138.89999999999992,0.9694,47.2999999999999,2358.683690089623,ok,lead_hand_velocity20_onset_to_latest_upward_crossing_55deg_pull_attack_direction,lead_hand_velocity20_onset,latest_upward_crossing_55deg_pull_attack_direction,55.0,187.6996018303947,27.732434441064548,-27.732434441064548,-6.3,30.0,7.379604878435232,24.59868292811744,12.117325238218651,12.117325238218651,12.0787,0.0386252382186516,24.25438669022705,54.255517828890085,98.60034686045388,9.446016881044786,9.446016881044786,21.157105361852626,28.239782527214608,499.9999999999999,78.73677966798702,6.561398305665585,24.52726349026029,True,True,ok,19.600000000000172,8.974358974358974,16.69999999999994,8.399999999999963,-8.299999999999974,-8.399999999999963,8.299999999999974,13.801462317225258,25.217285339359822,11.415823022134564,13.801462317225258,25.217285339359822,4.352268466446397,25.46587926511937,29.818147731565766,50.555895815224474,55.025686578644894,91.87690142306171,100.0,10.350994605648188,9.446016881044786,33.84018207362162,-5.832248661066446,28.00793341255517,12.667078429283693,92.07752959579993,13.756970332381178,46.621484814448564
123_5,9,123,R,college,53.9154,5.2066,True,1.1722,0.9676,1.0833,1.0218582745771434,0.9157649993117104,256.4350006882896,0.9779955295420876,194.20447045791235,0.997442432320476,174.75756767952376,256.4350006882896,81.67743300876586,5.4165978769866925,64.99917452384031,1.0472,125.0,1.1444,27.799999999999827,2498.886786084232,ok,lead_hand_velocity20_onset_to_latest_upward_crossing_55deg_pull_attack_direction,lead_hand_velocity20_onset,latest_upward_crossing_55deg_pull_attack_direction,55.0,174.75756767952387,36.07993626275818,-36.07993626275818,-6.3,30.0,7.611440952301155,25.37146984100385,5.3528952439793756,5.3528952439793756,5.2066,0.14629524397937566,23.92983686651608,53.52952054965116,94.31789729360538,-2.6543529508069215,-2.6543529508069215,15.76546681666495,24.10798650171333,499.9999999999999,69.11235695962426,5.759363079968689,22.6314520992249,True,True,ok,36.399999999998876,17.333333333333336,33.4000000000001,0.0,-33.4000000000001,0.0,33.4000000000001,15.76546681666495,29.996250468723815,14.230783652058864,15.76546681666495,29.996250468723815,10.367454068252677,18.135733033390416,28.503187101643093,35.74358245716215,56.75436167010519,62.97944581762379,100.0,28.335803909636574,33.92749478534406,54.758846012122305,-2.6543529508069215,52.10449306131538,17.7986970574584,86.77138469465099,20.512173592817636,45.19160104991759
123_6,9,123,R,college,51.3863,4.378,True,1.1583,0.9657,1.0732,1.0136709642971171,0.9093644999852908,248.93550001470933,0.96975858479022,188.54141520978,0.9793285955252948,178.97140447470528,248.93550001470933,69.96409554000405,5.466888929612983,65.60266715535579,1.0278,130.50000000000006,1.1306,27.70000000000006,2355.2312695648093,ok,lead_hand_velocity20_onset_to_latest_upward_crossing_55deg_pull_attack_direction,lead_hand_velocity20_onset,latest_upward_crossing_55deg_pull_attack_direction,55.0,178.97140447470528,41.58057435962226,-41.58057435962226,-6.3,30.0,7.045271449343917,23.484238164479724,4.512832871348753,4.512832871348753,4.378,0.13483287134875255,22.751565934595913,50.893803540166175,96.88015329791712,-5.879963510717538,-5.879963510717538,13.28402699663977,20.81946006751405,497.2000000000001,69.16462984473704,5.763719153728086,26.05324604345176,False,False,ok,11.199999999999655,5.063291139240507,8.299999999999974,-2.7999999999999137,-11.099999999999888,2.7999999999999137,11.099999999999888,15.543494563196393,19.44019497564905,3.896700412452656,15.543494563196393,19.44019497564905,1.3455193100876919,26.827709036399433,28.173228346487125,44.70851619492213,52.5327446413737,85.1059972216084,100.0,6.104535585743198,5.535800808114528,14.756204338949312,-0.7048318061027886,14.051372532846523,4.308609828654192,89.105515600487,4.835401938497559,44.60292463446889
123_7,9,123,R,college,52.732,-3.9535,True,1.4722,1.2843,1.3954,1.3363298341932552,1.221101127933176,251.0988720668239,1.2903169673837285,181.8830326162717,1.3065213087301657,165.67869126983447,251.0988720668239,85.42018079698943,5.215033998090414,62.58040797708497,1.35,122.19999999999986,1.4444,27.800000000000047,2221.752203156282,ok,lead_hand_velocity20_onset_to_latest_upward_crossing_55deg_pull_attack_direction,lead_hand_velocity20_onset,latest_upward_crossing_55deg_pull_attack_direction,55.0,165.67869126983425,59.55715385778171,-59.55715385778171,-6.3,30.0,7.486866197901043,24.956220659670144,-3.8891440837841396,-3.8891440837841396,-3.9535,0.06435591621586045,23.663847826629567,52.93452001304031,94.82144011040468,-20.58070542968685,-20.58070542968685,5.801837270347473,14.695538057758654,500.0,66.01397826745323,5.501164855621102,32.770936414592285,False,False,ok,25.19999999999922,11.11111111111111,22.199999999999996,-25.000000000000135,-47.20000000000013,25.000000000000135,47.20000000000013,18.420697412843293,27.351518560209524,8.930821147366231,18.420697412843293,27.351518560209524,6.927071616055478,20.51481064869107,27.44188226474655,28.26602097380117,29.07912837682191,50.63283494903632,52.08935169651726,32.96133966963566,32.89049630089341,19.196732577226136,23.523105286543085,42.71983786376922,11.265887859984298,96.01561516006231,11.73339132515431,48.50431196105727
123_8,9,123,R,college,54.8351,9.1746,True,1.2194,1.0056,1.1389,1.0597568509022577,0.9451651512259168,274.2348487740831,1.0137840462900165,205.61595370998376,1.0378419451145893,181.5580548854108,274.2348487740831,92.67679388867232,6.937179978399836,83.24615974079803,1.075,144.4000000000001,1.1694,50.00000000000004,2293.109501809722,ok,lead_hand_velocity20_onset_to_latest_upward_crossing_55deg_pull_attack_direction,lead_hand_velocity20_onset,latest_upward_crossing_55deg_pull_attack_direction,55.0,181.55805488541077,37.08707041961912,-37.08707041961912,-6.3,30.0,7.515743318755803,25.05247772918601,9.38458659201143,9.38458659201143,9.1746,0.20998659201143077,23.306878430480847,52.13600221564249,93.0322289173356,14.797452631513432,14.797452631513432,23.571803524584897,31.796212973412675,500.0,86.38472868841357,7.198727390701131,34.05953778314248,True,True,ok,11.199999999999655,5.063291139240507,8.300000000000196,2.7000000000001467,-5.600000000000049,-2.7000000000001467,5.600000000000049,21.552680914908922,26.062617172881552,4.50993625797263,21.552680914908922,26.062617172881552,2.5136857892790587,24.867266591702897,27.380952380981956,50.00801897305504,52.77044419278241,89.23502514751428,94.16433626626346,17.464501432132707,17.49894408441499,15.89064868911172,9.48473443529456,25.37538312440628,5.4021491095730605,101.69902390948214,5.311898680936483,51.206224222027586
123_9,9,123,R,college,54.2957,-4.3899,True,1.95,1.7546,1.8741,1.8056630736288508,1.685682069385533,264.31793061446695,1.7634838970570474,186.5161029429525,1.7748821626702729,175.1178373297273,264.31793061446695,89.20009328473964,5.862765465826918,70.35318558992302,1.8056,144.39999999999986,1.9194,30.59999999999996,2347.8514981321177,ok,lead_hand_velocity20_onset_to_latest_upward_crossing_55deg_pull_attack_direction,lead_hand_velocity20_onset,latest_upward_crossing_55deg_pull_attack_direction,55.0,175.11783732972708,505.61991851760024,-505.61991851760024,-6.3,30.0,7.680469803854398,25.601566012847993,-4.2616066020858145,-4.2616066020858145,-4.3899,0.12829339791418537,25.601566012847993,57.269072147566135,100.0,-12.508733859661199,-12.508733859661199,9.011061117370062,16.873265841788,500.0,72.05172352305341,6.004310293587785,30.06234233227002,False,False,ok,27.999999999999137,4.0650406504065035,24.99999999999991,-11.10000000000011,-36.10000000000002,11.10000000000011,36.10000000000002,14.422384701927838,24.1522309711547,9.729846269226863,14.422384701927838,24.1522309711547,5.415448068997229,25.715035620575208,31.130483689572436,24.524839970520183,27.265121320695084,42.8238821598622,47.608805762455184,24.819662381383647,25.215260851718405,24.48743309764499,10.422073128513526,34.90950622615851,11.031609123707284,269.6471580184374,4.091127533023354,64.05193100869312
125_1,24,125,L,college,70.5564,12.0854,True,1.2722,1.0972,1.1583,1.1340915019383229,1.0300581938567508,242.1418061432492,1.0622052447764108,209.99475522358924,1.0989541533101812,173.2458466898188,242.1418061432492,68.89595945343041,3.137829050188616,37.65394860226339,1.2389,33.30000000000011,1.2444,27.800000000000047,2751.164834348365,ok,lead_hand_velocity20_onset_to_latest_upward_crossing_55deg_pull_attack_direction,lead_hand_velocity20_onset,latest_upward_crossing_55deg_pull_attack_direction,55.0,173.2458466898188,30.157352480120636,-30.157352480120636,-6.3,30.0,10.075566154495332,33.58522051498444,12.196816483926757,12.196816483926757,12.0854,0.11141648392675663,31.09170765551233,69.55016923656115,92.57556502164516,-5.6533978352700505,5.6533978352700505,21.06917885266618,32.08492688417414,500.0,90.12968512442525,7.5108070937021045,30.915559484670894,True,True,ok,16.799999999999482,8.21917808219178,13.900000000000023,5.50000000000006,-8.399999999999963,-5.50000000000006,8.399999999999963,14.050056242984805,27.22797150359147,13.177915260606664,14.050056242984805,27.22797150359147,4.509186351710902,-30.61642294716467,-26.107236595453767,66.35759216678869,75.12799864661866,88.32604802760216,100.0,7.510263716335125,8.068158439091786,29.302918637289274,-7.309309540050523,21.99360909723875,14.700558707663212,109.59693799016947,13.41329327009283,53.80577427827336
125_2,24,125,L,college,68.1518,4.4232,True,1.6778,1.5065,1.562,1.540451910278345,1.4467204365743125,231.0795634256877,1.475814176484596,201.98582351540395,1.5124396908241833,165.36030917581667,231.0795634256877,65.71925424987103,3.23864808209504,38.86377698514048,1.6417,36.10000000000002,1.6444,33.39999999999988,2626.127008486327,ok,lead_hand_velocity20_onset_to_latest_upward_crossing_55deg_pull_attack_direction,lead_hand_velocity20_onset,latest_upward_crossing_55deg_pull_attack_direction,55.0,165.36030917581667,39.51301235355187,-39.51301235355187,-6.3,30.0,9.42691281607672,31.423042720255737,4.344616178097605,4.344616178097605,4.4232,-0.07858382190239421,30.94639828549449,69.22512143319268,98.48313723465743,8.19677993382102,-8.19677993382102,14.501874765669958,26.667229096391758,500.0,83.3199070659076,6.943325588825633,33.204486590308875,False,False,ok,19.599999999999397,9.45945945945946,16.599999999999948,-2.8000000000001357,-19.400000000000084,2.8000000000001357,19.400000000000084,17.13535808025848,27.72759655046115,10.59223847020267,17.13535808025848,27.72759655046115,4.943382077245683,-30.562992126017257,-25.619610048771573,48.597686905938616,64.90932324666205,69.13751207303203,92.34326580819314,14.90610875111815,15.803333718559891,32.23692611977494,-2.4745128770987512,29.76241324267619,12.048354393558446,111.9417081374704,10.763061055636586,54.86407949012302
125_3,24,125,L,college,65.2957,6.4629,True,1.3333,1.162,1.2194,1.199412571733601,1.0924485008365306,240.85149916346936,1.1282415786621065,205.05842133789344,1.167936916842112,165.36308315788784,240.85149916346936,75.48841600558151,2.7374190686076987,32.849028823292386,1.3028,30.49999999999997,1.3083,24.99999999999991,2510.0940832143133,ok,lead_hand_velocity20_onset_to_latest_upward_crossing_55deg_pull_attack_direction,lead_hand_velocity20_onset,latest_upward_crossing_55deg_pull_attack_direction,55.0,165.36308315788784,404.2700611321266,-404.2700611321266,-6.3,30.0,9.067419562271203,30.224731874237342,6.743977711973986,6.743977711973986,6.4629,0.28107771197398534,28.640208907786466,64.06632271784724,94.757528460322,6.401150235075744,-6.401150235075744,15.18147731535198,26.244469441348183,499.9999999999999,82.66856813626781,6.889047344688984,30.616639143373092,True,True,ok,16.799999999999482,2.9268292682926833,13.900000000000023,0.0,-13.900000000000023,0.0,13.900000000000023,15.18147731535198,25.82377202852434,10.642294713172358,15.18147731535198,25.82377202852434,3.5361829771316806,-31.26677915263969,-27.73059617550801,58.00582389726112,67.61079964709491,85.79372555868524,100.0,6.947828205906795,6.114022413371951,28.273819949922963,-6.401150235075744,21.87266971484722,11.707301717375309,268.86482671633564,4.354344843227498,70.29733783284685
125_4,24,125,L,college,67.8211,8.2426,True,1.2972,1.1157,1.1806,1.1584536092151083,1.0568308963125603,240.3691036874396,1.092865049390537,204.3349506094629,1.1284786320699427,168.7213679300572,240.3691036874396,71.6477357573824,2.8672923726639787,34.407508471967745,1.2667,30.49999999999997,1.2694,27.799999999999827,2688.5130987589323,ok,lead_hand_velocity20_onset_to_latest_upward_crossing_55deg_pull_attack_direction,lead_hand_velocity20_onset,latest_upward_crossing_55deg_pull_attack_direction,55.0,168.7213679300572,39.132124221864515,-39.132124221864515,-6.3,30.0,9.407956972607384,31.359856575357945,8.433469411825254,8.433469411825254,8.2426,0.19086941182525408,30.88561896513687,69.08916196567831,98.48775580627584,3.0044292176207397,-3.0044292176207397,17.79340082491611,29.411511061149127,499.9999999999999,84.72657756054438,7.060548130045365,35.3521689361402,True,True,ok,11.199999999999655,5.333333333333334,8.400000000000185,0.0,-8.400000000000185,0.0,8.400000000000185,17.79340082491611,22.984439445094196,5.191038620178087,17.79340082491611,22.984439445094196,1.8477690288733903,-30.20041244847656,-28.35264341960317,61.380536406210105,70.15000128703899,87.49898115475995,100.0,4.154112953791302,3.1886182881367335,16.24807367413322,-3.0044292176207397,13.243644456512481,5.858902843379095,110.3432288951797,5.309707629586176,54.18053993256697
125_5,24,125,L,college,73.671,3.4492,True,1.0861,0.9232,0.9796,0.9603517243810662,0.8549225320325108,231.1774679674893,0.884462504322519,201.637495677481,0.923833112110766,162.26688788923394,231.1774679674893,68.91058007825535,3.231963712462605,38.78356454955126,1.0528,33.30000000000011,1.0583,27.800000000000047,2594.280596122933,ok,lead_hand_velocity20_onset_to_latest_upward_crossing_55deg_pull_attack_direction,lead_hand_velocity20_onset,latest_upward_crossing_55deg_pull_attack_direction,55.0,162.26688788923406,548.4526837925887,-548.4526837925887,-6.3,30.0,10.372084058776133,34.57361352925378,3.700366067530422,3.700366067530422,3.4492,0.25116606753042214,34.10559205632469,76.29203663279495,98.64630443522174,9.62928175429742,-9.62928175429742,14.530371203615246,26.19966254221053,497.2000000000001,85.37642033857358,7.1147016948811315,35.06950414900132,False,False,ok,8.399999999999741,1.171875,5.50000000000006,-2.7999999999999137,-8.299999999999974,2.7999999999999137,8.299999999999974,17.44244469443204,21.561679790049542,4.119235095617501,17.44244469443204,21.561679790049542,0.9876265466827334,-31.175665541840946,-30.188038995158212,68.13655987495883,77.33897085105077,88.10119804436613,100.0,0.3912698191049155,0.26957323184111687,11.262379172395761,-5.1790714734610654,6.083307698934695,4.613437462227579,326.72450674928757,1.412026758607277,87.37832770913077
125_6,24,125,L,college,69.1993,15.7756,True,1.1917,1.0167,1.0759,1.0562155306286272,0.9372365752904864,254.46342470951345,0.979094615659758,212.6053843402419,1.0222481537741772,169.45184622582278,254.46342470951345,85.01157848369067,3.55920895845684,42.710507501482084,1.1528,38.899999999999935,1.1667,24.99999999999991,2743.729554879952,ok,lead_hand_velocity20_onset_to_latest_upward_crossing_55deg_pull_attack_direction,lead_hand_velocity20_onset,latest_upward_crossing_55deg_pull_attack_direction,55.0,169.45184622582278,404.7286665634122,-404.7286665634122,-6.3,30.0,9.62737019447972,32.09123398159907,14.798997691248637,14.798997691248637,15.7756,-0.9766023087513638,30.199644550943066,67.55468090314744,94.10558836179179,-7.642939352937943,7.642939352937943,24.415448069017753,36.15954255721941,500.0,88.1776596095753,7.348138300797942,36.54097869444141,True,True,ok,8.399999999999741,1.4563106796116505,5.600000000000049,5.600000000000049,0.0,-5.600000000000049,0.0,19.10798650170793,24.415448069017753,5.307461567309822,19.10798650170793,24.415448069017753,1.4767529058883575,-28.438320210004463,-26.961567304116105,69.77021116974811,71.78604595024836,97.19188492162203,100.0,2.755762436887581,2.7308590102037575,9.749450405416901,-2.1065110524789574,7.642939352937943,5.952830788815275,285.65296570857475,2.083938030907194,76.35920509944508
125_7,24,125,L,college,67.4599,8.719,True,1.2417,1.0704,1.1194,1.1016675786370482,0.9870685834426268,254.6314165573733,1.030850349575737,210.84965042426296,1.0743306783830069,167.36932161699335,254.6314165573733,87.26209494037997,6.283081051715964,75.39697262059157,1.1417,100.00000000000009,1.2167,25.000000000000135,2793.059441472556,ok,lead_hand_velocity20_onset_to_latest_upward_crossing_55deg_pull_attack_direction,lead_hand_velocity20_onset,latest_upward_crossing_55deg_pull_attack_direction,55.0,167.36932161699315,26.659424835886234,-26.659424835886234,-6.3,30.0,9.2308178188832,30.76939272961067,9.359855607202732,9.359855607202732,8.719,0.6408556072027327,30.76939272961067,68.82917128134089,100.0,-4.875692499713376,4.875692499713376,20.810836145504297,36.035245594339635,500.0,84.42597470067507,7.0354978917229225,28.477543585573393,True,True,ok,22.39999999999931,11.428571428571429,19.400000000000084,2.8000000000001357,-16.599999999999948,-2.8000000000001357,16.599999999999948,17.979002624691336,31.42632170982023,13.447319085128893,17.979002624691336,31.42632170982023,8.677915260601807,-28.466629171384323,-19.788713910782516,56.235529624581964,68.82917128134089,81.70304621962957,100.0,21.7751186638089,21.72300250963361,43.48532555859785,-0.5894547824428392,42.895870776155014,16.60352958495413,104.40499455452719,15.903003161676017,52.30971128614575
140_1,37,140,R,college,65.8156,2.4568,True,1.3694,1.2037,1.288,1.2514890438903603,1.1672467048703348,202.1532951296652,1.202841521984116,166.55847801588396,1.2153728282627314,154.02717173726853,202.1532951296652,48.12612339239666,2.6214703058384474,31.45764367006137,1.3417,27.70000000000006,1.3444,24.99999999999991,2693.8604079190736,ok,lead_hand_velocity20_onset_to_latest_upward_crossing_55deg_pull_attack_direction,lead_hand_velocity20_onset,latest_upward_crossing_55deg_pull_attack_direction,55.0,154.02717173726853,41.20768958162601,-41.20768958162601,-6.3,30.0,8.965600793622901,29.885335978743004,2.4689399887837578,2.4689399887837578,2.4568,0.012139988783757882,29.535347816564215,66.06869142932217,98.82889667886708,-3.657027228201111,-3.657027228201111,14.284776902902568,30.18241469819533,500.0,81.50386737916553,6.791988948263794,49.66097790290485,False,False,ok,11.199999999999655,5.714285714285714,8.399999999999963,-2.8000000000001357,-11.200000000000099,2.8000000000001357,11.200000000000099,16.994563179620904,21.731158605197827,4.7365954255769225,16.994563179620904,21.731158605197827,1.5781777277857323,24.742969628823122,26.321147356608854,56.03865310607973,66.85159265108932,83.82545708156229,100.0,6.917588796759074,6.3949566032571,13.203643291225655,0.8383993446482212,14.042042635873877,5.444141542823381,108.14649101460206,5.034043630771439,54.68372703417982
140_2,37,140,R,college,65.8513,-7.0252,True,1.1806,1.0287,1.1009,1.0717060292983065,0.98543495850921,195.16504149079017,1.0174329307389676,163.16706926103254,1.021027176003816,159.572823996184,195.16504149079017,35.59221749460616,6.3414333850138025,76.09720062016564,1.0639,116.70000000000003,1.1444,36.20000000000001,2415.143958119175,ok,lead_hand_velocity20_onset_to_latest_upward_crossing_55deg_pull_attack_direction,lead_hand_velocity20_onset,latest_upward_crossing_55deg_pull_attack_direction,55.0,159.572823996184,50.00478873654668,-50.00478873654668,-6.3,30.0,9.046114748283221,30.15371582761074,-6.956760257964353,-6.956760257964353,-7.0252,0.06843974203564684,29.25953944131272,65.45172566506955,97.03460631051232,-5.721662509348271,-5.721662509348271,10.717472815909584,21.705661792299406,497.30000000000007,80.10123338026013,6.675102781688344,54.04304109895482,False,False,ok,8.399999999999741,3.9473684210526314,5.50000000000006,-11.099999999999888,-16.599999999999948,11.099999999999888,16.599999999999948,18.558867641564852,21.643982002273095,3.0851143607082427,18.558867641564852,21.643982002273095,1.038245219348699,22.92707161607276,23.965316835421458,37.045187990439146,41.67117778855679,54.92086260255153,61.779063731637315,12.397630709435404,12.684879166565471,8.570610085769971,7.968701437985387,16.53931152375536,3.434842459436034,115.06097166406988,2.9852367920760683,58.4790026247351
140_3,37,140,R,college,68.1171,-3.916,True,1.3194,1.1657,1.2435,1.208820504294956,1.123494733126651,195.90526687334892,1.1566123204649512,162.78767953504868,1.1753354022755826,144.06459772441727,195.90526687334892,51.84066914893168,2.6029947712138664,31.235937254566394,1.2917,27.699999999999836,1.2944,24.99999999999991,2641.3693303994337,ok,lead_hand_velocity20_onset_to_latest_upward_crossing_55deg_pull_attack_direction,lead_hand_velocity20_onset,latest_upward_crossing_55deg_pull_attack_direction,55.0,144.06459772441727,42.529870774256295,-42.529870774256295,-6.3,30.0,9.28748050715683,30.958268357189436,-4.018593934339341,-4.018593934339341,-3.916,-0.10259393433934116,29.59181831142741,66.19501232871193,95.58615478748283,-9.449978514059412,-9.449978514059412,9.9161979752638,23.88863892016078,499.9999999999999,77.4837952118636,6.4569829343219665,49.68062770490022,False,False,ok,13.999999999999568,7.462686567164178,11.099999999999888,-8.400000000000185,-19.50000000000007,8.400000000000185,19.50000000000007,17.53505811775422,23.90738657670374,6.372328458949518,17.53505811775422,23.90738657670374,3.150356205477717,24.188413948282594,27.33877015376031,45.9345055603067,60.52592905511868,66.32981253588362,87.39995083903561,14.82927884449592,15.963522271972383,23.009677585744274,2.35781376085673,25.367491346601003,7.411001631270326,108.68988438222387,6.818483314609533,55.10929883770484
140_4,37,140,R,college,68.9085,-0.2427,True,1.3056,1.1444,1.212,1.187697580429282,1.1028138396726186,202.7861603273815,1.1316998591484837,173.90014085151662,1.1421449561115744,163.45504388842568,202.7861603273815,39.33111643895583,6.566847143284033,78.80216571940839,1.2028,102.8,1.2694,36.20000000000001,2551.70373081681,ok,lead_hand_velocity20_onset_to_latest_upward_crossing_55deg_pull_attack_direction,lead_hand_velocity20_onset,latest_upward_crossing_55deg_pull_attack_direction,55.0,163.45504388842568,38.392698498264764,-38.392698498264764,-6.3,30.0,9.47315597536904,31.57718658456347,-0.270492508696238,-0.270492508696238,-0.2427,-0.027792508696237977,30.037142700210882,67.19117461571861,95.12292242936728,-4.1281428209845075,-4.1281428209845075,14.229283839535427,27.209598800179364,497.30000000000007,86.12702522957511,7.1772521024645926,48.02777856514976,False,False,ok,8.399999999999741,4.166666666666666,5.600000000000049,-5.499999999999838,-11.099999999999888,5.499999999999838,11.099999999999888,19.40063742034341,22.360329958779307,2.9596925384358954,19.40063742034341,22.360329958779307,0.919947506562675,27.258905136887336,28.17885264345001,56.67357583996421,65.36882835571853,80.23309890401332,92.54301661702145,7.006745721438321,6.7758249866239355,6.274190970296127,3.9851106036974513,10.259301573993579,3.5563538478865695,112.20985507687696,3.1693774539233193,55.816085489374146
140_5,37,140,R,college,66.9716,2.6121,True,1.3694,1.2,1.2722,1.2451866186536762,1.1582811024962003,211.11889750379964,1.1978313264563965,171.5686735436035,1.201345648445745,168.05435155425496,211.11889750379964,43.06454594954468,2.691180014426879,32.29416017312255,1.3417,27.70000000000006,1.3444,24.99999999999991,2628.698403421708,ok,lead_hand_velocity20_onset_to_latest_upward_crossing_55deg_pull_attack_direction,lead_hand_velocity20_onset,latest_upward_crossing_55deg_pull_attack_direction,55.0,168.05435155425496,47.0769356253673,-47.0769356253673,-6.3,30.0,9.070434057191672,30.234780190638908,2.4911711883162497,2.4911711883162497,2.6121,-0.12092881168375014,30.223674002779955,67.60843325603955,99.96326684768691,-8.75012765617614,-8.75012765617614,14.324521934773626,28.39145106864709,500.0,85.60164648177184,7.133470540147653,42.76475237028384,False,False,ok,8.399999999999741,3.896103896103896,5.599999999999827,-2.8000000000001357,-8.399999999999963,2.8000000000001357,8.399999999999963,17.023059617566194,20.401387326606212,3.3783277090400183,17.023059617566194,20.401387326606212,0.4896887889019155,33.41488563933118,33.9045744282331,60.72696937657608,67.34151758504095,89.7885951838664,99.56861545346193,-0.8020926808709605,-0.6464544429021567,6.622821301357286,-4.191322450534005,2.4314988508232807,3.694761336745537,116.04773549769946,3.183828896703273,58.80071241101216
140_6,37,140,R,college,70.6165,0.3546,True,1.25,1.0833,1.15,1.1279676540446315,1.0386931127041923,211.3068872958077,1.0717123063653735,178.2876936346263,1.0866014367002303,163.39856329976965,211.3068872958077,47.908323996038064,3.270090214790748,39.241082577488974,1.2167,33.30000000000011,1.2194,30.59999999999996,2564.5356731546144,ok,lead_hand_velocity20_onset_to_latest_upward_crossing_55deg_pull_attack_direction,lead_hand_velocity20_onset,latest_upward_crossing_55deg_pull_attack_direction,55.0,163.39856329976965,44.483403067088645,-44.483403067088645,-6.3,30.0,9.937810403562256,33.126034678540854,0.41181516958715814,0.41181516958715814,0.3546,0.05721516958715811,33.126034678540854,74.10082918428064,100.0,-7.965249153609083,-7.965249153609083,13.778027746546561,28.400074990656844,500.0,87.77733725463268,7.314778104552723,44.47704498860142,False,False,ok,8.399999999999741,4.0,5.50000000000006,-5.600000000000049,-11.10000000000011,5.600000000000049,11.10000000000011,18.204349456337624,21.160667416595786,2.9563179602581613,18.204349456337624,21.160667416595786,0.8348331458576652,31.70959880018424,32.544431946041904,49.77386866889707,59.81547812723904,67.17046113629164,80.72173926486639,4.277248972147668,3.8918407752971755,9.86434505052266,-0.46221945468841447,9.402125595834246,3.2925052464933744,117.48205580034679,2.8025601221081593,58.691226096801316
140_7,37,140,R,college,67.7413,-0.3624,True,1.4333,1.2704,1.3519,1.3183068745743889,1.2320383578634426,201.26164213655736,1.26639726634681,166.90273365319007,1.2774450897008212,155.85491029917887,201.26164213655736,45.40673183737849,6.852017580609581,82.22421096731497,1.2583,175.00000000000006,1.4083,24.99999999999991,2511.3206294365214,ok,lead_hand_velocity20_onset_to_latest_upward_crossing_55deg_pull_attack_direction,lead_hand_velocity20_onset,latest_upward_crossing_55deg_pull_attack_direction,55.0,155.85491029917887,386.31223990791153,-386.31223990791153,-6.3,30.0,9.334751595147674,31.11583865049225,0.10744746147003292,0.10744746147003292,-0.3624,0.4698474614700329,30.098711668250065,67.3289004747898,96.73115999325285,-0.9722421949536849,-0.9722421949536849,15.475628046510902,30.99925009377176,500.0,81.50651032280918,6.792209193567431,54.11993909372677,False,False,ok,16.799999999999482,3.061224489795918,13.900000000000023,-5.600000000000049,-19.50000000000007,5.600000000000049,19.50000000000007,20.144731908533196,27.684851893543215,7.540119985010019,20.144731908533196,27.684851893543215,4.260779902516784,18.42538432697903,22.686164229495816,44.76470151730381,62.29423742239556,64.31326627919424,89.4978798743295,20.263711725649603,22.0228219829191,23.0809625865536,7.127618560898719,30.208581147452318,9.08036930303462,267.9958525907775,3.388249935680946,69.20997375335561
140_8,37,140,R,college,69.8687,4.624,True,1.5361,1.3713,1.4426,1.4153716925999529,1.3302779518611518,205.8220481388482,1.3634549780801417,172.64502191985852,1.382730788255517,153.36921174448293,205.8220481388482,52.45283639436528,6.9506172745079065,83.40740729409488,1.4028,133.29999999999998,1.5083,27.800000000000047,2514.364379392832,ok,lead_hand_velocity20_onset_to_latest_upward_crossing_55deg_pull_attack_direction,lead_hand_velocity20_onset,latest_upward_crossing_55deg_pull_attack_direction,55.0,153.36921174448293,374.7124154526913,-374.7124154526913,-6.3,30.0,9.56441492825898,31.8813830941966,4.9580863922744784,4.9580863922744784,4.624,0.3340863922744788,31.8813830941966,71.31662288429797,100.0,7.244334388526135,7.244334388526135,20.827146606696665,39.838957630339245,500.0,84.31733858784128,7.0264448823201064,46.916619794976654,False,False,ok,11.199999999999655,2.1052631578947367,8.299999999999974,-2.7999999999999137,-11.099999999999888,2.7999999999999137,11.099999999999888,23.204161979777595,27.76115485567303,4.5569928758954354,23.204161979777595,27.76115485567303,3.4514435695575365,18.263217097882492,21.71466066744003,57.14972932195602,70.45620561187918,80.13521534057229,98.79352493483223,21.09768863618677,20.20754936347798,21.050462383703156,11.462596717043988,32.51305910074714,5.991388691442692,267.5037775616806,2.2397398444443306,69.94000749913818
160_1,51,160,R,college,58.9162,3.3442,True,1.2444,1.0685,1.1565,1.1398514578353824,1.018985428911091,225.41457108890927,1.0679859744268767,176.41402557312324,1.0654767316487843,178.92326835121543,225.41457108890927,49.00054551578603,2.353055131145107,28.236661573741287,1.2167,27.70000000000006,1.2194,24.99999999999991,2379.343832696564,ok,lead_hand_velocity20_onset_to_latest_upward_crossing_55deg_pull_attack_direction,lead_hand_velocity20_onset,latest_upward_crossing_55deg_pull_attack_direction,55.0,178.92326835121563,52.70543828364471,-52.70543828364471,-6.3,30.0,7.933468374599003,26.444894581996678,3.2406358544537617,3.2406358544537617,3.3442,-0.10356414554623816,25.439135074165247,56.90572448587424,96.19677248206487,-1.635441038399,-1.635441038399,14.078177727799234,25.200224971905733,500.0,87.91971941206587,7.3266432843388225,43.45859938718402,False,False,ok,8.399999999999741,3.614457831325301,5.599999999999827,-2.8000000000001357,-8.399999999999963,2.8000000000001357,8.399999999999963,16.38357705288609,19.035433070886707,2.6518560180006183,16.38357705288609,19.035433070886707,0.4628796400455002,29.467754030777982,29.930633670823482,52.03399976667351,56.82989375894527,87.96132343643264,96.06858377607017,3.5197144770933146,3.5581804938949597,4.078126228674878,1.4614183543550527,5.539544583029931,3.1042766619245477,116.62625726465504,2.6617305011170376,54.66010498693569
160_2,51,160,R,college,58.7089,9.3515,True,1.3917,1.2194,1.3194,1.2968158036896884,1.1536859332719909,238.01406672800903,1.204455566864414,187.24443313558604,1.2015926530527588,190.1073469472412,238.01406672800903,50.76963359242299,2.3122405003951054,27.746886004741263,1.3639,27.800000000000047,1.3667,24.99999999999991,2235.9385375243305,ok,lead_hand_velocity20_onset_to_latest_upward_crossing_55deg_pull_attack_direction,lead_hand_velocity20_onset,latest_upward_crossing_55deg_pull_attack_direction,55.0,190.10734694724118,42.84568481558715,-42.84568481558715,-6.3,30.0,8.046501725288985,26.821672417629955,7.700005044018195,7.700005044018195,9.3515,-1.6514949559818044,25.92243941094079,57.98684549691473,96.64736414386265,1.4808616028177635,1.4808616028177635,16.05680539934243,29.15129358833295,499.9999999999999,86.78912786237332,7.232427321864443,40.977433667315246,True,True,ok,5.599999999999827,2.380952380952381,2.7000000000001467,0.0,-2.7000000000001467,0.0,2.7000000000001467,16.05680539934243,17.77259092615343,1.7157855268110005,16.05680539934243,17.77259092615343,0.286839145107173,29.78833895766247,30.075178102769645,55.51799391187909,57.98684549691473,92.53249988264349,96.64736414386265,2.69180806803206,2.69180806803206,2.4218929304285934,1.4808616028177635,3.9027545332463567,2.0042685152840094,113.51271820195717,1.7656774915019626,54.29565054374069
160_3,51,160,R,college,60.7297,-0.6712,True,1.4111,1.2306,1.3389,1.3172114202804914,1.1729569886957425,238.14301130425773,1.2328425364952853,178.2574635047147,1.2344065492369127,176.6934507630873,238.14301130425773,61.44956054117043,6.4787329804138665,77.7447957649664,1.3,111.09999999999998,1.3694,41.700000000000074,2236.302365736849,ok,lead_hand_velocity20_onset_to_latest_upward_crossing_55deg_pull_attack_direction,lead_hand_velocity20_onset,latest_upward_crossing_55deg_pull_attack_direction,55.0,176.6934507630873,51.167037208107224,-51.167037208107224,-6.3,30.0,8.358163601458038,27.86054533819346,-0.7542590199192896,-0.7542590199192896,-0.6712,-0.08305901991928955,27.37090936010105,61.22698049414151,98.24254704224623,0.7397543532315378,0.7397543532315378,13.907761529823802,29.20697412826552,500.0,85.64926436164991,7.13743869680416,48.96874107276201,False,False,ok,16.799999999999482,7.317073170731707,13.900000000000023,-5.600000000000049,-19.50000000000007,5.600000000000049,19.50000000000007,17.889201349850598,24.049118860168463,6.1599175103178645,17.889201349850598,24.049118860168463,3.4205099362616664,22.740532433470378,26.161042369732044,38.991465913575745,55.843576524011034,62.56426322750209,89.6045362582004,19.242878596433656,19.969845083403854,24.846660729752838,6.006898382605235,30.853559112358074,7.63235201522446,115.02253868601787,6.63552735178175,56.110611173663926
160_4,51,160,R,college,59.5475,-6.9742,True,1.1472,1.0028,1.0944,1.0632406624135295,0.9502305943391132,196.9694056608868,0.9895047924824748,157.6952075175251,0.9856098747034172,161.5901252965829,196.9694056608868,39.2741981433617,2.564732011991129,30.77678414389355,1.1167,30.49999999999997,1.1194,27.800000000000047,2351.5494673325543,ok,lead_hand_velocity20_onset_to_latest_upward_crossing_55deg_pull_attack_direction,lead_hand_velocity20_onset,latest_upward_crossing_55deg_pull_attack_direction,55.0,161.59012529658278,60.83521198879982,-60.83521198879982,-6.3,30.0,8.394405340448383,27.981351134827943,-6.940557945457685,-6.940557945457685,-6.9742,0.03364205454231506,26.961213122545328,60.310516111634975,96.35422175517155,-5.177466823045608,-5.177466823045608,7.244844394458519,16.343269591318737,500.0,81.98012427577564,6.831677022981303,50.27861738985672,False,False,ok,5.599999999999827,2.5,2.7000000000001467,-8.399999999999963,-11.10000000000011,8.399999999999963,11.10000000000011,12.627859017636435,13.677352830910912,1.049493813274477,12.627859017636435,13.677352830910912,0.3067116610427085,23.985564304487845,24.292275965530553,40.56708920112951,45.48942700392079,64.81142196847125,72.67552360086495,4.205927170674139,4.205927170674139,3.7590325984363493,2.326410871455964,6.085443469892313,1.2037381637667335,114.46423323918147,1.0516282070849448,53.94488188982206
160_5,51,160,R,college,59.924,-2.0179,True,1.5111,1.3472,1.4315,1.4089459465928689,1.280323559828744,230.7764401712562,1.334590651821392,176.50934817860798,1.3377611039735255,173.33889602647457,230.7764401712562,57.43754414478164,5.785744267467539,69.42893120961047,1.4167,94.40000000000003,1.4833,27.800000000000047,2251.74719842329,ok,lead_hand_velocity20_onset_to_latest_upward_crossing_55deg_pull_attack_direction,lead_hand_velocity20_onset,latest_upward_crossing_55deg_pull_attack_direction,55.0,173.33889602647457,54.102910291337516,-54.102910291337516,-6.3,30.0,8.249850302235814,27.49950100745271,-1.5445751889549113,-1.5445751889549113,-2.0179,0.4733248110450887,26.750956552176312,59.84018555873363,97.27797077091131,-6.683374745529378,-6.683374745529378,10.748406449205461,22.89801274843118,500.0,81.29862410124063,6.7748853417700525,37.80607606584221,False,False,ok,5.599999999999827,2.4390243902439024,2.7999999999999137,-8.299999999999974,-11.099999999999888,8.299999999999974,11.099999999999888,16.546681664809775,17.80014998127157,1.2534683164617952,16.546681664809775,17.80014998127157,0.29996250468723673,30.78158980130809,31.081552305995327,44.17821322729742,48.5340626129761,71.81740656231804,78.898403809672,5.055156152403434,5.055156152403434,4.035592953800563,3.037359675503152,7.072952629303716,1.5157511503068695,113.29966301883962,1.3378249413282266,54.76715410579595
160_6,51,160,R,college,55.8131,-4.6563,True,1.5417,1.3815,1.4741,1.4525226655830896,1.3265952244268853,215.1047755731148,1.372968307669742,168.73169233025797,1.3718132955718276,169.88670442817244,215.1047755731148,46.37308324285684,5.595535499700901,67.14642599641081,1.4389,102.8,1.5167,25.000000000000135,2369.4017098957634,ok,lead_hand_velocity20_onset_to_latest_upward_crossing_55deg_pull_attack_direction,lead_hand_velocity20_onset,latest_upward_crossing_55deg_pull_attack_direction,55.0,169.88670442817244,58.57005132644155,-58.57005132644155,-6.3,30.0,7.608847583342169,25.362825277807232,-4.893355054870521,-4.893355054870521,-4.6563,-0.23705505487052125,25.04764196206795,56.02997933533447,98.7573020265409,-5.50798941691836,-5.50798941691836,6.643044619429747,19.123359580073146,500.0,75.9427283447764,6.328560695398033,50.39187701083663,False,False,ok,13.999999999999568,6.024096385542169,11.099999999999888,-8.299999999999974,-19.399999999999864,8.299999999999974,19.399999999999864,11.742407199112797,16.497187851536385,4.754780652423587,11.742407199112797,16.497187851536385,1.8492688413968246,20.253468316482316,22.10273715787914,32.50040362021869,43.42068455121051,57.284550420712016,76.53241549062686,14.436084284752628,15.513304279255436,15.731240319661527,5.708240994094528,21.439481313756055,5.582066433740641,109.17254217669026,5.113068105262537,51.522497187907184
160_7,51,160,R,college,62.8402,3.3202,True,1.3,1.1343,1.238,1.184004505197256,1.0699502443522164,230.04975564778363,1.124642518596568,175.357481403432,1.1269615455453186,173.03845445468147,230.04975564778363,57.01130119310216,2.8893099194578586,34.671719033494306,1.2667,33.30000000000011,1.2694,30.59999999999996,2475.9380695500654,ok,lead_hand_velocity20_onset_to_latest_upward_crossing_55deg_pull_attack_direction,lead_hand_velocity20_onset,latest_upward_crossing_55deg_pull_attack_direction,55.0,173.03845445468147,44.97302007408099,-44.97302007408099,-6.3,30.0,8.880457811743982,29.601526039146606,3.3618841420333787,3.3618841420333787,3.3202,0.04168414203337889,29.601526039146606,66.21672789716037,100.0,-4.288912437152323,-4.288912437152323,12.778027746545488,27.10873640797829,500.0,80.73578877351727,6.727982397793106,35.71233866725977,False,False,ok,11.199999999999655,5.063291139240507,8.299999999999974,-2.7999999999999137,-11.099999999999888,2.7999999999999137,11.099999999999888,14.933445819288725,19.045931758550758,4.112485939262033,14.933445819288725,19.045931758550758,1.543869516312128,28.571241094894003,30.11511061120613,49.14951903406969,62.8514000952289,74.22523068551898,94.91770749053308,7.579744791470621,7.018284953512384,17.27371086873268,-0.4956508049374825,16.7780600637952,4.746163814621451,107.43204441765275,4.417828814808985,52.00487439075735
160_8,51,160,R,college,60.3778,2.2451,True,1.7139,1.5139,1.6657,1.5846312286494446,1.4873093175014012,226.5906824985988,1.536178611361727,177.7213886382729,1.544125464056104,169.774535943896,226.5906824985988,56.81614655470278,5.9503702039537645,71.40444244744518,1.6111,102.8,1.6833,30.59999999999996,2306.839075098276,ok,lead_hand_velocity20_onset_to_latest_upward_crossing_55deg_pull_attack_direction,lead_hand_velocity20_onset,latest_upward_crossing_55deg_pull_attack_direction,55.0,169.774535943896,47.63649105918732,-47.63649105918732,-6.3,30.0,8.291185376621584,27.637284588738616,2.558417996028886,2.558417996028886,2.2451,0.3133179960288861,27.637284588738616,61.82284491038517,100.0,-9.221779099020175,-9.221779099020175,11.121859767541075,28.220284964409938,500.0,79.28756581530149,6.607297151275124,37.329430769271724,False,False,ok,27.999999999999137,12.658227848101266,25.000000000000135,-2.7999999999999137,-27.800000000000047,2.7999999999999137,27.800000000000047,13.274278215237437,26.045369328862037,12.7710911136246,13.274278215237437,26.045369328862037,6.716535433078128,25.045556805426376,31.762092238504504,39.77230100386729,58.93570783195618,64.33269297380107,95.32998346709212,18.46959535994626,22.293340754726778,39.344698504338794,-5.039628343560006,34.30507016077879,15.323380943949884,110.09851677904378,13.917881359566643,53.555305586859504
164_1,54,164,L,independent,72.0429,9.9416,True,1.7083,1.55,1.6278,1.5884734676830787,1.5063081779018386,201.9918220981613,1.526525711202197,181.77428879780288,1.5427767491773827,165.5232508226172,201.9918220981613,36.46857127554412,3.9585967870139203,47.50316144416704,1.6667,41.59999999999986,1.6806,27.699999999999836,2717.1657537662145,ok,lead_hand_velocity20_onset_to_latest_upward_crossing_55deg_pull_attack_direction,lead_hand_velocity20_onset,latest_upward_crossing_55deg_pull_attack_direction,55.0,165.5232508226172,22.389215596229526,-22.389215596229526,-6.3,30.0,9.786487543410006,32.62162514470002,10.366692774479093,10.366692774479093,9.9416,0.42509277447909355,31.354828795063824,70.13875446283059,96.11669760774623,-9.949791023890358,9.949791023890358,21.12335958007531,33.92650918638835,500.0,84.94206181103046,7.078505150919205,45.43869412773753,True,True,ok,11.199999999999655,5.88235294117647,8.299999999999974,2.6999999999999247,-5.600000000000049,-2.6999999999999247,5.600000000000049,17.973003374597592,26.014435695566156,8.041432320968564,17.973003374597592,26.014435695566156,3.7859017622838067,-23.90326209226428,-20.117360329980475,71.01084129981054,72.97249719197383,97.31178736147314,100.0,12.780398469217383,12.958514262880275,17.055558627495333,4.074503361806824,21.130061989302156,9.50771293082684,102.51973964973739,9.2740314824348,53.29471316091248
164_2,54,164,L,independent,69.869,6.5852,True,0.6806,0.5176,0.5935,0.5560174667555969,0.4778619384740017,202.7380615259982,0.5005613462162564,180.03865378374363,0.5170775279418233,163.5224720581767,202.7380615259982,39.2155894678215,2.6861270022285497,32.2335240267426,0.6528,27.799999999999937,0.6556,25.00000000000002,2609.076926008718,ok,lead_hand_velocity20_onset_to_latest_upward_crossing_55deg_pull_attack_direction,lead_hand_velocity20_onset,latest_upward_crossing_55deg_pull_attack_direction,55.0,163.5224720581767,329.9826293224616,-329.9826293224616,-6.3,30.0,9.63303804701583,32.1101268233861,6.437795154972925,6.437795154972925,6.5852,-0.14740484502707574,30.714652236846952,68.7067202864328,95.65409817838896,-0.5231634126595375,0.5231634126595375,16.53974503188888,24.646044244496057,483.4,81.37187409553444,6.780989507961203,43.625924356106026,True,True,ok,11.200000000000099,2.2598870056497176,8.299999999999974,0.0,-8.299999999999974,0.0,8.299999999999974,16.53974503188888,22.817210348731056,6.277465316842175,16.53974503188888,22.817210348731056,2.233970753658209,-27.84045744284971,-25.606486689191502,63.27969433017764,68.7067202864328,88.0985450756919,95.65409817838896,8.399978651157845,8.566046359284751,15.421495060742803,0.5231634126595375,15.94465847340234,7.181696255821056,249.38501069004724,2.8797625951733563,64.61192350963111
164_3,54,164,L,independent,73.8753,7.0842,True,1.1306,0.9685,1.0343,1.0039087942826108,0.9267091033094348,203.8908966905652,0.9482008894128215,182.3991105871785,0.965306197013247,165.293802986753,203.8908966905652,38.59709370381216,7.0944521675907355,85.13342601108883,0.9861,144.50000000000009,1.0944,36.20000000000001,2835.930081339073,ok,lead_hand_velocity20_onset_to_latest_upward_crossing_55deg_pull_attack_direction,lead_hand_velocity20_onset,latest_upward_crossing_55deg_pull_attack_direction,55.0,165.293802986753,28.002633735750628,-28.002633735750628,-6.3,30.0,10.20777380875271,34.02591269584237,8.151706122677943,8.151706122677943,7.0842,1.0675061226779432,30.786017728698905,68.86636034515675,90.47815411711395,-5.036952953692892,5.036952953692892,18.85526809150893,30.22928383955271,500.0,85.98392560466556,7.16532713372213,44.100727476337745,True,True,ok,16.799999999999482,8.571428571428571,13.800000000000034,0.0,-13.800000000000034,0.0,13.800000000000034,18.85526809150893,27.99868766407224,9.14341957256331,18.85526809150893,27.99868766407224,6.135170603681175,-26.903074615702096,-20.76790401202092,55.599242933120955,68.86636034515675,73.0475205264941,90.47815411711395,21.31951021168824,21.55264705363569,31.90515329303371,5.036952953692892,36.9421062467266,11.476022424007613,108.50313213855478,10.576673869057649,55.35920509942239
164_4,54,164,L,independent,69.4392,6.1061,True,1.2056,1.05,1.1232,1.0832902111696396,1.0027093502830229,202.8906497169773,1.026208733374075,179.39126662592497,1.040033289648095,165.56671035190496,202.8906497169773,37.32393936507236,2.722729312085648,32.67275174502778,1.1778,27.800000000000047,1.1806,24.99999999999991,2745.414995340799,ok,lead_hand_velocity20_onset_to_latest_upward_crossing_55deg_pull_attack_direction,lead_hand_velocity20_onset,latest_upward_crossing_55deg_pull_attack_direction,55.0,165.56671035190496,28.893451739558486,-28.893451739558486,-6.3,30.0,9.447040495970269,31.490134986567565,5.352059593744662,5.352059593744662,6.1061,-0.7540404062553376,30.532487535776568,68.29922945547722,96.95889696503527,-2.6036921310588035,2.6036921310588035,16.53674540684201,26.044619422600306,500.0,80.2670008190607,6.688916734921725,47.25347432817497,True,True,ok,8.399999999999741,4.285714285714286,5.50000000000006,0.0,-5.50000000000006,0.0,5.50000000000006,16.53674540684201,20.95425571805788,4.417510311215871,16.53674540684201,20.95425571805788,1.2714660667430344,-25.310836145509146,-24.03937007876611,65.15976952820985,68.29922945547722,92.50205939833616,96.95889696503527,7.158724973147922,7.389359877488656,8.879430779837502,2.6036921310588035,11.483122910896306,5.083850224604022,104.60365400617947,4.860107682570718,53.07855268097224
164_5,54,164,L,independent,73.9805,5.748,True,1.1306,0.9732,1.0417,1.0037556912112835,0.9230520186343276,207.5479813656725,0.9451026698430014,185.49733015699863,0.9691733975552652,161.42660244473495,207.5479813656725,46.12137892093756,6.901017568614293,82.81221082337152,0.9861,144.50000000000009,1.0944,36.20000000000001,2815.3626286370322,ok,lead_hand_velocity20_onset_to_latest_upward_crossing_55deg_pull_attack_direction,lead_hand_velocity20_onset,latest_upward_crossing_55deg_pull_attack_direction,55.0,161.42660244473484,27.79616192083134,-27.79616192083134,-6.3,30.0,10.221438468298803,34.07146156099601,5.7809759535175935,5.7809759535175935,5.748,0.032975953517593304,32.46127414942647,72.61380223117939,95.27408764462034,-2.88348200389912,2.88348200389912,17.834083239614316,30.85376827899846,500.0,83.76732215668889,6.980610179724074,42.25071911242156,True,True,ok,11.199999999999655,5.797101449275362,8.299999999999974,0.0,-8.299999999999974,0.0,8.299999999999974,17.834083239614316,24.787026621699074,6.952943382084758,17.834083239614316,24.787026621699074,3.2024746906671275,-26.397637795304096,-23.19516310463697,70.2583706388205,73.09987864653928,92.18360637142035,95.91185189295902,12.157728859735876,12.524998160303042,17.813955110539183,2.88348200389912,20.697437114438305,8.199124963594278,106.69241652841059,7.684824498666195,53.9184476940965
164_6,54,164,L,independent,69.7295,6.227,True,0.9944,0.8278,0.8954,0.8640648518109162,0.7866050902223806,207.79490977761932,0.8085403170382933,185.85968296170665,0.8208085702662896,173.59142973371033,207.79490977761932,34.203480043909025,7.095669741837231,85.14803690204677,0.8417,152.69999999999996,0.9667,27.699999999999946,2684.830897062839,ok,lead_hand_velocity20_onset_to_latest_upward_crossing_55deg_pull_attack_direction,lead_hand_velocity20_onset,latest_upward_crossing_55deg_pull_attack_direction,55.0,173.59142973371033,34.06435225600224,-34.06435225600224,-6.3,30.0,9.52846593130354,31.761553104345136,6.252245586957574,6.252245586957574,6.227,0.025245586957574062,31.146471709296243,69.6726729359704,98.06344043369609,-1.354064161831885,1.354064161831885,18.510686164249464,23.998875140633345,424.99999999999994,85.95544107169091,7.16295342264091,45.70956264543502,True,True,ok,11.200000000000099,5.333333333333334,8.399999999999963,0.0,-8.399999999999963,0.0,8.399999999999963,18.510686164249464,24.848518935159948,6.3378327709104845,18.510686164249464,24.848518935159948,2.5116235470593296,-28.29715035623603,-25.7855268091767,66.52951281025152,71.04857083112272,93.63948075519681,100.0,9.260348950533434,9.308673446031392,15.715920586407183,1.354064161831885,17.06998474823907,7.182916078774449,110.30367680253879,6.511946189820142,56.58961379833636
164_7,54,164,L,independent,69.2243,8.2443,True,0.9944,0.8389,0.912,0.874250112151076,0.7911388223430266,203.2611776569734,0.812182144349858,182.217855650142,0.8283802154389642,166.01978456103572,203.2611776569734,37.24139309593767,6.669656335115869,80.03587602139044,0.8472,147.2,0.9667,27.699999999999946,2673.603215181476,ok,lead_hand_velocity20_onset_to_latest_upward_crossing_55deg_pull_attack_direction,lead_hand_velocity20_onset,latest_upward_crossing_55deg_pull_attack_direction,55.0,166.01978456103572,20.724463526156754,-20.724463526156754,-6.3,30.0,9.439207835630693,31.46402611876898,8.455589682279697,8.455589682279697,8.2443,0.21128968227969658,30.1644050649077,67.47585241792159,95.86950173205575,-5.750094185622006,5.750094185622006,18.675853018392875,27.53412073493788,491.5999999999999,80.73690350500912,6.728075292084093,44.34757682799612,True,True,ok,11.200000000000099,5.970149253731343,8.399999999999963,0.0,-8.399999999999963,0.0,8.399999999999963,18.675853018392875,25.935320584954898,7.259467566562023,18.675853018392875,25.935320584954898,3.3976377952792625,-23.80633670793722,-20.408698912657957,67.75659404178155,70.38302191922187,96.26837864328323,100.0,13.164788358590318,13.377489132980664,14.403986797155932,5.750094185622006,20.154080982777938,8.454566601121222,97.22279570517554,8.696074351491987,51.01274840650431
164_8,54,164,L,independent,74.9375,14.2048,True,1.3417,1.1676,1.2389,1.203589177851805,1.1161111894015163,225.5888105984836,1.1400791168203388,201.6208831796611,1.1668095189362433,174.8904810637566,225.5888105984836,50.69832953472701,3.8881828054079026,46.65819366489483,1.3028,38.899999999999935,1.3167,24.99999999999991,2720.436087573895,ok,lead_hand_velocity20_onset_to_latest_upward_crossing_55deg_pull_attack_direction,lead_hand_velocity20_onset,latest_upward_crossing_55deg_pull_attack_direction,55.0,174.8904810637566,22.096391218244584,-22.096391218244584,-6.3,30.0,10.372928901382476,34.57642967127492,15.57090553573331,15.57090553573331,14.2048,1.3661055357333094,31.86455575647173,71.27898120184256,92.15687119640309,-12.459668029648284,12.459668029648284,26.70509936260853,40.681477315379524,499.9999999999999,94.01552088374099,7.834626740311749,36.31901953834876,True,True,ok,19.599999999999397,10.0,16.70000000000016,8.399999999999963,-8.300000000000196,-8.399999999999963,8.300000000000196,17.92257217849705,31.91844769407273,13.99587551557568,17.92257217849705,31.91844769407273,6.914510686171695,-33.16760404952963,-26.253093363357934,67.44881442732552,77.34527038134145,87.20483372128294,100.0,14.252500262051106,12.459668029648284,37.28561301231911,-2.9424128099630367,34.34320020235607,16.657700459868185,109.6072077901618,15.197632341623574,57.63348331464795
164_9,54,164,L,independent,76.6637,5.4987,True,0.9722,0.8083,0.8759,0.840437068684136,0.7658033983049674,206.3966016950326,0.7876066235335659,184.593376466434,0.806606906179225,165.59309382077493,206.3966016950326,40.80350787425766,7.260168427940793,87.12202113528951,0.825,147.2,0.9444,27.799999999999937,2926.2805926369906,ok,lead_hand_velocity20_onset_to_latest_upward_crossing_55deg_pull_attack_direction,lead_hand_velocity20_onset,latest_upward_crossing_55deg_pull_attack_direction,55.0,165.59309382077493,32.66089241275716,-32.66089241275716,-6.3,30.0,10.80909595342388,36.030319844746266,6.199019633556696,6.199019633556696,5.4987,0.7003196335566955,35.040438328136275,78.38322818570204,97.25264299380254,-2.9113786403881687,2.9113786403881687,19.45725534310313,35.453318335246394,499.99999999999994,87.7400921815031,7.311674348458592,41.471755904124,True,True,ok,19.600000000000172,9.859154929577464,16.70000000000005,0.0,-16.70000000000005,0.0,16.70000000000005,19.45725534310313,29.238845144388545,9.781589801285413,19.45725534310313,29.238845144388545,6.240532433452561,-29.800149981284523,-23.559617547831962,57.04367268624809,80.59753007504077,70.7759563266235,100.0,21.8286766170946,21.57119382136968,35.259499723937196,2.9113786403881687,38.17087836432537,12.260701679595494,109.97078926176944,11.149053091190133,56.21109861273415
167_1,56,167,R,college,73.0392,10.6185,True,0.7639,0.5648,0.6694,0.6389816121708385,0.5674525637566076,196.44743624339245,0.6090103367823873,154.88966321761276,0.5922130538568317,171.68694614316837,196.44743624339245,41.55777302577968,7.49959855539274,89.99518266471287,0.6389,125.0,0.7389,25.00000000000002,2491.8167153429613,ok,lead_hand_velocity20_onset_to_latest_upward_crossing_55deg_pull_attack_direction,lead_hand_velocity20_onset,latest_upward_crossing_55deg_pull_attack_direction,55.0,171.68694614316837,34.84023405254044,-34.84023405254044,-6.3,30.0,9.942908969215235,33.14302989738412,10.29193880103421,10.29193880103421,10.6185,-0.3265611989657895,33.14302989738412,74.13884640610254,100.0,4.150170997599169,4.150170997599169,19.490251218618727,26.84851893516211,477.8,97.32977635562825,8.110814696302354,36.19346423731165,True,True,ok,11.200000000000099,5.405405405405405,8.299999999999974,2.8000000000000247,-5.499999999999949,-2.8000000000000247,5.499999999999949,16.519685039387923,23.83895763032196,7.3192725909340375,16.519685039387923,23.83895763032196,2.550056242972385,26.263217097891136,28.81327334086352,69.86254164295488,74.13884640610254,94.23203223351521,100.0,6.7634274817906395,6.526551762012826,14.70634699669062,-0.3528702967768561,14.353476699913763,8.241906336469848,121.66018299062584,6.774530609661259,60.38432695919535
167_2,56,167,R,college,73.5162,11.8257,True,1.1833,0.9944,1.0907,1.0606484191132983,0.9900813318317836,193.2186681682163,1.028924723032004,154.37527696799603,1.0256681960829404,157.63180391705967,193.2186681682163,38.84339120022028,7.641573636096103,91.69888363315323,1.0528,130.50000000000006,1.1583,24.99999999999991,2673.1332181973653,ok,lead_hand_velocity20_onset_to_latest_upward_crossing_55deg_pull_attack_direction,lead_hand_velocity20_onset,latest_upward_crossing_55deg_pull_attack_direction,55.0,157.63180391705967,32.25779901319736,-32.25779901319736,-6.3,30.0,10.179685485230442,33.93228495076814,12.15694948923606,12.15694948923606,11.8257,0.3312494892360611,32.063766159333326,71.72460218175843,94.49338942500978,7.888666587406531,7.888666587406531,19.973378327730607,28.47731533561381,500.0,95.96695617478625,7.997246347898854,41.107022153723435,True,True,ok,8.399999999999741,4.411764705882353,5.499999999999838,2.6999999999999247,-2.7999999999999137,-2.6999999999999247,2.7999999999999137,16.880577427839757,22.68241469818723,5.801837270347473,16.880577427839757,22.68241469818723,1.9754405699308926,23.65373078367759,25.629171353608484,71.84035399556292,72.96070875309877,94.64588634915806,96.12189479225435,7.722995722103522,7.888666587406531,11.384224527745792,1.948048025579121,13.332272553324913,6.523790613021171,118.74479807746786,5.4939590774874345,59.11248593932145
167_3,56,167,R,college,73.5834,4.9965,True,1.1222,0.9389,1.0287,0.9943589990612546,0.9183805409638762,203.81945903612387,0.9671727476329124,155.02725236708758,0.9494810768532248,172.71892314677538,203.81945903612387,48.79220666903629,,,,,,27.800000000000047,2667.9930823048467,no_barrel_inflection_before_peak_omega,lead_hand_velocity20_onset_to_latest_upward_crossing_55deg_pull_attack_direction,lead_hand_velocity20_onset,latest_upward_crossing_55deg_pull_attack_direction,55.0,172.7189231467753,39.30747096339182,-39.30747096339182,-6.3,30.0,10.350182208082105,34.50060736027368,5.267192849601022,5.267192849601022,4.9965,0.2706928496010219,33.32357694385397,74.54271864677419,96.58837769396771,-4.467439159807886,-4.467439159807886,14.887889013889348,24.883952006026128,497.2000000000001,94.43978862211576,7.869982385176313,31.829860085840547,True,False,ok,22.39999999999931,10.38961038961039,19.49999999999985,0.0,-19.49999999999985,0.0,19.49999999999985,14.887889013889348,28.75290588679522,13.865016872905871,14.887889013889348,28.75290588679522,6.192538432702605,25.34345706789389,31.535995500596496,56.85608630488837,77.17566070211535,73.67100687915456,100.0,14.2493823388603,14.905062656464775,34.47418718098722,-4.467439159807886,30.006748021179334,15.722425718431015,125.1913591034277,12.558714779541475,61.889388826463566
167_4,56,167,R,college,75.0576,9.7433,True,1.4111,1.2232,1.3083,1.2833404697160586,1.1983657814023758,212.7342185976242,1.2513607788668124,159.7392211331876,1.2450674945997582,166.03250540024183,212.7342185976242,52.99499746443658,7.676631307949209,92.11957569539051,1.2917,119.39999999999995,1.3833,27.800000000000047,2535.8452889197556,ok,lead_hand_velocity20_onset_to_latest_upward_crossing_55deg_pull_attack_direction,lead_hand_velocity20_onset,latest_upward_crossing_55deg_pull_attack_direction,55.0,166.03250540024183,30.60113606649817,-30.60113606649817,-6.3,30.0,10.265436962621672,34.21812320873891,9.829793168844521,9.829793168844521,9.7433,0.0864931688445214,33.64577872941619,75.26346351426305,98.32736449094162,5.383408628846574,5.383408628846574,21.38451443571864,31.23490813651668,500.0,100.39608380861452,8.366340317384543,35.64595238345422,True,True,ok,11.199999999999655,5.633802816901409,8.399999999999963,2.7999999999999137,-5.600000000000049,-2.7999999999999137,5.600000000000049,17.866329208868194,26.412448443973037,8.546119235104843,17.866329208868194,26.412448443973037,2.8063367079145465,27.14585676793333,29.952193475847878,73.82196308036227,76.54376165161702,96.44412749971343,100.0,7.469639679905551,7.777884203657267,15.095996275621102,-0.3866029816567147,14.709393293964387,9.57772724951277,126.05313424331712,7.598166683444087,62.088301462384294
167_5,56,167,R,college,73.8101,7.4748,True,1.0806,0.8917,0.9889,0.9544945468075896,0.881526678475399,199.073321524601,0.9240750497443592,156.52495025564096,0.9089234346037606,171.67656539623945,199.073321524601,42.54837126896004,5.996191008509369,71.95429210211242,1.0028,77.8000000000001,1.0556,24.99999999999991,2616.1395278308974,ok,lead_hand_velocity20_onset_to_latest_upward_crossing_55deg_pull_attack_direction,lead_hand_velocity20_onset,latest_upward_crossing_55deg_pull_attack_direction,55.0,171.67656539623943,31.891926054308016,-31.891926054308016,-6.3,30.0,10.002400466069737,33.341334886899126,7.578443909579214,7.578443909579214,7.4748,0.10364390957921366,32.01465425594641,71.61474198270038,96.02091327340942,3.374541383185716,3.374541383185716,19.154480689934456,31.162354705695453,500.0,95.10407506665766,7.925339588888138,35.67818598350649,True,True,ok,16.799999999999482,8.21917808219178,13.800000000000034,0.0,-13.800000000000034,0.0,13.800000000000034,19.154480689934456,29.55249343835214,10.398012748417685,19.154480689934456,29.55249343835214,5.673978252724542,21.324709411346614,26.998687664071156,63.66066875817392,74.58244203404413,85.3561066411786,100.0,17.342221931327327,16.388042994773365,29.852762079982305,3.374541383185716,33.22730346316802,12.364419813151475,119.87857287969291,10.314119960003271,60.96119235102199
167_6,56,167,R,college,71.0143,9.2012,True,1.1889,1.0028,1.0944,1.0654505196382122,0.9903513834021728,198.5486165978272,1.036455021988677,152.44497801132306,1.030800947457921,158.0990525420791,198.5486165978272,46.10363858650413,8.02029083028866,96.24348996346393,0.9778,211.10000000000008,1.1583,30.59999999999996,2541.522417416319,ok,lead_hand_velocity20_onset_to_latest_upward_crossing_55deg_pull_attack_direction,lead_hand_velocity20_onset,latest_upward_crossing_55deg_pull_attack_direction,55.0,158.0990525420791,31.176877095381307,-31.176877095381307,-6.3,30.0,9.748136405161324,32.493788017204416,8.698327861369503,8.698327861369503,9.2012,-0.5028721386304973,32.493788017204416,72.68653368200694,100.0,7.217396144369528,7.217396144369528,18.45988001501807,29.48350206227407,497.2000000000001,92.54889065585262,7.712407554654384,43.27852768903666,True,True,ok,8.399999999999741,4.411764705882353,5.499999999999838,0.0,-5.499999999999838,0.0,5.499999999999838,18.45988001501807,22.759280090013338,4.299400074995269,18.45988001501807,22.759280090013338,1.6709786276733496,20.761529808796325,22.432508436469675,67.99891593109356,72.68653368200694,93.55091305987843,100.0,11.343581299152005,11.204737723266804,8.391213885450153,7.217396144369528,15.608610029819681,5.138992854377328,117.35042524019539,4.379185540963082,57.882827146669214
167_7,56,167,R,college,76.147,9.1922,True,1.2111,1.0204,1.1176,1.083667646535889,1.0011568265767057,209.9431734232946,1.0552257647569316,155.87423524306843,1.0456753158293055,165.42468417069435,209.9431734232946,54.06893818022618,7.327556773824212,87.93068128589054,1.0917,119.40000000000018,1.1833,27.800000000000047,2553.937105480279,ok,lead_hand_velocity20_onset_to_latest_upward_crossing_55deg_pull_attack_direction,lead_hand_velocity20_onset,latest_upward_crossing_55deg_pull_attack_direction,55.0,165.42468417069455,33.633954291701016,-33.633954291701016,-6.3,30.0,10.606969785337798,35.356565951125994,9.233080125648177,9.233080125648177,9.1922,0.04088012564817767,35.356565951125994,79.09038553848862,100.0,2.3576587135527065,2.3576587135527065,18.919572553451257,29.376265466848377,497.2000000000001,95.086168483526,7.923847373627166,34.28237279304483,True,True,ok,13.999999999999568,6.944444444444445,11.10000000000011,2.8000000000001357,-8.299999999999974,-2.8000000000001357,8.299999999999974,15.663292088505859,25.36407949009114,9.70078740158528,15.663292088505859,25.36407949009114,3.716160479944026,25.42107236598171,29.137232845925737,70.62391509466029,79.09038553848862,89.29519639310874,100.0,7.846706818137823,7.008487855712139,22.519164116739635,-2.7922646889577125,19.726899427781923,10.892987700981076,120.59710004710638,9.032545307247164,60.4043869516963
167_8,56,167,R,college,71.9658,7.8056,True,1.0694,0.8778,0.9722,0.9444013551871442,0.8618628882447827,207.53711175521715,0.914547252084534,154.85274791546578,0.907664878648282,161.73512135171796,207.53711175521715,52.68436383975137,8.15861609301856,97.90339311622273,0.8611,208.29999999999993,1.0444,24.99999999999991,2860.1495254518527,ok,lead_hand_velocity20_onset_to_latest_upward_crossing_55deg_pull_attack_direction,lead_hand_velocity20_onset,latest_upward_crossing_55deg_pull_attack_direction,55.0,161.73512135171785,31.21879067826616,-31.21879067826616,-6.3,30.0,9.74813437125442,32.49378123751473,8.131692159844922,8.131692159844922,7.8056,0.32609215984492224,32.34901233816819,72.36267971136398,99.55447198253613,7.37115009713453,7.37115009713453,19.545744281985865,29.852830896170225,499.9999999999999,94.88294941601319,7.906912451334432,39.90424120677891,True,True,ok,11.199999999999655,5.714285714285714,8.400000000000185,0.0,-8.400000000000185,0.0,8.400000000000185,19.545744281985865,25.808398950159113,6.262654668173248,19.545744281985865,25.808398950159113,3.3125234345742562,20.337457817794743,23.649981252369,67.9358680592941,72.68651851627303,93.46419314894638,100.0,15.213514301741544,15.163293251392204,15.785170509912701,7.37115009713453,23.15632060704723,7.4059094730223505,118.42040182626015,6.25391348011797,59.49737532814827
174_1,19,174,R,high_school,65.8157,9.1395,True,1.0972,0.8704,0.9602,0.9250221100933184,0.8689117677705447,228.28823222945528,0.9124504745015478,184.74952549845213,0.9307247568929172,166.47524310708283,228.28823222945528,61.81298912237244,4.464831189348268,53.57797427217922,1.0361,61.09999999999993,1.0694,27.800000000000047,2392.1914053268015,ok,lead_hand_velocity20_onset_to_latest_upward_crossing_55deg_pull_attack_direction,lead_hand_velocity20_onset,latest_upward_crossing_55deg_pull_attack_direction,55.0,166.47524310708272,33.769469906430814,-33.769469906430814,-6.3,30.0,9.422450081714409,31.40816693904803,7.269291658002566,7.269291658002566,9.1395,-1.8702083419974338,29.762677508326284,66.57721346708628,94.76095044351028,1.36214651735196,1.36214651735196,17.547056617941713,28.87382827149725,500.0,76.42196861795321,6.368497384829435,44.34573653624237,True,True,ok,22.39999999999931,11.11111111111111,19.50000000000007,0.0,-19.50000000000007,0.0,19.50000000000007,17.547056617941713,28.632545931789455,11.085489313847741,17.547056617941713,28.632545931789455,7.61079865017695,21.23772028498732,28.848518935164268,51.30049676339588,70.25806849285969,73.01723184805391,100.0,22.605760995329064,22.244980554851075,40.81350924337696,1.36214651735196,42.17565576072892,14.140604821059007,100.20516678114785,14.111652398067118,52.9964379453141
174_2,19,174,R,high_school,60.6736,-1.1346,True,1.0333,0.8593,0.9296,0.8985049923133182,0.8217314957359965,211.56850426400365,0.8602897522509355,173.0102477490646,0.8631112528670586,170.18874713294153,211.56850426400365,41.37975713106212,2.551108063670814,30.61329676404977,1.0028,30.500000000000192,1.0083,25.000000000000135,2210.3125557215976,ok,lead_hand_velocity20_onset_to_latest_upward_crossing_55deg_pull_attack_direction,lead_hand_velocity20_onset,latest_upward_crossing_55deg_pull_attack_direction,55.0,170.18874713294153,52.816666212249345,-52.816666212249345,-6.3,30.0,8.315625119716506,27.718750399055022,-1.5754963851486292,-1.5754963851486292,-1.1346,-0.44089638514862917,26.754818696267165,59.848824929015606,96.52245613921788,-16.681301957530625,-16.681301957530625,7.3282714660746535,16.98575178104571,488.9000000000001,73.17875094864068,6.098229245720057,42.34534439971919,False,False,ok,11.200000000000099,4.938271604938271,8.299999999999974,-5.599999999999827,-13.899999999999801,5.599999999999827,13.899999999999801,11.81402324710687,17.135920509954765,5.321897262847894,11.81402324710687,17.135920509954765,1.5566179227613333,32.73528308964916,34.29190101241049,46.40871877553309,59.19243355026414,74.84664114628204,95.46384708313627,-0.7652525928912279,-2.5140469136298074,19.971547140422945,-9.002231842364122,10.969315298058824,5.6057898860040005,109.9943957956458,5.096432273166694,57.36407949012572
174_3,19,174,R,high_school,62.855,14.7171,True,1.1667,0.9417,1.0241,0.9958547181397702,0.92545096807109,241.24903192891,0.972401854665526,194.298145334474,0.9856985625478354,181.00143745216468,241.24903192891,60.24759447674532,4.188948799329179,50.267385591950145,1.1139,52.80000000000018,1.1417,25.000000000000135,2289.8178197011102,ok,lead_hand_velocity20_onset_to_latest_upward_crossing_55deg_pull_attack_direction,lead_hand_velocity20_onset,latest_upward_crossing_55deg_pull_attack_direction,55.0,181.00143745216468,31.675108619594774,-31.675108619594774,-6.3,30.0,8.53930058172949,28.464335272431633,14.396798015795746,14.396798015795746,14.7171,-0.3203019842042547,27.95150511572198,62.52573621090271,98.1983413566438,8.523673265851535,8.523673265851535,23.157667791551074,33.41751031124719,497.30000000000007,83.69570868863656,6.974642390719713,38.25803548121295,True,True,ok,11.199999999999655,5.194805194805195,8.299999999999974,5.600000000000049,-2.6999999999999247,-5.600000000000049,2.6999999999999247,18.11511061119317,25.00468691416274,6.889576302969569,18.11511061119317,25.00468691416274,2.2470941132382762,29.011811023653383,31.25890513689166,61.79607652262927,63.672904600106484,97.05239129695042,100.0,6.27901316775114,6.166514972759558,14.116987837202172,-0.666982555858363,13.45000528134381,7.825787969140862,101.99108037141788,7.673012130709786,54.16047994006601
174_4,19,174,R,high_school,63.0783,-0.3109,True,0.9806,0.7519,0.85,0.8258955526085455,0.7614699445508596,219.13005544914043,0.8027428819145008,177.8571180854992,0.8112768496032298,169.32315039677027,219.13005544914043,49.80690505237016,3.2529288883794045,39.035146660552854,0.9417,38.90000000000005,0.9556,25.00000000000002,2306.3920561635755,ok,lead_hand_velocity20_onset_to_latest_upward_crossing_55deg_pull_attack_direction,lead_hand_velocity20_onset,latest_upward_crossing_55deg_pull_attack_direction,55.0,169.32315039677027,44.7915286213062,-44.7915286213062,-6.3,30.0,8.662208534502922,28.874028448343076,-0.10972206649978622,-0.10972206649978622,-0.3109,0.2011779335002138,27.873203265627026,62.35057996069031,96.53382213532632,-9.504829262214463,-9.504829262214463,12.165166854156368,24.22815898015365,500.0,76.17866903751079,6.348222419792566,44.31356550602591,False,False,ok,5.600000000000049,2.5974025974025974,2.8000000000000247,-5.499999999999949,-8.299999999999974,5.499999999999949,8.299999999999974,16.670603674558688,18.360892388471274,1.6902887139125866,16.670603674558688,18.360892388471274,0.7827146606682689,31.48200224975279,32.26471691042106,52.4343937156122,55.43834036603858,81.18116046246541,85.831998543508,4.106123610137576,4.106123610137576,7.211924026342374,0.5001615969663894,7.712085623308764,1.8594733830385346,108.86337674754793,1.7080798323485937,57.0451818523301
174_5,19,174,R,high_school,59.4919,4.9477,True,0.8806,0.7,0.7639,0.7339901971336207,0.6607585704254139,219.8414295745862,0.6967236445312492,183.8763554687508,0.6955707573556968,185.0292426443032,219.8414295745862,35.965074105835384,3.19002647340551,38.28031768086612,0.8417,38.90000000000005,0.8444,36.20000000000001,2162.379063066511,ok,lead_hand_velocity20_onset_to_latest_upward_crossing_55deg_pull_attack_direction,lead_hand_velocity20_onset,latest_upward_crossing_55deg_pull_attack_direction,55.0,185.0292426443032,56.45628643772626,-56.45628643772626,-6.3,30.0,8.13869246537112,27.128974884570404,5.02601667720789,5.02601667720789,4.9477,0.07831667720788982,26.473124819959672,59.21869367385389,97.582473840603,-5.948855394261938,-5.948855394261938,14.800337457833757,23.30821147359098,461.20000000000005,84.2949483933282,7.02457903277735,44.31218737702918,True,False,ok,28.00000000000025,11.494252873563218,24.99999999999991,0.0,-24.99999999999991,0.0,24.99999999999991,14.800337457833757,26.04855643047433,11.248218972640574,14.800337457833757,26.04855643047433,4.691976003004694,31.01237345335183,35.704349456356525,37.92032336226213,59.21869367385389,62.486332152222495,97.582473840603,15.234980199261159,19.703012813742994,35.96077026146358,-5.948855394261938,26.79760671654356,12.92446341670812,112.07273394285843,11.53221034413045,58.190663667104495
174_6,19,174,R,high_school,62.809,-3.1571,True,0.9806,0.7982,0.862,0.8407396432280961,0.7652262409538206,215.3737590461794,0.8002536090326821,180.346390967318,0.8048072407068554,175.79275929314463,215.3737590461794,39.58099975303477,3.605112527198732,43.261350326384786,0.9361,44.499999999999986,0.9556,25.00000000000002,2284.1744284346432,ok,lead_hand_velocity20_onset_to_latest_upward_crossing_55deg_pull_attack_direction,lead_hand_velocity20_onset,latest_upward_crossing_55deg_pull_attack_direction,55.0,175.79275929314463,59.45847866967069,-59.45847866967069,-6.3,30.0,8.583604294764202,28.61201431588067,-3.9882253391122817,-3.9882253391122817,-3.1571,-0.8311253391122819,27.341225593921582,61.160579800289796,95.55854855960366,-14.433313712000443,-14.433313712000443,7.777090363712934,15.615673040886751,436.20000000000005,79.43998914986618,6.619999095822181,43.68222926300559,False,False,ok,28.00000000000025,11.76470588235294,25.00000000000002,-8.299999999999974,-33.3,8.299999999999974,33.3,14.33014623173651,26.613610798678916,12.283464566942406,14.33014623173651,26.613610798678916,6.31083614548864,28.675478065272817,34.986314210761456,35.82266327647281,55.45461973732551,55.97006633058337,86.64343912904609,19.010293729572194,23.376095800608464,32.6088184148301,-3.125114272464485,29.48370414236561,14.253629554126286,115.20772540839394,12.372112637064335,58.43588301468631
174_7,19,174,R,high_school,61.0525,-4.7123,True,1.5111,1.3,1.3796,1.355677738476773,1.272433909133747,238.666090866253,1.3305658309645043,180.5341690354958,1.3370580944987462,174.04190550125386,238.666090866253,64.62418536499914,3.57916789917412,42.95001479008944,1.4667,44.40000000000022,1.4861,25.000000000000135,2208.242439530582,ok,lead_hand_velocity20_onset_to_latest_upward_crossing_55deg_pull_attack_direction,lead_hand_velocity20_onset,latest_upward_crossing_55deg_pull_attack_direction,55.0,174.04190550125386,55.10421778442609,-55.10421778442609,-6.3,30.0,8.415654682911368,28.052182276371227,-4.332939622605228,-4.332939622605228,-4.7123,0.3793603773947716,27.33972172225479,61.15721573517976,97.46023126793757,-13.240726366609929,-13.240726366609929,8.410948631430154,19.753468316481776,500.0,76.39615753749969,6.366346461458307,43.369305255847024,False,False,ok,25.19999999999922,10.975609756097562,22.199999999999996,-16.69999999999994,-38.899999999999935,16.69999999999994,38.899999999999935,19.041994750676736,30.80633670794479,11.764341957268055,19.041994750676736,30.80633670794479,7.499437570311823,25.58136482942395,33.080802399735774,37.128747400869095,40.62505695946715,59.16842787687613,64.7401520645954,25.952386232780462,23.78676487449601,20.368420613361458,18.76693099100673,38.94526425661354,14.715832472764726,111.37411961020523,13.21297310745818,57.63179602555908
174_8,19,174,R,high_school,62.502,3.2949,True,0.9917,0.8019,0.9139,0.8376868405210596,0.7584108356783104,233.28916432168967,0.8070604897837642,184.6395102162358,0.8196791504105542,172.02084958944585,233.28916432168967,61.26831473224382,3.267389530891417,39.208674370697004,0.9528,38.90000000000005,0.9667,25.00000000000002,2467.0010885095207,ok,lead_hand_velocity20_onset_to_latest_upward_crossing_55deg_pull_attack_direction,lead_hand_velocity20_onset,latest_upward_crossing_55deg_pull_attack_direction,55.0,172.02084958944585,36.512295876214296,-36.512295876214296,-6.3,30.0,8.487822091119169,28.292740303730564,3.1994800225454036,3.1994800225454036,3.2949,-0.09541997745459652,28.292740303730564,63.289057587085125,100.0,-4.96513642759735,-4.96513642759735,16.312898387719155,28.773528308992454,500.0,76.2713841011189,6.3559486750932415,43.93454242977658,False,False,ok,22.400000000000198,10.666666666666668,19.50000000000007,-2.6999999999999247,-22.199999999999996,2.6999999999999247,22.199999999999996,18.979377577823275,31.476377952789907,12.497000374966632,18.979377577823275,31.476377952789907,7.418072740915399,21.790026246742695,29.208098987658094,50.333823955925304,62.4990648179712,79.53005760382267,98.75177037037264,19.597696695486153,19.305881376619396,37.314625929847026,0.4442883364802475,37.758914266327274,15.174731425623884,105.0776707692724,14.441442520118548,56.650356205535516
178_1,64,178,R,college,58.397,-0.5588,True,1.2389,1.0056,1.1417,1.1034608636232597,1.032947917036933,205.95208296306723,1.0592626575967574,179.63734240324249,1.0676083589674783,171.29164103252137,205.95208296306723,34.66044193054586,4.636450792902357,55.637409514828285,1.1722,66.69999999999999,1.2139,24.99999999999991,2142.1364720984207,ok,lead_hand_velocity20_onset_to_latest_upward_crossing_55deg_pull_attack_direction,lead_hand_velocity20_onset,latest_upward_crossing_55deg_pull_attack_direction,55.0,171.2916410325216,58.99776810539503,-58.99776810539503,-6.3,30.0,7.894505182194017,26.315017273980057,-0.5991084826908484,-0.5991084826908484,-0.5588,-0.04030848269084841,26.282953326368865,58.79329215812642,99.87815342366164,-11.926710705984181,-11.926710705984181,7.283652043502427,18.212785901781945,499.9999999999999,80.79227049242964,6.73268920770247,36.67398540817676,False,False,ok,5.599999999999827,2.4096385542168677,2.8000000000001357,-5.50000000000006,-8.300000000000196,5.50000000000006,8.300000000000196,11.466441694800533,12.819647544070836,1.353205849270303,11.466441694800533,12.819647544070836,0.09486314210733582,34.229283839557034,34.32414698166437,50.426795898679934,54.028685579276846,85.66513410894059,91.78403095802678,-3.4922031013488546,-3.4922031013488546,2.7093616567373684,-4.846883929717539,-2.13752227298017,1.580960808573264,116.51343231803156,1.3568914563068755,56.123172103547695
178_2,64,178,R,college,59.1322,14.3266,True,1.3361,1.112,1.2398,1.193032105025343,1.1173434511992386,218.75654880076144,1.1344938781027734,201.6061218972267,1.15144437300226,184.65562699774,218.75654880076144,34.10092180302144,6.915983178325724,82.99179813990868,1.1944,141.70000000000016,1.3,36.10000000000002,2226.135537589385,ok,lead_hand_velocity20_onset_to_latest_upward_crossing_55deg_pull_attack_direction,lead_hand_velocity20_onset,latest_upward_crossing_55deg_pull_attack_direction,55.0,184.65562699773997,53.4870742443474,-53.4870742443474,-6.3,30.0,8.02485804400529,26.74952681335097,13.095471816677616,13.095471816677616,14.3266,-1.231128183322383,26.621263876877116,59.55007130654323,99.52050390510148,-2.2512866633797723,-2.2512866633797723,14.979752530949813,27.515185601829494,497.2000000000001,89.05588729872325,7.421323941560271,41.611710791013685,True,True,ok,11.199999999999655,4.651162790697675,8.299999999999974,5.50000000000006,-2.7999999999999137,-5.50000000000006,2.7999999999999137,9.950131233606546,16.577802774671074,6.627671541064528,9.950131233606546,16.577802774671074,0.5296212973384016,30.240719910043914,30.770341207382316,58.87722632395206,59.83698732406706,98.39604057116527,100.0,-4.360440806984175,-4.65013655182726,12.541734358274626,-10.341612241278403,2.200122116996223,7.242626771185685,117.1424629456943,6.182750976085649,53.43213348337232
178_3,64,178,R,college,62.9897,8.4552,True,1.3028,1.0944,1.2065,1.1655084891244285,1.094783500478678,208.01649952132183,1.1137914214879756,189.0085785120244,1.1240108194495886,178.78918055041137,208.01649952132183,29.22731897091046,6.771132213672102,81.25358656406522,1.1667,136.09999999999988,1.275,27.800000000000047,2429.8929870521865,ok,lead_hand_velocity20_onset_to_latest_upward_crossing_55deg_pull_attack_direction,lead_hand_velocity20_onset,latest_upward_crossing_55deg_pull_attack_direction,55.0,178.78918055041137,48.5564384302537,-48.5564384302537,-6.3,30.0,8.718673583967357,29.06224527989119,8.643935816584857,8.643935816584857,8.4552,0.18873581658485783,27.65202027063843,61.855807692015034,95.14757034196349,-7.173770394870414,-7.173770394870414,13.091676040509077,26.008998875168693,500.0,87.54347796770753,7.295289830642294,41.23144230619078,True,True,ok,25.19999999999922,10.975609756097562,22.199999999999996,0.0,-22.199999999999996,0.0,22.199999999999996,13.091676040509077,26.04893138360519,12.957255343096113,13.091676040509077,26.04893138360519,5.53543307087212,25.08042744659627,30.61586051746839,47.12834492491583,65.01039119517529,72.49355688912303,100.0,14.097776096590305,15.105321342900409,38.73959773544234,-7.173770394870414,31.56582734057192,15.037041080319282,117.21888462983927,12.828172804923149,57.1353580803017
178_4,64,178,R,college,62.0208,8.9127,True,1.5806,1.3565,1.4815,1.4347953450738993,1.3762925007453477,204.30749925465253,1.393921196723222,186.67880327677787,1.4062389207414143,174.36107925858545,204.30749925465253,29.94641999606708,6.716329256714133,80.59595108056959,1.4583,122.30000000000007,1.55,30.59999999999996,2352.422345635563,ok,lead_hand_velocity20_onset_to_latest_upward_crossing_55deg_pull_attack_direction,lead_hand_velocity20_onset,latest_upward_crossing_55deg_pull_attack_direction,55.0,174.36107925858568,61.953776538850704,-61.953776538850704,-6.3,30.0,8.483647224361423,28.278824081204746,9.337635310084423,9.337635310084423,8.9127,0.42493531008442353,28.278824081204746,63.25792788386882,100.0,-3.6711359299236648,-3.6711359299236648,13.928571428586471,27.26715410576623,500.0,88.60671700784334,7.383893083986945,42.914987248501824,True,True,ok,11.199999999999655,4.705882352941177,8.299999999999974,2.7999999999999137,-5.50000000000006,-2.7999999999999137,5.50000000000006,11.056992875902454,17.66966629173262,6.612673415830168,11.056992875902454,17.66966629173262,0.7619047619055834,29.105924259499005,29.86782902140459,60.71177925522398,63.25792788386882,95.97497307638793,100.0,-2.0067202745428743,-1.9707813168284194,11.307109933902352,-7.696214199208506,3.610895734693846,7.083632532388083,119.15839543922802,5.944719636646003,56.780464941943606
178_5,64,178,R,college,57.2604,12.937,True,1.375,1.1463,1.3009,1.2233861586614625,1.1070389201351372,267.9610798648628,1.1650735302601258,209.92646973987416,1.204974904804312,170.0250951956881,267.9610798648628,97.93598466917472,2.2967795157839235,27.561354189407083,1.3472,27.800000000000047,1.35,24.99999999999991,2376.2350728164697,ok,lead_hand_velocity20_onset_to_latest_upward_crossing_55deg_pull_attack_direction,lead_hand_velocity20_onset,latest_upward_crossing_55deg_pull_attack_direction,55.0,170.0250951956881,42.790188900450055,-42.790188900450055,-6.3,30.0,7.76199449875701,25.873314995856703,12.951265778992472,12.951265778992472,12.937,0.014265778992472278,25.873314995856703,57.87695730998719,100.0,-3.977129732114268,-3.977129732114268,13.4925009373974,27.949193850798842,500.0,83.99639578400512,6.999699648667093,37.29140944356354,True,True,ok,13.999999999999568,6.493506493506493,11.200000000000099,5.600000000000049,-5.600000000000049,-5.600000000000049,5.600000000000049,8.013310836154137,17.785901762298927,9.77259092614479,8.013310836154137,17.785901762298927,1.1479190101249692,30.562804649451838,31.710723659576807,56.974951292586205,57.87695730998719,98.44151099276026,100.0,-3.739754295576025,-3.977129732114268,18.65111441445635,-12.838709188751444,5.812405225704906,10.314797578922253,110.13044854089733,9.36598162958704,54.32958380208345
178_6,64,178,R,college,60.0856,5.2912,True,1.2861,1.0917,1.1907,1.146186990169233,1.0657706754851064,220.3293245148936,1.0854974184118031,200.60258158819687,1.0911444203550564,194.9555796449436,220.3293245148936,25.37374486995,6.671597964112567,80.0591755693508,1.1583,127.79999999999991,1.25,36.10000000000002,2243.140343164,ok,lead_hand_velocity20_onset_to_latest_upward_crossing_55deg_pull_attack_direction,lead_hand_velocity20_onset,latest_upward_crossing_55deg_pull_attack_direction,55.0,194.95557964494358,61.701443201028326,-61.701443201028326,-6.3,30.0,8.124700147091303,27.08233382363768,5.21381547797718,5.21381547797718,5.2912,-0.07738452202281998,26.724254890674654,59.78045564306242,98.67781360611363,-4.302985805336234,-4.302985805336234,13.026996625435892,26.77896512938775,500.0,89.48117531250325,7.456764609375271,42.98080386904824,True,True,ok,11.199999999999655,4.301075268817205,8.299999999999974,0.0,-8.299999999999974,0.0,8.299999999999974,13.026996625435892,17.950881139876905,4.9238845144410135,13.026996625435892,17.950881139876905,0.9034495688048736,27.619047619077453,28.522497187882326,53.182733255114,59.78045564306242,87.78715021087045,98.67781360611363,1.9284670348531288,2.1621853517789686,11.995469046527045,-4.302985805336234,7.692483241190812,5.2710823206719795,119.94311214483946,4.3946519532582995,57.95350581183614
178_7,64,178,R,college,59.4885,16.7876,True,1.6528,1.4574,1.5287,1.4814329905993189,1.4311435675973376,221.6564324026624,1.4539088237200417,198.8911762799584,1.4668671559639357,185.93284403606452,221.6564324026624,35.72358836659785,6.132547557301152,73.59057068761382,1.5583,94.50000000000003,1.625,27.800000000000047,2396.2554344025148,ok,lead_hand_velocity20_onset_to_latest_upward_crossing_55deg_pull_attack_direction,lead_hand_velocity20_onset,latest_upward_crossing_55deg_pull_attack_direction,55.0,185.93284403606435,42.50846244470341,-42.50846244470341,-6.3,30.0,8.100492917760084,27.001643059200283,17.294090087981186,17.294090087981186,16.7876,0.5064900879811844,27.001643059200283,60.400955304223906,100.0,5.584280327565268,5.584280327565268,18.515185601819773,33.330146231757034,500.0,92.37249796104581,7.697708163420484,36.37562514448102,True,True,ok,11.199999999999655,4.878048780487805,8.399999999999963,8.399999999999963,0.0,-8.399999999999963,0.0,10.339895013134527,18.515185601819773,8.175290588685247,10.339895013134527,18.515185601819773,1.1816647919022891,31.092988376486527,32.27465316838882,58.7377850003625,60.400955304223906,97.24645033264053,100.0,-2.2660807118991944,-2.5257854792541132,15.181312544219086,-9.597032216653817,5.584280327565268,8.736156957963948,113.86688817828487,7.6722540658926945,54.90044994381634
178_8,64,178,R,college,60.0741,14.5956,True,1.8111,1.5917,1.7361,1.6288510332461528,1.5532721706934798,257.82782930652013,1.607902079225638,203.197920774362,1.624954278615641,186.1457213843589,257.82782930652013,71.68210792216124,6.47057569492582,77.64690833910984,1.6972,113.89999999999989,1.775,36.10000000000002,2400.402127823817,ok,lead_hand_velocity20_onset_to_latest_upward_crossing_55deg_pull_attack_direction,lead_hand_velocity20_onset,latest_upward_crossing_55deg_pull_attack_direction,55.0,186.14572138435892,40.91390400099137,-40.91390400099137,-6.3,30.0,8.128812475578961,27.096041585263205,14.314309738504964,14.314309738504964,14.5956,-0.28129026149503567,26.411670458635086,59.0812241827019,97.47427636441063,5.956606589459093,5.956606589459093,18.133295838039835,31.995500562464258,500.0,89.76121779784641,7.4801014831538675,37.89797301136616,True,True,ok,11.199999999999655,4.878048780487805,8.299999999999974,5.499999999999838,-2.8000000000001357,-5.499999999999838,2.8000000000001357,12.948443944520923,20.072365954277398,7.123922009756475,12.948443944520923,20.072365954277398,1.6844769403842648,28.586989126390087,30.27146606677435,59.40257697748126,60.612118793090495,98.00445547904667,100.0,3.6383606060325357,3.287747372442603,14.520322030948321,-3.2711871758516917,11.24913485509663,7.813689577926343,110.18152912475406,7.091651059842544,52.11023622052875
179_1,65,179,R,college,75.3783,-0.3922,True,1.925,1.7139,1.8444,1.7630783190406258,1.6995131676585995,225.4868323414005,1.7500838554324074,174.91614456759262,1.735206384879701,189.79361512029905,225.4868323414005,50.57068777380789,2.8389324312124073,34.067189174548886,1.8972,27.800000000000047,1.9,25.000000000000135,2832.4001943048443,ok,lead_hand_velocity20_onset_to_latest_upward_crossing_55deg_pull_attack_direction,lead_hand_velocity20_onset,latest_upward_crossing_55deg_pull_attack_direction,55.0,189.79361512029902,37.389666280299274,-37.389666280299274,-6.3,30.0,10.247253815894057,34.15751271964686,-0.679699470427753,-0.679699470427753,-0.3922,-0.28749947042775303,33.224473740036,74.3210310934949,97.26842236064164,-4.35171702131081,-4.35171702131081,16.463817022889927,30.889013873299206,500.0,82.11971929224208,6.843309941020173,39.042838399354586,False,False,ok,8.399999999999741,3.6585365853658534,5.499999999999838,-5.600000000000049,-11.099999999999888,5.600000000000049,11.099999999999888,22.309523809547912,25.761342332236307,3.451818522688395,22.309523809547912,25.761342332236307,1.7523434570697596,26.778777652822328,28.531121109892087,64.62078560866728,74.98373758260254,84.57312520265181,98.13574637021532,10.793004527406756,10.045236744013241,10.63525390097135,5.84926146861784,16.48451536958919,4.1447895655191935,112.15401352120453,3.6956230413774307,55.994000749966766
179_2,65,179,R,college,72.5433,-3.3392,True,1.0861,0.8778,1.0056,0.931165737939941,0.8689095463963472,217.19045360365288,0.9127485628711968,173.35143712880318,0.8970147317695378,189.08526823046225,217.19045360365288,43.8390164748497,6.367288763465564,76.40746516158677,0.9722,113.90000000000012,1.05,36.10000000000002,2542.4190710933112,ok,lead_hand_velocity20_onset_to_latest_upward_crossing_55deg_pull_attack_direction,lead_hand_velocity20_onset,latest_upward_crossing_55deg_pull_attack_direction,55.0,189.08526823046225,44.82292000796417,-44.82292000796417,-6.3,30.0,9.91893296427663,33.0631098809221,-3.8065164311648307,-3.8065164311648307,-3.3392,-0.4673164311648308,32.50351153183722,72.70828456477537,98.30748422909916,-14.335498086966615,-14.335498086966615,11.71784776904153,27.206036745436208,497.2000000000001,79.75129889749462,6.645941574791219,41.27033975099331,False,False,ok,22.39999999999931,9.411764705882353,19.49999999999985,-8.299999999999974,-27.799999999999827,8.299999999999974,27.799999999999827,19.7935883014837,32.67547806527715,12.881889763793446,19.7935883014837,32.67547806527715,7.0350581177428815,25.8318335208378,32.86689163858068,48.39552597707409,63.9728907935019,65.43466724911676,86.49652498910527,19.00614177409744,22.83070840471664,30.772459925681325,0.4433256771093994,31.215785602790724,15.275009945336059,117.55843638575816,12.99354637145087,59.559055118174584
179_3,65,179,R,college,74.9458,4.5184,True,1.3167,1.0426,1.2157,1.1297602167301286,1.0696660838698353,247.03391613016467,1.1326873046645438,184.01269533545616,1.1376751289935183,179.02487100648167,247.03391613016467,68.009045123683,7.115094355691882,85.3811322683026,1.1639,152.80000000000004,1.2917,24.99999999999991,2683.429679110655,ok,lead_hand_velocity20_onset_to_latest_upward_crossing_55deg_pull_attack_direction,lead_hand_velocity20_onset,latest_upward_crossing_55deg_pull_attack_direction,55.0,179.02487100648167,33.68178522249465,-33.68178522249465,-6.3,30.0,10.043719853691377,33.47906617897126,4.916001228546681,4.916001228546681,4.5184,0.397601228546681,33.47906617897126,74.89053815983183,100.0,0.9846674938802618,0.9846674938802618,22.059430071264927,39.256280464984286,500.0,85.8218279686219,7.151818997385159,35.73333837547956,False,False,ok,16.799999999999482,7.792207792207792,13.900000000000023,-2.6999999999999247,-16.599999999999948,2.6999999999999247,16.599999999999948,24.863892013525177,33.47412823400692,8.610236220481742,24.863892013525177,33.47412823400692,5.668728908892518,25.3822647169378,31.05099362583032,56.84099395538762,74.60879017051565,75.89876552105585,99.62378693458595,21.158518676328622,21.295007829697223,30.29416920592674,5.685076686385675,35.97924589231241,10.757369320380755,112.42778858570692,9.568247722119077,57.211661042431516
179_4,65,179,R,college,74.3123,-6.3789,True,0.9944,0.7685,0.912,0.8317422863948917,0.7573721496143091,237.02785038569084,0.8151300578762607,179.26994212373927,0.8166505066925888,177.7494933074112,237.02785038569084,59.27835707827964,,,,,,27.699999999999946,2594.0076338359313,no_barrel_inflection_before_peak_omega,lead_hand_velocity20_onset_to_latest_upward_crossing_55deg_pull_attack_direction,lead_hand_velocity20_onset,latest_upward_crossing_55deg_pull_attack_direction,55.0,177.7494933074112,332.81635317928004,-332.81635317928004,-6.3,30.0,10.13921678046851,33.79738926822837,-6.558342479354623,-6.558342479354623,-6.3789,-0.17944247935462343,33.549481137807895,75.04805193675702,99.26648733589157,-14.679833761829823,-14.679833761829823,11.468128983889404,27.172853393355183,499.99999999999994,79.840612755629,6.653384396302417,40.31560792735732,False,False,ok,19.599999999999397,3.804347826086957,16.599999999999948,-11.200000000000099,-27.800000000000047,11.200000000000099,27.800000000000047,21.124296962902463,31.987439070150792,10.86314210724833,21.124296962902463,31.987439070150792,5.529996250474664,27.644731908541292,33.174728159015956,44.89046021241779,52.56257573815252,59.37686835540362,69.52481942169686,19.600961951679075,20.205307655761167,20.786439126709674,8.133199000865,28.91963812757467,12.786756645830392,259.79117916183316,4.9219364133472245,68.8237720285708
179_5,65,179,R,college,76.4045,6.637,True,1.4194,1.187,1.338,1.2449012911395412,1.1744556824799448,244.9443175200552,1.2320518552502722,187.34814474972785,1.2341817200964331,185.21827990356687,244.9443175200552,59.72603761648833,7.207556150801993,86.49067380962393,1.2694,149.99999999999991,1.3917,27.70000000000006,2714.5516993668043,ok,lead_hand_velocity20_onset_to_latest_upward_crossing_55deg_pull_attack_direction,lead_hand_velocity20_onset,latest_upward_crossing_55deg_pull_attack_direction,55.0,185.21827990356687,359.29664236069493,-359.29664236069493,-6.3,30.0,10.301643601563393,34.33881200521131,7.274956077643158,7.274956077643158,6.637,0.6379560776431585,34.33881200521131,76.8137348004905,100.0,5.267617694665974,5.267617694665974,25.77952755908297,42.71653543311701,500.0,87.36221213593427,7.28018434466119,34.43030401415429,True,True,ok,25.19999999999922,4.591836734693878,22.299999999999986,0.0,-22.299999999999986,0.0,22.299999999999986,25.77952755908297,39.484251968546594,13.704724409463626,25.77952755908297,39.484251968546594,12.959130108750411,16.845144356973574,29.804274465723985,57.3619438087253,76.8137348004905,74.67667593264716,100.0,31.18089800149322,34.86265922270929,46.01151696502889,5.267617694665974,51.27913465969486,19.41014830611303,292.1918446719935,6.642946632512049,73.24934383210014
179_6,65,179,R,college,75.5484,6.0971,True,1.3361,1.0889,1.237,1.1475081855849218,1.0721375553819497,263.9624446180504,1.142056242082982,194.043757917018,1.1441400650739684,191.9599349260317,263.9624446180504,72.00250969201872,3.8755707770447576,46.50684932453709,1.2972,38.900000000000155,1.3,36.10000000000002,2700.0105890151,ok,lead_hand_velocity20_onset_to_latest_upward_crossing_55deg_pull_attack_direction,lead_hand_velocity20_onset,latest_upward_crossing_55deg_pull_attack_direction,55.0,191.9599349260317,33.639330750321996,-33.639330750321996,-6.3,30.0,10.287487321414554,34.29162440471518,6.335829550822341,6.335829550822341,6.0971,0.23872955082234082,33.477665680112004,74.88740533310659,97.62636288384387,2.1441261204545894,2.1441261204545894,24.189726284240603,38.811773528350884,497.2000000000001,88.67286097711803,7.389405081426503,30.97337302931705,True,True,ok,19.599999999999397,8.536585365853659,16.69999999999994,0.0,-16.69999999999994,0.0,16.69999999999994,24.189726284240603,35.2005999250474,11.010873640806796,24.189726284240603,35.2005999250474,6.547431571060695,26.663854518214027,33.21128608927472,55.602806840638856,74.88740533310659,72.48615136068437,97.62636288384387,19.575424114026667,19.835087075775665,32.89989230449434,2.1441261204545894,35.04401842494892,13.419849946925483,114.83959458596003,11.685734345640189,58.2935883015253
179_7,65,179,R,college,75.8069,-1.4127,True,0.8639,0.6352,0.7787,0.7002734621598948,0.6146981850411912,249.2018149588088,0.6765611760700613,187.3388239299387,0.6786262451684616,185.2737548315384,249.2018149588088,63.92806012727039,6.9174314120861276,83.00917694503353,0.7083,155.59999999999997,0.8389,25.00000000000002,2727.319050310358,ok,lead_hand_velocity20_onset_to_latest_upward_crossing_55deg_pull_attack_direction,lead_hand_velocity20_onset,latest_upward_crossing_55deg_pull_attack_direction,55.0,185.2737548315384,36.257878433409104,-36.257878433409104,-6.3,30.0,10.204738383546713,34.01579461182238,-1.4244862414728585,-1.4244862414728585,-1.4127,-0.01178624147285845,34.01579461182238,76.09116547025398,100.0,-2.117202535842685,-2.117202535842685,18.773903262112515,33.1006749156713,500.0,83.72383201258786,6.976986001048989,40.01297696608713,False,False,ok,11.200000000000099,5.0,8.400000000000073,-5.499999999999949,-13.900000000000023,5.499999999999949,13.900000000000023,24.72290963632217,30.308586426729406,5.585676790407234,24.72290963632217,30.308586426729406,3.1182977127892677,26.105736782930336,29.224034495719604,60.67804127327876,73.18769065344618,79.74387157599705,96.18421560655047,15.53969704141441,14.780625139396314,17.013475480874593,7.792031202995209,24.8055066838698,6.76381292956021,114.38175164661708,5.913367151831212,57.68766404205707
180_1,67,180,R,college,63.0226,-3.329,True,1.2,1.0287,1.163,1.075793412030032,1.0014177017399133,198.58229826008667,1.0291152869080042,170.8847130919957,1.047923400319399,152.07659968060128,198.58229826008667,46.5056985794854,7.927511380968004,95.13013657161605,1.0194,180.59999999999988,1.175,24.99999999999991,2363.414675782214,ok,lead_hand_velocity20_onset_to_latest_upward_crossing_55deg_pull_attack_direction,lead_hand_velocity20_onset,latest_upward_crossing_55deg_pull_attack_direction,55.0,152.07659968060105,48.30848526929965,-48.30848526929965,-6.3,30.0,8.562277124397491,28.540923747991638,-3.4595664642505253,-3.4595664642505253,-3.329,-0.1305664642505251,28.540923747991638,63.84422814063978,100.0,-3.94265050775082,-3.94265050775082,9.953880764915136,23.3908886389454,500.0,92.16903334872289,7.680752779060241,39.24639252747357,False,False,ok,16.799999999999482,8.333333333333332,13.900000000000023,-8.299999999999974,-22.199999999999996,8.299999999999974,22.199999999999996,16.200787401592304,23.911136108012332,7.710348706420028,16.200787401592304,23.911136108012332,3.8968878890180854,26.979002624701053,30.87589051371914,39.32275649391427,50.986912513392454,61.591717276762786,79.86142835194987,19.96718919921141,21.72611546605802,18.25158231516043,9.249563929929032,27.501146245089462,8.870178254185273,124.14854552291916,7.144810450113362,60.67585301843826
180_2,67,180,R,college,66.6155,-6.9714,True,0.9833,0.8093,0.8917,0.8551664028958924,0.7792035799796945,204.0964200203055,0.8215921724356687,161.7078275643312,0.8294142990475074,153.88570095249256,204.0964200203055,50.21071906781293,7.211078947974328,86.53294737569193,0.8444,138.89999999999992,0.95,33.3,2289.240335037884,ok,lead_hand_velocity20_onset_to_latest_upward_crossing_55deg_pull_attack_direction,lead_hand_velocity20_onset,latest_upward_crossing_55deg_pull_attack_direction,55.0,153.88570095249256,47.04528778934114,-47.04528778934114,-6.3,30.0,9.051874021602519,30.172913405341728,-7.056029174430831,-7.056029174430831,-6.9714,-0.08462917443083118,30.105278776718553,67.34359067805681,99.77584322828037,-10.944376495613586,-10.944376495613586,7.237345331841336,19.812148481461215,499.99999999999994,88.31896975381791,7.3599141461514925,36.33556877192364,False,False,ok,16.800000000000146,8.333333333333332,13.899999999999801,-27.800000000000157,-41.69999999999996,27.800000000000157,41.69999999999996,24.982002249745772,31.601987251627694,6.619985001881922,24.982002249745772,31.601987251627694,7.29302587177391,18.520622422217226,25.813648293991136,39.79663081309366,40.107441002943546,58.96243958840182,59.422934023937145,42.72853998988271,42.75768064758107,13.435743310477903,35.97453636230594,49.410279672783844,9.887083565399346,119.98719079974259,8.240115881953422,57.38226471697238
180_3,67,180,R,college,61.812,-2.8834,True,1.325,1.15,1.2759,1.1981497117891988,1.1255092206461748,199.4907793538252,1.156660423093563,168.33957690643686,1.1478934748090222,177.1065251909778,199.4907793538252,31.15120244738833,7.822230485078738,93.86676582094486,1.1306,194.39999999999992,1.3,24.99999999999991,2235.85915633419,ok,lead_hand_velocity20_onset_to_latest_upward_crossing_55deg_pull_attack_direction,lead_hand_velocity20_onset,latest_upward_crossing_55deg_pull_attack_direction,55.0,177.1065251909778,58.866359854694124,-58.866359854694124,-6.3,30.0,8.276856480669869,27.5895216022329,-3.04308690002525,-3.04308690002525,-2.8834,-0.1596869000252501,27.392044795690662,61.27425911706029,99.2842325815238,-11.334157873640887,-11.334157873640887,6.9548181477390445,22.927259092638185,500.0,93.15547636861321,7.7629563640511,36.542612529810626,False,False,ok,27.999999999999137,11.76470588235294,24.99999999999991,-11.10000000000011,-36.10000000000002,11.10000000000011,36.10000000000002,14.613235845535096,27.647919010153604,13.034683164618508,14.613235845535096,27.647919010153604,6.878702662174657,29.12373453321481,36.00243719538947,34.188400187076795,40.26190453970049,55.396329954463155,65.23738274595904,23.02223903165823,22.361584000150437,24.312345384947147,9.13941198057822,33.45175736552537,15.003835401328082,129.654632838811,11.572155250311127,62.94225721791577
180_4,67,180,R,college,66.6869,-1.356,True,1.2833,1.1139,1.2009,1.1567432508403614,1.0799387537709186,203.36124622908147,1.1161256267938455,167.17437320615437,1.1208190516939447,162.4809483060554,203.36124622908147,40.88029792302606,7.672707537343815,92.07249044812578,1.1139,169.4000000000002,1.25,33.30000000000011,2299.0027381221203,ok,lead_hand_velocity20_onset_to_latest_upward_crossing_55deg_pull_attack_direction,lead_hand_velocity20_onset,latest_upward_crossing_55deg_pull_attack_direction,55.0,162.4809483060554,52.53169960513348,-52.53169960513348,-6.3,30.0,9.096353229080908,30.321177430269696,-1.4970765228916347,-1.4970765228916347,-1.356,-0.14107652289163464,30.196941118710356,67.54863349747298,99.59026554346364,-8.748162483305832,-8.748162483305832,8.940007499072271,24.550243719561575,497.2000000000001,91.25264399882865,7.604386999902387,36.89575607042202,False,False,ok,13.999999999999568,6.493506493506493,11.10000000000011,-5.599999999999827,-16.69999999999994,5.599999999999827,16.69999999999994,12.862954630685062,18.775403074635953,5.9124484439508915,12.862954630685062,18.775403074635953,2.2686539182626717,32.28777652796888,34.55643044623155,39.18426464444693,53.61209305815673,57.77128446590725,79.04293999082091,12.563359203341113,13.334875116429412,20.172373030613123,1.502635961143902,21.675008991757025,6.518986734658067,123.60270776517935,5.27414556891654,59.59055118116675
180_5,67,180,R,college,65.2609,-0.4252,True,1.325,1.1472,1.2111,1.1913220492456746,1.1142051040635836,210.7948959364163,1.150929775657683,174.0702243423169,1.161671174776553,163.32882522344704,210.7948959364163,47.46607071296927,8.11675588519283,97.40107062231397,1.1361,188.89999999999984,1.3,24.99999999999991,2410.848426646843,ok,lead_hand_velocity20_onset_to_latest_upward_crossing_55deg_pull_attack_direction,lead_hand_velocity20_onset,latest_upward_crossing_55deg_pull_attack_direction,55.0,163.32882522344704,45.233172038221745,-45.233172038221745,-6.3,30.0,9.022222412541499,30.074074708471667,0.4567649077106748,0.4567649077106748,-0.4252,0.8819649077106748,30.074074708471667,67.27378916533561,100.0,-3.9797863963179423,-3.9797863963179423,13.730033745796607,33.674915635581925,500.0,95.68622079272787,7.973851732727322,37.219636033435684,False,False,ok,27.999999999999137,13.333333333333334,24.99999999999991,-19.400000000000084,-44.39999999999999,19.400000000000084,44.39999999999999,24.88938882642359,35.347394075778716,10.458005249355125,24.88938882642359,35.347394075778716,11.655980502449786,18.045744281984245,29.70172478443403,35.668995618714774,37.967412526353925,53.020643048740375,56.43715479299555,43.79869240347512,43.2003743618474,18.861828691717527,35.49739164767108,54.35922033938861,15.885125802434521,124.08750601788311,12.80155135050035,60.07836520441436
180_6,67,180,R,college,65.8067,-4.6962,True,1.0694,0.8963,1.0287,0.934284174443326,0.8496020901440358,219.7979098559641,0.9034322048114244,165.9677951885754,0.9079454115856784,161.4545884143216,219.7979098559641,58.34332144164253,7.469017953286884,89.62821543944261,0.9333,136.09999999999988,1.0417,27.699999999999836,2199.7486340581045,ok,lead_hand_velocity20_onset_to_latest_upward_crossing_55deg_pull_attack_direction,lead_hand_velocity20_onset,latest_upward_crossing_55deg_pull_attack_direction,55.0,161.45458841432148,53.98799011947419,-53.98799011947419,-6.3,30.0,8.946735196056533,29.82245065352178,-4.587198498247731,-4.587198498247731,-4.6962,0.10900150175226919,29.79133475389666,66.64131789973297,99.89566283473272,-10.810308341557251,-10.810308341557251,7.8511436070575975,22.88263967006596,499.9999999999999,93.04522276645856,7.753768563871547,37.043826628928784,False,False,ok,30.799999999999052,14.102564102564102,27.800000000000047,-13.900000000000023,-41.700000000000074,13.900000000000023,41.700000000000074,16.93775778029576,31.036370453726814,14.098612673431052,16.93775778029576,31.036370453726814,10.239782527195167,23.534870641195276,33.774653168390444,34.71292644543956,39.73605353018428,52.03484723123103,59.56453940191487,31.882548092542688,30.77777726516696,23.552198017649204,20.317365032218554,43.86956304986776,17.508730796085388,127.20233203653387,13.764473115993416,60.95088113992337
180_7,67,180,R,college,63.4928,0.4638,True,1.0444,0.8537,0.9935,0.8962080179011188,0.8196276441075618,224.77235589243816,0.8664374574869385,177.96254251306155,0.8727927330188031,171.6072669811969,224.77235589243816,53.16508891124127,5.5654813279281035,66.78577593513724,0.9722,72.20000000000005,1.0167,27.70000000000006,2126.311983755269,ok,lead_hand_velocity20_onset_to_latest_upward_crossing_55deg_pull_attack_direction,lead_hand_velocity20_onset,latest_upward_crossing_55deg_pull_attack_direction,55.0,171.6072669811969,50.66079173912996,-50.66079173912996,-6.3,30.0,8.613010450336741,28.710034834455808,0.20590092292522044,0.20590092292522044,0.4638,-0.25789907707477955,28.710034834455808,64.22251886734023,100.0,-6.710531344834423,-6.710531344834423,11.854893138370507,23.78796400452513,500.0,95.43059850222294,7.952549875185245,32.27996439743714,False,False,ok,27.999999999999137,12.5,24.99999999999991,-5.600000000000049,-30.59999999999996,5.600000000000049,30.59999999999996,16.036182977145177,29.536182977159765,13.500000000014587,16.036182977145177,29.536182977159765,7.66291713536636,30.343082114768432,38.00599925013479,38.48451946097726,54.632653157890196,59.92371545013972,85.06775212404995,22.556434552619557,24.44906145792489,32.95166307027631,2.8755310023402707,35.82719407261658,15.592112414965356,127.9484140868838,12.186249064703123,62.866329208916824
180_8,67,180,R,college,66.7986,4.2643,True,0.9611,,,,0.7473482494117243,213.75175058827568,0.7875062981585862,173.59370184141375,0.7884278739746331,172.67212602536685,213.75175058827568,41.07962456290883,8.545595805249672,102.54714966299606,0.7528,208.29999999999993,0.925,36.09999999999991,2365.7102217673223,ok,lead_hand_velocity20_onset_to_latest_upward_crossing_55deg_pull_attack_direction,lead_hand_velocity20_onset,latest_upward_crossing_55deg_pull_attack_direction,55.0,172.67212602536685,44.43542206978257,-44.43542206978257,-6.3,30.0,9.032030458490622,30.106768194968744,4.827495147488843,4.827495147488843,4.2643,0.5631951474888428,28.71947857287045,64.2436439085326,95.39210049675764,-3.3086400292262996,-3.3086400292262996,13.223284589440599,24.66422947134272,499.99999999999994,100.4838196964311,8.373651641369259,36.37994509611173,False,False,ok,19.600000000000172,8.974358974358974,16.70000000000005,-2.8000000000000247,-19.50000000000007,2.8000000000000247,19.50000000000007,15.844394450710775,25.109298837672412,9.264904386961637,15.844394450710775,25.109298837672412,5.5586801649853825,31.637420322493867,37.19610048747925,46.37243998098267,62.23513317946636,68.85606397488668,92.40976565926476,16.473651738169533,10.873280718531907,43.087539225069655,-0.3115111491000661,42.77602807596959,10.925904762625391,128.75643501616,8.48571549938774,60.45988001506344
181_1,68,181,R,college,61.3805,3.4916,True,1.2167,1.0241,1.0963,1.0650042698034057,0.9972031140794734,219.49688592052647,1.0385879977816972,178.1120022183027,1.074586842389006,142.11315761099374,219.49688592052647,77.38372830953273,5.687773972583849,68.25328767100619,1.0833,133.39999999999998,1.1917,24.99999999999991,2498.948550708687,ok,lead_hand_velocity20_onset_to_latest_upward_crossing_55deg_pull_attack_direction,lead_hand_velocity20_onset,latest_upward_crossing_55deg_pull_attack_direction,55.0,142.11315761099397,30.973029926678166,-30.973029926678166,-6.3,30.0,8.335063875590034,27.78354625196678,3.5712032183597118,3.5712032183597118,3.4916,0.07960321835971174,27.328245673604204,61.13154454546388,98.36125822732097,3.6156076496978837,3.6156076496978837,18.512560929903763,33.63854518188861,499.9999999999999,68.5996702792817,5.716639189940142,44.47647812752134,False,False,ok,8.399999999999741,4.761904761904762,5.600000000000049,-2.7000000000001467,-8.300000000000196,2.7000000000001467,8.300000000000196,20.89745031873274,24.101237345357873,3.2037870266251325,20.89745031873274,24.101237345357873,1.589613798276936,18.499625046889122,20.089238845166058,57.678603474518575,62.150022932996485,92.80544198141565,100.0,12.635170766483578,12.265042736932948,9.727550799297513,7.95645938161014,17.684010180907652,4.054481420463775,89.35149359297222,4.53767615674493,46.51031121114886
181_2,68,181,R,college,59.5611,7.0661,True,0.8972,0.7019,0.7787,0.7456536266757202,0.6766162554522334,220.58374454776663,0.7139341688466394,183.26583115336052,0.7504114067597132,146.7885932402868,220.58374454776663,73.79515130747984,5.1845056418160596,62.214067701792715,0.7944,102.8,0.8639,33.3,2503.859601140701,ok,lead_hand_velocity20_onset_to_latest_upward_crossing_55deg_pull_attack_direction,lead_hand_velocity20_onset,latest_upward_crossing_55deg_pull_attack_direction,55.0,146.78859324028681,38.225444148790814,-38.225444148790814,-6.3,30.0,8.294213958800363,27.647379862667876,6.821245093003122,6.821245093003122,7.0661,-0.24485490699687773,27.647379862667876,61.84542739501576,100.0,-1.515090126153093,-1.515090126153093,17.48293963256482,31.53018372706818,500.0,66.30525845652865,5.525438204710721,40.02623794261983,True,True,ok,11.200000000000099,6.0606060606060606,8.399999999999963,0.0,-8.399999999999963,0.0,8.399999999999963,17.48293963256482,22.966254218247535,5.483314585682717,17.48293963256482,22.966254218247535,2.157855268093819,21.595988001523143,23.75384326961696,56.471647747060736,61.84542739501576,91.3109507455872,100.0,7.323538383278668,7.211664467569289,17.90100485028228,-1.515090126153093,16.385914724129186,6.184008153754589,89.38798587173657,6.918164777342745,48.365391826074
181_3,68,181,R,college,60.8011,4.5922,True,0.8778,0.687,0.7583,0.7254888289825709,0.6626938016152613,215.1061983847388,0.6969807011516821,180.819298848318,0.7318999176459482,145.90008235405182,215.1061983847388,69.20611603068699,2.465676064932474,29.588112779189686,0.8472,30.600000000000072,0.85,27.800000000000047,2553.004394223946,ok,lead_hand_velocity20_onset_to_latest_upward_crossing_55deg_pull_attack_direction,lead_hand_velocity20_onset,latest_upward_crossing_55deg_pull_attack_direction,55.0,145.90008235405182,38.41351173534857,-38.41351173534857,-6.3,30.0,8.454592156359311,28.18197385453104,4.958906565158548,4.958906565158548,4.5922,0.36670656515854816,27.11347629403635,60.65111912588654,96.20857798672998,-2.6405603722444693,-2.6405603722444693,16.374578177745477,29.441507311617855,500.0,65.08641095711253,5.423867579759378,41.69898801107875,False,False,ok,8.400000000000073,4.545454545454546,5.499999999999949,-2.8000000000000247,-8.299999999999974,2.8000000000000247,8.299999999999974,18.67679040122003,21.540869891286864,2.8640794900668354,18.67679040122003,21.540869891286864,1.4105736782917369,21.807274090762213,23.21784776905395,56.13730319839587,63.04128009692871,89.04848237866098,100.0,7.517682373764103,6.711135107151119,11.380300685743078,2.2308056641990563,13.611106349942135,3.4066883169883337,86.9151721215089,3.9195553938795924,46.568428946432014
181_4,68,181,R,college,61.3563,4.6587,True,0.9639,0.7694,0.8982,0.8139351365102779,0.7447876303061105,219.11236969388943,0.7852829699953465,178.61703000465346,0.8231563540167262,140.74364598327384,219.11236969388943,78.3687237106156,2.495801841914246,29.949622102970952,0.9333,30.59999999999996,0.9389,25.00000000000002,2449.356811141311,ok,lead_hand_velocity20_onset_to_latest_upward_crossing_55deg_pull_attack_direction,lead_hand_velocity20_onset,latest_upward_crossing_55deg_pull_attack_direction,55.0,140.74364598327384,36.336859293348624,-36.336859293348624,-6.3,30.0,8.319228060539482,27.730760201798276,4.483442110546275,4.483442110546275,4.6587,-0.17525788945372422,27.419297333623255,61.3352213082123,98.87683256460159,-3.4564547863444584,-3.4564547863444584,16.86651668543254,31.3468316460781,500.0,65.90651785897347,5.492209821581123,41.94479337019351,False,False,ok,11.200000000000099,6.25,8.299999999999974,-2.8000000000000247,-11.099999999999998,2.8000000000000247,11.099999999999998,19.443382077261347,23.862392201000656,4.419010123739309,19.443382077261347,23.862392201000656,2.4313835770554917,21.412260967402208,23.8436445444577,53.28003611719795,62.031943901660355,85.89128885218098,100.0,9.93598316902369,8.615437103972756,19.505904593960597,1.5035769370943222,21.00948153105492,5.342637290343582,89.7916701458868,5.950036658927565,47.82452193480982
181_5,68,181,R,college,61.7012,5.1867,True,0.9611,0.763,0.9009,0.8061295967526332,0.7417941595935145,219.3058404064855,0.7872756820820527,173.82431791794727,0.8212595390287892,139.84046097121072,219.3058404064855,79.46537943527477,5.146475363316115,61.75770435979338,0.8694,91.7,0.925,36.09999999999991,2681.79153121696,ok,lead_hand_velocity20_onset_to_latest_upward_crossing_55deg_pull_attack_direction,lead_hand_velocity20_onset,latest_upward_crossing_55deg_pull_attack_direction,55.0,139.84046097121072,35.93711370624541,-35.93711370624541,-6.3,30.0,8.408804720087536,28.029349066958456,5.1235771286590435,5.1235771286590435,5.1867,-0.06312287134095662,27.880077576451914,62.365957356057365,99.46744574713472,-1.0313295088109355,-1.0313295088109355,18.017810273735247,31.403637045403247,499.99999999999994,67.88898458042554,5.657415381702129,43.48129213376939,True,True,ok,11.200000000000099,6.349206349206349,8.300000000000086,0.0,-8.300000000000086,0.0,8.300000000000086,18.017810273735247,22.890888638944855,4.873078365209608,18.017810273735247,22.890888638944855,2.2334083239619176,21.0236220472668,23.25703037122872,54.521184782201715,62.365957356057365,86.95582043953718,99.46744574713472,8.295940982212567,8.0505695709263,19.145283804619538,-1.0313295088109355,18.113954295808604,5.553713938139252,88.666973515179,6.263565471971935,47.33802024752021
181_6,68,181,R,college,63.172,2.3017,True,1.3889,1.1741,1.3102,1.2279554120525258,1.1399962449627916,248.9037550372084,1.205742879462608,183.15712053739207,1.2441154036209106,144.78459637908946,248.9037550372084,104.11915865811896,5.2420221920702135,62.904266304842565,1.3028,86.10000000000007,1.35,38.899999999999935,2439.9343977149315,ok,lead_hand_velocity20_onset_to_latest_upward_crossing_55deg_pull_attack_direction,lead_hand_velocity20_onset,latest_upward_crossing_55deg_pull_attack_direction,55.0,144.78459637908946,38.90386737723617,-38.90386737723617,-6.3,30.0,8.53513730161365,28.450457672045502,3.6782494145078415,3.6782494145078415,2.3017,1.3765494145078416,28.121900024696625,62.9068987667694,98.84515865742397,-5.745051447113969,-5.745051447113969,18.179790026266357,36.01837270345098,500.0,71.65882638870409,5.971568865725341,43.50730915117493,False,False,ok,16.799999999999482,8.955223880597014,13.900000000000023,-5.50000000000006,-19.400000000000084,5.50000000000006,19.400000000000084,23.03693288341446,30.053430821179823,7.016497937765362,23.03693288341446,30.053430821179823,4.390701162359452,21.812335958028807,26.20303712038826,44.27802779995201,60.960596492241095,69.5737473746848,95.78694785872725,21.320124901840412,22.8218615513658,27.477956750407515,5.808190311673664,33.28614706208118,8.554904609341124,97.37879817388676,8.78518195928528,52.145481814829495
181_7,68,181,R,college,61.5163,6.2445,True,1.2611,1.0667,1.137,1.1028697351185432,1.0404271850204814,220.6728149795188,1.086786892031729,174.31310796827114,1.1202462899339132,140.85371006608693,220.6728149795188,79.81910491343183,3.9094302135888483,46.91316256306618,1.2083,52.80000000000018,1.225,36.10000000000002,2462.681369788624,ok,lead_hand_velocity20_onset_to_latest_upward_crossing_55deg_pull_attack_direction,lead_hand_velocity20_onset,latest_upward_crossing_55deg_pull_attack_direction,55.0,140.85371006608693,36.25955805183234,-36.25955805183234,-6.3,30.0,8.411783538653868,28.03927846217956,6.198343681542484,6.198343681542484,6.2445,-0.04615631845751622,27.540108902408562,61.605469090928175,98.21974891242549,4.107809029539432,4.107809029539432,21.58155230598507,35.92013498316591,497.2000000000001,69.12733616702174,5.760611347251811,42.09847091714386,True,True,ok,11.199999999999655,6.25,8.299999999999974,0.0,-8.299999999999974,0.0,8.299999999999974,21.58155230598507,26.023997000403064,4.442444694417993,21.58155230598507,26.023997000403064,2.214285714288099,20.221597300359303,22.435883014647402,52.48401008703672,61.605469090928175,83.67708855616938,98.21974891242549,12.372526101249623,12.226668537180027,16.821149271559573,4.107809029539432,20.928958301099005,5.236142174248795,90.38211713383464,5.793338704929098,50.07592800905297
181_8,68,181,R,college,62.3225,0.7131,True,1.0139,0.8259,0.8954,0.865072979349841,0.7892135001824433,224.68649981755672,0.8430787901640874,170.82120983591264,0.8733211909642417,140.57880903575835,224.68649981755672,84.10769078179837,4.520050378793306,54.24060454551967,0.9444,69.5,0.9889,25.00000000000002,2421.3249160760565,ok,lead_hand_velocity20_onset_to_latest_upward_crossing_55deg_pull_attack_direction,lead_hand_velocity20_onset,latest_upward_crossing_55deg_pull_attack_direction,55.0,140.57880903575835,47.13220908326377,-47.13220908326377,-6.3,30.0,8.42976148859039,28.09920496196797,1.0085227192929773,1.0085227192929773,0.7131,0.29542271929297736,27.739604243680155,62.05172745991438,98.72024593302717,-10.035643461737875,-10.035643461737875,14.541619797541017,31.868391451103037,500.0,66.48000209410614,5.540000174508845,38.804078762828574,False,False,ok,11.200000000000099,5.970149253731343,8.399999999999963,-5.50000000000006,-13.900000000000023,5.50000000000006,13.900000000000023,19.413948256488915,23.626734158255744,4.2127859017668285,19.413948256488915,23.626734158255744,1.7454068241488656,25.65841769781549,27.403824521964356,47.78969795088214,60.33871622397467,76.03028840452333,95.99495692947362,7.916713505385046,6.96211325296939,19.215224935776646,-0.7362987100876202,18.478926225689026,4.818363083583413,95.12690572826948,5.065194801297431,51.2920884889943
185_1,71,185,R,high_school,70.2772,12.8084,True,1.05,0.8852,0.9509,0.9195031009336316,0.8405886048289545,209.4113951710456,0.8640944756701516,185.9055243298484,0.8807703313792853,169.22966862071476,209.4113951710456,40.18172655033084,4.647195544973693,55.766346539684314,0.9972,52.80000000000007,1.025,25.000000000000135,2664.991618997897,ok,lead_hand_velocity20_onset_to_latest_upward_crossing_55deg_pull_attack_direction,lead_hand_velocity20_onset,latest_upward_crossing_55deg_pull_attack_direction,55.0,169.22966862071476,432.79479429395184,-432.79479429395184,-6.3,30.0,9.582814125054627,31.942713750182094,12.799405253334303,12.799405253334303,12.8084,-0.008994746665697662,31.585394062773574,70.65451427785777,98.88137341678905,-0.4474095986157689,-0.4474095986157689,22.188976377976726,35.00000000003781,500.0,89.09949737446716,7.4249581145389305,42.02878754767222,True,True,ok,13.999999999999568,2.336448598130841,11.200000000000099,5.600000000000049,-5.600000000000049,-5.600000000000049,5.600000000000049,15.494563179619284,26.914323209627874,11.41976003000859,15.494563179619284,26.914323209627874,2.4546306711687613,28.513685789307136,30.968316460475897,69.44027813966953,71.45381565448743,97.18204339911772,100.0,0.013838683991893318,-0.4474095986157689,21.796467843960443,-10.51357201413368,11.282895829826762,12.494313798951916,281.1976169285603,4.443250243520435,69.85339332590974
185_2,71,185,R,high_school,66.4849,10.6903,True,1.0222,0.8574,0.9167,0.8901425346512383,0.8105778497384281,211.622150261572,0.8409476387502623,181.25236124973765,0.8520176900971183,170.18230990288174,211.622150261572,41.43984035869022,4.9669707075651415,59.603648490781694,0.9583,63.899999999999956,0.9972,25.00000000000002,2548.700138333338,ok,lead_hand_velocity20_onset_to_latest_upward_crossing_55deg_pull_attack_direction,lead_hand_velocity20_onset,latest_upward_crossing_55deg_pull_attack_direction,55.0,170.18230990288174,33.85880140674469,-33.85880140674469,-6.3,30.0,9.181457290983682,30.604857636612273,10.453253148149592,10.453253148149592,10.6903,-0.2370468518504083,30.604857636612273,68.46111676049624,100.0,-7.036841740533014,-7.036841740533014,16.403824521952473,23.675478065267413,469.40000000000003,83.19046615007737,6.9325388458397805,41.59876871476582,True,True,ok,14.000000000000124,6.756756756756757,11.199999999999877,2.7999999999999137,-8.399999999999963,-2.7999999999999137,8.399999999999963,13.50299962506145,22.737907761554364,9.234908136492914,13.50299962506145,22.737907761554364,2.1025496812921105,27.574428196505224,29.676977877797334,62.88750629998631,68.46111676049624,91.85872108979963,100.0,-0.7594708352801345,-1.3738377442820202,23.94013004272443,-12.242176808598659,11.697953234125771,9.921789120101796,108.80433513754856,9.11892812686079,54.67941507317493
185_3,71,185,R,high_school,69.4874,17.7206,True,1.2,1.0315,1.0861,1.0632136870231474,0.9885367799422746,211.46322005772527,1.0112044737103705,188.7955262896297,1.0225780714517425,177.42192854825743,211.46322005772527,34.04129150946784,7.6125911796709955,91.35109415605194,1.0417,158.2999999999999,1.175,24.99999999999991,2775.924633700196,ok,lead_hand_velocity20_onset_to_latest_upward_crossing_55deg_pull_attack_direction,lead_hand_velocity20_onset,latest_upward_crossing_55deg_pull_attack_direction,55.0,177.42192854825745,25.57084549534272,-25.57084549534272,-6.3,30.0,9.41396502255349,31.379883408511635,18.442936565005983,18.442936565005983,17.7206,0.7223365650059819,29.344942532777495,65.64276693982073,93.51514201234357,9.702057021160444,9.702057021160444,25.26246719162834,39.46325459321848,500.0,92.38462678478045,7.698718898731705,33.62001686094002,True,True,ok,13.999999999999568,6.8493150684931505,11.099999999999888,11.099999999999888,0.0,-11.099999999999888,0.0,13.738095238110075,25.26246719162834,11.524371953518264,13.738095238110075,25.26246719162834,2.2995875515585418,28.732095988032533,31.031683539591075,68.34087810686583,70.19480003693539,97.35888993330838,100.0,-1.9896210285638698,-2.630453480769286,22.31141468626973,-12.609357665109282,9.702057021160444,12.467230486562848,108.72311753226889,11.466954562687727,54.168728908944914
185_4,71,185,R,high_school,66.8749,11.5605,True,1.3389,1.1732,1.2315,1.201582233311176,1.1278607988694769,211.0392011305233,1.158672680877499,180.227319122501,1.1915419119138018,147.35808808619822,211.0392011305233,63.68111304432509,3.6103033378070015,43.32364005368402,1.2972,41.700000000000074,1.3139,24.99999999999991,2527.1011727799946,ok,lead_hand_velocity20_onset_to_latest_upward_crossing_55deg_pull_attack_direction,lead_hand_velocity20_onset,latest_upward_crossing_55deg_pull_attack_direction,55.0,147.35808808619822,30.037625575004114,-30.037625575004114,-6.3,30.0,9.086032645383078,30.28677548461026,11.754952995525597,11.754952995525597,11.5605,0.19445299552559803,29.84121652858208,66.75290025183887,98.52886631574701,-0.5567495181076025,-0.5567495181076025,18.709598800170188,28.81589801277953,500.0,79.9111732105369,6.6592644342114085,43.38508175833641,True,True,ok,11.199999999999655,6.25,8.299999999999974,2.7999999999999137,-5.50000000000006,-2.7999999999999137,5.50000000000006,15.578552680931711,23.20078740159986,7.62223472066815,15.578552680931711,23.20078740159986,1.9745031871037462,23.48462692166016,25.459130108763905,66.09914816813252,67.74958725082817,97.56391271199149,100.0,2.0090714533503418,2.465688058329512,17.551568274270863,-7.223329288764259,10.328238985506603,8.44062234748015,98.20773380932471,8.594661560838015,49.30914885644623
185_5,71,185,R,high_school,68.1975,10.348,True,1.2694,1.1083,1.1593,1.137038344104397,1.0657755964693338,203.62440353066623,1.0951159918642357,174.2840081357644,1.081607133866788,187.792866133212,203.62440353066623,29.340395394901837,4.155930864687452,49.871170376249424,1.2222,47.20000000000013,1.2444,25.000000000000135,2456.575132191598,ok,lead_hand_velocity20_onset_to_latest_upward_crossing_55deg_pull_attack_direction,lead_hand_velocity20_onset,latest_upward_crossing_55deg_pull_attack_direction,55.0,187.792866133212,42.228266815210304,-42.228266815210304,-6.3,30.0,9.16526396383984,30.55087987946613,10.253171328089199,10.253171328089199,10.348,-0.09482867191080224,30.55087987946613,68.34037195657234,100.0,-10.442192752209207,-10.442192752209207,14.834645669307367,25.818897637823166,497.2000000000001,85.5497536859362,7.129146140494683,39.321859748385876,True,True,ok,11.199999999999655,4.819277108433735,8.299999999999974,2.7000000000001467,-5.599999999999827,-2.7000000000001467,5.599999999999827,11.974128233983691,19.144544431966693,7.170416197983002,11.974128233983691,19.144544431966693,0.6861642294720554,33.05061867270162,33.73678290217367,65.28179282860492,68.34037195657234,95.52449154079667,100.0,-7.589982320594156,-7.8946393041837375,15.552801025550831,-15.06172584977999,0.4910751757708424,7.576250792345887,114.77128280756146,6.601172877930699,55.85433070872176
185_6,71,185,R,high_school,70.1479,15.5817,True,1.0528,0.8907,0.9398,0.9196681097688773,0.8447335048411524,208.0664951588476,0.8699779849630283,182.8220150369717,0.8860725168225926,166.72748317740738,208.0664951588476,41.33901198144022,,,,,,27.800000000000047,2794.197946871022,no_barrel_inflection_before_peak_omega,lead_hand_velocity20_onset_to_latest_upward_crossing_55deg_pull_attack_direction,lead_hand_velocity20_onset,latest_upward_crossing_55deg_pull_attack_direction,55.0,166.72748317740738,22.65959966722253,-22.65959966722253,-6.3,30.0,9.456227947299896,31.520759824332984,16.257609392749146,16.257609392749146,15.5817,0.675909392749146,31.520759824332984,70.50993160418072,100.0,3.2720448414129093,3.2720448414129093,23.391076115510835,34.87139107615315,500.0,88.98974872184975,7.415812393487479,40.15239288526217,True,True,ok,11.199999999999655,5.797101449275362,8.400000000000185,5.600000000000049,-2.8000000000001357,-5.600000000000049,2.8000000000001357,16.835958005267532,25.89576302964927,9.059805024381738,16.835958005267532,25.89576302964927,1.5768653918277273,27.922009748811558,29.498875140639285,69.5737756174294,70.50993160418072,98.67230620502286,100.0,0.023553068611024353,0.4617766646576622,15.66322597472274,-8.246283514796984,7.416942459925757,9.685252583497425,105.10093784465488,9.215191398018518,53.76865391831831
190_1,76,190,R,college,59.2348,-8.0776,True,1.3389,1.1398,1.2574,1.220948085586829,1.1324930030523197,206.40699694768028,1.1744858922474184,164.41410775258157,1.2089650933962075,129.93490660379226,206.40699694768028,76.47209034388803,5.109608934294451,61.315307211533415,1.1778,161.10000000000002,1.3139,24.99999999999991,2226.672122036146,ok,lead_hand_velocity20_onset_to_latest_upward_crossing_55deg_pull_attack_direction,lead_hand_velocity20_onset,latest_upward_crossing_55deg_pull_attack_direction,55.0,129.93490660379248,45.1929115900882,-45.1929115900882,-6.3,30.0,7.922038205180736,26.40679401726912,-8.000264727738633,-8.000264727738633,-8.0776,0.07733527226136694,25.823184074551577,57.764817632765634,97.78992503847348,-13.902444539981817,-13.902444539981817,7.5479940007580595,21.1385451818751,500.0,60.018129917996966,5.001510826499747,35.97354261554787,False,False,ok,16.799999999999482,9.523809523809524,13.900000000000023,-13.900000000000023,-27.800000000000047,13.900000000000023,27.800000000000047,18.82564679417107,27.23490813651236,8.409261342341289,18.82564679417107,27.23490813651236,5.124859392581467,22.333895763053743,27.45875515563521,42.14474957054291,43.80379343193767,71.34674824855516,74.15533973191695,23.540998893331988,23.844728009198256,20.030404512190984,12.965207958576714,32.995612470767696,10.340479824567566,95.12767028735577,10.87010729194953,51.741844769459725
190_2,76,190,R,college,63.0737,-0.678,True,1.3806,1.1713,1.2898,1.2598055395254233,1.170650900346207,209.94909965379333,1.213964150116955,166.63584988304535,1.2405072099791556,140.0927900208444,209.94909965379333,69.85630963294895,5.329596478122047,63.95515773746457,1.2611,119.49999999999994,1.35,30.59999999999996,2404.9314530569395,ok,lead_hand_velocity20_onset_to_latest_upward_crossing_55deg_pull_attack_direction,lead_hand_velocity20_onset,latest_upward_crossing_55deg_pull_attack_direction,55.0,140.0927900208444,314.16155223275587,-314.16155223275587,-6.3,30.0,8.726741482758536,29.089138275861785,-0.27322196077071226,-0.27322196077071226,-0.678,0.4047780392292878,28.689961423142957,64.17761592506918,98.6277460372552,-5.331025127472503,-5.331025127472503,14.252343457083262,27.04761904764826,500.0,65.00687593930893,5.417239661609077,30.050336184596507,False,False,ok,11.199999999999655,2.4390243902439024,8.299999999999974,-22.199999999999996,-30.49999999999997,22.199999999999996,30.49999999999997,29.833333333365562,34.19103862020941,4.357705286843849,29.833333333365562,34.19103862020941,5.199850018753274,16.095800524951766,21.29565054370504,46.426131007718276,47.324594083747385,71.34737856058246,72.72813081834647,42.72972537871223,42.81477771515818,9.87927099932731,37.70503754260262,47.58430854192993,6.812728522393678,210.68225717070595,3.2336508132593456,64.95969253850288
190_3,76,190,R,college,64.455,4.4269,True,1.4111,1.1982,1.338,1.2708871132338555,1.187288236112715,223.81176388728497,1.237778627865855,173.32137213414535,1.2708392056610502,140.26079433894978,223.81176388728497,83.55096954833519,5.654735248286465,67.85682297943758,1.3083,102.8,1.3861,24.99999999999991,2368.525588343231,ok,lead_hand_velocity20_onset_to_latest_upward_crossing_55deg_pull_attack_direction,lead_hand_velocity20_onset,latest_upward_crossing_55deg_pull_attack_direction,55.0,140.26079433894978,38.56713966653036,-38.56713966653036,-6.3,30.0,8.758534989080756,29.195116630269187,1.8725462603246246,1.8725462603246246,4.4269,-2.554353739675375,28.866800853602374,64.57319446493008,98.8754428323591,-2.861518373103712,-2.861518373103712,15.873453318352356,29.550618672697833,500.0,72.09005755676894,6.007504796397412,29.03392140552031,False,False,ok,5.599999999999827,3.125,2.8000000000001357,-2.7999999999999137,-5.600000000000049,2.7999999999999137,5.600000000000049,17.952568428965773,19.61923509563424,1.666666666668469,17.952568428965773,19.61923509563424,0.4199475065621314,32.30914885642785,32.729096362989985,57.90082303629521,61.98635352606375,88.658607732052,94.91443322943175,3.5972144220589275,3.5972144220589275,3.757658124892306,1.7183853596127743,5.47604348450508,1.9650771501541497,97.05781283655347,2.0246460256253287,51.506186726714816
190_4,76,190,R,college,62.2675,-2.642,True,1.1889,0.9759,1.0852,1.0595331614669217,0.9785662172934207,210.3337827065792,1.0223562582479695,166.54374175203034,1.052606725515732,136.29327448426798,210.3337827065792,74.04050822231122,5.764199002669831,69.17038803203798,1.0333,155.59999999999997,1.1639,25.000000000000135,2341.001619941218,ok,lead_hand_velocity20_onset_to_latest_upward_crossing_55deg_pull_attack_direction,lead_hand_velocity20_onset,latest_upward_crossing_55deg_pull_attack_direction,55.0,136.29327448426798,45.04960559928417,-45.04960559928417,-6.3,30.0,8.494064141500612,28.313547138335373,-2.557818367648046,-2.557818367648046,-2.642,0.08418163235195397,28.313547138335373,63.33560115053539,100.0,-8.416866062780697,-8.416866062780697,11.45613048370191,23.92857142859727,497.2000000000001,68.26391727867234,5.688659773222695,31.09940910341963,False,False,ok,5.599999999999827,3.0303030303030303,2.7999999999999137,-8.299999999999974,-11.099999999999888,8.299999999999974,11.099999999999888,17.699100112505054,19.353393325855173,1.654293213350119,17.699100112505054,19.353393325855173,0.6490438695170155,30.931758530217135,31.58080239973415,46.860764106650315,51.23520856841963,73.9880308316205,80.89480108769209,9.080438924478132,9.080438924478132,6.5831428601294535,5.788867494413405,12.372010354542859,1.921170181701371,100.85648368932605,1.9048554058450624,53.70528683920313
190_5,76,190,R,college,64.0124,-1.6742,True,1.4917,1.2917,1.3935,1.3676866471509193,1.2777888779658744,213.91112203412567,1.323992769619996,167.707230380004,1.352674763480515,139.02523651948508,213.91112203412567,74.88588551464059,5.953562019529053,71.44274423434864,1.3278,163.89999999999992,1.4667,25.000000000000135,2400.102140553278,ok,lead_hand_velocity20_onset_to_latest_upward_crossing_55deg_pull_attack_direction,lead_hand_velocity20_onset,latest_upward_crossing_55deg_pull_attack_direction,55.0,139.02523651948508,35.36302928869328,-35.36302928869328,-6.3,30.0,8.673607224006624,28.912024080022082,-1.2466257354248116,-1.2466257354248116,-1.6742,0.4275742645751883,28.509640258326197,63.774248967265045,98.60824748698957,-3.670465435093431,-3.670465435093431,15.302587176619452,27.06636670419121,500.0,70.08316879134807,5.840264065945672,33.950213855880776,False,False,ok,22.39999999999931,12.698412698412698,19.400000000000084,-8.299999999999974,-27.70000000000006,8.299999999999974,27.70000000000006,22.32789651296,33.73265841773422,11.404761904774222,22.32789651296,33.73265841773422,9.889013873276525,18.063554555700048,27.952568428976573,47.13659054021334,55.38259989743291,72.88296861117203,85.63301341207767,31.31052793188864,33.5178802041297,33.364872524549845,11.45442574800228,44.819298272552125,15.4199114588261,97.54589048833756,15.807853495037477,53.66141732289263
190_6,76,190,R,college,62.2365,0.0051,True,1.9361,1.7398,1.8685,1.783940069121053,1.7190501366382709,217.04986336172905,1.7678558147904724,168.24418520952756,1.796358126982182,139.74187301781794,217.04986336172905,77.30799034391111,5.534360956249877,66.41233147499852,1.7833,152.7999999999998,1.9111,24.99999999999991,2395.234796440835,ok,lead_hand_velocity20_onset_to_latest_upward_crossing_55deg_pull_attack_direction,lead_hand_velocity20_onset,latest_upward_crossing_55deg_pull_attack_direction,55.0,139.74187301781794,38.48209722307105,-38.48209722307105,-6.3,30.0,8.413574195967946,28.045247319893154,0.6492140024107482,0.6492140024107482,0.0051,0.6441140024107482,27.906176348545426,62.424338646531396,99.50411929065399,-8.92386100775256,-8.92386100775256,12.542744656931433,28.43250843647615,500.0,66.00038218119836,5.5000318484331965,22.202131788591405,False,False,ok,13.999999999999568,7.8125,11.099999999999888,-25.000000000000135,-36.10000000000002,25.000000000000135,36.10000000000002,29.747469066398843,35.09505061871058,5.347581552311738,29.747469066398843,35.09505061871058,6.896700412455896,16.0973003374752,22.994000749931097,45.19028173128896,45.7046519525401,72.03310890692622,72.85301276117036,45.23038555947545,45.35136313119165,12.25463835763449,39.08080856569836,51.33544692333285,8.828055221076305,94.93110907889236,9.299433354075493,51.729846269272244
190_7,76,190,R,college,63.0385,0.4283,True,1.3889,1.1759,1.3269,1.2506692274373152,1.1620949731031305,226.80502689686955,1.2181905783375762,170.70942166242386,1.249218514983932,139.6814850160679,226.80502689686955,87.12354188080164,5.755551318783281,69.06661582539937,1.2333,155.59999999999997,1.3639,25.000000000000135,2381.5162997795733,ok,lead_hand_velocity20_onset_to_latest_upward_crossing_55deg_pull_attack_direction,lead_hand_velocity20_onset,latest_upward_crossing_55deg_pull_attack_direction,55.0,139.6814850160679,324.1165934228554,-324.1165934228554,-6.3,30.0,8.630804261967404,28.769347539891346,0.9460329326680577,0.9460329326680577,0.4283,0.5177329326680576,28.769347539891346,64.35519761070891,100.0,-5.542860862248589,-5.542860862248589,13.793025871780925,28.100112485969603,500.0,68.32080032867557,5.6934000273896315,24.09613395009007,False,False,ok,8.399999999999741,1.7964071856287425,5.600000000000049,-8.299999999999974,-13.900000000000023,8.299999999999974,13.900000000000023,19.440007499083613,22.274278215247158,2.8342707161635445,19.440007499083613,22.274278215247158,2.4476940382478602,28.832395950537332,31.280089988785193,39.5120427555647,50.59334197677986,61.39681676463343,78.61578218254273,19.557385500990495,17.96656845720898,23.285301007834143,8.710143518964186,31.995444526798327,3.73745803993987,215.99968531110727,1.7303071689927503,63.36857892770251
190_8,76,190,R,college,61.1702,-3.3384,True,1.4,1.2102,1.3083,1.2787789732962127,1.1921173415209614,207.88265847903853,1.2286795219592077,171.3204780407924,1.2605864997077063,139.41350029229338,207.88265847903853,68.46915818674515,5.159518558359803,61.91422270031764,1.2833,116.6999999999998,1.375,24.99999999999991,2414.865277179223,ok,lead_hand_velocity20_onset_to_latest_upward_crossing_55deg_pull_attack_direction,lead_hand_velocity20_onset,latest_upward_crossing_55deg_pull_attack_direction,55.0,139.4135002922936,337.00127577292307,-337.00127577292307,-6.3,30.0,8.268329265448456,27.561097551494854,-3.273963462075717,-3.273963462075717,-3.3384,0.06443653792428305,27.561097551494854,61.65241936179049,100.0,-16.02689062515846,-16.02689062515846,8.889013873275442,25.15279340085206,499.9999999999999,63.34000293095271,5.278333577579392,23.384565252400144,False,False,ok,27.999999999999137,5.813953488372093,25.000000000000135,-13.900000000000023,-38.900000000000155,13.900000000000023,38.900000000000155,18.79977502814179,33.23022122238311,14.430446194241316,18.79977502814179,33.23022122238311,11.247281589813422,20.30746156732602,31.55474315713944,41.5799343445683,44.580352041362445,67.44250229754608,72.30916889044491,30.039847014833583,30.255657666000133,30.02284497893559,15.225813302180779,45.24865828111637,18.98431723218009,214.85586575133266,8.835838465844787,60.32452193482333
198_1,82,198,R,college,61.73,4.8158,True,1.125,0.9259,1.013,0.9687769694136792,0.8864075743500054,238.59242564999465,0.9337699984573692,191.2300015426307,0.951281592593928,173.71840740607203,238.59242564999465,64.87401824392262,5.263780574041065,63.165366888492784,1.0472,77.8000000000001,1.1,24.99999999999991,2554.49318053573,ok,lead_hand_velocity20_onset_to_latest_upward_crossing_55deg_pull_attack_direction,lead_hand_velocity20_onset,latest_upward_crossing_55deg_pull_attack_direction,55.0,173.71840740607203,40.78190747846144,-40.78190747846144,-6.3,30.0,8.543976752962253,28.47992250987418,4.567924239640846,4.567924239640846,4.8158,-0.24787576035915393,28.47992250987418,63.70777225723458,100.0,-6.184324427219809,-6.184324427219809,13.049306336722005,20.836707911533562,500.0,85.77390039494807,7.14782503291234,38.86281532360282,False,False,ok,8.399999999999741,3.896103896103896,5.50000000000006,-2.7999999999999137,-8.299999999999974,2.7999999999999137,8.299999999999974,15.41694788153146,18.32789651295568,2.910948631424219,15.41694788153146,18.32789651295568,0.8597675290597948,27.860704911916105,28.7204724409759,53.60693865680063,60.54761192953914,84.14505288357982,95.03960001154086,3.2245709445821604,3.12988146420097,8.947088060045528,-1.2016283452500078,7.74545971479552,3.2580643657818285,110.75630345245237,2.941651413258401,51.81402324715009
198_2,82,198,R,college,61.7618,7.8372,True,1.3917,1.1815,1.2889,1.233227410788103,1.15399791072679,237.7020892732098,1.195372324381915,196.32767561808487,1.207673032730169,184.0269672698309,237.7020892732098,53.6751220033789,4.843486805239841,58.1218416628781,1.3222,69.4999999999999,1.3667,24.99999999999991,2394.0444749809108,ok,lead_hand_velocity20_onset_to_latest_upward_crossing_55deg_pull_attack_direction,lead_hand_velocity20_onset,latest_upward_crossing_55deg_pull_attack_direction,55.0,184.02696726983092,37.56840480402657,-37.56840480402657,-6.3,30.0,8.312120533823117,27.70706844607706,8.235011095334588,8.235011095334588,7.8372,0.39781109533458814,27.70706844607706,61.978946953465076,100.0,-4.040857324182443,-4.040857324182443,14.229846269231716,22.426696662941353,499.9999999999999,85.57001491772672,7.130834576477227,36.35852796838033,True,True,ok,11.199999999999655,5.0,8.299999999999974,0.0,-8.299999999999974,0.0,8.299999999999974,14.229846269231716,19.870641169875228,5.640794900643511,14.229846269231716,19.870641169875228,1.6962879640063342,27.085676790430455,28.78196475443679,57.330307185054835,61.978946953465076,92.49964706257347,100.0,3.2259766651284747,2.7173114553854503,15.550998398107883,-4.040857324182443,11.51014107392544,6.141526903206316,108.73765180853545,5.648022374090142,50.94713160860397
198_3,82,198,R,college,62.5455,3.9151,True,1.3722,1.1611,1.2611,1.217666056376062,1.138163926859015,234.0360731409854,1.179327157512107,192.8728424878932,1.1876322715772751,184.5677284227249,234.0360731409854,49.46834471826048,7.10940071741283,85.31280860895396,1.2222,150.00000000000014,1.3472,25.000000000000135,2413.2239019754784,ok,lead_hand_velocity20_onset_to_latest_upward_crossing_55deg_pull_attack_direction,lead_hand_velocity20_onset,latest_upward_crossing_55deg_pull_attack_direction,55.0,184.56772842272494,47.53394867121985,-47.53394867121985,-6.3,30.0,8.639810627161449,28.79936875720483,3.7511934399375493,3.7511934399375493,3.9151,-0.16390656006245052,28.79936875720483,64.4223531612491,100.0,-6.1551731179907545,-6.1551731179907545,13.218035245608576,19.74953130860775,480.50000000000006,89.94332463676845,7.495277053064037,38.70935121858167,False,False,ok,11.199999999999655,4.761904761904762,8.299999999999974,-2.7999999999999137,-11.099999999999888,2.7999999999999137,11.099999999999888,15.470378702678873,19.882264716931864,4.411886014252991,15.470378702678873,19.882264716931864,1.4340082489704216,28.00618672668942,29.440194975659843,48.36616707822214,60.599159774297306,75.07668488476608,94.0654241899821,7.16185545301307,7.143217409877693,16.355845310864815,-0.997429159283962,15.358416151580855,4.739121270912216,119.12722948861403,3.9782015339869656,56.95575553062021
198_4,82,198,R,college,62.032,-0.5138,True,1.1583,0.9426,1.0898,1.008396867741412,0.9322176516843071,226.08234831569297,0.9668796011284604,191.42039887153973,0.9781292988320738,180.17070116792632,226.08234831569297,45.91164714776664,4.396631967662968,52.75958361195561,1.0972,61.10000000000015,1.1333,25.000000000000135,2210.7113771811287,ok,lead_hand_velocity20_onset_to_latest_upward_crossing_55deg_pull_attack_direction,lead_hand_velocity20_onset,latest_upward_crossing_55deg_pull_attack_direction,55.0,180.17070116792632,55.19644160544112,-55.19644160544112,-6.3,30.0,8.506423387267201,28.354744624224004,-0.5321021131975119,-0.5321021131975119,-0.5138,-0.01830211319751185,28.354744624224004,63.42775730186107,100.0,-18.668024596037917,-18.668024596037917,6.6679790026318715,12.66797900263835,472.20000000000005,85.96431766878729,7.163693139065607,37.36576700922812,False,False,ok,22.39999999999931,9.523809523809524,19.399999999999864,-8.399999999999963,-27.799999999999827,8.399999999999963,27.799999999999827,12.52699662543535,23.16535433073368,10.638357705298331,12.52699662543535,23.16535433073368,3.861829771282764,28.341582302242834,32.2034120735256,34.86931714931776,44.321517795155465,54.97485427928672,69.87716369069068,13.467137272011277,15.697262888153986,25.124559884068695,-1.6698303134856838,23.454729570583012,11.376603933261052,119.20954147176556,9.54336690906203,55.81814773159386
198_5,82,198,R,college,63.7734,3.5175,True,1.5333,1.3046,1.4676,1.3776837965925883,1.2980593643652747,235.2406356347254,1.3367182116081489,196.5817883918513,1.322649297264571,210.6507027354292,235.2406356347254,38.65884724287412,6.963283768855356,83.55940522626427,1.3833,150.00000000000014,1.5,33.30000000000011,2334.5367924817288,ok,lead_hand_velocity20_onset_to_latest_upward_crossing_55deg_pull_attack_direction,lead_hand_velocity20_onset,latest_upward_crossing_55deg_pull_attack_direction,55.0,210.65070273542918,47.532618725629085,-47.532618725629085,-6.3,30.0,8.72104736051725,29.070157868390837,3.715398121826098,3.715398121826098,3.5175,0.197898121826098,29.070157868390837,65.02809115155424,100.0,-11.637549174529699,-11.637549174529699,10.897262842156499,18.243719535077823,500.0,90.88475241775674,7.573729368146395,39.243340890482116,False,False,ok,27.999999999999137,10.75268817204301,24.99999999999991,-2.7999999999999137,-27.799999999999827,2.7999999999999137,27.799999999999827,13.254593175867331,27.85283089616807,14.598237720300737,13.254593175867331,27.85283089616807,6.911698537690253,24.128796400476006,31.04049493816626,41.84430563525612,60.91065901715154,64.34804542814265,93.66822543690138,16.821864843741743,20.570954803194304,38.40214198659333,-6.413757520077714,31.988384466515612,16.265539321927832,122.82757644731636,13.242579388436035,57.60029996256692
198_6,82,198,R,college,63.1897,-2.7154,True,1.05,0.8333,0.9482,0.9010216705229585,0.8209189155962648,229.0810844037352,0.8603206923783526,189.6793076216474,0.8775398426621036,172.46015733789645,229.0810844037352,56.62092706583874,5.167404986358078,62.008859836296935,0.9722,77.8000000000001,1.025,25.000000000000135,2441.4628254385248,ok,lead_hand_velocity20_onset_to_latest_upward_crossing_55deg_pull_attack_direction,lead_hand_velocity20_onset,latest_upward_crossing_55deg_pull_attack_direction,55.0,172.46015733789645,43.259384377279055,-43.259384377279055,-6.3,30.0,8.54682814594992,28.489427153166403,-2.9667739130993644,-2.9667739130993644,-2.7154,-0.25137391309936463,27.833875197639532,62.2626055781127,97.69896406831047,-11.563845204282602,-11.563845204282602,9.302962129743827,15.70847394077437,466.7,84.85712398538186,7.0714269987818215,39.84131286328195,False,False,ok,22.39999999999931,10.256410256410255,19.50000000000007,-8.299999999999974,-27.800000000000047,8.299999999999974,27.800000000000047,16.575365579320486,28.847019122640834,12.271653543320348,16.575365579320486,28.847019122640834,7.364266966637128,21.386389201372932,28.75065616801006,43.90057933626613,56.0964171821768,68.88630958065161,88.0233295050061,22.10230913461372,24.78709259156193,32.42999674419487,3.059314106944487,35.48931085113935,14.501871882572864,117.2890108525803,12.364220464609563,56.56992875896625
198_7,82,198,R,college,63.4766,-2.3066,True,1.5111,1.3037,1.4232,1.3505418090163364,1.275782826891697,235.31717310830305,1.3245625283000622,186.53747169993795,1.3435872838591874,167.51271614081276,235.31717310830305,67.8044569674903,4.657568830758774,55.89082596910529,1.4472,63.90000000000007,1.4861,25.000000000000135,2285.58478192454,ok,lead_hand_velocity20_onset_to_latest_upward_crossing_55deg_pull_attack_direction,lead_hand_velocity20_onset,latest_upward_crossing_55deg_pull_attack_direction,55.0,167.51271614081276,50.17475178275688,-50.17475178275688,-6.3,30.0,8.644069877037259,28.813566256790864,-2.0208440731228063,-2.0208440731228063,-2.3066,0.28575592687719364,28.498357302311884,63.749009713474976,98.90603977421681,-13.460319890302628,-13.460319890302628,9.547994000760216,17.61098612675318,500.0,84.91959248315128,7.076632706929273,36.272080469510115,False,False,ok,25.19999999999922,11.39240506329114,22.199999999999996,-13.899999999999801,-36.099999999999795,13.899999999999801,36.099999999999795,18.739782527204344,31.058680165012923,12.318897637808579,18.739782527204344,31.058680165012923,7.59486314211544,22.04068241472197,29.63554555683741,36.117167904460935,38.03592190824753,56.03547508182865,59.01240540072177,26.94275976340587,26.154929896521413,21.2468242405949,16.874873990399276,38.12169823099418,14.51641249161887,118.44886615743663,12.255425452806227,58.25309336339252
199_1,83,199,R,college,67.8799,2.0412,True,0.8778,0.6917,0.7769,0.7382496532224782,0.6822944456345035,195.5055543654965,0.7184291069282522,159.3708930717478,0.7301672669446978,147.63273305530225,195.5055543654965,47.87282131019427,2.9678792240891467,35.61455068906976,0.8472,30.600000000000072,0.85,27.800000000000047,2798.779546616971,ok,lead_hand_velocity20_onset_to_latest_upward_crossing_55deg_pull_attack_direction,lead_hand_velocity20_onset,latest_upward_crossing_55deg_pull_attack_direction,55.0,147.63273305530223,38.686571944514526,-38.686571944514526,-6.3,30.0,9.188496306524412,30.628321021748043,3.3118355975370113,3.3118355975370113,2.0412,1.2706355975370114,30.26266777555679,67.69565984152817,98.80615967838519,0.7794130282031742,0.7794130282031742,15.471316085506022,27.41226096740868,500.0,86.40574452277298,7.200478710231081,43.40409234669765,False,False,ok,19.600000000000172,10.44776119402985,16.599999999999948,-2.8000000000000247,-19.399999999999974,2.8000000000000247,19.399999999999974,17.873453318354514,27.290963629575785,9.417510311221271,17.873453318354514,27.290963629575785,5.766216722915864,21.541994750679436,27.3082114735953,47.86543717767376,67.19285528936567,69.8626771631182,98.07228416872495,22.281588528469502,25.942646101746938,27.52891685072474,5.723315073382728,33.25223192410747,11.321766308086234,111.9334752409835,10.114727773538174,55.69966254224241
199_2,83,199,R,college,69.0059,0.6014,True,1.2611,1.063,1.1519,1.113993282574286,1.054935408950342,206.16459104965813,1.0927797262126353,168.3202737873648,1.1188877861441395,142.21221385586057,206.16459104965813,63.95237719379756,6.934840529613858,83.2180863553663,1.0972,163.90000000000015,1.2361,25.000000000000135,2663.8523407304115,ok,lead_hand_velocity20_onset_to_latest_upward_crossing_55deg_pull_attack_direction,lead_hand_velocity20_onset,latest_upward_crossing_55deg_pull_attack_direction,55.0,142.21221385586057,39.07164554238163,-39.07164554238163,-6.3,30.0,9.334192193850496,31.113973979501655,0.5342478382097009,0.5342478382097009,0.6014,-0.06715216179029915,30.62705646785877,68.51077413175271,98.43505200600966,-2.3730481859620665,-2.3730481859620665,14.344581927274584,27.257967754060186,497.2000000000001,82.3103711079769,6.859197592331409,39.617824045273316,False,False,ok,16.799999999999482,9.090909090909092,13.900000000000023,-5.599999999999827,-19.49999999999985,5.599999999999827,19.49999999999985,19.59955005626414,27.38563929511769,7.7860892388535525,19.59955005626414,27.38563929511769,4.875515560560199,22.837832770928305,27.713348331488504,48.294901889812124,64.90011535960609,69.38924920052092,93.24732221436098,22.047218243686547,22.734506078003026,24.794968511087184,8.610831979767712,33.405800490854894,9.452776264674082,110.45941429484418,8.557691822846557,55.26227971509533
199_3,83,199,R,college,71.2742,4.3365,True,1.0139,0.8296,0.9037,0.8759416078831674,0.8065594281286724,207.3405718713276,0.8447644828678628,169.13551713213727,0.8605590647962225,153.34093520377758,207.3405718713276,53.99963666755002,7.742491140456988,92.90989368548385,0.8472,166.70000000000007,0.975,38.90000000000005,2716.6227657153877,ok,lead_hand_velocity20_onset_to_latest_upward_crossing_55deg_pull_attack_direction,lead_hand_velocity20_onset,latest_upward_crossing_55deg_pull_attack_direction,55.0,153.34093520377758,36.879248287012615,-36.879248287012615,-6.3,30.0,9.647371137674783,32.15790379224928,4.4129625341466285,4.4129625341466285,4.3365,0.07646253414662851,31.469956100793354,70.39628691122343,97.86071972880977,3.9913584603810177,3.9913584603810177,17.55961754782549,25.732845894291007,500.0,91.9675229231291,7.663960243594091,44.326218480536966,False,False,ok,5.600000000000049,2.898550724637681,2.7000000000001467,-2.7999999999999137,-5.50000000000006,2.7999999999999137,5.50000000000006,20.190476190497996,22.089051368602785,1.8985751781047888,20.190476190497996,22.089051368602785,0.6126734158236857,26.569553805802975,27.18222722162666,64.79013324061012,67.68531932725509,90.06737923901387,94.09209427185662,9.82304635021801,9.82304635021801,2.9951975885817657,8.325447555927129,11.320645144508894,2.1579034641808765,118.167745247347,1.826135769675544,57.474503187163705
199_4,83,199,R,college,68.7899,-13.2102,True,1.0083,0.8222,0.9037,0.8733461790904561,0.8064387093515357,201.86129064846423,0.8502431511568176,158.0568488431824,0.8713021657503824,136.99783424961754,201.86129064846423,64.8634563988467,6.600192933305098,79.20231519966117,0.8583,150.00000000000003,0.9833,25.00000000000002,2568.715593020445,ok,lead_hand_velocity20_onset_to_latest_upward_crossing_55deg_pull_attack_direction,lead_hand_velocity20_onset,latest_upward_crossing_55deg_pull_attack_direction,55.0,136.99783424961754,52.35445179038511,-52.35445179038511,-6.3,30.0,9.396485030821175,31.32161676940392,-13.996545716213124,-13.996545716213124,-13.2102,-0.7863457162131233,31.32161676940392,70.06446127729932,100.0,-16.36217675352608,-16.36217675352608,3.9686914135775826,15.197037870282623,500.0,78.30584962701164,6.525487468917636,43.47568067258836,False,False,ok,14.000000000000124,7.352941176470589,11.10000000000011,-16.69999999999994,-27.800000000000047,16.69999999999994,27.800000000000047,17.301837270359893,24.83314585679473,7.531308586434836,17.301837270359893,24.83314585679473,3.5303712036033623,25.114360704939013,28.644731908542376,42.84122451172963,44.66778233198213,61.14544196975088,63.75240959207142,18.619006242667734,18.255215664576806,10.83896079614665,13.613924827109377,24.452885623256027,8.512294047526382,117.27767157698324,7.258239299148052,57.8110236221097
199_5,83,199,R,college,66.1653,-2.9665,True,1.25,1.0509,1.1417,1.104940342970721,1.0459799234170608,204.0200765829392,1.086728045173572,163.2719548264281,1.1134347976825716,136.5652023174284,204.0200765829392,67.4548742655108,2.623671595630332,31.484059147563983,1.2222,27.800000000000047,1.225,24.99999999999991,2755.369602847124,ok,lead_hand_velocity20_onset_to_latest_upward_crossing_55deg_pull_attack_direction,lead_hand_velocity20_onset,latest_upward_crossing_55deg_pull_attack_direction,55.0,136.5652023174284,422.7504627825562,-422.7504627825562,-6.3,30.0,9.004424714760217,30.014749049200727,-3.5608714109024717,-3.5608714109024717,-2.9665,-0.5943714109024718,30.014749049200727,67.1410814450624,100.0,-3.6455679558702516,-3.6455679558702516,11.592425946769174,25.28927634048475,500.0,79.33669952433866,6.611391627028222,39.81524957334029,False,False,ok,8.399999999999741,1.4851485148514851,5.50000000000006,-5.600000000000049,-11.10000000000011,5.600000000000049,11.10000000000011,16.673040869909272,20.364829396347456,3.6917885264381844,16.673040869909272,20.364829396347456,1.1736032995888195,26.389576302990633,27.563179602579453,55.59343616541512,63.80066078162447,82.80092451430642,95.02477381724749,7.795241760676762,7.436049347259379,7.25530377038512,4.347186082192894,11.602489852578014,4.185012947185495,252.85876221138292,1.6550792666172032,69.45706786659173
199_6,83,199,R,college,70.7418,0.071,True,1.2806,1.0889,1.1769,1.136967014481682,1.067470223905056,213.129776094944,1.115535216728546,165.06478327145402,1.1368342532063649,143.7657467936353,213.129776094944,69.3640293013087,7.059379462556812,84.71255355068175,1.1278,152.80000000000004,1.25,30.59999999999996,2811.0995933378094,ok,lead_hand_velocity20_onset_to_latest_upward_crossing_55deg_pull_attack_direction,lead_hand_velocity20_onset,latest_upward_crossing_55deg_pull_attack_direction,55.0,143.76574679363506,34.630560685743994,-34.630560685743994,-6.3,30.0,9.742193163101058,32.47397721033686,0.2736276907438593,0.2736276907438593,0.071,0.20262769074385928,32.47397721033686,72.64221816915003,100.0,0.8887622477321977,0.8887622477321977,14.58305211850094,26.63423322087616,500.0,83.6031616579773,6.966930138164774,41.771373278956034,False,False,ok,11.199999999999655,6.25,8.299999999999974,-5.50000000000006,-13.800000000000034,5.50000000000006,13.800000000000034,19.249718785172647,24.099550056269003,4.849831271096356,19.249718785172647,24.099550056269003,2.945256842897816,22.06467941509695,25.009936257994767,50.63017558638569,62.87639182307444,69.69800325823134,86.55626632527176,20.212378149589867,20.551663428473805,18.908603423639743,10.418791158886062,29.327394582525805,5.798806847323952,108.31264268743831,5.353767301253813,53.15879265097607
199_7,83,199,R,college,69.2292,-3.7317,True,1.4556,1.2694,1.3528,1.3188745423062258,1.2507035920069118,204.89640799308816,1.298614040795948,156.98595920405188,1.3179369748597498,137.6630251402502,204.89640799308816,67.23338285283796,6.887931288867839,82.65517546641406,1.2972,158.4000000000001,1.425,30.59999999999996,2748.4270694632423,ok,lead_hand_velocity20_onset_to_latest_upward_crossing_55deg_pull_attack_direction,lead_hand_velocity20_onset,latest_upward_crossing_55deg_pull_attack_direction,55.0,137.6630251402502,41.66093569209161,-41.66093569209161,-6.3,30.0,9.526658457935126,31.755528193117087,-3.3303461361880613,-3.3303461361880613,-3.7317,0.4013538638119387,31.755528193117087,71.03509348854028,100.0,-3.3217928376422434,-3.3217928376422434,11.355080614935396,22.835395575577714,500.0,80.8312862275216,6.735940518960134,44.13541403082857,False,False,ok,16.799999999999482,9.230769230769232,13.900000000000023,-8.299999999999974,-22.199999999999996,8.299999999999974,22.199999999999996,17.714848144001135,25.44844394453442,7.733595800533287,17.714848144001135,25.44844394453442,5.425384326964991,19.604986876661595,25.030371203626586,41.56504708621241,52.58763847290098,58.51339815990792,74.03050505083752,27.33576604438969,29.707073553136894,22.8901807090122,13.265419513851745,36.155600222863946,9.568079115756221,110.33319639054235,8.671985792823806,54.06036745412665
199_8,83,199,R,college,68.7635,-8.4557,True,1.3667,1.1759,1.262,1.228864335998984,1.1625531589987006,204.14684100129944,1.2064868656447427,160.2131343552573,1.2282300478590922,138.46995214090785,204.14684100129944,65.67688886039159,6.7591285983073295,81.10954317968796,1.2139,152.80000000000004,1.3417,25.000000000000135,2566.1065681795126,ok,lead_hand_velocity20_onset_to_latest_upward_crossing_55deg_pull_attack_direction,lead_hand_velocity20_onset,latest_upward_crossing_55deg_pull_attack_direction,55.0,138.46995214090785,50.87711021568331,-50.87711021568331,-6.3,30.0,9.327838948871657,31.092796496238854,-8.066216419504459,-8.066216419504459,-8.4557,0.38948358049554166,30.56235401449951,68.36603886564843,98.29400201489271,-12.159874879115057,-12.159874879115057,6.654668166486372,18.473565804294413,500.0,79.93520321415629,6.661266934513024,42.14488873243634,False,False,ok,13.999999999999568,7.352941176470589,11.10000000000011,-11.099999999999888,-22.199999999999996,11.099999999999888,22.199999999999996,15.954443194617905,22.44563179604974,6.491188601431833,15.954443194617905,22.44563179604974,2.8055868016528223,26.38001499815373,29.185601799806552,40.69003475851206,48.47228297984061,58.50253173800441,69.69154217417906,16.45439586994734,17.606891731733967,14.731728689540514,7.955735520597415,22.68746421013793,7.246275736025117,115.84339228134954,6.255234410285607,56.72478440201104
200_1,85,200,L,college,70.2625,6.9644,True,1.2944,1.1019,1.2046,1.173222915817787,1.0782820669023905,216.1179330976097,1.1198844330540143,174.51556694598546,1.1528056242186997,141.59437578130053,216.1179330976097,74.5235573163092,7.088425923076159,85.0611110769139,1.1444,149.99999999999991,1.2694,24.99999999999991,2522.137840498094,ok,lead_hand_velocity20_onset_to_latest_upward_crossing_55deg_pull_attack_direction,lead_hand_velocity20_onset,latest_upward_crossing_55deg_pull_attack_direction,55.0,141.5943757813003,25.907754633127887,-25.907754633127887,-6.3,30.0,9.522480491560618,31.741601638535396,7.08396941013741,7.08396941013741,6.9644,0.11956941013740963,31.741601638535396,71.00394067317323,100.0,-9.660435708328393,9.660435708328393,22.837270341232017,32.06167979006087,500.0,84.20875160547419,7.017395967122849,36.30261209519348,True,True,ok,11.199999999999655,6.666666666666667,8.399999999999963,0.0,-8.399999999999963,0.0,8.399999999999963,22.837270341232017,28.555305586832493,5.7180352456004755,22.837270341232017,28.555305586832493,3.6760404949421073,-25.939820022525204,-22.263779527583097,64.90323060099837,71.00394067317323,91.40792748355184,100.0,18.240568871983132,17.71876568622262,18.203872698830505,9.660435708328393,27.864308407158898,7.079830942527476,101.62975489988727,6.966297369802403,56.49193850774758
200_2,85,200,L,college,69.0081,9.1391,True,1.15,0.9546,1.0611,1.0265749696720965,0.9325711277817256,217.42887221827425,0.969698888784303,180.3011112156969,1.0119046691222788,138.09533087772107,217.42887221827425,79.33354134055318,7.224782025811021,86.69738430973226,0.9972,152.79999999999993,1.125,24.99999999999991,2904.873523050281,ok,lead_hand_velocity20_onset_to_latest_upward_crossing_55deg_pull_attack_direction,lead_hand_velocity20_onset,latest_upward_crossing_55deg_pull_attack_direction,55.0,138.09533087772107,16.936211295806025,-16.936211295806025,-6.3,30.0,9.47685501557918,31.589516718597267,10.271129575045125,10.271129575045125,9.1391,1.1320295750451255,31.589516718597267,70.66373639628944,100.0,-15.99266653145382,15.99266653145382,23.649981252369003,32.953130858678264,499.9999999999999,84.99053560331812,7.082544633609843,34.14978302408911,True,True,ok,16.799999999999482,10.714285714285714,13.900000000000023,2.7999999999999137,-11.10000000000011,-2.7999999999999137,11.10000000000011,20.835395575575557,30.23040869894529,9.395013123369733,20.835395575575557,30.23040869894529,7.899325084372986,-23.91526059245177,-16.015935508078783,62.50262783033726,70.66373639628944,88.45078256238271,100.0,26.461649485467273,26.270816640595598,34.8227075209112,9.648524657635917,44.47123217854712,12.62924795901986,98.38267033046938,12.83686234231899,53.684476940440454
200_3,85,200,L,college,70.2241,12.7127,True,0.9611,0.7444,0.8815,0.8357514404970245,0.7506352548356865,210.46474516431343,0.7780011996422185,183.09880035778147,0.8180221386131278,143.07786138687217,210.46474516431343,67.38688377744126,7.151195014187507,85.81434017025008,0.8167,144.39999999999998,0.9333,27.799999999999937,2626.5132850295104,ok,lead_hand_velocity20_onset_to_latest_upward_crossing_55deg_pull_attack_direction,lead_hand_velocity20_onset,latest_upward_crossing_55deg_pull_attack_direction,55.0,143.07786138687217,20.044288611464566,-20.044288611464566,-6.3,30.0,9.506526070286244,31.688420234287477,12.976311928920051,12.976311928920051,12.7127,0.26361192892005114,31.3233038047283,70.0682350678424,98.84779226335773,-15.318822440068493,15.318822440068493,23.27671541059882,33.99325084368126,499.99999999999994,85.63743049013482,7.1364525408445685,36.01441473044872,True,True,ok,11.200000000000099,6.779661016949152,8.299999999999974,5.499999999999949,-2.8000000000000247,-5.499999999999949,2.8000000000000247,17.550056242988582,25.390888638947562,7.84083239595898,17.550056242988582,25.390888638947562,3.824334458196862,-25.304836895415402,-21.48050243721854,69.88174028846892,70.88497725994864,98.58469733607917,100.0,12.608052950132524,12.214960249903733,17.397019713403328,4.3026357936596495,21.699655507062978,9.200362430443995,101.25352110180934,9.086461715433213,54.742032246028394
200_4,85,200,L,college,71.7851,11.1057,True,1.0611,0.8648,0.9806,0.9362493086007764,0.8505290737748109,210.57092622518903,0.8798613593415379,181.2386406584621,0.9170225961097842,144.07740389021572,210.57092622518903,66.4935223349733,7.1568616374125416,85.8823396489505,0.9083,152.79999999999993,1.0361,24.99999999999991,2646.8295626318254,ok,lead_hand_velocity20_onset_to_latest_upward_crossing_55deg_pull_attack_direction,lead_hand_velocity20_onset,latest_upward_crossing_55deg_pull_attack_direction,55.0,144.07740389021572,22.25810020200658,-22.25810020200658,-6.3,30.0,9.700917278173106,32.33639092724369,11.510672786740006,11.510672786740006,11.1057,0.4049727867400055,32.24144387197744,72.12205590546127,99.70637707999052,-9.235253781073846,9.235253781073846,22.57667791528498,31.698725159389312,499.9999999999999,85.33245403328934,7.111037836107445,33.10852135063674,True,True,ok,16.799999999999482,10.0,13.900000000000023,2.7999999999999137,-11.10000000000011,-2.7999999999999137,11.10000000000011,19.449568803920517,30.130671166136782,10.681102362216265,19.449568803920517,30.130671166136782,6.885826771660984,-28.46737907764604,-21.581552305985056,65.68063537689643,72.3094902504109,90.80132444264268,99.96549891506116,19.095386707709757,19.20187806581619,32.894985266279825,2.85704075068271,35.75202601696253,13.134013629623421,103.58551621368727,12.679391974577966,56.91038620178627
200_5,85,200,L,college,71.5187,7.2059,True,1.2028,1.0102,1.112,1.079221602458497,0.9912421933885992,211.55780661140088,1.023799207534543,179.0007924654571,1.0587915625435738,144.00843745642632,211.55780661140088,67.54936915497456,7.255320977865895,87.06385173439074,1.0528,150.00000000000014,1.175,27.800000000000047,2756.7756330146535,ok,lead_hand_velocity20_onset_to_latest_upward_crossing_55deg_pull_attack_direction,lead_hand_velocity20_onset,latest_upward_crossing_55deg_pull_attack_direction,55.0,144.00843745642632,408.88382483524356,-408.88382483524356,-6.3,30.0,9.81724402044255,32.7241467348085,7.606063970021683,7.606063970021683,7.2059,0.40016397002168347,31.98977629160471,71.55909156139198,97.75587596170186,-6.380125310100865,6.380125310100865,20.890888638942698,31.5404949381668,497.2000000000001,86.49137053949299,7.207614211624416,38.46526773036091,True,True,ok,11.199999999999655,2.0100502512562812,8.299999999999974,0.0,-8.299999999999974,0.0,8.299999999999974,20.890888638942698,27.325834270745673,6.434945631802975,20.890888638942698,27.325834270745673,3.2977127859053255,-28.051181102392498,-24.753468316487172,67.58784332604024,73.20183145760662,92.33080918908756,100.0,13.816327311364574,13.497315621411012,15.510427382434546,6.380125310100865,21.89055269253541,7.49721433304949,269.4197847544259,2.782725975333676,70.04911886021816
200_6,85,200,L,college,72.2684,14.4372,True,1.1361,0.9352,1.0509,1.008118275232239,0.9166566034781334,219.4433965218668,0.9557387478703792,180.36125212962096,0.9933488103185534,142.75118968144673,219.4433965218668,76.69220684042003,7.523108719266371,90.27730463119644,0.9722,163.90000000000015,1.1111,25.000000000000135,2670.985954065467,ok,lead_hand_velocity20_onset_to_latest_upward_crossing_55deg_pull_attack_direction,lead_hand_velocity20_onset,latest_upward_crossing_55deg_pull_attack_direction,55.0,142.75118968144673,13.41017901170738,-13.41017901170738,-6.3,30.0,9.810277001906625,32.70092333968875,15.757166174521753,15.757166174521753,14.4372,1.3199661745217526,31.78289854668332,71.09631922575896,97.19266400074021,-23.668896373831945,23.668896373831945,28.608923884545337,38.667979002666435,497.2000000000001,87.98766109877381,7.332305091564485,30.264033689918517,True,True,ok,13.999999999999568,8.928571428571429,11.10000000000011,8.300000000000196,-2.7999999999999137,-8.300000000000196,2.7999999999999137,20.317210348728356,30.32452193479091,10.007311586062553,20.317210348728356,30.32452193479091,6.104986876647015,-25.440569928786378,-19.335583052139363,70.68708566433645,73.14988220223853,96.63321872331503,100.0,18.079180109982115,17.307624969010682,23.35766060296607,6.909571881641199,30.26723248460727,12.2856521631599,95.90588621144859,12.81011275582512,54.846831646103496
200_7,85,200,L,college,71.183,9.7352,True,1.2861,1.0861,1.2028,1.1636203702460195,1.0735029907486482,212.59700925135184,1.103504658298972,182.595341701028,1.144969630744895,141.13036925510468,212.59700925135184,71.46663999624715,7.294537679462565,87.53445215355079,1.1278,158.3000000000001,1.2611,24.99999999999991,2631.8847938629774,ok,lead_hand_velocity20_onset_to_latest_upward_crossing_55deg_pull_attack_direction,lead_hand_velocity20_onset,latest_upward_crossing_55deg_pull_attack_direction,55.0,141.1303692551049,23.89788345642674,-23.89788345642674,-6.3,30.0,9.634479063154679,32.114930210515595,9.562617837153287,9.562617837153287,9.7352,-0.17258216284671413,31.683596360519353,70.87418656164844,98.65690553531078,-11.115253405037462,11.115253405037462,23.538245219373,30.691788526467345,500.0,86.02707411479265,7.168922842899388,34.93171401409847,True,True,ok,11.199999999999655,6.779661016949152,8.399999999999963,2.7999999999999137,-5.600000000000049,-2.7999999999999137,5.600000000000049,20.471691038642277,28.039557555335875,7.5678665166935986,20.471691038642277,28.039557555335875,3.7240344956920595,-26.922009748810474,-23.197975253118415,69.65805665964322,71.375441014366,96.96405206239743,99.35465200112588,13.913714150024312,14.107883325915545,17.272479664091676,5.083305142087236,22.355784806178914,8.752352589823138,102.45947362123722,8.542258007471355,56.36932883395667
200_8,85,200,L,college,72.2114,9.3631,True,1.2361,1.0454,1.1435,1.111268971632403,1.0179917881084657,218.1082118915345,1.0503735987579448,185.7264012420552,1.09120032605707,144.89967394293,218.1082118915345,73.20853794860449,7.500223318484485,90.00267982181381,1.0917,144.4000000000001,1.2111,24.99999999999991,2629.5835776443137,ok,lead_hand_velocity20_onset_to_latest_upward_crossing_55deg_pull_attack_direction,lead_hand_velocity20_onset,latest_upward_crossing_55deg_pull_attack_direction,55.0,144.89967394293,23.91729304045631,-23.91729304045631,-6.3,30.0,9.760002681583845,32.533342271946154,9.877078095466945,9.877078095466945,9.3631,0.5139780954669462,31.66173936479661,70.82529385468095,97.32089343952485,-10.193201941879488,10.193201941879488,23.11436070493685,30.93325834274057,500.0,89.91146067865924,7.492621723221603,36.12493139711189,True,True,ok,13.999999999999568,8.19672131147541,11.099999999999888,2.7999999999999137,-8.299999999999974,-2.7999999999999137,8.299999999999974,20.263404574450085,28.89838770156852,8.634983127118435,20.263404574450085,28.89838770156852,4.872328458947894,-29.49906261720471,-24.626734158256816,64.96117181409939,72.33511015976511,89.26301517079827,99.3955289792211,16.32802693809557,16.36015700580644,23.924682516910103,4.350845546295342,28.275528063205446,10.15710998444742,107.89168654819912,9.414172963094678,58.98387701543679
201_1,86,201,R,college,67.469,5.6511,True,1.9111,1.7546,1.8398,1.8131311587130636,1.6753426312923818,235.7573687076182,1.7105309749323825,200.56902506761776,1.7464311637380718,164.6688362619282,235.7573687076182,71.08853244569002,5.734039731329068,68.8084767759488,1.8333,77.8000000000001,1.8861,24.99999999999991,2176.375822048019,ok,lead_hand_velocity20_onset_to_latest_upward_crossing_55deg_pull_attack_direction,lead_hand_velocity20_onset,latest_upward_crossing_55deg_pull_attack_direction,55.0,164.6688362619282,45.28793993702851,-45.28793993702851,-6.3,30.0,9.13037057229855,30.4345685743285,5.342983973231784,5.342983973231784,5.6511,-0.30811602676821526,30.023521285872565,67.16070437963612,98.64940655408977,-10.481902670401977,-10.481902670401977,10.85695538058915,25.97900262469997,500.0,93.42903016417698,7.785752513681415,29.093084232490593,True,True,ok,36.399999999998876,17.105263157894736,33.29999999999988,0.0,-33.29999999999988,0.0,33.29999999999988,10.85695538058915,31.419385076899335,20.562429696310183,10.85695538058915,31.419385076899335,10.691601049880319,25.634045744309653,36.32564679418997,47.33961140792343,67.57700009947315,69.53507434190738,99.26088503830564,19.378706081429325,26.773153938178368,52.06004016982264,-10.481902670401977,41.57813749942066,24.531103024066706,126.22529186190455,19.434380116866514,60.8830146232379
201_2,86,201,R,college,66.118,7.6685,True,1.5194,1.3639,1.4509,1.4193686018104992,1.2752440314622897,244.1559685377104,1.3138377838864586,205.56221611354152,1.3539433717701892,165.4566282298109,244.1559685377104,78.69934030789952,6.364553667038079,76.37464400445694,1.4222,97.20000000000017,1.4944,25.000000000000135,2165.612780746919,ok,lead_hand_velocity20_onset_to_latest_upward_crossing_55deg_pull_attack_direction,lead_hand_velocity20_onset,latest_upward_crossing_55deg_pull_attack_direction,55.0,165.4566282298109,38.62330450735385,-38.62330450735385,-6.3,30.0,8.942687697091284,29.80895899030428,7.797470559132279,7.797470559132279,7.6685,0.12897055913227895,29.80895899030428,66.68074219377293,100.0,-8.170785898911943,-8.170785898911943,12.352268466455033,28.017622797180618,500.0,92.17429208679094,7.681191007232578,27.20676841248472,True,True,ok,36.399999999998876,17.80821917808219,33.30000000000011,2.7000000000001467,-30.59999999999996,-2.7000000000001467,30.59999999999996,9.39182602175742,32.22853393329316,22.836707911535736,9.39182602175742,32.22853393329316,11.903637045382194,23.80277465319406,35.706411698576254,50.965378134671504,66.68074219377293,76.43192990648954,100.0,18.281670133432733,21.284980923758535,56.853248266723696,-12.656201838190768,44.19704642853293,27.33748951168884,120.8121216919528,22.62810149249268,59.07124109492696
201_3,86,201,R,college,67.0141,11.9013,True,1.4694,1.3148,1.4009,1.3716679294405103,1.2321613391671369,237.2386608328634,1.2637893867238867,205.6106132761133,1.292999206726057,176.4007932739431,237.2386608328634,60.83786755892029,7.085108985075868,85.02130782091041,1.3444,125.0,1.4444,25.000000000000135,2206.0833957803575,ok,lead_hand_velocity20_onset_to_latest_upward_crossing_55deg_pull_attack_direction,lead_hand_velocity20_onset,latest_upward_crossing_55deg_pull_attack_direction,55.0,176.4007932739431,36.12832720378978,-36.12832720378978,-6.3,30.0,9.027359284211668,30.091197614038894,11.700350608938788,11.700350608938788,11.9013,-0.20094939106121323,30.091197614038894,67.31209201422436,100.0,-4.014064010400416,-4.014064010400416,15.324146981643846,30.753280839928227,500.0,93.80835327857125,7.8173627732142705,24.467571790136564,True,True,ok,33.599999999998964,15.789473684210526,30.59999999999996,8.299999999999974,-22.299999999999986,-8.299999999999974,22.299999999999986,5.966629171360018,29.047994000781287,23.08136482942127,5.966629171360018,29.047994000781287,8.035433070874827,27.047806524213687,35.083239595088514,53.784629289273546,67.31209201422436,79.90336903792532,100.0,10.900662703704661,10.641412193411055,57.748277554685075,-19.895894420793034,37.85238313389204,26.27978387215841,118.45473592429386,22.185507119744205,56.75796775409208
201_5,86,201,R,college,68.0758,7.1605,True,1.4861,1.3324,1.4139,1.3881234118823742,1.242891502933897,243.20849706610304,1.2879348663360248,198.16513366397515,1.3249541610800368,161.14583891996315,243.20849706610304,82.06265814613988,6.669796909740906,80.03756291689088,1.3833,102.8,1.4611,24.99999999999991,2279.6742310318527,ok,lead_hand_velocity20_onset_to_latest_upward_crossing_55deg_pull_attack_direction,lead_hand_velocity20_onset,latest_upward_crossing_55deg_pull_attack_direction,55.0,161.14583891996315,30.384989418671626,-30.384989418671626,-6.3,30.0,9.225395924558617,30.751319748528726,7.02060831424136,7.02060831424136,7.1605,-0.13989168575863964,30.347750874865202,67.88598531421164,98.68763722349566,-0.07406233635566925,-0.07406233635566925,16.565804274483583,31.483127109145364,500.0,93.28122918524875,7.773435765437395,29.214753289692858,True,True,ok,27.999999999999137,14.492753623188406,25.000000000000135,0.0,-25.000000000000135,0.0,25.000000000000135,16.565804274483583,32.33595800528427,15.770153730800686,16.565804274483583,32.33595800528427,11.446381702299586,20.540682414720344,31.98706411701993,52.77879610971796,68.32136580864879,76.7259200770308,99.3205612665117,26.16746076582131,27.388910646590027,47.166237285095285,-0.07406233635566925,47.09217494873962,20.40818445198601,115.80686344609003,17.622603570026186,57.34120734914332
201_6,86,201,R,college,65.4739,8.5668,True,1.6611,1.5009,1.5954,1.5650422829508104,1.4149826735029292,246.11732649707085,1.4598187494281107,201.28125057188927,1.491790858115798,169.30914188420186,246.11732649707085,76.80818461286898,5.984224885158097,71.81069862189716,1.5722,88.89999999999998,1.6361,24.99999999999991,2216.042465413407,ok,lead_hand_velocity20_onset_to_latest_upward_crossing_55deg_pull_attack_direction,lead_hand_velocity20_onset,latest_upward_crossing_55deg_pull_attack_direction,55.0,169.3091418842021,37.32281375283386,-37.32281375283386,-6.3,30.0,8.87333649479108,29.577788315970263,8.432945972694354,8.432945972694354,8.5668,-0.133854027305647,29.229597715363997,65.38474793164809,98.82279703645636,-2.169206269077496,-2.169206269077496,15.386389201366446,30.878515185635145,500.0,91.41107861554921,7.617589884629101,26.25934448430533,True,True,ok,16.799999999999482,8.108108108108109,13.899999999999801,2.7999999999999137,-11.099999999999888,-2.7999999999999137,11.099999999999888,12.386764154494063,22.439070116259707,10.052305961765644,12.386764154494063,22.439070116259707,3.194413198353658,30.07705286842394,33.2714660667776,58.438675714691264,66.10971491656994,88.32447278483619,99.91851534195412,6.121662195769244,6.110154802539286,28.49607425875888,-7.821361141312517,20.674713117446363,11.270722511363463,116.24745696976892,9.695457264320634,56.106111736093624
201_7,86,201,R,college,64.6777,11.2194,True,1.5972,1.438,1.5296,1.5008159790127096,1.3649149622447427,232.2850377552572,1.3997221920483662,197.4778079516337,1.4268792415556586,170.32075844434135,232.2850377552572,61.964279310915856,7.041274231355475,84.4952907762657,1.4833,113.89999999999989,1.5722,24.99999999999991,2278.5767534668175,ok,lead_hand_velocity20_onset_to_latest_upward_crossing_55deg_pull_attack_direction,lead_hand_velocity20_onset,latest_upward_crossing_55deg_pull_attack_direction,55.0,170.32075844434135,23.896746716466133,-23.896746716466133,-6.3,30.0,8.828562848228875,29.428542827429588,11.42587328420703,11.42587328420703,11.2194,0.20647328420703026,29.428542827429588,65.82977547295445,100.0,10.660306814368775,10.660306814368775,22.044994375726844,36.22609673794689,500.0,96.4449283552503,8.037077362937525,27.819379932875712,True,True,ok,25.19999999999922,12.857142857142856,22.199999999999996,5.50000000000006,-16.69999999999994,-5.50000000000006,16.69999999999994,16.456692913403597,31.629921259876685,15.173228346473088,16.456692913403597,31.629921259876685,10.17622797151456,19.788338957651664,29.964566929166224,55.498152605313344,65.82977547295445,84.30554746174738,100.0,23.54690545831951,23.32114587645603,47.155407958403245,0.5920482439891421,47.747456202392385,19.27066859630844,113.70275146888771,16.94828695643433,57.040869891325215
201_8,86,201,R,college,67.3944,11.1033,True,1.8111,1.6583,1.7796,1.7116644911694097,1.5536695688678273,257.43043113217266,1.6012278304343714,209.8721695656285,1.634465694317761,176.63430568223905,257.43043113217266,80.79612544993361,3.475238212991529,41.702858555898345,1.7722,38.899999999999935,1.7861,24.99999999999991,2190.978507524597,ok,lead_hand_velocity20_onset_to_latest_upward_crossing_55deg_pull_attack_direction,lead_hand_velocity20_onset,latest_upward_crossing_55deg_pull_attack_direction,55.0,176.63430568223905,38.42343268919346,-38.42343268919346,-6.3,30.0,9.1741075531497,30.580358510499,10.536603139704056,10.536603139704056,11.1033,-0.566696860295945,30.215142035306137,67.58934778835474,98.8057155213943,-7.124298010688933,-7.124298010688933,14.023809523824665,30.05924259470813,500.0,95.07860716765734,7.923217263971445,25.561448105465765,True,True,ok,19.599999999999397,9.090909090909092,16.599999999999948,8.299999999999974,-8.299999999999974,-8.299999999999974,8.299999999999974,4.820397450323911,19.70134983129237,14.880952380968457,4.820397450323911,19.70134983129237,1.6332958380220148,34.873078365242016,36.50637420326403,62.74647326800063,68.40631377616984,91.72614310619254,100.0,-6.771306881957427,-7.124298010688933,31.294753067888536,-21.771348198785386,9.523404869103148,15.789242061042847,121.84569277191687,12.958391636049663,57.40682414704365
203_1,87,203,L,college,60.7909,-4.704,True,1.2917,1.1157,1.1917,1.1630089337034817,1.0605224661103791,231.1775338896209,1.0982615239460465,193.4384760539536,1.095598988184936,196.1010118150641,231.1775338896209,37.739057835667296,5.4938810988170435,65.92657318580453,1.1694,122.30000000000007,1.2667,25.000000000000135,2312.3956413712795,ok,lead_hand_velocity20_onset_to_latest_upward_crossing_55deg_pull_attack_direction,lead_hand_velocity20_onset,latest_upward_crossing_55deg_pull_attack_direction,55.0,196.1010118150641,37.62208394895139,-37.62208394895139,-6.3,30.0,8.319283339917074,27.73094446639025,-4.793882655971945,-4.793882655971945,-4.704,-0.08988265597194545,26.83756734890018,60.033928393208996,96.7784107801563,9.965992494232665,-9.965992494232665,11.041432320971802,23.553243344607363,497.30000000000007,71.90842941958395,5.9923691182986625,24.740335468507908,False,False,ok,13.999999999999568,5.952380952380952,11.10000000000011,-24.99999999999991,-36.10000000000002,24.99999999999991,36.10000000000002,27.887139107641673,33.08886389204924,5.201724784407567,27.887139107641673,33.08886389204924,7.068991376085631,-22.24990626174131,-15.180914885655678,42.72573380743619,44.10787314212706,68.87652912227901,71.1046233328064,44.90918685780778,44.55477928872271,16.070808708817935,37.15570662766888,53.22651533648681,8.784685452281972,99.66691632553817,8.8140435925487,50.77990251224084
203_2,87,203,L,college,59.3141,-4.5596,True,1.4889,1.3213,1.3944,1.3725820686756374,1.2484198247777898,240.4801752222101,1.3033010991112424,185.5989008887576,1.2927590286132418,196.1409713867581,240.4801752222101,54.88127433345255,5.215223740578203,62.58268488693844,1.3556,133.29999999999998,1.4639,24.99999999999991,2368.6842639857646,ok,lead_hand_velocity20_onset_to_latest_upward_crossing_55deg_pull_attack_direction,lead_hand_velocity20_onset,latest_upward_crossing_55deg_pull_attack_direction,55.0,196.1409713867581,38.16653640102841,-38.16653640102841,-6.3,30.0,8.002642214520483,26.67547404840161,-4.4404232569324,-4.4404232569324,-4.5596,0.11917674306759984,26.04102610576662,58.25211637832541,97.62160574359874,11.618255872217079,-11.618255872217079,9.2583427071716,22.317397825295945,499.9999999999999,67.3599309059156,5.613327575492967,25.255606920570813,False,False,ok,11.199999999999655,4.761904761904762,8.299999999999974,-27.800000000000047,-36.10000000000002,27.800000000000047,36.10000000000002,26.653918260246265,30.26227971506831,3.6083614548220453,26.653918260246265,30.26227971506831,5.120922384707441,-17.34683164606297,-12.225909261355529,40.33132518622318,41.370733724009305,67.58911042606033,69.33099959319867,46.67905782351739,46.479595101572876,10.199915353625308,41.778562868649246,51.97847822227455,6.234719949559559,93.82920757499274,6.6447539211886415,47.4553805774791
203_3,87,203,L,college,63.4148,-0.348,True,1.5139,1.3407,1.4028,1.383263929421479,1.2773601790157758,236.5398209842242,1.317786694813276,196.11330518672384,1.315306980006719,198.59301999328105,236.5398209842242,40.42651579750037,,,,,,27.800000000000047,2933.550087631398,no_barrel_inflection_before_peak_omega,lead_hand_velocity20_onset_to_latest_upward_crossing_55deg_pull_attack_direction,lead_hand_velocity20_onset,latest_upward_crossing_55deg_pull_attack_direction,55.0,198.59301999328105,24.437498659974686,-24.437498659974686,-6.3,30.0,8.576155924774472,28.58718641591491,0.21796780086047463,0.21796780086047463,-0.348,0.5659678008604746,28.58718641591491,63.947714781484606,100.0,-5.3850466598590065,5.3850466598590065,17.443944506955475,33.211661042405574,500.0,76.06759836451415,6.3389665303761795,30.249952824696432,False,False,ok,0.0,0.0,0.0,,,,,,,,,,,,,,,,,,,,,,0.0,90.18996209188755,0.0,46.64716910391242
203_4,87,203,L,college,64.9769,-2.4231,True,1.3528,1.2213,1.2491,1.2333673159670224,1.1062847110435357,246.5152889564644,1.146361056918543,206.43894308145704,1.156325513762197,196.4744862378029,246.5152889564644,50.04080271866147,4.9983242372505785,59.97989084700694,1.2722,80.60000000000001,1.325,27.800000000000047,2400.64907393461,ok,lead_hand_velocity20_onset_to_latest_upward_crossing_55deg_pull_attack_direction,lead_hand_velocity20_onset,latest_upward_crossing_55deg_pull_attack_direction,55.0,196.47448623780295,35.61616742404694,-35.61616742404694,-6.3,30.0,8.96330925119186,29.877697503972872,-2.4976780684139177,-2.4976780684139177,-2.4231,-0.0745780684139179,28.04162228659099,62.727322580956866,93.85469640979618,9.485741069827357,-9.485741069827357,12.183727034133891,26.601049868795133,500.0,75.79203513464203,6.316002927886836,27.196687880449094,False,False,ok,0.0,0.0,0.0,,,,,,,,,,,,,,,,,,,,,,0.0,102.98028367391167,0.0,52.257405324390916
204_1,88,204,R,college,69.4163,3.3178,True,0.925,0.7574,0.8426,0.8055092743751469,0.7057876884854676,219.21231151453247,0.7483325036273346,176.66749637266545,0.7775169454052924,147.48305459470768,219.21231151453247,71.72925691982479,6.110262683462373,73.32315220154847,0.8333,91.7,0.9,25.00000000000002,2729.8776186483237,ok,lead_hand_velocity20_onset_to_latest_upward_crossing_55deg_pull_attack_direction,lead_hand_velocity20_onset,latest_upward_crossing_55deg_pull_attack_direction,55.0,147.48305459470768,30.24472223101238,-30.24472223101238,-6.3,30.0,9.591278276400102,31.97092758800034,4.00688377579139,4.00688377579139,3.3178,0.6890837757913904,31.415660497939594,70.27483110670087,98.26321244970961,4.067880461818793,4.067880461818793,20.61886014250446,31.85508061495754,497.20000000000005,82.87341758795239,6.9061181323293654,39.16071438117401,False,False,ok,19.600000000000172,10.9375,16.60000000000006,-2.7999999999999137,-19.399999999999974,2.7999999999999137,19.399999999999974,23.21072365956763,33.88470191229757,10.673978252729942,23.21072365956763,33.88470191229757,8.141169853777075,17.935695538077113,26.076865391854188,52.80430508188381,66.02398802694456,73.83469396948394,92.31938462318293,27.383448406182197,29.45571647554029,29.620224187195642,10.48125125590396,40.1014754430996,13.84543043286453,107.00894638760712,12.938572801860603,56.57855268097602
204_2,88,204,R,college,73.7843,4.4642,True,0.9028,0.7296,0.8213,0.7832381953049571,0.6748597261993304,227.9402738006696,0.7226825952636391,180.11740473636095,0.7547880631114188,148.01193688858126,227.9402738006696,79.92833691208833,3.9083692584836784,46.900431101804145,0.8583,44.50000000000009,0.875,27.800000000000047,2655.389588420885,ok,lead_hand_velocity20_onset_to_latest_upward_crossing_55deg_pull_attack_direction,lead_hand_velocity20_onset,latest_upward_crossing_55deg_pull_attack_direction,55.0,148.01193688858126,286.59197703783957,-286.59197703783957,-6.3,30.0,10.219183262240902,34.063944207469675,4.856791895363865,4.856791895363865,4.4642,0.3925918953638652,31.975551563839122,71.52727175160855,93.86919896618254,5.051419068554428,5.051419068554428,20.195725534330027,31.640607424106165,497.20000000000005,81.30568556073894,6.775473796728245,38.78492621288891,False,False,ok,19.599999999999397,4.45859872611465,16.60000000000006,-2.7999999999999137,-19.399999999999974,2.7999999999999137,19.399999999999974,23.132170978652656,32.767716535468466,9.63554555681581,23.132170978652656,32.767716535468466,9.431008623932199,14.52005999251662,23.95106861644882,57.367707431654914,76.19887304820516,75.28681873728341,100.0,31.18490822016061,32.24014218886325,38.95098117476407,10.371662090033224,49.32264326479729,13.93934996750182,248.7554718072161,5.603635516530357,67.12654668173732
204_3,88,204,R,college,73.9074,12.6231,True,0.9639,0.7824,0.8741,0.8352742148960923,0.7285485057286704,235.3514942713296,0.785225936096487,178.67406390351292,0.8056968002975828,158.20319970241715,235.3514942713296,77.14829456891246,5.367036346503675,64.4044361580441,0.8972,66.69999999999999,0.9389,25.00000000000002,2685.1982441801465,ok,lead_hand_velocity20_onset_to_latest_upward_crossing_55deg_pull_attack_direction,lead_hand_velocity20_onset,latest_upward_crossing_55deg_pull_attack_direction,55.0,158.20319970241715,20.48682970839577,-20.48682970839577,-6.3,30.0,9.947403803304995,33.15801267768332,13.374582701301541,13.374582701301541,12.6231,0.7514827013015406,32.97083121088157,73.7536489148209,99.43548647314522,16.211884392487473,16.211884392487473,26.833520809927748,40.00281214852465,500.0,86.90215528022756,7.241846273352297,33.62136001657835,True,True,ok,14.000000000000124,7.8125,11.099999999999998,5.599999999999938,-5.50000000000006,-5.599999999999938,5.50000000000006,20.44506936635129,31.502999625080896,11.057930258729606,20.44506936635129,31.502999625080896,6.118297712792508,19.806524184498336,25.924821897290844,72.40790932056849,74.1723619311097,97.62114544474125,100.0,15.680032179879044,16.211884392487473,24.548390231706982,2.993110794547869,27.541501026254853,13.369047010420516,105.58122297278791,12.662333920744793,55.987626546742156
204_4,88,204,R,college,71.9188,-2.8997,True,0.7139,0.55,0.6306,0.595467996088929,0.4989692710676304,214.9307289323696,0.5466672344601144,167.23276553988552,0.5743198698604592,139.58013013954073,214.9307289323696,75.35059879282886,5.9348805416332375,71.21856649959885,0.6083,105.60000000000002,0.6889,25.00000000000002,2570.3444871219003,ok,lead_hand_velocity20_onset_to_latest_upward_crossing_55deg_pull_attack_direction,lead_hand_velocity20_onset,latest_upward_crossing_55deg_pull_attack_direction,55.0,139.58013013954073,24.53122673012431,-24.53122673012431,-6.3,30.0,9.648560654032723,32.16186884677575,-2.733996304923666,-2.733996304923666,-2.8997,0.16570369507633398,31.315153360817227,70.05000304406137,97.36733120207533,3.8742227945785026,3.8742227945785026,16.879452568447174,29.470003749563137,500.0,75.5155769398121,6.292964744984342,48.211679403855406,False,False,ok,14.000000000000124,8.47457627118644,11.199999999999989,-5.50000000000006,-16.70000000000005,5.50000000000006,16.70000000000005,22.928383952030764,29.93250843647778,7.004124484447015,22.928383952030764,29.93250843647778,6.86389201350573,13.16910386203147,20.0329958755372,61.76831216871487,71.94405164364646,85.85603779262516,100.0,28.275951831983,27.348688064051817,31.07496644546332,13.435665617082993,44.510632062546314,10.227332036306645,97.19792185647745,10.522171504251226,50.237345331887795
204_5,88,204,R,college,74.1085,2.5052,True,1.5306,1.3602,1.4435,1.4110116622095177,1.3146765283030264,215.9234716969736,1.356474481469071,174.12551853092896,1.387618242745315,142.981757254685,215.9234716969736,72.9417144422886,4.139814248824119,49.677770985889424,1.4833,47.2999999999999,1.5,30.59999999999996,2591.325050861702,ok,lead_hand_velocity20_onset_to_latest_upward_crossing_55deg_pull_attack_direction,lead_hand_velocity20_onset,latest_upward_crossing_55deg_pull_attack_direction,55.0,142.981757254685,29.445939391435914,-29.445939391435914,-6.3,30.0,10.111921029282172,33.706403430940576,2.7826925272185448,2.7826925272185448,2.5052,0.2774925272185449,33.706403430940576,75.3990771092979,100.0,0.42918605013838046,0.42918605013838046,19.368578927654966,30.35283089617076,500.0,79.587233088622,6.632269424051834,39.76757203768522,False,False,ok,16.799999999999482,9.67741935483871,13.899999999999801,-2.7000000000001467,-16.599999999999948,2.7000000000001467,16.599999999999948,22.317210348730512,31.91394825650242,9.596737907771907,22.317210348730512,31.91394825650242,6.705849268848642,19.741469816294288,26.44731908514293,60.11366883038938,75.2862615243965,79.72732709081981,99.85037537695868,21.810625943093882,21.88369568622415,33.45408840130394,5.057200852785426,38.51128925408937,12.185537112169547,104.58412211636019,11.65142171257309,55.2849643795123
204_6,88,204,R,college,71.5742,2.6465,True,1.0139,0.8426,0.9306,0.8931692139636125,0.7870395255934691,226.8604744065309,0.8417026625154058,172.1973374845942,0.8689936076887591,144.90639231124092,226.8604744065309,81.95408209528998,3.766464939883894,45.197579278606725,0.9694,44.499999999999986,0.9889,25.00000000000002,2483.544081610385,ok,lead_hand_velocity20_onset_to_latest_upward_crossing_55deg_pull_attack_direction,lead_hand_velocity20_onset,latest_upward_crossing_55deg_pull_attack_direction,55.0,144.90639231124092,29.440621335649062,-29.440621335649062,-6.3,30.0,9.65786348517963,32.1928782839321,2.6419553345020255,2.6419553345020255,2.6465,-0.004544665497974609,31.14923426454945,69.6788525960751,96.7581525013762,-0.7703955925194961,-0.7703955925194961,18.00468691415518,30.04405699290834,500.0,76.25560685590544,6.354633904658787,37.07015331918344,False,False,ok,22.400000000000198,12.698412698412698,19.400000000000084,-2.7999999999999137,-22.199999999999996,2.7999999999999137,22.199999999999996,21.33314585679095,33.26171728537526,11.928571428584313,21.33314585679095,33.26171728537526,10.272028496449042,16.375140607441757,26.6471691038908,56.19870103479501,72.01341777901769,78.03920820318214,100.0,28.0116153734507,28.638195031677842,42.6932030313857,5.174328604755637,47.86753163614134,16.50745865638167,101.05480823846872,16.33515410511436,52.70453693294033
204_7,88,204,R,college,71.3286,7.4977,True,1.1861,1.0157,1.0944,1.0597876582099242,0.9582399052617868,227.860094738213,1.008651771339718,177.44822866028187,1.0375585281216348,148.5414718783651,227.860094738213,79.31862285984792,4.423484042367204,53.08180850840645,1.1333,52.799999999999955,1.1611,24.99999999999991,2617.0572858007786,ok,lead_hand_velocity20_onset_to_latest_upward_crossing_55deg_pull_attack_direction,lead_hand_velocity20_onset,latest_upward_crossing_55deg_pull_attack_direction,55.0,148.5414718783651,22.70584257888686,-22.70584257888686,-6.3,30.0,9.693136440767281,32.31045480255761,7.719005095791344,7.719005095791344,7.4977,0.22130509579134383,31.032414892262402,69.41753510259119,96.04450040055134,8.67417150915393,8.67417150915393,23.760029996276135,36.00412448447833,499.9999999999999,82.04209639447022,6.836841366205852,34.74925427185566,True,True,ok,19.599999999999397,11.29032258064516,16.69999999999994,2.7999999999999137,-13.900000000000023,-2.7999999999999137,13.900000000000023,20.757780277487736,34.73865766782905,13.980877390341316,20.757780277487736,34.73865766782905,8.158605174362027,17.94469441321773,26.103299587579755,63.5560538566438,71.97096621098973,87.93469014810977,99.57736878533224,18.810834610093227,18.511182494626,31.538638964750255,3.8056586561372834,35.34429762088754,17.06117643189421,103.44403584470678,16.49314655269923,55.745969253903496
204_8,88,204,R,college,75.561,7.5581,True,0.9389,0.7602,0.8398,0.8077589178599227,0.6938348608653796,245.06513913462035,0.75538882335956,183.5111766404399,0.783215546997712,155.68445300228794,245.06513913462035,89.38068613233241,4.802801841560071,57.63362209872085,0.8833,55.59999999999998,0.9111,27.799999999999937,2617.8418101900347,ok,lead_hand_velocity20_onset_to_latest_upward_crossing_55deg_pull_attack_direction,lead_hand_velocity20_onset,latest_upward_crossing_55deg_pull_attack_direction,55.0,155.68445300228794,22.15304764329151,-22.15304764329151,-6.3,30.0,10.129037368035464,33.763457893451545,8.229664502345386,8.229664502345386,7.5581,0.6715645023453867,33.05174542454107,73.93464885589887,97.89206285933018,12.033502991536805,12.033502991536805,26.99362579680456,40.65504311965396,499.99999999999994,86.42444089458112,7.202036741215093,31.881343710548034,True,True,ok,19.600000000000172,10.9375,16.70000000000005,0.0,-16.70000000000005,0.0,16.70000000000005,26.99362579680456,40.6634795650983,13.669853768293738,26.99362579680456,40.6634795650983,8.758717660301922,18.182602174747796,26.94131983504972,66.81944666461351,75.52670430711235,88.47128612008177,100.0,24.092207033676118,23.709388615792918,24.985955928712272,12.033502991536805,37.01945892024908,17.1318031806666,105.6750643245384,16.21177454697654,57.84064491944757
215_1,96,215,L,college,58.2627,-2.748,True,1.675,1.5157,1.5713,1.552390731798146,1.4647926126176325,210.2073873823676,1.5081009549734548,166.89904502654528,1.511304897030385,163.695102969615,210.2073873823676,46.51228441275262,2.3082082384559226,27.698498861471073,1.6472,27.800000000000047,1.65,25.000000000000135,2466.6698268355117,ok,lead_hand_velocity20_onset_to_latest_upward_crossing_55deg_pull_attack_direction,lead_hand_velocity20_onset,latest_upward_crossing_55deg_pull_attack_direction,55.0,163.695102969615,551.836797938204,-551.836797938204,-6.3,30.0,7.925338916048765,26.417796386829217,-2.9157561620428876,-2.9157561620428876,-2.748,-0.16775616204288735,26.417796386829217,59.09492749380187,100.0,-3.755541576970235,3.755541576970235,14.133858267731798,25.744094488216778,500.0,72.36848501848833,6.030707084874027,50.97430284855817,False,False,ok,8.399999999999741,1.1673151750972763,5.499999999999838,-5.600000000000049,-11.099999999999888,5.600000000000049,11.099999999999888,18.401574803169478,21.143232096010834,2.7416572928413565,18.401574803169478,21.143232096010834,1.0881139857529547,-25.375140607451474,-24.28702662169852,47.34912750852222,55.81367954281189,80.12384398557457,94.44749644318604,12.997804600897366,12.553288197288547,6.667662984674649,9.886231310364451,16.5538942950391,3.184635024934674,269.26190861565505,1.1827276428766715,68.25965504319336
215_2,96,215,L,college,59.0244,1.4872,True,2.7611,2.5889,2.638,2.6201130366176546,2.522081413712255,239.0185862877448,2.5978571731564166,163.24282684358326,2.598879146768488,162.2208532315126,239.0185862877448,76.79773305623218,6.211273789574938,74.53528547489925,2.5833,177.79999999999995,2.725,36.099999999999795,2305.1218862693195,ok,lead_hand_velocity20_onset_to_latest_upward_crossing_55deg_pull_attack_direction,lead_hand_velocity20_onset,latest_upward_crossing_55deg_pull_attack_direction,55.0,162.22085323151168,525.1991571901553,-525.1991571901553,-6.3,30.0,8.013695350739336,26.71231783579779,1.202272473689677,1.202272473689677,1.4872,-0.28492752631032303,26.346595834612604,58.93565639453421,98.63088630708387,0.4226745908199979,-0.4226745908199979,13.206036745421084,26.276902887167488,500.0,74.09153761007889,6.174294800839907,51.90013557343323,False,False,ok,11.200000000000543,1.639344262295082,8.300000000000196,-2.8000000000001357,-11.100000000000332,2.8000000000001357,11.100000000000332,15.458192725925956,20.170416197997035,4.712223472071079,15.458192725925956,20.170416197997035,1.040869891264716,-28.57780277468403,-27.536932883419315,49.0319660208847,57.73558507359505,82.05671340358879,96.62252489640278,7.3189271377740255,7.43136382809591,7.778140498739442,3.317420198082421,11.095560696821863,5.203204526456487,252.64169994914695,2.059519282645666,65.38113985758845
215_4,96,215,L,college,57.4422,-0.9021,True,1.7472,1.5722,1.6343,1.6072635537586284,1.5135487261440022,233.651273855998,1.565331875129156,181.86812487084404,1.584291393899404,162.90860610059622,233.651273855998,70.74266775540175,6.04398165478609,72.52777985743307,1.5694,177.80000000000018,1.7222,25.000000000000135,2265.8215628307926,ok,lead_hand_velocity20_onset_to_latest_upward_crossing_55deg_pull_attack_direction,lead_hand_velocity20_onset,latest_upward_crossing_55deg_pull_attack_direction,55.0,162.908606100596,562.8990401082234,-562.8990401082234,-6.3,30.0,7.891754459109549,26.305848197031832,-1.3518285105347956,-1.3518285105347956,-0.9021,-0.44972851053479557,26.298597041462738,58.82828615216247,99.97243519572233,6.754091629174159,-6.754091629174159,9.3517060367555,20.53674540684632,500.0,71.77411385767853,5.981176154806544,48.31732296463382,False,False,ok,19.599999999999397,2.7131782945736433,16.600000000000172,-5.599999999999827,-22.199999999999996,5.599999999999827,22.199999999999996,13.684664416962656,22.968691413598112,9.284026996635456,13.684664416962656,22.968691413598112,3.8749531308628313,-31.632920884923553,-27.757967754060722,39.6758319560575,49.45405267919566,67.42486987983627,84.04191928775046,15.559137888612204,17.188906689151146,21.943429518992037,3.066481713462699,25.009911232454737,10.378899305258605,266.14981631457437,3.899645488761607,67.374765654366
215_5,96,215,L,college,58.2955,-0.14,True,1.925,1.7537,1.812,1.7911050379784443,1.699025735453468,225.9742645465319,1.756949549489686,168.05045051031396,1.7693667818763692,155.63321812363083,225.9742645465319,70.34104642290109,5.837818214324489,70.05381857189387,1.7583,166.70000000000007,1.9,25.000000000000135,2430.471033414977,ok,lead_hand_velocity20_onset_to_latest_upward_crossing_55deg_pull_attack_direction,lead_hand_velocity20_onset,latest_upward_crossing_55deg_pull_attack_direction,55.0,155.63321812363085,565.2463011438836,-565.2463011438836,-6.3,30.0,7.9094192557435266,26.364730852478424,0.06555913128277835,0.06555913128277835,-0.14,0.20555913128277836,26.041238522467964,58.25259154095368,98.77301106610747,2.996531634115552,-2.996531634115552,11.947694038258119,23.400449943782302,500.0,69.76540960796513,5.8137841339970935,48.55006763292937,False,False,ok,16.799999999999482,2.3529411764705883,13.799999999999812,-5.600000000000049,-19.399999999999864,5.600000000000049,19.399999999999864,16.440382452211228,23.359767529084095,6.919385076872867,16.440382452211228,23.359767529084095,3.8967004124526525,-27.909448818927775,-24.012748406475122,41.104052482767806,57.05362722289454,69.69597271716195,96.74004887982831,19.83921135314918,21.77034609639572,24.621673691091647,5.595516908695651,30.217190599787298,8.149153459081779,273.36220640723764,2.981082705683787,69.4098237721035
219_1,99,219,L,college,65.819,3.0368,True,1.3639,1.2,1.2778,1.2340290712189004,1.1318433491620954,232.0566508379045,1.1695095013770986,194.39049862290125,1.2118442392749569,152.055760725043,232.0566508379045,80.0008901128615,6.576112365311558,78.9133483837387,1.2333,130.59999999999982,1.325,38.899999999999935,2469.220969395723,ok,lead_hand_velocity20_onset_to_latest_upward_crossing_55deg_pull_attack_direction,lead_hand_velocity20_onset,latest_upward_crossing_55deg_pull_attack_direction,55.0,152.055760725043,369.40699350952434,-369.40699350952434,-6.3,30.0,8.912901007880935,29.709670026269784,3.3024325033091335,3.3024325033091335,3.0368,0.26563250330913357,29.709670026269784,66.45863910672367,100.0,5.460432290617648,-5.460432290617648,14.501312335973665,29.450131233627605,499.9999999999999,81.14907405894417,6.762422838245347,38.09394879298825,False,False,ok,22.39999999999931,4.25531914893617,19.400000000000084,-2.8000000000001357,-22.20000000000022,2.8000000000001357,22.20000000000022,17.219535058136334,28.831458567710182,11.611923509573849,17.219535058136334,28.831458567710182,6.571803524566533,-31.651668541466506,-25.079865016899973,46.743458215313936,64.37313045819702,70.33466054014468,96.86194499833559,19.009183238743358,22.35105635072518,34.425261874432586,-0.6846907921780858,33.7405710822545,13.515088305670785,251.10825188609132,5.382176095033926,69.7502812149235
219_2,99,219,L,college,67.9863,9.0663,True,1.2222,1.1065,1.1722,1.1405110738131254,0.9626225127808528,259.5774872191472,1.0148915536071064,207.3084463928936,1.0584652070659522,163.7347929340478,259.5774872191472,95.8426942850994,6.5428315679412945,78.51397881529553,1.1222,99.99999999999987,1.1972,24.99999999999991,2623.350739975027,ok,lead_hand_velocity20_onset_to_latest_upward_crossing_55deg_pull_attack_direction,lead_hand_velocity20_onset,latest_upward_crossing_55deg_pull_attack_direction,55.0,163.7347929340478,353.6575772148447,-353.6575772148447,-6.3,30.0,9.402552332446765,31.341841108155883,8.679291748700551,8.679291748700551,9.0663,-0.3870082512994486,31.341841108155883,70.10970183463638,100.0,-1.6848815376626258,1.6848815376626258,20.514248218994783,38.321334833187244,500.0,89.08461483726843,7.423717903105703,36.514287476434966,True,True,ok,11.199999999999655,2.1505376344086025,8.399999999999963,2.7999999999999137,-5.600000000000049,-2.7999999999999137,5.600000000000049,17.666291713554887,24.65485564307125,6.9885639295163635,17.666291713554887,24.65485564307125,2.2973378327733833,-32.63329583805549,-30.335958005282105,65.87613053136687,70.10970183463638,93.96150433893588,100.0,4.670769655700168,4.164921367129648,16.330419398880014,-2.9885917551693195,13.341827643710696,7.663654777834826,259.8924059996607,2.9487798030715955,70.81552305969407
219_3,99,219,L,college,69.2239,6.2534,True,1.3139,1.1537,1.2259,1.187101482409674,1.0705908634326171,243.3091365673829,1.1151266795742552,198.7733204257449,1.16049081198928,153.40918801072002,243.3091365673829,89.8999485566629,6.921727815254377,83.06073378305251,1.1722,141.70000000000016,1.2889,25.000000000000135,2666.489987064991,ok,lead_hand_velocity20_onset_to_latest_upward_crossing_55deg_pull_attack_direction,lead_hand_velocity20_onset,latest_upward_crossing_55deg_pull_attack_direction,55.0,153.40918801072002,346.2406871933099,-346.2406871933099,-6.3,30.0,9.374058914294096,31.246863047646986,6.404195155937476,6.404195155937476,6.2534,0.15079515593747583,31.246863047646986,69.89724196413509,100.0,-4.255891940391018,4.255891940391018,20.855455568076522,37.8593925759689,497.2000000000001,84.2130085713321,7.017750714277675,40.107463559858985,True,True,ok,13.999999999999568,2.7777777777777777,11.099999999999888,0.0,-11.099999999999888,0.0,11.099999999999888,20.855455568076522,28.648106486720106,7.792650918643584,20.855455568076522,28.648106486720106,4.485751781032217,-26.714285714314563,-22.228533933282346,61.91957078625589,69.89724196413509,88.58657229712637,100.0,15.671149450021792,14.29159565143224,25.45215783323129,4.255891940391018,29.708049773622307,9.297699079605522,251.21734107119275,3.7010578330142576,70.75440569936404
219_4,99,219,L,college,67.6366,7.1692,True,1.8444,1.6769,1.7648,1.7149729382022754,1.609147700338865,235.25229966113503,1.6493229362412478,195.07706375875225,1.693163689366871,151.23631063312914,235.25229966113503,84.01598902800589,6.760040499290753,81.12048599148903,1.7083,136.1000000000001,1.8167,27.70000000000006,2569.9550666014666,ok,lead_hand_velocity20_onset_to_latest_upward_crossing_55deg_pull_attack_direction,lead_hand_velocity20_onset,latest_upward_crossing_55deg_pull_attack_direction,55.0,151.23631063312914,358.32649098617895,-358.32649098617895,-6.3,30.0,9.160268367710403,30.534227892368012,6.930630385590117,6.930630385590117,7.1692,-0.238569614409883,30.534227892368012,68.30312252229773,100.0,-0.27578540429669257,0.27578540429669257,17.95706786653608,32.53974503190616,500.0,82.73504321636446,6.894586934697038,36.297248554834475,True,True,ok,11.199999999999655,2.185792349726776,8.399999999999963,0.0,-8.399999999999963,0.0,8.399999999999963,17.95706786653608,23.655980502462747,5.698912635926668,17.95706786653608,23.655980502462747,2.4420697412849783,-28.891451068647623,-26.449381327362644,60.50813798178318,68.30312252229773,88.58766004735747,100.0,8.62368423700576,7.839899587858551,18.263366963712553,0.27578540429669257,18.539152368009244,6.520657428134121,250.83898920049148,2.5995390305620583,70.08436445451892
219_5,99,219,L,college,67.1348,3.3604,True,1.5611,1.4028,1.4769,1.4331921409660269,1.3235899587331668,237.5100412668332,1.3645592588497788,196.54074115022112,1.411950139079064,149.14986092093608,237.5100412668332,88.36018034589713,6.436570327415396,77.23884392898475,1.4167,144.39999999999986,1.525,36.10000000000002,2635.5088369930213,ok,lead_hand_velocity20_onset_to_latest_upward_crossing_55deg_pull_attack_direction,lead_hand_velocity20_onset,latest_upward_crossing_55deg_pull_attack_direction,55.0,149.14986092093585,441.5629779066428,-441.5629779066428,-6.3,30.0,9.067290561238844,30.224301870796147,3.287787207558416,3.287787207558416,3.3604,-0.0726127924415838,30.15936893199145,67.46458690942963,99.78516314758147,4.691111975018349,-4.691111975018349,15.29471316087141,33.02305961758348,500.0,77.80950995902498,6.4841258299187485,40.07597810436754,False,False,ok,16.799999999999482,2.8301886792452833,13.900000000000023,-2.8000000000001357,-16.70000000000016,2.8000000000001357,16.70000000000016,18.073303337102388,27.90101237348346,9.827709036381073,18.073303337102388,27.90101237348346,5.413760779908365,-26.96606674168641,-21.552305961778046,54.73305410342421,67.28768289296481,80.95427517562136,99.52350889380087,16.38517769765188,15.4336004911825,32.05799415731583,0.9783996964551663,33.036393853770996,11.545803507307678,270.8007299111636,4.263579168008627,73.85189351339062
219_6,99,219,L,college,70.2676,3.8179,True,1.1778,1.0213,1.0889,1.0503390342749082,0.9346940233914428,243.1059766085572,0.9800312351946472,197.76876480535265,1.0230932400579855,154.70675994201443,243.1059766085572,88.39921666654274,6.246141599510739,74.95369919412887,1.0833,94.50000000000003,1.15,27.800000000000047,2767.7087748181593,ok,lead_hand_velocity20_onset_to_latest_upward_crossing_55deg_pull_attack_direction,lead_hand_velocity20_onset,latest_upward_crossing_55deg_pull_attack_direction,55.0,154.70675994201443,417.14131045199474,-417.14131045199474,-6.3,30.0,9.610165506720374,32.03388502240125,4.01051231047293,4.01051231047293,3.8179,0.19261231047293048,31.55636401968864,70.58957592092118,98.50932535226782,5.072701935489303,-5.072701935489303,15.662729658809567,34.11154855646729,500.0,85.31925674603215,7.109938062169346,40.726732200600935,False,False,ok,16.799999999999482,2.912621359223301,13.799999999999812,-2.8000000000001357,-16.599999999999948,2.8000000000001357,16.599999999999948,18.38732658419684,27.406074240749515,9.018747656552677,18.38732658419684,27.406074240749515,4.6081739782576925,-30.676040494971257,-26.067866516713565,53.89680172006133,71.65775998210722,75.2141871773821,100.0,14.650718877472121,13.694128301323437,31.923945466423543,-0.5738637273258542,31.35008173909769,10.425654707036319,275.5944931767477,3.7829691685276194,72.51781027379414
219_7,99,219,L,college,68.5911,4.4816,True,1.4944,1.3296,1.413,1.3630623818506806,1.2688015359588976,225.5984640411024,1.3027192422552012,191.6807577447988,1.3375363807430196,156.86361925698034,225.5984640411024,68.73484478412206,6.854593316908268,82.25511980289922,1.3417,152.70000000000005,1.4667,27.70000000000006,2579.3733821633464,ok,lead_hand_velocity20_onset_to_latest_upward_crossing_55deg_pull_attack_direction,lead_hand_velocity20_onset,latest_upward_crossing_55deg_pull_attack_direction,55.0,156.86361925698034,393.23953256436516,-393.23953256436516,-6.3,30.0,9.28541133304552,30.951371110151737,4.613554305453791,4.613554305453791,4.4816,0.1319543054537906,30.951371110151737,69.23624532514249,100.0,2.538227917444171,-2.538227917444171,17.09430071242941,33.17697787780111,500.0,82.45710712850726,6.871425594042272,35.90928859261684,False,False,ok,19.599999999999397,3.535353535353535,16.69999999999994,-2.8000000000001357,-19.50000000000007,2.8000000000001357,19.50000000000007,19.683914510707424,30.251781027404256,10.567866516696832,19.683914510707424,30.251781027404256,6.818897637802646,-29.80708661420542,-22.988188976402775,51.10083051633928,68.03995338900177,73.80647271723514,98.27215942961264,21.77761694090419,23.49450728089475,35.67259398934882,2.3530451977955047,38.02563918714432,12.750201935983203,264.308823207317,4.823978927855267,73.46981627304527
219_8,99,219,L,college,71.1902,9.0735,True,1.2111,1.0519,1.1167,1.0820773277204323,0.9630821361557528,248.0178638442472,1.0050606082344933,206.0393917655068,1.0618032497213474,149.29675027865264,248.0178638442472,98.72111356559456,7.247703444697464,86.97244133636957,1.0722,138.90000000000003,1.175,36.10000000000002,2714.6279889885323,ok,lead_hand_velocity20_onset_to_latest_upward_crossing_55deg_pull_attack_direction,lead_hand_velocity20_onset,latest_upward_crossing_55deg_pull_attack_direction,55.0,149.29675027865264,357.01826665824933,-357.01826665824933,-6.3,30.0,9.669002570430925,32.23000856810308,8.963471671462228,8.963471671462228,9.0735,-0.110028328537771,31.514571594691823,70.49608892871284,97.78021475886513,-4.66771754193469,4.66771754193469,21.92500937385195,38.52343457072027,497.2000000000001,88.10363948859313,7.341969957382761,36.95734942253797,True,True,ok,8.399999999999741,1.6483516483516485,5.599999999999827,0.0,-5.599999999999827,0.0,5.599999999999827,21.92500937385195,25.869141357358277,3.9441319835063275,21.92500937385195,25.869141357358277,1.714098237722137,-29.721034870673265,-28.006936632951128,64.33654862728373,70.49608892871284,89.23674543110337,97.78021475886513,10.218519802747563,10.030893071190135,11.289231253183175,4.66771754193469,15.956948795117865,4.447658913446826,253.76490618818536,1.7526690275086971,70.37176602932239
236_1,113,236,L,milb,65.0907,6.2252,True,1.3056,1.1185,1.2083,1.171171139616478,1.0926895860191297,212.91041398087063,1.1332741549121992,172.3258450878009,1.15463236668264,150.9676333173602,212.91041398087063,61.94278066351043,5.8602602328119895,70.32312279374388,1.1889,116.70000000000003,1.2806,25.000000000000135,2490.5458647635273,ok,lead_hand_velocity20_onset_to_latest_upward_crossing_55deg_pull_attack_direction,lead_hand_velocity20_onset,latest_upward_crossing_55deg_pull_attack_direction,55.0,150.9676333173602,27.18321013496694,-27.18321013496694,-6.3,30.0,8.947015524279962,29.823385080933207,6.249805091780292,6.249805091780292,6.2252,0.02460509178029202,28.790828328698034,64.40324876677255,96.53776139283629,-9.498467689576666,9.498467689576666,24.371016123010953,35.21353580806203,497.30000000000007,73.65866417993323,6.138222014994436,34.94338554159411,True,True,ok,11.199999999999655,6.25,8.299999999999974,0.0,-8.299999999999974,0.0,8.299999999999974,24.371016123010953,29.352268466473404,4.981252343462451,24.371016123010953,29.352268466473404,3.061117360333263,-25.24615673043596,-22.185039370102697,58.66486340784945,64.40324876677255,87.93616307027352,96.53776139283629,18.134250463096244,18.20531566584416,17.129435141543333,9.498467689576666,26.627902831119997,6.235180780938945,90.36516156311022,6.899982994645952,49.32583427076945
236_2,113,236,L,milb,64.2192,5.1438,True,1.7806,1.587,1.7,1.6565581136247651,1.5854332267271192,195.1667732728808,1.6128370718557383,167.76292814426165,1.631345153177067,149.25484682293288,195.1667732728808,45.91192644994791,5.817769529414626,69.81323435297551,1.6167,163.89999999999992,1.7556,24.99999999999991,2516.809148939731,ok,lead_hand_velocity20_onset_to_latest_upward_crossing_55deg_pull_attack_direction,lead_hand_velocity20_onset,latest_upward_crossing_55deg_pull_attack_direction,55.0,149.25484682293288,26.829995658323114,-26.829995658323114,-6.3,30.0,8.768209362142715,29.22736454047572,5.114427559957431,5.114427559957431,5.1438,-0.029372440042569004,28.65996169753498,64.11050845010502,98.05865889086589,-7.844235212326908,7.844235212326908,21.070491188624185,30.255530558712845,466.6999999999999,69.22919210624416,5.769099342187013,33.32973282180859,True,True,ok,11.199999999999655,6.349206349206349,8.299999999999974,0.0,-8.299999999999974,0.0,8.299999999999974,21.070491188624185,26.426696662945684,5.356205474321499,21.070491188624185,26.426696662945684,3.235470566182723,-24.057742782178202,-20.82227221599548,59.70431324680043,64.11050845010502,91.31927087331997,98.05865889086589,16.875368889469243,16.91925032188273,17.9745044894577,7.844235212326908,25.818739701784608,6.588609010131918,86.90659444257562,7.581253243659669,47.200599925060374
236_3,113,236,L,milb,66.3842,-6.7356,True,1.6917,1.5269,1.6037,1.5744266860744431,1.4830365621665051,208.66343783349484,1.532085716606426,159.61428339357386,1.5492199469232095,142.48005307679043,208.66343783349484,66.18338475670441,6.25295275989408,75.03543311872896,1.5389,152.80000000000004,1.6667,24.99999999999991,2552.7921785893245,ok,lead_hand_velocity20_onset_to_latest_upward_crossing_55deg_pull_attack_direction,lead_hand_velocity20_onset,latest_upward_crossing_55deg_pull_attack_direction,55.0,142.48005307679045,44.64732101358892,-44.64732101358892,-6.3,30.0,9.182639670342127,30.60879890114042,-7.544669362440356,-7.544669362440356,-6.7356,-0.809069362440356,29.694437347703175,66.42456457521283,97.01274931959784,4.675735865919222,-4.675735865919222,13.94113235847025,24.28758905139481,500.0,74.04424078255434,6.170353398546195,43.86162275043028,False,False,ok,11.199999999999655,5.88235294117647,8.299999999999974,-8.299999999999974,-16.599999999999948,8.299999999999974,16.599999999999948,20.141919760051753,25.424071991028587,5.282152230976834,20.141919760051753,25.424071991028587,1.9420697412844348,-28.030183727064387,-26.08811398577995,42.950556707618254,49.32802474506845,62.72907647434121,72.04333712426012,13.572626087523858,13.864535380515935,9.17791841262937,8.691757588217094,17.869676000846464,6.006672416183832,108.3193749682442,5.545335188598345,55.932320959940455
236_4,113,236,L,milb,69.1479,3.2758,True,1.4444,1.2315,1.3639,1.324446315176753,1.2621026953209336,182.2973046790664,1.2813035596257296,163.0964403742703,1.3052368594114072,139.16314058859268,182.2973046790664,43.13416409047369,5.838972678182856,70.06767213819427,1.3278,116.59999999999981,1.4194,24.99999999999991,2903.6170264085663,ok,lead_hand_velocity20_onset_to_latest_upward_crossing_55deg_pull_attack_direction,lead_hand_velocity20_onset,latest_upward_crossing_55deg_pull_attack_direction,55.0,139.16314058859268,22.00537572906791,-22.00537572906791,-6.3,30.0,9.411591313985168,31.371971046617226,3.729431991298446,3.729431991298446,3.2758,0.4536319912984461,30.511852841218968,68.25307095834586,97.25832271067647,-9.345198372869152,9.345198372869152,20.88207724036751,30.24428196478707,474.9999999999999,72.03654637182929,6.003045530985774,43.3881617329613,False,False,ok,16.799999999999482,10.344827586206897,13.900000000000023,-2.8000000000001357,-16.70000000000016,2.8000000000001357,16.70000000000016,23.63442069743835,31.513873265875812,7.879452568437461,23.63442069743835,31.513873265875812,8.538620172487667,-19.67079115112735,-11.132170978639683,57.52903313620645,70.17710058745793,81.97693072900773,100.0,32.683637384023775,32.52209954611743,34.721328505075206,15.121301044208087,49.842629549283295,11.932124316240984,89.31132492714906,13.360147020519486,47.563554555731926
244_1,120,244,R,independent,69.4503,3.1081,True,0.9056,0.7306,0.8454,0.762522428807244,0.667531379317413,238.06862068258687,0.7269257100481573,178.67428995184264,0.7350244293067438,170.57557069325614,238.06862068258687,67.49304998933079,6.241845073320846,74.90214087985015,0.8111,94.49999999999991,0.8694,36.20000000000001,2670.048929215206,ok,lead_hand_velocity20_onset_to_latest_upward_crossing_55deg_pull_attack_direction,lead_hand_velocity20_onset,latest_upward_crossing_55deg_pull_attack_direction,55.0,170.57557069325614,35.24970615010326,-35.24970615010326,-6.3,30.0,9.56956718114953,31.898557270498433,3.0565055606418334,3.0565055606418334,3.1081,-0.05159443935816643,30.620946461483328,68.4971064367468,95.99476929887136,-2.7788225155711834,-2.7788225155711834,14.877390326225292,25.314398200252317,499.99999999999994,87.588992215509,7.299082684625749,28.115995394215698,False,False,ok,25.200000000000223,12.162162162162163,22.299999999999986,-2.7000000000000357,-25.00000000000002,2.7000000000000357,25.00000000000002,17.660292463461143,30.06017997753528,12.399887514074138,17.660292463461143,30.06017997753528,8.81946006750109,21.889013873289485,30.708473940790576,48.01418437177813,68.65758127282113,67.28912784218949,96.21966558527805,25.73494987317358,29.689583491443912,38.45168787400078,3.5939228421885896,42.04561071618937,15.671959508159649,111.96219358359325,13.997545963101057,53.33670791156869
244_2,120,244,R,independent,68.3034,1.5549,True,0.9306,0.7491,0.8241,0.7941615208150662,0.7029179163331357,227.68208366686423,0.7556157100089738,174.98428999102623,0.7596515017405326,170.94849825946733,227.68208366686423,56.7335854073969,6.351175749025438,76.21410898830526,0.8278,102.8,0.8944,36.20000000000001,2682.617439750382,ok,lead_hand_velocity20_onset_to_latest_upward_crossing_55deg_pull_attack_direction,lead_hand_velocity20_onset,latest_upward_crossing_55deg_pull_attack_direction,55.0,170.94849825946733,38.23118114545354,-38.23118114545354,-6.3,30.0,9.456420947046594,31.521403156821982,1.7636809253045542,1.7636809253045542,1.5549,0.20878092530455428,29.92877857811337,66.94877097824208,94.94748196714102,-6.9477738925498835,-6.9477738925498835,13.179415073130093,21.281777277863252,500.0,86.84785526394613,7.237321271995511,25.720157221135505,False,False,ok,30.80000000000027,14.666666666666666,27.799999999999937,-5.50000000000006,-33.3,5.50000000000006,33.3,18.26396700414421,33.31927259096212,15.055305586817912,18.26396700414421,33.31927259096212,12.44188226473035,17.69778777654705,30.139670041277398,44.137926071386524,61.90403100160859,62.59689130203679,87.7929763509589,30.73789758667225,32.94920650646463,42.93640897775294,6.004663578854144,48.94107255660708,19.653239219505164,113.66830895796933,17.28998997141082,54.10761154861489
244_3,120,244,R,independent,68.9395,2.7486,True,1.0417,0.8213,0.9694,0.8879883987251382,0.7992214365149829,242.4785634850172,0.8639136022291473,177.7863977708528,0.870847544704763,170.85245529523706,242.4785634850172,71.62610818978013,6.242877197583472,74.91452637100167,0.9528,88.90000000000009,1.0167,25.000000000000135,2698.323028612019,ok,lead_hand_velocity20_onset_to_latest_upward_crossing_55deg_pull_attack_direction,lead_hand_velocity20_onset,latest_upward_crossing_55deg_pull_attack_direction,55.0,170.85245529523706,36.893245210984915,-36.893245210984915,-6.3,30.0,9.411358581433673,31.371195271445576,2.70647606223405,2.70647606223405,2.7486,-0.04212393776595036,31.300211829054664,70.0165797894028,99.77373051368713,-5.252765743390178,-5.252765743390178,14.36557930260269,23.467941507336935,497.30000000000007,89.61397675795361,7.467831396496134,27.674511752243472,False,False,ok,28.00000000000025,13.333333333333334,24.99999999999991,-2.6999999999999247,-27.699999999999836,2.6999999999999247,27.699999999999836,17.149043869534836,31.165916760438613,14.016872890903777,17.149043869534836,31.165916760438613,10.561117360341374,22.48818897640224,33.04930633674361,46.67008209550088,67.13918215424033,66.50493651723508,95.67343459670671,27.425192114342202,32.45605339143792,44.04001740003744,1.387991231981527,45.42800863201897,17.739098609507376,116.23621594326706,15.261249229040224,54.82883389582227
244_4,120,244,R,independent,67.5877,0.51,True,1.1333,0.9454,1.0463,0.992052520968964,0.900449632662284,232.850367337716,0.963858830016742,169.44116998325796,0.9718088740544002,161.49112594559978,232.850367337716,71.35924139211622,4.288832827440912,51.465993929290946,1.0778,55.499999999999886,1.1083,24.99999999999991,2591.756236351908,ok,lead_hand_velocity20_onset_to_latest_upward_crossing_55deg_pull_attack_direction,lead_hand_velocity20_onset,latest_upward_crossing_55deg_pull_attack_direction,55.0,161.49112594559978,41.535456360617616,-41.535456360617616,-6.3,30.0,9.195174188524593,30.650580628415312,0.5713043846302726,0.5713043846302726,0.51,0.061304384630272546,29.183032787244017,65.28058515399961,95.21200639243104,-15.175053685489459,-15.175053685489459,9.250281214858134,21.706974128257414,500.0,78.54963123042425,6.545802602535354,22.37356420776117,False,False,ok,33.599999999998964,16.43835616438356,30.49999999999997,-8.399999999999963,-38.899999999999935,8.399999999999963,38.899999999999935,16.847019122627874,33.40363704540541,16.556617922777537,16.847019122627874,33.40363704540541,14.088301462332426,15.395763029637925,29.48406449197035,42.7801441382824,59.53868256696091,62.39501909418329,86.83741746170743,30.88551507185971,31.93694044897709,49.3338481525302,2.593414878960345,51.92726303149055,22.10559750110908,108.29430857423958,20.41252009652466,51.30914885644839
244_5,120,244,R,independent,68.185,2.9764,True,1.1194,0.9167,1.0,0.9744343992641687,0.8906559354900506,228.7440645099493,0.941892767021667,177.50723297833292,0.9453635838473736,174.03641615262643,228.7440645099493,54.70764835732288,2.66781835527667,32.01382026332004,1.0917,27.70000000000006,1.0944,24.99999999999991,2770.182988911961,ok,lead_hand_velocity20_onset_to_latest_upward_crossing_55deg_pull_attack_direction,lead_hand_velocity20_onset,latest_upward_crossing_55deg_pull_attack_direction,55.0,174.03641615262632,424.54945086428154,-424.54945086428154,-6.3,30.0,9.379022001716235,31.263406672387454,3.4386323390646076,3.4386323390646076,2.9764,0.4622323390646077,29.94424499247231,66.98336836182953,95.78049284987148,-6.014684423130561,-6.014684423130561,13.493063367093688,24.50881139860165,500.0,90.0063880933517,7.500532341112642,20.646517530927678,False,False,ok,5.599999999999827,0.9302325581395349,2.8000000000001357,-8.399999999999963,-11.200000000000099,8.399999999999963,11.200000000000099,20.089426321731487,21.48237720287285,1.3929508811413633,20.089426321731487,21.48237720287285,0.8059617547815279,31.537682789685356,32.34364454446688,49.61152549925316,56.24789738425125,70.94024202670967,80.42968672657287,16.4968693605227,16.4968693605227,7.307496383127232,12.843121168959085,20.150617552086317,1.7349851188862864,288.0543337314785,0.6023117570949732,71.84270716168243
244_6,120,244,R,independent,69.4354,-0.1151,True,1.1389,0.9417,1.0241,0.9980509352969016,0.9081912963271628,230.7087036728373,0.9596247200312636,179.27527996873638,0.9563988000925848,182.5011999074152,230.7087036728373,51.43342370410093,5.884415653532922,70.61298784239506,1.0639,74.99999999999996,1.1083,30.59999999999996,2521.8769451846856,ok,lead_hand_velocity20_onset_to_latest_upward_crossing_55deg_pull_attack_direction,lead_hand_velocity20_onset,latest_upward_crossing_55deg_pull_attack_direction,55.0,182.5011999074152,44.47412976038012,-44.47412976038012,-6.3,30.0,9.558929367878868,31.86309789292956,0.3334415294681903,0.3334415294681903,-0.1151,0.44854152946819026,31.86309789292956,71.2757200539762,100.0,-11.407486927241314,-11.407486927241314,9.128233970763514,17.718785151875153,500.0,94.15917533939069,7.846597944949224,28.27282375195836,False,False,ok,22.39999999999931,9.75609756097561,19.399999999999864,-13.900000000000023,-33.29999999999988,13.900000000000023,33.29999999999988,18.974878140252965,30.94056992879233,11.965691788539363,18.974878140252965,30.94056992879233,9.202474690673618,23.823209598825876,33.025684289499495,41.53127529279468,44.76751487343395,58.26847524141961,62.80892685409852,31.869119224925228,31.253859217694018,19.578308665347684,22.65585805202985,42.23416671737753,15.288486516254038,128.2881141020648,11.91730553002803,58.543119610112
244_7,120,244,R,independent,71.2672,-0.8126,True,1.2472,1.0491,1.1389,1.110967227257018,1.021951023862247,225.2489761377532,1.0766757311673734,170.52426883262672,1.0834930837982564,163.70691620174372,225.2489761377532,61.54205993600948,6.224701399712762,74.69641679655314,1.1528,94.40000000000003,1.2194,27.800000000000047,2837.936291710626,ok,lead_hand_velocity20_onset_to_latest_upward_crossing_55deg_pull_attack_direction,lead_hand_velocity20_onset,latest_upward_crossing_55deg_pull_attack_direction,55.0,163.70691620174372,43.53735238570189,-43.53735238570189,-6.3,30.0,10.119705433407882,33.73235144469294,-0.8470213375459852,-0.8470213375459852,-0.8126,-0.0344213375459852,31.45234016333314,70.35688118140011,93.2408765362887,-8.48596222523408,-8.48596222523408,11.241469816285106,20.284776902909048,497.2000000000001,86.34066385298972,7.195055321082477,33.905218644226274,False,False,ok,16.799999999999482,8.108108108108109,13.900000000000023,-5.599999999999827,-19.49999999999985,5.599999999999827,19.49999999999985,16.517435320602768,24.444131983528465,7.926696662925696,16.517435320602768,24.444131983528465,3.7769028871431907,26.656167979031416,30.433070866174607,47.661258268691,69.83270996775362,63.1633668686556,92.54621550818716,15.519175536938832,17.081452753874853,25.716428885387597,0.9671002357473689,26.683529121134967,9.084549501553852,116.71113230078014,7.783790048529182,55.57292838401205
244_8,120,244,R,independent,71.1497,6.7775,True,0.9722,0.7556,0.8556,0.8234723559538206,0.7361729710651648,236.0270289348352,0.7890171296079956,183.1828703920043,0.7887497506829474,183.45024931705257,236.0270289348352,52.84415854283088,6.33951838010028,76.07422056120336,0.8917,80.4999999999999,0.9444,27.799999999999937,2733.0971368254272,ok,lead_hand_velocity20_onset_to_latest_upward_crossing_55deg_pull_attack_direction,lead_hand_velocity20_onset,latest_upward_crossing_55deg_pull_attack_direction,55.0,183.45024931705257,34.4037733670699,-34.4037733670699,-6.3,30.0,10.03360037368895,33.44533457896317,6.765368788620462,6.765368788620462,6.7775,-0.012131211379537987,31.83926654627229,71.22241084975003,95.19793103310414,2.3319175827036345,2.3319175827036345,18.508248968898883,32.00037495316542,499.99999999999994,98.62030045005628,8.218358370838024,30.578898422549653,True,True,ok,28.00000000000025,12.658227848101266,25.00000000000002,0.0,-25.00000000000002,0.0,25.00000000000002,18.508248968898883,32.592238470226434,14.083989501327551,18.508248968898883,32.592238470226434,10.643232095999508,22.468878890162998,33.112110986162506,50.31258374626163,74.81508271958468,67.24925231298457,100.0,28.176133847402685,32.482614001544384,43.726218222865484,2.3319175827036345,46.058135805569115,18.30997185592078,122.79528138411106,14.91097349143741,57.07217847775194
254_1,73,254,R,high_school,63.0482,7.2244,True,1.0222,0.9,0.9287,0.9061260887928118,0.8169093710245217,205.2906289754784,0.8461618919680222,176.03810803197783,0.8968825633699999,125.31743663000006,205.2906289754784,79.97319234547831,4.985195839393389,59.82235007272067,0.9444,77.79999999999998,0.9972,25.00000000000002,2411.4531557348623,ok,lead_hand_velocity20_onset_to_latest_upward_crossing_55deg_pull_attack_direction,lead_hand_velocity20_onset,latest_upward_crossing_55deg_pull_attack_direction,55.0,125.31743663000006,39.04767902900596,-39.04767902900596,-6.3,30.0,8.775431306571072,29.25143768857024,6.695530891161921,6.695530891161921,7.2244,-0.5288691088380792,29.25143768857024,65.43360256033063,100.0,-2.465141375190147,-2.465141375190147,17.200974878158814,33.126171728569716,500.0,71.2203285328803,5.935027377740025,33.91532693504859,True,True,ok,11.199999999999655,6.666666666666667,8.399999999999963,0.0,-8.399999999999963,0.0,8.399999999999963,17.200974878158814,22.452568428970633,5.251593550811819,17.200974878158814,22.452568428970633,1.910011248595989,23.45406824149515,25.36407949009114,57.167204772881476,65.43360256033063,87.36673900871128,100.0,6.270299236573037,6.006382078035996,17.99871554060045,-2.465141375190147,15.533574165410304,6.083648731851293,97.62633025805266,6.23156551697741,56.16329208854961
254_2,73,254,R,high_school,72.0304,6.08,True,1.1278,0.9519,1.0611,1.0023569075112737,0.911430059963122,216.36994003687792,0.9419835752073628,185.81642479263715,0.998148201370484,129.6517986295158,216.36994003687792,86.71814140736211,6.618443423400779,79.42132108080935,1.0056,122.19999999999986,1.1,27.799999999999827,2634.0964590298304,ok,lead_hand_velocity20_onset_to_latest_upward_crossing_55deg_pull_attack_direction,lead_hand_velocity20_onset,latest_upward_crossing_55deg_pull_attack_direction,55.0,129.65179862951592,30.73201569485584,-30.73201569485584,-6.3,30.0,9.903114151071174,33.01038050357058,6.555863063750289,6.555863063750289,6.08,0.475863063750289,32.38733167849638,72.4483976344317,98.11256696963306,1.8094641837566932,1.8094641837566932,21.640794900660794,36.373078365243636,499.9999999999999,80.56494082316173,6.713745068596811,28.541048660759053,True,True,ok,27.999999999999137,17.24137931034483,25.000000000000135,0.0,-25.000000000000135,0.0,25.000000000000135,21.640794900660794,36.288338957669495,14.647544057008702,21.640794900660794,36.288338957669495,11.822459692551206,17.834083239614312,29.656542932165518,52.416420049112,73.84211816296202,70.98444810783232,100.0,27.898829481009635,32.31478408951605,46.77270907616666,1.8094641837566932,48.58217325992336,19.61120920529227,103.94419997544563,18.867054833194114,58.72553430827493
254_3,73,254,R,high_school,71.1146,5.2872,True,1.1306,0.9593,1.0287,1.004892838803589,0.9177188885270606,212.8811114729394,0.9458050344616584,184.79496553834173,0.9996471980305623,130.9528019694376,212.8811114729394,81.92830950350182,5.3233258068826474,63.87990968259177,1.0583,72.30000000000003,1.1,30.59999999999996,2500.738634732618,ok,lead_hand_velocity20_onset_to_latest_upward_crossing_55deg_pull_attack_direction,lead_hand_velocity20_onset,latest_upward_crossing_55deg_pull_attack_direction,55.0,130.9528019694377,34.09788936409286,-34.09788936409286,-6.3,30.0,9.812106389491907,32.70702129830636,5.804063664612362,5.804063664612362,5.2872,0.5168636646123614,32.70702129830636,73.16352294717771,100.0,-0.28700855381176943,-0.28700855381176943,20.018747656564553,37.298275215638334,500.0,79.17274351256704,6.597728626047253,36.51933291722883,True,True,ok,19.599999999999397,11.666666666666666,16.599999999999948,0.0,-16.599999999999948,0.0,16.599999999999948,20.018747656564553,29.58061492316656,9.561867266602007,20.018747656564553,29.58061492316656,5.774653168360196,21.644169478838524,27.41882264719872,53.522842429497715,73.16352294717771,73.15509187295412,100.0,18.77001583914855,18.61923200216954,37.35019708181679,-0.28700855381176943,37.06318852800502,11.845115972531946,102.16742041799726,11.593828956501063,56.96100487445224
254_4,73,254,R,high_school,70.0133,4.2211,True,1.1,0.9315,1.0537,0.9765653963078972,0.8808344888182366,219.16551118176352,0.917052989565698,182.94701043430217,0.9741115775804396,125.88842241956056,219.16551118176352,93.27708876220296,6.343049456797512,76.11659348157015,0.9722,127.80000000000014,1.075,25.000000000000135,2786.705325953548,ok,lead_hand_velocity20_onset_to_latest_upward_crossing_55deg_pull_attack_direction,lead_hand_velocity20_onset,latest_upward_crossing_55deg_pull_attack_direction,55.0,125.88842241956044,26.22126272146108,-26.22126272146108,-6.3,30.0,9.532234152561783,31.774113841872612,5.0341891215460475,5.0341891215460475,4.2211,0.8130891215460476,31.774113841872612,71.07666840075291,100.0,1.0576206109362938,1.0576206109362938,19.274090738678485,36.222909636334585,497.2000000000001,75.69273256719323,6.30772771393277,30.511647761848806,True,False,ok,27.999999999999137,18.181818181818183,24.99999999999991,0.0,-24.99999999999991,0.0,24.99999999999991,19.274090738678485,34.63348331462309,15.359392575944607,19.274090738678485,34.63348331462309,14.138545181867546,12.415448069004782,26.553993250872328,55.332544621687255,71.07666840075291,77.84909713227516,100.0,30.373719032815764,34.525925126990785,52.04892976644135,1.0576206109362938,53.106550377377644,21.843025020496636,97.39238121686691,22.427858059921583,54.37495313091739
254_5,73,254,R,high_school,65.8226,1.4621,True,1.1972,1.0361,1.162,1.0831372456633208,0.9910794638211108,206.12053617888927,1.025052367391282,172.14763260871814,1.073404201101938,123.79579889806205,206.12053617888927,82.32473728082722,6.014158754486151,72.16990505383382,1.0694,127.80000000000014,1.1722,25.000000000000135,2431.4774121692412,ok,lead_hand_velocity20_onset_to_latest_upward_crossing_55deg_pull_attack_direction,lead_hand_velocity20_onset,latest_upward_crossing_55deg_pull_attack_direction,55.0,123.79579889806203,40.53186224083349,-40.53186224083349,-6.3,30.0,9.121323333009798,30.40441111003266,1.9634080471607087,1.9634080471607087,1.4621,0.5013080471607088,30.40441111003266,68.01273065057406,100.0,-9.73507136947209,-9.73507136947209,12.688601424835598,26.767341582331117,500.0,71.16806891076152,5.930672409230127,29.494562481631334,False,False,ok,22.39999999999931,13.559322033898304,19.49999999999985,-13.900000000000023,-33.39999999999988,13.900000000000023,33.39999999999988,22.27409073868173,33.1089238845502,10.834833145868473,22.27409073868173,33.1089238845502,9.563742032256297,16.65448068993175,26.218222722188045,41.77938072435304,45.944556459355006,61.42876535718156,67.55287726264409,35.06043454124672,34.27810965404075,20.001657892680853,25.755716268473684,45.75737416115454,14.867856646111168,100.56288506754369,14.784636137005295,56.51349831277197
254_6,73,254,R,high_school,69.531,2.5876,True,1.1806,1.0102,1.1287,1.0525688686934849,0.9708144806456634,209.78551935433663,0.9959357784272332,184.66422157276685,1.0514345774152205,129.16542258477958,209.78551935433663,80.62009676955705,4.933137047472286,59.19764456966743,1.1083,72.30000000000003,1.15,30.600000000000183,2425.283038937581,ok,lead_hand_velocity20_onset_to_latest_upward_crossing_55deg_pull_attack_direction,lead_hand_velocity20_onset,latest_upward_crossing_55deg_pull_attack_direction,55.0,129.16542258477958,33.64486081130336,-33.64486081130336,-6.3,30.0,9.548139388078695,31.827131293595652,2.813668999939942,2.813668999939942,2.5876,0.22606899993994167,31.759682836612594,71.04438716135594,99.78807874212455,-2.211460204406448,-2.211460204406448,18.562054743177157,36.45575553059806,497.30000000000007,72.87645130511616,6.07303760875968,30.93904129044292,False,False,ok,19.599999999999397,11.864406779661017,16.69999999999994,-2.6999999999999247,-19.399999999999864,2.6999999999999247,19.399999999999864,21.293025871789027,30.85320584930217,9.560179977513144,21.293025871789027,30.85320584930217,6.439820022504151,18.91301087366122,25.352830896165372,51.497784324150594,71.19526506262442,72.33315906451416,100.0,21.615817725895685,23.058781150705503,35.802021135670294,2.3802535030142726,38.18227463868457,12.146206657328952,97.58415354156996,12.446904765285256,55.903824521995155
254_7,73,254,R,high_school,70.5254,5.2643,True,1.1278,0.9519,1.0157,0.9924717581084642,0.906423892441102,221.376107558898,0.9387904132444984,189.00958675550152,0.997486895900683,130.31310409931694,221.376107558898,91.063003459581,6.695235857870872,80.34283029445047,0.9917,136.09999999999988,1.1,27.799999999999827,2747.8919169103633,ok,lead_hand_velocity20_onset_to_latest_upward_crossing_55deg_pull_attack_direction,lead_hand_velocity20_onset,latest_upward_crossing_55deg_pull_attack_direction,55.0,130.31310409931694,30.309350190755204,-30.309350190755204,-6.3,30.0,9.708360183666299,32.361200612221,5.5653179333624365,5.5653179333624365,5.2643,0.3010179333624361,31.729464705491573,70.97679112717327,98.04786010785133,11.059446157200574,11.059446157200574,25.851893513338766,45.623547056667206,499.9999999999999,79.43163049691151,6.619302541409293,28.623111005867003,True,True,ok,13.999999999999568,8.771929824561402,11.10000000000011,0.0,-11.10000000000011,0.0,11.10000000000011,25.851893513338766,31.98406449197306,6.132170978634296,25.851893513338766,31.98406449197306,4.392575928013745,18.31552305963733,22.708098987651073,60.69987187326296,72.3899441039302,83.85124843599297,100.0,22.195866718800936,20.871189872549323,24.361450974718856,11.059446157200574,35.42089713191943,8.072931107207932,97.75197488504945,8.25858619910362,57.0553055868633
254_8,73,254,R,high_school,60.9325,5.2752,True,1.3111,1.1306,1.2667,1.1819132832108097,1.100933325190189,210.16667480981096,1.1260584500059592,185.0415499940408,1.1786098382740868,132.4901617259131,210.16667480981096,77.67651308389785,5.546185030627985,66.55422036753582,1.2028,108.29999999999984,1.2861,24.99999999999991,2357.9851778843286,ok,lead_hand_velocity20_onset_to_latest_upward_crossing_55deg_pull_attack_direction,lead_hand_velocity20_onset,latest_upward_crossing_55deg_pull_attack_direction,55.0,132.4901617259131,33.745488491124355,-33.745488491124355,-6.3,30.0,8.35191575677399,27.839719189246633,5.166540729350979,5.166540729350979,5.2752,-0.10865927064902081,27.58060789344132,61.69606275376094,99.06927475078342,2.843312453592803,2.843312453592803,17.025496812916778,32.52549681293352,499.9999999999999,71.05450937575266,5.921209114646055,37.26367504550017,True,True,ok,11.199999999999655,6.666666666666667,8.299999999999974,0.0,-8.299999999999974,0.0,8.299999999999974,17.025496812916778,22.247094113259873,5.221597300343095,17.025496812916778,22.247094113259873,2.3807649043895225,19.972815898034323,22.353580802423846,57.6411611768353,62.27567821502908,92.55806251970237,100.0,10.980395619226368,11.060559847202931,16.113837875314005,2.843312453592803,18.957150328906806,6.200340670057268,91.46453599846629,6.778956020901082,51.42107236600981
258_1,127,258,R,high_school,65.8105,-8.3091,True,1.0972,0.9009,0.9935,0.9515176337162828,0.890533382134658,206.66661786534192,0.920396324787542,176.803675212458,0.9587838164601256,138.4161835398744,206.66661786534192,68.25043432546752,6.022053932516343,72.26464719019611,0.9972,99.99999999999997,1.0722,24.99999999999991,2375.090267199201,ok,lead_hand_velocity20_onset_to_latest_upward_crossing_55deg_pull_attack_direction,lead_hand_velocity20_onset,latest_upward_crossing_55deg_pull_attack_direction,55.0,138.4161835398744,50.937788433996104,-50.937788433996104,-6.3,30.0,9.076624799082314,30.255415996941046,-8.86580032315225,-8.86580032315225,-8.3091,-0.5567003231522492,30.255415996941046,67.67943807476068,100.0,-14.04609520573164,-14.04609520573164,6.029996250475199,17.55755530560576,500.0,78.38207128967215,6.5318392741393465,41.80675302400826,False,False,ok,16.799999999999482,8.823529411764707,13.900000000000023,-11.10000000000011,-25.000000000000135,11.10000000000011,25.000000000000135,14.306524184492392,23.20772403452076,8.901199850028366,14.306524184492392,23.20772403452076,3.7127859017662956,27.707349081394756,31.420134983161052,40.09176146189124,43.23235971178559,59.23772803433254,63.87813040650525,15.794115031604662,16.999850127024466,15.732627563964293,6.5052690593913605,22.237896623355653,10.042729385325345,116.44895841820109,8.624147026939537,58.56242969635123
258_2,127,258,R,high_school,63.6572,-1.9799,True,1.4972,1.287,1.3907,1.3355933312109862,1.2721589275367975,225.0410724632024,1.304909358075116,192.2906419248842,1.3463211093731426,150.87889062685744,225.0410724632024,74.16218183634496,5.595510373018402,67.14612447622082,1.4083,88.89999999999998,1.4722,25.000000000000135,2315.6385198908342,ok,lead_hand_velocity20_onset_to_latest_upward_crossing_55deg_pull_attack_direction,lead_hand_velocity20_onset,latest_upward_crossing_55deg_pull_attack_direction,55.0,150.87889062685744,56.205666792291,-56.205666792291,-6.3,30.0,8.833448435653148,29.444828118843827,-2.186449467455545,-2.186449467455545,-1.9799,-0.20654946745554503,29.444828118843827,65.86620463234564,100.0,-16.917330722068037,-16.917330722068037,7.229096362962436,19.878702662188697,497.2000000000001,78.38418995827985,6.532015829856654,34.03283314130721,False,False,ok,25.19999999999922,12.0,22.199999999999996,-8.399999999999963,-30.59999999999996,8.399999999999963,30.59999999999996,12.73659542558556,25.57686539185365,12.840269966268092,12.73659542558556,25.57686539185365,5.618110236226546,29.565991751063056,35.1841019872896,36.35791044457761,44.16041621214168,55.19964395629218,67.04563661841135,17.05627699704232,17.773037593188135,25.41806148725246,1.8357508146426427,27.253812301895103,14.479907982585518,117.04533678331657,12.371195966048479,59.344206974192346
258_3,127,258,R,high_school,64.3623,-5.6279,True,1.2472,1.0454,1.1722,1.0789041764682263,1.0182860748860536,228.91392511394648,1.0585723458852296,188.62765411477045,1.0970554897508518,150.1445102491483,228.91392511394648,78.76941486479816,5.307958811410831,63.695505736929974,1.1722,75.00000000000017,1.2222,25.000000000000135,2314.8135002196905,ok,lead_hand_velocity20_onset_to_latest_upward_crossing_55deg_pull_attack_direction,lead_hand_velocity20_onset,latest_upward_crossing_55deg_pull_attack_direction,55.0,150.1445102491483,52.88787293948927,-52.88787293948927,-6.3,30.0,8.787963264179158,29.293210880597194,-5.304050008306343,-5.304050008306343,-5.6279,0.323849991693657,29.293210880597194,65.52704652961069,100.0,-19.44274338513199,-19.44274338513199,4.474128233975582,17.131608548949885,497.2000000000001,80.55017629269098,6.7125146910575815,37.2624312195588,False,False,ok,16.799999999999482,8.108108108108109,13.900000000000023,-19.49999999999985,-33.39999999999988,19.49999999999985,33.39999999999988,19.376640419968435,28.950881139888796,9.574240719920361,19.376640419968435,28.950881139888796,5.689726284220619,27.28290213726231,32.97262842148293,45.523034610903046,49.099840892451084,69.47212948218545,74.93064847698211,23.722265149588477,23.33174830620287,13.980932520402988,17.098506189158424,31.079438709561412,11.545129380002837,123.56665199966781,9.343240423827195,61.20359955012237
258_4,127,258,R,high_school,66.6887,-8.3249,True,1.4361,1.2278,1.3713,1.2859096208230756,1.2277953867618925,208.30461323810744,1.2614967049813095,174.6032950186902,1.2915656758788412,144.53432412115873,208.30461323810744,63.7702891169487,5.369181587187756,64.43017904625307,1.3583,77.79999999999987,1.4111,24.99999999999991,2299.654133969956,ok,lead_hand_velocity20_onset_to_latest_upward_crossing_55deg_pull_attack_direction,lead_hand_velocity20_onset,latest_upward_crossing_55deg_pull_attack_direction,55.0,144.53432412115873,52.671529104441284,-52.671529104441284,-6.3,30.0,9.029015847034092,30.096719490113642,-8.774220973188386,-8.774220973188386,-8.3249,-0.44932097318838693,29.89663802234124,66.8768746025886,99.33520506167416,-16.965560805370995,-16.965560805370995,5.1829771278646115,16.73415823023929,499.9999999999999,79.09800009754672,6.591500008128893,40.92905645190381,False,False,ok,16.799999999999482,8.450704225352112,13.900000000000023,-11.10000000000011,-25.000000000000135,11.10000000000011,25.000000000000135,13.502812148496023,22.390513685813467,8.887701537317444,13.502812148496023,22.390513685813467,3.416572928387641,29.465879265123693,32.882452193511334,39.706802497496234,44.38492007559167,58.9782849732561,65.92690169142949,14.54742979001216,16.28969394365309,17.252650379320563,3.9196944308637995,21.172344810184363,9.872211575617941,116.74948861158431,8.455892777793618,58.321522309774295
258_5,127,258,R,high_school,70.0775,0.0866,True,1.1556,0.9463,1.0806,0.9938880373191042,0.9076613768420576,247.93862315794223,0.9602199593845724,195.3800406154276,1.0036301614328096,151.96983856719038,247.93862315794223,95.96878459075184,6.026888664195436,72.32266397034523,1.0722,83.39999999999992,1.125,30.59999999999996,2441.449209575584,ok,lead_hand_velocity20_onset_to_latest_upward_crossing_55deg_pull_attack_direction,lead_hand_velocity20_onset,latest_upward_crossing_55deg_pull_attack_direction,55.0,151.96983856719038,37.201694986986666,-37.201694986986666,-6.3,30.0,9.610077309107362,32.033591030357876,-0.24084769983437448,-0.24084769983437448,0.0866,-0.3274476998343745,32.033591030357876,71.65710234063583,100.0,-2.277758029894466,-2.277758029894466,14.803149606315202,26.16929133861094,500.0,87.08901477067926,7.257417897556604,37.17563156209431,False,False,ok,5.599999999999827,2.941176470588235,2.7999999999999137,-5.50000000000006,-8.299999999999974,5.50000000000006,8.299999999999974,19.858455193122314,21.772965879288613,1.9145106861662988,19.858455193122314,21.772965879288613,0.6158605174359906,31.437570303745993,32.05343082118198,60.61803884386599,64.17362357399557,84.59459964722893,89.5565428656798,8.334374782484932,8.334374782484932,4.440045519015207,6.114352022977329,10.554397541992536,2.2227013104568893,117.97889896480311,1.8839820764219817,59.35433070872554
258_6,127,258,R,high_school,66.7058,-4.0109,True,1.6028,1.3843,1.5361,1.4472268132909702,1.3921675756832863,210.6324243167137,1.420756554515022,182.043445484978,1.4591167038027613,143.68329619723875,210.6324243167137,66.94912811947495,6.460318493421856,77.52382192106228,1.4778,125.0,1.575,27.800000000000047,2438.703904452785,ok,lead_hand_velocity20_onset_to_latest_upward_crossing_55deg_pull_attack_direction,lead_hand_velocity20_onset,latest_upward_crossing_55deg_pull_attack_direction,55.0,143.68329619723875,45.76019739503079,-45.76019739503079,-6.3,30.0,9.145170964622462,30.48390321540821,-3.85290241972076,-3.85290241972076,-4.0109,0.15799758027924016,29.89932988631302,66.88289613080035,98.08235407072243,-9.43142099405332,-9.43142099405332,10.189726284225477,21.414135733056497,500.0,79.50965695474099,6.6258047462284155,39.15678087076439,False,False,ok,13.999999999999568,7.352941176470589,11.10000000000011,-8.299999999999974,-19.400000000000084,8.299999999999974,19.400000000000084,16.611923509579245,23.278027746556827,6.666104236977581,16.611923509579245,23.278027746556827,2.9400074990657927,28.016497937788042,30.956505436853835,41.88002961180748,51.946701780116584,61.41617858240446,76.17874062808848,15.140630965536143,17.37657678116284,17.91444841124987,4.3543614369525585,22.26880984820243,7.592070690961454,112.92169349947977,6.723305731326487,57.11661042375874
258_7,127,258,R,high_school,66.2657,-7.6265,True,1.3694,1.1407,1.3046,1.214531473934512,1.161225134509215,208.1748654907849,1.1903251629983336,179.07483700166637,1.22190825490153,147.49174509846986,208.1748654907849,60.68312039231503,5.738208491677517,68.8585019001302,1.2833,86.09999999999984,1.3444,24.99999999999991,2265.192954515835,ok,lead_hand_velocity20_onset_to_latest_upward_crossing_55deg_pull_attack_direction,lead_hand_velocity20_onset,latest_upward_crossing_55deg_pull_attack_direction,55.0,147.49174509846986,53.06548680284395,-53.06548680284395,-6.3,30.0,8.998472342033303,29.99490780677768,-8.290981581691746,-8.290981581691746,-7.6265,-0.6644815816917458,29.99490780677768,67.09669784980683,100.0,-15.21489125723821,-15.21489125723821,5.900637420328829,17.38095238097115,500.0,80.18991319337044,6.682492766114204,42.27775028749962,False,False,ok,8.399999999999741,4.10958904109589,5.50000000000006,-8.399999999999963,-13.900000000000023,8.399999999999963,13.900000000000023,12.290963629559581,15.64660667418263,3.355643044623049,12.290963629559581,15.64660667418263,0.698537682790402,33.10967379081192,33.80821147360232,43.37551172312006,48.39094082385565,64.64626891209214,72.1211957884675,3.2620446760312,3.679534497850621,8.576606249983863,-1.2350033598704422,7.34160289011342,3.641745412334083,120.54094974704243,3.021168673364826,59.62410948637863
258_8,127,258,R,high_school,66.5719,-4.621,True,1.3722,1.1704,1.3019,1.2132731219360493,1.1315139513214256,240.68604867857445,1.1901142263591626,182.08577364083743,1.225852227516663,146.34777248333708,240.68604867857445,94.33827619523736,5.9703188416093695,71.64382609931243,1.2833,88.89999999999998,1.3472,25.000000000000135,2415.020766801937,ok,lead_hand_velocity20_onset_to_latest_upward_crossing_55deg_pull_attack_direction,lead_hand_velocity20_onset,latest_upward_crossing_55deg_pull_attack_direction,55.0,146.34777248333708,390.0275892653089,-390.0275892653089,-6.3,30.0,9.160833547874798,30.53611182624933,-4.830491261101639,-4.830491261101639,-4.621,-0.20949126110163885,30.53611182624933,68.30733676236868,100.0,-11.330689006318073,-11.330689006318073,9.050618672675691,21.026996625444532,497.2000000000001,82.80506400685289,6.900422000571074,38.736642584729516,False,False,ok,22.39999999999931,4.145077720207254,19.50000000000007,-11.099999999999888,-30.59999999999996,11.099999999999888,30.59999999999996,17.472065991769906,29.46794150734342,11.995875515573513,17.472065991769906,29.46794150734342,8.019122609682455,23.523247094138643,31.542369703821098,41.60233125574135,45.1482060919848,60.90463078727521,66.0956907880172,26.819377308710894,27.012425753630914,26.580461544322915,12.12862405059625,38.709085594919166,14.828366279255523,268.08056466184627,5.531309700857969,65.76171728541038
263_1,53,263,L,college,71.008,2.7953,True,1.9083,1.725,1.8083,1.7773261810226637,1.68607136388916,222.22863611084009,1.7325347687765928,175.76523122340726,1.7556672315740531,152.63276842594698,222.22863611084009,69.59586768489311,4.465885950200635,53.59063140240762,1.8583,50.00000000000004,1.875,33.30000000000011,2449.0142633254395,ok,lead_hand_velocity20_onset_to_latest_upward_crossing_55deg_pull_attack_direction,lead_hand_velocity20_onset,latest_upward_crossing_55deg_pull_attack_direction,55.0,152.63276842594698,42.55092719972575,-42.55092719972575,-6.3,30.0,9.741320804212807,32.47106934737602,2.357738545649799,2.357738545649799,2.7953,-0.4375614543502011,32.47106934737602,72.6357134649606,100.0,3.6735085746010494,-3.6735085746010494,17.7952755905704,32.47244094491696,500.0,90.9273772752641,7.5772814396053425,43.26921055550744,False,False,ok,8.399999999999741,4.285714285714286,5.600000000000049,-2.7999999999999137,-8.399999999999963,2.7999999999999137,8.399999999999963,20.449756280487026,23.946944132009367,3.497187851522341,20.449756280487026,23.946944132009367,1.1451068616435371,-30.57930258720963,-29.43419572556609,63.56647634969342,71.38927414878313,87.51407994410054,98.28398558130947,6.362130339151549,6.371517463580909,10.05590690310876,1.3294833253824898,11.38539022849125,4.022603370806171,118.67761717690267,3.3895215176169375,57.30446194231912
263_2,53,263,L,college,69.5549,9.5233,True,2.2444,2.0463,2.1602,2.095423188956845,2.0009133954983227,243.48660450167748,2.053609027683676,190.7909723163241,2.0886060374629194,155.79396253708077,243.48660450167748,87.6926419645967,5.350710124392277,64.20852149270732,2.1833,61.10000000000015,2.2167,27.70000000000028,2515.6301593692374,ok,lead_hand_velocity20_onset_to_latest_upward_crossing_55deg_pull_attack_direction,lead_hand_velocity20_onset,latest_upward_crossing_55deg_pull_attack_direction,55.0,155.79396253708077,32.20412725811572,-32.20412725811572,-6.3,30.0,9.363863207087988,31.21287735695996,9.705902514153735,9.705902514153735,9.5233,0.18260251415373396,31.21287735695996,69.82121813922674,100.0,-4.894071695430903,4.894071695430903,23.349268841420045,39.3650168729334,497.2000000000001,95.36910905525258,7.947425754604382,41.40657795330441,True,True,ok,14.000000000000679,7.352941176470589,11.100000000000332,2.7000000000003688,-8.399999999999963,-2.7000000000003688,8.399999999999963,20.588488938904877,28.57855268094575,7.990063742040874,20.588488938904877,28.57855268094575,3.687476565433304,-31.539370078774216,-27.85189351334091,62.80004168151164,69.82121813922674,89.94406479171623,100.0,11.182929851337743,9.878611660828131,23.741534506714643,0.5461841454535634,24.287718652168206,9.392841393691102,115.10997522255202,8.15988481930529,56.569928758966256
263_3,53,263,L,college,70.4577,2.0909,True,2.1361,1.9509,2.0769,2.004257707276483,1.9071486009306555,228.95139906934452,1.9517650323167035,184.3349676832966,1.9847389047067825,151.36109529321763,228.95139906934452,77.59030377612692,4.673290798137879,56.07948957765455,2.0833,52.799999999999955,2.1111,24.99999999999991,2418.0237566585033,ok,lead_hand_velocity20_onset_to_latest_upward_crossing_55deg_pull_attack_direction,lead_hand_velocity20_onset,latest_upward_crossing_55deg_pull_attack_direction,55.0,151.3610952932174,39.597686784619945,-39.597686784619945,-6.3,30.0,9.54633338061218,31.82111126870727,1.7391370182759422,1.7391370182759422,2.0909,-0.35176298172405773,31.35210459563473,70.13266060226087,98.52611472581174,3.401947569733259,-3.401947569733259,16.946381702305516,30.51331083617843,499.9999999999998,92.80845918983562,7.734038265819635,42.25192667422935,False,False,ok,8.400000000000407,4.3478260869565215,5.50000000000006,-2.8000000000001357,-8.300000000000196,2.8000000000001357,8.300000000000196,19.590926134254374,23.203037120385012,3.612110986130638,19.590926134254374,23.203037120385012,1.1383577052880725,-30.96156730412043,-29.823209598832356,62.491985614077656,69.38437588042761,87.79208561578378,97.47488430452442,6.631857049004563,6.877070264638603,8.64963073380423,2.184435074285429,10.83406580808966,4.118950013584119,119.91239119510603,3.4349661219600676,57.54405699293807
263_4,53,263,L,college,67.9294,2.4093,True,1.9639,1.788,1.9148,1.8345992807588127,1.7354331861144388,228.46681388556124,1.7838659869037483,180.03401309625144,1.8160835667720845,147.8164332279155,228.46681388556124,80.65038065764574,3.736245612845004,44.83494735414005,1.9222,41.700000000000074,1.9389,24.99999999999991,2451.5383428517157,ok,lead_hand_velocity20_onset_to_latest_upward_crossing_55deg_pull_attack_direction,lead_hand_velocity20_onset,latest_upward_crossing_55deg_pull_attack_direction,55.0,147.8164332279155,37.11154085425217,-37.11154085425217,-6.3,30.0,9.195840640422642,30.652802134742142,2.868379206188045,2.868379206188045,2.4093,0.4590792061880449,30.29436832950452,67.76657196113207,98.83066545217616,2.363975545793962,-2.363975545793962,15.45256842896307,31.93682039748481,500.0,86.10850382298239,7.1757086519151985,51.39753893275786,False,False,ok,8.399999999999741,4.477611940298507,5.50000000000006,-2.7999999999999137,-8.299999999999974,2.7999999999999137,8.299999999999974,18.344394450713477,22.046494188250286,3.702099737536809,18.344394450713477,22.046494188250286,1.1571053618310145,-22.8423322084986,-21.685226846667586,64.0979814621306,68.56836554836728,93.48039864960272,100.0,6.145717879503195,6.032500609413126,7.5113870183382385,2.446633005379111,9.95802002371735,4.301254469033523,112.52579426460998,3.822460882985558,53.20678665172603
263_5,53,263,L,college,66.7524,0.2499,True,2.0,1.8167,1.8917,1.864465389662553,1.7772933830244797,222.7066169755203,1.8196190704424264,180.38092955757355,1.8524801649527207,147.5198350472793,222.7066169755203,75.186781928241,2.5516985450017446,30.620382540020934,1.9722,27.800000000000047,1.975,24.99999999999991,2375.32954202032,ok,lead_hand_velocity20_onset_to_latest_upward_crossing_55deg_pull_attack_direction,lead_hand_velocity20_onset,latest_upward_crossing_55deg_pull_attack_direction,55.0,147.5198350472793,43.90908319201703,-43.90908319201703,-6.3,30.0,9.053173328228297,30.17724442742766,0.12136189808403408,0.12136189808403408,0.2499,-0.12853810191596593,29.439601300871878,65.85451257353222,97.55563126935026,11.851025840306825,-11.851025840306825,11.73115860518702,27.365016872920442,500.0,84.0158743674041,7.0013228639503415,42.55952860141855,False,False,ok,19.599999999999397,10.144927536231885,16.600000000000392,-5.599999999999827,-22.20000000000022,5.599999999999827,22.20000000000022,17.123172103505556,26.916760404978454,9.793588301472898,17.123172103505556,26.916760404978454,4.5324334458241715,-31.992875890548238,-27.460442444724066,46.96249878209174,66.59152723352967,69.56935881284467,98.64743086820896,13.877451472540722,16.099583721456245,28.861583287634524,-2.1542106413375284,26.707372646296996,11.38205640784118,115.38647833859608,9.864289621909668,56.96194225727939
263_6,53,263,L,college,69.4095,9.6983,True,1.9278,1.7296,1.8074,1.7733297076901458,1.696689966897016,231.1100331029841,1.741061892119286,186.738107880714,1.7756979284832262,152.1020715167738,231.1100331029841,79.00796158621029,4.117918804914646,49.41502565897575,1.8833,44.499999999999986,1.9,27.800000000000047,2625.1383425500376,ok,lead_hand_velocity20_onset_to_latest_upward_crossing_55deg_pull_attack_direction,lead_hand_velocity20_onset,latest_upward_crossing_55deg_pull_attack_direction,55.0,152.1020715167738,31.218845445215358,-31.218845445215358,-6.3,30.0,9.435445670108425,31.451485567028083,10.117802010219101,10.117802010219101,9.6983,0.4195020102191016,31.451485567028083,70.35496950391027,100.0,-7.555363748503026,7.555363748503026,24.538807649070378,40.629358830190114,500.0,92.31739163420929,7.69311596951744,39.386453831988874,True,True,ok,11.199999999999655,6.0606060606060606,8.299999999999974,2.7999999999999137,-5.50000000000006,-2.7999999999999137,5.50000000000006,21.534120734931395,28.01349831274117,6.479377577809775,21.534120734931395,28.01349831274117,2.4666291713562423,-29.027746531714886,-26.561117360358644,67.46586293658174,70.35496950391027,95.89352879021862,100.0,9.538900646227003,10.029145913803598,15.09176306327318,1.5027738470138177,16.594536910286998,7.463334008239245,111.56280082957201,6.689805161525611,56.0050618673271
263_7,53,263,L,college,69.4094,6.4557,True,2.0278,1.837,1.9204,1.8832979491770012,1.792794256475627,235.0057435243731,1.8408488152871765,186.9511847128236,1.8787522693731995,149.04773062680076,235.0057435243731,85.95801289757233,5.510959556756334,66.13151468107601,1.9583,69.50000000000011,2.0,27.800000000000047,2605.72901114273,ok,lead_hand_velocity20_onset_to_latest_upward_crossing_55deg_pull_attack_direction,lead_hand_velocity20_onset,latest_upward_crossing_55deg_pull_attack_direction,55.0,149.04773062680056,29.11612701141486,-29.11612701141486,-6.3,30.0,9.433869076348195,31.446230254493983,6.857050182761108,6.857050182761108,6.4557,0.40135018276110745,31.21223947342647,69.81979123440058,99.25590196607406,-4.388802258656695,4.388802258656695,21.841769778801243,36.76302962133704,500.0,87.70732552743172,7.308943793952643,37.338146453261515,True,True,ok,27.999999999999137,15.625,24.99999999999991,0.0,-24.99999999999991,0.0,24.99999999999991,21.841769778801243,34.59748781406062,12.755718035259378,21.841769778801243,34.59748781406062,11.27352830897356,-28.567866516716265,-17.294338207742705,48.5526520239022,70.34321370457666,69.02251044117888,100.0,30.46870723356737,35.01192136280854,46.092174854852196,4.388802258656695,50.48097711350889,17.746443593755586,107.1521332703427,16.56191347024484,54.327521559863726
263_8,53,263,L,college,70.5276,4.3662,True,2.4222,2.2389,2.3102,2.282983417690507,2.200261465944338,221.9385340556621,2.243932925932551,178.26707406744902,2.270010675559569,152.1893244404313,221.9385340556621,69.7492096152308,4.600295728910494,55.203548746925925,2.3722,50.00000000000027,2.3972,24.99999999999991,2539.7753581278403,ok,lead_hand_velocity20_onset_to_latest_upward_crossing_55deg_pull_attack_direction,lead_hand_velocity20_onset,latest_upward_crossing_55deg_pull_attack_direction,55.0,152.1893244404313,34.667357329844606,-34.667357329844606,-6.3,30.0,9.550001550330327,31.83333850110109,3.621576080430224,3.621576080430224,4.3662,-0.7446239195697761,31.83333850110109,71.20915019036563,100.0,-0.6493602605813277,0.6493602605813277,19.751031121131195,36.770716160519655,497.2000000000001,93.27838424794308,7.77319868732859,42.36453131152689,False,False,ok,8.400000000000407,4.477611940298507,5.600000000000271,-2.7999999999996916,-8.399999999999963,2.7999999999996916,8.399999999999963,22.387701537332017,26.09692538435515,3.7092238470231322,22.387701537332017,26.09692538435515,1.3112110986140841,-29.33408323962673,-28.022872141012645,62.17042451127191,68.1641790934485,87.30679181687997,95.72390473867904,10.437347314634492,10.773242268745923,8.553216420559888,5.992791627298829,14.546008047858718,4.50833066039433,119.43472926858658,3.7747233890872147,57.73378327715273
265_1,44,265,L,college,68.6022,1.0914,True,2.3028,2.1398,2.2176,2.1708746693477834,2.105283322413801,197.51667758619897,2.140397914714265,162.40208528573507,2.160606908347611,142.19309165238903,197.51667758619897,55.32358593380994,6.222242621205244,74.66691145446293,2.1472,155.59999999999974,2.275,27.800000000000047,2663.7195175379306,ok,lead_hand_velocity20_onset_to_latest_upward_crossing_55deg_pull_attack_direction,lead_hand_velocity20_onset,latest_upward_crossing_55deg_pull_attack_direction,55.0,142.19309165238903,389.50514179386755,-389.50514179386755,-6.3,30.0,9.4579084126052,31.526361375350668,1.2679949183436094,1.2679949183436094,1.0914,0.17659491834360952,30.008636375390427,67.12740778317465,95.18585420661041,4.268411959505085,-4.268411959505085,16.835208099005808,32.82339707540103,500.0,73.98315825049573,6.165263187541311,43.74996581074639,False,False,ok,14.000000000000679,2.604166666666667,11.099999999999888,-2.8000000000001357,-13.900000000000023,2.8000000000001357,13.900000000000023,19.714848144003295,26.786651668570364,7.07180352456707,19.714848144003295,26.786651668570364,2.7883389576333073,-27.28177727786973,-24.49343832023642,57.5616122657623,70.52246191694397,81.6216715938732,100.0,9.97530427459932,8.80891922020223,21.93557795365697,0.1040399216254804,22.039617875282453,8.175370560126991,260.78504325104495,3.1349077608936966,66.85189351338306
265_2,44,265,L,college,66.2941,11.1298,True,2.0778,1.8982,1.9889,1.9394926177188547,1.876734394364711,201.06560563528885,1.9076350005822544,170.16499941774543,1.9287531706577936,149.04682934220625,201.06560563528885,52.0187762930826,3.0083787507349187,36.100545008819026,2.0444,33.39999999999988,2.05,27.800000000000047,2693.2605172784097,ok,lead_hand_velocity20_onset_to_latest_upward_crossing_55deg_pull_attack_direction,lead_hand_velocity20_onset,latest_upward_crossing_55deg_pull_attack_direction,55.0,149.04682934220625,410.61528453491513,-410.61528453491513,-6.3,30.0,9.047876105663972,30.159587018879908,11.708460630554534,11.708460630554534,11.1298,0.5786606305545341,29.920132212442688,66.92942960907895,99.20604083110514,-8.35432540681966,8.35432540681966,23.48031496065528,37.99606299216702,499.9999999999998,76.00596861184955,6.33383071765413,41.56209153068128,True,True,ok,11.200000000000543,1.9900497512437811,8.299999999999752,2.7999999999996916,-5.50000000000006,-2.7999999999996916,5.50000000000006,20.560367454090446,26.967191601078994,6.406824146988548,20.560367454090446,26.967191601078994,2.5421822272243446,-25.00974878142933,-22.467566554204986,64.79617550918722,67.46507475590523,96.04402832669449,100.0,10.378036825203125,10.627105442678108,14.176431512190323,3.0407524516329785,17.217183963823302,7.484369453250669,256.0524925936006,2.9229824624787586,65.66929133865364
265_3,44,265,L,college,64.146,6.279,True,2.2389,2.062,2.1435,2.099012400996319,2.030345510867482,208.554489132518,2.065102717351325,173.79728264867555,2.091537049191058,147.362950808942,208.554489132518,61.19153832357597,5.965921946752774,71.59106336103329,2.0833,155.6000000000002,2.2,38.899999999999935,2469.6895963958627,ok,lead_hand_velocity20_onset_to_latest_upward_crossing_55deg_pull_attack_direction,lead_hand_velocity20_onset,latest_upward_crossing_55deg_pull_attack_direction,55.0,147.362950808942,38.27149096655624,-38.27149096655624,-6.3,30.0,8.64466602346983,28.8155534115661,6.582205251746503,6.582205251746503,6.279,0.3032052517465029,28.459045497750864,63.66107171114628,98.76279345142774,3.6487101203012,-3.6487101203012,19.007874015768557,35.6102362205109,497.2000000000001,71.3151384708177,5.942928205901475,37.42533862355874,True,True,ok,16.800000000000814,8.955223880597014,13.900000000000023,0.0,-13.900000000000023,0.0,13.900000000000023,19.007874015768557,28.371016123015274,9.363142107246716,19.007874015768557,28.371016123015274,3.5821147356619143,-29.525684289495704,-25.94356955383379,55.512108646557266,64.45855720196418,86.12061928817995,100.0,9.676560849115836,8.256418377364572,29.59586790899007,-3.6487101203012,25.94715778868887,10.840798801582803,96.67906059216521,11.213181773987294,51.47337832776465
265_4,44,265,L,college,63.7059,6.331,True,2.4417,2.2694,2.3556,2.307846035857036,2.2444447192211165,197.25528077888345,2.272498886284632,169.20111371536794,2.2936955039660503,148.00449603394972,197.25528077888345,49.250784744933725,5.615995558811029,67.39194670573235,2.3333,108.40000000000005,2.4167,24.99999999999991,2506.9554888481075,ok,lead_hand_velocity20_onset_to_latest_upward_crossing_55deg_pull_attack_direction,lead_hand_velocity20_onset,latest_upward_crossing_55deg_pull_attack_direction,55.0,148.00449603394972,35.26403902582187,-35.26403902582187,-6.3,30.0,8.741197246427783,29.137324154759277,6.382442216332548,6.382442216332548,6.331,0.0514422163325472,28.284887973133564,63.271492423795486,97.07441844316897,-1.226259412143661,1.226259412143661,18.868016497958134,35.431008623960274,500.0,71.0011756597234,5.916764638310283,40.62273860863029,True,True,ok,11.200000000000543,6.0606060606060606,8.300000000000196,0.0,-8.300000000000196,0.0,8.300000000000196,18.868016497958134,24.52868391453718,5.660667416579045,18.868016497958134,24.52868391453718,2.1790401199873592,-26.352643419601012,-24.173603299613653,61.370237468099724,65.17833785513432,94.15741408518501,100.0,7.859781401359844,7.43432788632737,14.117951008497313,1.226259412143661,15.344210420640973,6.685652206139497,93.20145843606169,7.173334321507431,48.1831646044765
265_5,44,265,L,college,67.0391,10.685,True,2.3056,2.1296,2.2157,2.1652759449187764,2.095018522387404,210.5814776125965,2.139173668029457,166.426331970543,2.1578634411490105,147.73655885098958,210.5814776125965,62.84491876160692,5.817092789277766,69.8051134713332,2.2083,97.30000000000017,2.275,30.600000000000183,2695.44592041147,ok,lead_hand_velocity20_onset_to_latest_upward_crossing_55deg_pull_attack_direction,lead_hand_velocity20_onset,latest_upward_crossing_55deg_pull_attack_direction,55.0,147.73655885098958,28.801194385134288,-28.801194385134288,-6.3,30.0,9.202567436073352,30.675224786911173,10.922632042226997,10.922632042226997,10.685,0.23763204222699663,30.675224786911173,68.6185235927683,100.0,-9.639261686554027,9.639261686554027,22.12992125986642,41.13385826776096,500.0,75.95224227241195,6.329353522700996,45.055029000006265,True,True,ok,11.200000000000543,6.25,8.300000000000196,2.8000000000001357,-5.50000000000006,-2.8000000000001357,5.50000000000006,19.324896887909887,25.96794150733964,6.643044619429752,19.324896887909887,25.96794150733964,2.8565804274496536,-22.547056617947103,-19.69047619049745,65.71455004410207,68.6185235927683,95.7679451602595,100.0,11.820311967468573,11.697075388400737,14.09824100938737,4.894428041842721,18.99266905123009,8.078928178520655,94.88892927532699,8.514089304431996,48.059430071293015
265_6,44,265,L,college,64.6115,5.8903,True,1.7917,1.6222,1.7019,1.6527079003076766,1.5869044657163014,204.7955342836987,1.6246797467888645,167.02025321113578,1.6387011400002758,152.9988599997243,204.7955342836987,51.7966742839744,6.1401269243315895,73.68152309197907,1.6833,108.40000000000005,1.7667,25.000000000000135,2431.1916551610325,ok,lead_hand_velocity20_onset_to_latest_upward_crossing_55deg_pull_attack_direction,lead_hand_velocity20_onset,latest_upward_crossing_55deg_pull_attack_direction,55.0,152.9988599997243,43.11919890517202,-43.11919890517202,-6.3,30.0,8.698475836323723,28.99491945441241,6.107536779897513,6.107536779897513,5.8903,0.21723677989751344,28.709845862638247,64.22209614942335,99.01681536924987,4.287359694097187,-4.287359694097187,17.236220472459557,33.07874015751604,500.0,78.10091793234388,6.508409827695323,40.78762960196816,True,True,ok,11.199999999999655,5.633802816901409,8.299999999999974,0.0,-8.299999999999974,0.0,8.299999999999974,17.236220472459557,23.371578552706158,6.135358080246601,17.236220472459557,23.371578552706158,1.3333333333347746,-32.59411323588072,-31.260779902545945,61.110567599015795,64.85978761276928,94.21950001418851,100.0,1.8156639086531379,1.542136969766128,12.75310108327467,-4.287359694097187,8.465741389177483,6.900174884743704,106.48938150176512,6.479683502180289,53.29021372334216
265_7,44,265,L,college,66.0962,8.7716,True,2.5417,2.3685,2.4509,2.404444786608416,2.341895367211881,199.8046327881191,2.372091347882761,169.60865211723907,2.394472748977848,147.2272510221524,199.8046327881191,52.57738176596672,6.260105983149187,75.12127179779024,2.3944,147.29999999999998,2.5167,24.99999999999991,2602.0898541363576,ok,lead_hand_velocity20_onset_to_latest_upward_crossing_55deg_pull_attack_direction,lead_hand_velocity20_onset,latest_upward_crossing_55deg_pull_attack_direction,55.0,147.22725102215196,31.532602434702905,-31.532602434702905,-6.3,30.0,8.972101029766954,29.907003432556515,9.021537195508937,9.021537195508937,8.7716,0.249937195508938,29.54833399192991,66.09774067629267,98.80071755956614,-3.7373797680004635,3.7373797680004635,21.751781027395072,40.26359205103712,500.0,74.88063735128722,6.240053112607268,42.29076794108782,True,True,ok,8.400000000000407,4.6875,5.50000000000006,0.0,-5.50000000000006,0.0,5.50000000000006,21.751781027395072,25.776340457470663,4.024559430075591,21.751781027395072,25.776340457470663,1.5995500562446985,-24.803524559456854,-23.203974503212155,65.27375148821876,66.90006136488118,97.56904576246602,100.0,8.264350451727442,8.13111477229085,9.187177046890547,3.7373797680004635,12.92455681489101,4.768725407588669,95.25901506972058,5.0060620552274395,49.04761904767204
265_8,44,265,L,college,67.5594,7.2753,True,1.8667,1.6963,1.7806,1.732255176854379,1.6580874518304811,208.61254816951867,1.6999483369857946,166.7516630142054,1.7162707207657242,150.42927923427584,208.61254816951867,58.18326893524284,6.62263043896322,79.47156526755863,1.7083,158.4000000000001,1.8417,25.000000000000135,2553.076508182846,ok,lead_hand_velocity20_onset_to_latest_upward_crossing_55deg_pull_attack_direction,lead_hand_velocity20_onset,latest_upward_crossing_55deg_pull_attack_direction,55.0,150.42927923427584,37.10056752583179,-37.10056752583179,-6.3,30.0,9.103243375143794,30.344144583812646,7.814462833625663,7.814462833625663,7.2753,0.5391628336256638,30.344144583812646,67.87791827087646,100.0,-1.668206832951933,1.668206832951933,20.632920884911673,36.32189726288137,500.0,78.71099299762788,6.55924941646899,40.850243960338126,True,True,ok,11.199999999999655,5.88235294117647,8.299999999999974,0.0,-8.299999999999974,0.0,8.299999999999974,20.632920884911673,26.07180352458759,5.438882639675917,20.632920884911673,26.07180352458759,2.3230221222372336,-28.77202849646902,-26.449006374231786,61.888192050494624,67.87791827087646,91.17573671532031,100.0,8.781216498880674,8.15963439090438,15.46918354781007,1.668206832951933,17.137390380762003,6.4265736795198585,103.46522926798971,6.211336624861784,53.500562429754105
268_1,78,268,R,college,62.4225,-0.9704,True,2.1139,1.9296,2.0074,1.9719481778340708,1.8981705502657369,215.72944973426323,1.9362205184479293,177.6794815520708,1.9524878213368129,161.41217866318746,215.72944973426323,54.317271071075766,4.945279516735642,59.343354200827704,2.0333,80.60000000000001,2.0889,24.99999999999991,2539.4836151696068,ok,lead_hand_velocity20_onset_to_latest_upward_crossing_55deg_pull_attack_direction,lead_hand_velocity20_onset,latest_upward_crossing_55deg_pull_attack_direction,55.0,161.41217866318723,31.94466395707929,-31.94466395707929,-6.3,30.0,8.424523580831258,28.081745269437526,-0.8741640290962809,-0.8741640290962809,-0.9704,0.09623597090371916,27.909823016937647,62.432496011403046,99.38777931766587,2.2498500736226545,2.2498500736226545,18.73678290215747,29.36276715413745,497.2000000000001,68.92823897465831,5.744019914554859,39.07531871175389,False,False,ok,11.199999999999655,5.88235294117647,8.399999999999963,-5.50000000000006,-13.900000000000023,5.50000000000006,13.900000000000023,23.641919760055533,28.244469441350343,4.602549681294811,23.641919760055533,28.244469441350343,3.2883389576338473,19.967566554202296,23.255905511836144,50.77148780631664,60.52834351902386,80.82434225923178,96.35651355399692,22.03130275592717,21.503989412233448,20.86238469635827,12.127423751441762,32.98980844780003,5.842419371451586,91.25532572381829,6.402277702819786,49.81739782532567
268_2,78,268,R,college,60.8795,-5.9819,True,2.7139,2.5361,2.6083,2.575295737234113,2.5060734597372427,207.82654026275748,2.5359097091330898,177.9902908669104,2.545306822309519,168.593177690481,207.82654026275748,39.23336257227646,4.902997569403744,58.83597083284492,2.6333,80.60000000000001,2.6889,25.000000000000355,2434.488953636352,ok,lead_hand_velocity20_onset_to_latest_upward_crossing_55deg_pull_attack_direction,lead_hand_velocity20_onset,latest_upward_crossing_55deg_pull_attack_direction,55.0,168.59317769048099,39.53613047619476,-39.53613047619476,-6.3,30.0,8.304095889266529,27.680319630888434,-5.408637609751699,-5.408637609751699,-5.9819,0.5732623902483018,27.680319630888434,61.91911155800019,100.0,-4.124290598022703,-4.124290598022703,14.814398200240973,26.184476940410732,500.0,68.09036378218593,5.674196981848827,43.44743741081818,False,False,ok,14.000000000000679,7.575757575757576,11.099999999999888,-11.099999999999888,-22.199999999999775,11.099999999999888,22.199999999999775,23.027746531708416,28.95200599928137,5.924259467572952,23.027746531708416,28.95200599928137,4.289088863896648,19.27596550433278,23.56505436822943,40.6572784211995,43.95456633287005,65.66192149432807,70.9870752775537,29.137912568867044,30.6995035833323,16.763193990977552,19.242423628864703,36.005617619842255,7.508409474226029,95.06079567139464,7.898534218229179,51.38545181857819
268_3,78,268,R,college,60.8651,3.3985,True,2.4722,2.2833,2.3611,2.3241929214250505,2.2507772585133257,221.42274148667428,2.288966882284113,183.2331177158868,2.3037568634208627,168.44313657913722,221.42274148667428,52.979604907537066,5.564458587792482,66.77350305350978,2.3583,113.90000000000012,2.4472,24.99999999999991,2535.5696967319077,ok,lead_hand_velocity20_onset_to_latest_upward_crossing_55deg_pull_attack_direction,lead_hand_velocity20_onset,latest_upward_crossing_55deg_pull_attack_direction,55.0,168.44313657913722,38.452401451499526,-38.452401451499526,-6.3,30.0,8.424158005068493,28.080526683561647,3.3508690982852114,3.3508690982852114,3.3985,-0.047630901714788454,28.080526683561647,62.81434923846103,100.0,0.07002900590580144,0.07002900590580144,19.764529433842124,31.524371953539866,500.0,69.72146370647381,5.810121975539484,38.30835705140339,False,False,ok,11.200000000000543,5.405405405405405,8.299999999999752,-2.8000000000001357,-11.099999999999888,2.8000000000001357,11.099999999999888,21.896137982775812,25.96662917138163,4.070491188605818,21.896137982775812,25.96662917138163,2.355643044621967,23.90757405326917,26.263217097891136,47.4594374340354,58.82697941887255,75.55508893973567,93.6521354309486,16.26422039405634,16.276044324893753,20.935370711099083,5.784711107669388,26.72008181876847,4.811750873868904,92.51364941618422,5.201125352025237,50.919760030051265
268_4,78,268,R,college,62.7927,-0.4827,True,2.0139,1.8315,1.9065,1.8729927753916351,1.8013684381348658,212.53156186513425,1.8377838610202728,176.11613897972722,1.856946267093125,156.95373290687508,212.53156186513425,55.577828958259175,5.478189395606873,65.73827274728248,1.8861,127.79999999999991,1.9889,25.000000000000135,2535.9749889483223,ok,lead_hand_velocity20_onset_to_latest_upward_crossing_55deg_pull_attack_direction,lead_hand_velocity20_onset,latest_upward_crossing_55deg_pull_attack_direction,55.0,156.95373290687508,37.21464095975114,-37.21464095975114,-6.3,30.0,8.47723080984482,28.257436032816063,-0.22681571285757407,-0.22681571285757407,-0.4827,0.25588428714242595,27.92801958134261,62.47320056671121,98.83423092211588,-2.608627500309582,-2.608627500309582,17.684664416966985,30.743719535091323,500.0,67.13556635761533,5.594630529801278,37.94044486088107,False,False,ok,13.999999999999568,7.142857142857142,11.200000000000099,-5.50000000000006,-16.70000000000016,5.50000000000006,16.70000000000016,22.67172853395775,28.518372703442886,5.846644169485135,22.67172853395775,28.518372703442886,3.8697037870308044,21.943382077264047,25.81308586429485,47.32215189357513,61.17542962705842,74.86487718820682,96.78112348452447,20.929980765975284,20.918237281900524,27.919491103832776,6.743213262312991,34.66270436614577,7.176027646624813,92.50364981143282,7.757561632706415,51.040494938187884
268_5,78,268,R,college,61.6432,-1.8681,True,2.1111,1.9213,2.0296,1.9630045164326653,1.889301374700952,221.79862529904827,1.9284097670319644,182.6902329680356,1.9501239221219284,160.97607787807155,221.79862529904827,60.82254742097672,5.341826756584556,64.10192107901467,1.9944,116.70000000000003,2.075,36.099999999999795,2512.7577708015774,ok,lead_hand_velocity20_onset_to_latest_upward_crossing_55deg_pull_attack_direction,lead_hand_velocity20_onset,latest_upward_crossing_55deg_pull_attack_direction,55.0,160.97607787807155,379.6621379185341,-379.6621379185341,-6.3,30.0,8.37608762014309,27.920292067143638,-2.002245618270272,-2.002245618270272,-1.8681,-0.13414561827027205,27.334237649669983,61.14494821418654,97.90097318443414,-4.86566666326349,-4.86566666326349,16.98875140609259,27.70134983130101,500.0,66.70407966970556,5.558673305808797,36.90876866741606,False,False,ok,16.800000000000814,3.0927835051546393,13.900000000000023,-5.599999999999827,-19.49999999999985,5.599999999999827,19.49999999999985,21.660292463465467,28.955568054024532,7.295275590559065,21.660292463465467,28.955568054024532,4.576115485569247,22.069928758928977,26.646044244498224,42.658192517215795,55.411549013799764,68.30128544872024,88.72105926241218,21.655623478871473,22.57886331570339,27.34716410977559,6.799121251290658,34.14628536106625,8.684290031045759,244.67649988109645,3.5492946953491638,69.22778402707142
268_6,78,268,R,college,60.9943,6.3943,True,2.1472,1.9593,2.0343,1.995790794010452,1.9249539608418385,222.246039158162,1.9605735150413213,186.6264849586788,1.9796142416450235,167.58575835497692,222.246039158162,54.66028080318509,5.81151681702756,69.73820180433073,2.0139,133.30000000000018,2.1222,25.000000000000355,2589.626457481179,ok,lead_hand_velocity20_onset_to_latest_upward_crossing_55deg_pull_attack_direction,lead_hand_velocity20_onset,latest_upward_crossing_55deg_pull_attack_direction,55.0,167.5857583549767,471.52214438435226,-471.52214438435226,-6.3,30.0,8.306652236394768,27.688840787982564,6.446390741772808,6.446390741772808,6.3943,0.05209074177280737,27.688840787982564,61.93817284355434,100.0,6.086663706571581,6.086663706571581,22.216535433094865,33.181102362240566,497.20000000000033,71.10190550483355,5.925158792069463,34.63243551297805,True,True,ok,14.000000000000679,2.1834061135371177,11.099999999999888,0.0,-11.099999999999888,0.0,11.099999999999888,22.216535433094865,27.8136482939933,5.597112860898434,22.216535433094865,27.8136482939933,3.8082114735699193,21.760779902535692,25.56899137610561,48.92948850779182,61.93817284355434,78.99730692957262,100.0,20.660895711252248,20.722975281069527,29.205027536715757,6.086663706571581,35.29169124328734,6.902818069164326,257.38946436561616,2.6818572726656065,67.853580802473
268_7,78,268,R,college,59.9956,1.4685,True,2.1278,1.9398,2.012,1.98164598166198,1.9097953468063364,218.0046531936637,1.941610829884296,186.1891701157044,1.9586540497545568,169.14595024544332,218.0046531936637,48.85870294822038,5.249657491973738,62.995889903684855,2.0056,122.2000000000003,2.1,27.800000000000047,2633.7648431089215,ok,lead_hand_velocity20_onset_to_latest_upward_crossing_55deg_pull_attack_direction,lead_hand_velocity20_onset,latest_upward_crossing_55deg_pull_attack_direction,55.0,169.14595024544332,497.39064399231484,-497.39064399231484,-6.3,30.0,8.147545414142593,27.158484713808647,2.1500803295604443,2.1500803295604443,1.4685,0.6815803295604443,27.158484713808647,60.751800093523215,100.0,-7.525470472575006,-7.525470472575006,15.92463442071461,27.038807649073075,497.2000000000001,65.02780344020961,5.4189836200174675,33.93397685130349,False,False,ok,19.60000000000095,2.9166666666666665,16.699999999999715,-5.50000000000006,-22.199999999999775,5.50000000000006,22.199999999999775,19.809711286110637,28.16329208851936,8.353580802408722,19.809711286110637,28.16329208851936,5.103487064122497,23.037870266241608,28.141357330364105,38.08810256644181,53.81631514350864,62.69460741543098,88.58390214061497,21.93597857535693,26.522788384261883,30.131148318107545,3.331887295554314,33.46303561366186,9.960549592769686,247.8647775262038,4.01854175981768,67.11042369711038
268_8,78,268,R,college,62.7465,3.8658,True,2.2694,,2.3954,2.3667,2.050426910873081,218.9730891269193,2.084094676155138,185.3053238448621,2.1043632922657047,165.03670773429536,218.9730891269193,53.93638139262393,5.105495712178426,61.26594854614111,2.1833,86.10000000000007,2.2417,27.70000000000028,2520.05895434879,ok,lead_hand_velocity20_onset_to_latest_upward_crossing_55deg_pull_attack_direction,lead_hand_velocity20_onset,latest_upward_crossing_55deg_pull_attack_direction,55.0,165.03670773429536,31.59428870742209,-31.59428870742209,-6.3,30.0,8.464814107145173,28.216047023817243,3.9750237334166627,3.9750237334166627,3.8658,0.10922373341666258,28.216047023817243,63.11749960589032,100.0,2.70789911124805,2.70789911124805,21.260217472838864,34.48856392954606,500.0,68.71602076111212,5.72633506342601,31.17362987577262,False,False,ok,11.200000000000543,5.633802816901409,8.399999999999963,-2.8000000000001357,-11.200000000000099,2.8000000000001357,11.200000000000099,23.42763404576959,27.51781027374551,4.09017622797592,23.42763404576959,27.51781027374551,2.8989501312367274,22.788526434220344,25.68747656545707,50.799144953795064,62.346416987886954,80.48345588939382,98.77833782577248,18.792424699551297,18.356642267134703,22.60902094529903,7.92369665931838,30.53271760461741,5.145093161422473,87.89636823420767,5.853590159394203,48.70809898767917
273_1,130,273,L,college,61.0359,-9.3144,True,1.225,1.0657,1.1556,1.122306827402452,1.0255080866016066,199.49191339839345,1.041173474816612,183.82652518338816,1.079799184033606,145.200815966394,199.49191339839345,54.29109743199945,5.509026783024618,66.10832139629542,1.0667,158.3000000000001,1.2,25.000000000000135,2493.621413151259,ok,lead_hand_velocity20_onset_to_latest_upward_crossing_55deg_pull_attack_direction,lead_hand_velocity20_onset,latest_upward_crossing_55deg_pull_attack_direction,55.0,145.200815966394,46.15369870085972,-46.15369870085972,-6.3,30.0,8.34193861129087,27.806462037636233,-10.443438432650774,-10.443438432650774,-9.3144,-1.1290384326507752,27.806462037636233,62.201284085621424,100.0,15.949208334694536,-15.949208334694536,8.888826396710012,17.877015373097674,497.2000000000001,65.68983821193592,5.474153184327993,51.765632530683035,False,False,ok,13.999999999999568,7.246376811594203,11.099999999999888,-8.299999999999974,-19.399999999999864,8.299999999999974,19.399999999999864,15.681102362221663,24.047619047645025,8.366516685423361,15.681102362221663,24.047619047645025,2.0622422197247694,-23.406449193876046,-21.344206974151277,45.767548222457016,51.192359077185976,73.5797482242601,82.30112903572629,5.505556744074613,6.654307982862083,16.650365964133172,-3.8244049711784647,12.825960992954707,8.989445037158118,102.94338572454438,8.7324163411645,54.74240719915927
273_2,130,273,L,college,67.882,3.555,True,1.5778,1.3954,1.5009,1.4659328422289089,1.354030763588573,223.769236411427,1.3792087578585497,198.59124214145064,1.4237446932586597,154.0553067413404,223.769236411427,69.7139296700866,6.124033641462208,73.48840369754649,1.4194,158.4000000000001,1.55,27.800000000000047,2645.9075414002523,ok,lead_hand_velocity20_onset_to_latest_upward_crossing_55deg_pull_attack_direction,lead_hand_velocity20_onset,latest_upward_crossing_55deg_pull_attack_direction,55.0,154.0553067413404,31.147637716498977,-31.147637716498977,-6.3,30.0,9.290528545554466,30.96842848518155,3.2458725710486784,3.2458725710486784,3.555,-0.3091274289513217,30.160093413204653,67.46620752774834,97.38980919757137,-1.5587519703521433,1.5587519703521433,19.998875140629025,31.581552305995867,500.0,73.2426883137447,6.1035573594787245,45.970666916411204,False,False,ok,5.599999999999827,3.389830508474576,2.6999999999999247,-2.7999999999999137,-5.499999999999838,2.7999999999999137,5.499999999999838,22.658417697812258,24.857142857169713,2.198725159357455,22.658417697812258,24.857142857169713,0.6492313460824377,-21.570116235493856,-20.92088488941142,67.14656404015857,69.27440158639388,96.92839274319587,100.0,7.7095156306508485,7.7095156306508485,3.3429898837792926,6.038020688761202,9.381010572540495,2.527639964105938,99.4921033410733,2.540543298638308,53.083239595107976
273_3,130,273,L,college,69.4471,13.786,True,1.2861,1.0926,1.2037,1.158915811888947,1.0577154035677507,228.38459643224928,1.0919288421485605,194.1711578514396,1.1240136914389969,162.08630856100314,228.38459643224928,66.29828787124615,6.551130781190229,78.61356937428275,1.1472,138.90000000000003,1.2611,24.99999999999991,2628.280466348898,ok,lead_hand_velocity20_onset_to_latest_upward_crossing_55deg_pull_attack_direction,lead_hand_velocity20_onset,latest_upward_crossing_55deg_pull_attack_direction,55.0,162.08630856100314,29.457716216470864,-29.457716216470864,-6.3,30.0,9.437371849034669,31.457906163448897,13.939062203194318,13.939062203194318,13.786,0.1530622031943185,30.87652816957943,69.06882643517224,98.15188591749005,-10.702059672299239,10.702059672299239,26.868953880793935,38.53824521938921,500.0,79.73657729319528,6.6447147744329405,43.1948320834545,True,True,ok,11.199999999999655,5.797101449275362,8.299999999999974,5.50000000000006,-2.7999999999999137,-5.50000000000006,2.7999999999999137,21.11811023624329,28.97750281217979,7.8593925759365,21.11811023624329,28.97750281217979,2.7849643794555803,-21.95463067118981,-19.16966629173423,69.0916582517689,70.36933196906062,98.18433160932454,100.0,8.208921120122035,8.005164847005101,15.010711578679544,0.9073216038991974,15.918033182578741,8.965948963026426,98.59969649720925,9.09328251662539,53.19853768284712
273_4,130,273,L,college,69.1054,6.0314,True,1.3139,1.1148,1.2315,1.1988123756641849,1.0805145678692198,233.38543213078023,1.104480781927799,209.41921807220092,1.158110733386155,155.78926661384517,233.38543213078023,77.59616551693506,6.964658395169853,83.57590074203824,1.1417,172.20000000000013,1.2889,25.000000000000135,2488.3034371452177,ok,lead_hand_velocity20_onset_to_latest_upward_crossing_55deg_pull_attack_direction,lead_hand_velocity20_onset,latest_upward_crossing_55deg_pull_attack_direction,55.0,155.78926661384517,33.01199329870585,-33.01199329870585,-6.3,30.0,9.353419716437829,31.178065721459433,5.935248110233346,5.935248110233346,6.0314,-0.09615188976665401,31.178065721459433,69.74334672838985,100.0,-1.8415436453031342,1.8415436453031342,22.86014248221442,34.67116610427442,497.2000000000001,82.91879212401248,6.909899343667707,45.41774344241422,True,True,ok,8.399999999999741,4.411764705882353,5.499999999999838,0.0,-5.499999999999838,0.0,5.499999999999838,22.86014248221442,27.585114360734714,4.724971878520293,22.86014248221442,27.585114360734714,1.2975253093377361,-27.56561679793003,-26.268091488592294,67.20843637313028,69.74334672838985,96.36537322315263,100.0,6.179128023323815,6.591938453966424,8.262358325398754,1.8415436453031342,10.10390197070189,5.307875811970471,108.05756726052806,4.9120815381426475,56.710911136169244
273_5,130,273,L,college,66.87,3.1756,True,1.2972,1.1222,1.2194,1.186185077859785,1.081189738316546,216.01026168345385,1.1009581584990409,196.24184150095903,1.141769165280157,155.43083471984298,216.01026168345385,60.57942696361087,6.251144122598253,75.01372947117903,1.1333,163.89999999999992,1.2722,24.99999999999991,2586.743557513109,ok,lead_hand_velocity20_onset_to_latest_upward_crossing_55deg_pull_attack_direction,lead_hand_velocity20_onset,latest_upward_crossing_55deg_pull_attack_direction,55.0,155.43083471984298,29.052069899651922,-29.052069899651922,-6.3,30.0,9.208707311446513,30.695691038155044,3.0250965190331613,3.0250965190331613,3.1756,-0.15050348096683885,30.695691038155044,68.66430529293801,100.0,-1.2013431412034212,1.2013431412034212,20.720659917532696,32.5119985002226,499.9999999999999,74.58448645105055,6.215373870920879,48.34965218492932,False,False,ok,11.199999999999655,6.0606060606060606,8.299999999999974,-2.8000000000001357,-11.10000000000011,2.8000000000001357,11.10000000000011,23.41169853770808,29.42950881143037,6.01781027372229,23.41169853770808,29.42950881143037,3.240344956883895,-20.84945631798277,-17.609111361098876,59.35985861107878,66.42912781270927,86.44936893752251,96.74477522099298,15.550428607199299,15.835606621133742,17.627431540275893,6.451534823126913,24.078966363402806,7.144247970298205,98.92712237126611,7.221728277394318,53.63704536938678
273_6,130,273,L,college,65.9019,-2.8844,True,1.0,0.825,0.9241,0.8866048752667909,0.7840603677744821,215.93963222551795,0.8055373899651114,194.46261003488863,0.8459449432298418,154.0550567701582,215.93963222551795,61.884575455359766,6.423115751326334,77.077389015916,0.8361,163.90000000000003,0.975,25.00000000000002,2607.227296661629,ok,lead_hand_velocity20_onset_to_latest_upward_crossing_55deg_pull_attack_direction,lead_hand_velocity20_onset,latest_upward_crossing_55deg_pull_attack_direction,55.0,154.0550567701582,40.48031314406941,-40.48031314406941,-6.3,30.0,9.064871710068113,30.216239033560377,-2.9477497338278384,-2.9477497338278384,-2.8844,-0.0633497338278386,30.197329552660822,67.54950239947385,99.93741947540674,8.447189060407316,-8.447189060407316,15.74503187103313,26.611173603328332,500.0,76.5129502263212,6.376079185526766,48.61077090140722,False,False,ok,14.000000000000124,7.142857142857142,11.099999999999888,-5.600000000000049,-16.69999999999994,5.600000000000049,16.69999999999994,20.56936632923107,28.511061117391133,7.9416947881600635,20.56936632923107,28.511061117391133,2.7229096362984073,-27.608361454847966,-24.88545181854956,48.977654152028414,59.62280882865367,72.46093892692814,88.2101191652532,9.32605328551654,9.667513978490167,18.06767381588967,0.015614556506860914,18.08328837239653,8.747703912650797,108.53352280772312,8.059909681682536,57.795838020309915
279_1,136,279,R,college,67.8866,2.7153,True,1.3556,1.1982,1.2722,1.2294664735882617,1.155046715445314,200.5532845546858,1.1828206103281456,172.77938967185435,1.234173000675194,121.42699932480583,200.5532845546858,79.12628522987997,6.4374020498222935,77.24882459786753,1.1861,169.49999999999997,1.325,30.59999999999996,2241.050231464975,ok,lead_hand_velocity20_onset_to_latest_upward_crossing_55deg_pull_attack_direction,lead_hand_velocity20_onset,latest_upward_crossing_55deg_pull_attack_direction,55.0,121.42699932480583,39.42412955411601,-39.42412955411601,-6.3,30.0,9.331892176779524,31.10630725593175,2.841950878274612,2.841950878274612,2.7153,0.12665087827461186,30.95242030572101,69.23859230878887,99.50528698586876,-8.00887148489555,-8.00887148489555,11.736782902149912,23.12654668168977,499.9999999999999,72.31691814075367,6.026409845062806,42.61070704930919,False,False,ok,13.999999999999568,8.620689655172415,11.099999999999888,-2.7000000000001467,-13.800000000000034,2.7000000000001467,13.800000000000034,14.583052118500943,23.03355830523673,8.450506186735788,14.583052118500943,23.03355830523673,2.763592050996607,26.340269966282673,29.10386201727928,58.84326154871121,69.58282761258884,84.56578090837078,100.0,6.997968754354597,7.087117892396526,21.612691606543855,-3.8964683609449517,17.716223245598904,9.490183525180697,105.890335227863,8.962275456734542,59.48406449200277
279_2,136,279,R,college,65.4844,6.2125,True,1.4472,1.2889,1.3759,1.3331093940428598,1.2306752902907112,216.52470970928883,1.2676971185556904,179.5028814443096,1.3205867287950712,126.61327120492882,216.52470970928883,89.91143850436,5.6222442194261,67.4669306331132,1.3583,88.89999999999998,1.4222,25.000000000000135,2271.985555957029,ok,lead_hand_velocity20_onset_to_latest_upward_crossing_55deg_pull_attack_direction,lead_hand_velocity20_onset,latest_upward_crossing_55deg_pull_attack_direction,55.0,126.61327120492882,31.80114160532721,-31.80114160532721,-6.3,30.0,8.978005942638172,29.92668647546057,6.353366034707081,6.353366034707081,6.2125,0.1408660347070807,29.92668647546057,66.94409107789133,100.0,-0.8009021547562368,-0.8009021547562368,15.96494188228196,28.929508811429823,500.0,76.04089742568208,6.336741452140173,39.753217318636736,True,True,ok,16.799999999999482,10.526315789473683,13.900000000000023,0.0,-13.900000000000023,0.0,13.900000000000023,15.96494188228196,27.905511811053774,11.940569928771813,15.96494188228196,27.905511811053774,5.3717660292521465,23.52062242222263,28.892388451474776,60.21819389094174,66.94409107789133,89.95296361687275,100.0,13.015912870952691,13.506630018137658,26.937566967539954,-0.8009021547562368,26.136664812783717,13.73584200937922,105.67953906263799,12.997636185030824,61.37589051375211
279_3,136,279,R,college,70.998,6.1107,True,1.55,1.3667,1.4713,1.4213323004394367,1.3305573424523094,219.44265754769063,1.372092792435633,177.90720756436707,1.416729662771171,133.27033722882908,219.44265754769063,86.17232031886155,6.828497545795064,81.94197054954077,1.4278,122.20000000000009,1.525,25.000000000000135,2494.819294514505,ok,lead_hand_velocity20_onset_to_latest_upward_crossing_55deg_pull_attack_direction,lead_hand_velocity20_onset,latest_upward_crossing_55deg_pull_attack_direction,55.0,133.27033722882908,32.673345608591255,-32.673345608591255,-6.3,30.0,9.61125660275996,32.03752200919987,6.367741544122618,6.367741544122618,6.1107,0.25704154412261815,30.929721924658477,69.18781747641921,96.54217924774807,-0.8291746666170514,-0.8291746666170514,17.331083614566904,29.043682039776403,500.0,83.84558579260904,6.987132149384087,43.48909439110464,True,True,ok,19.599999999999397,11.864406779661017,16.69999999999994,0.0,-16.69999999999994,0.0,16.69999999999994,17.331083614566904,30.652605924292583,13.32152230972568,17.331083614566904,30.652605924292583,6.74353205849998,24.556805399351607,31.300337457851587,61.98723057857457,71.66589568987078,86.49474060412226,100.0,16.05167614380944,14.383752171686496,35.13639821202022,-0.8291746666170514,34.30722354540317,15.868051323684739,111.21225399721473,14.268257996175626,62.11229846275927
279_4,136,279,R,college,68.0521,0.0827,True,1.4417,1.2815,1.3676,1.3147741577702674,1.2252846789190803,216.41532108091965,1.2684605597114145,173.2394402885855,1.3171667079534737,124.53329204652653,216.41532108091965,91.88202903439311,6.889532816173037,82.67439379407644,1.2639,177.79999999999995,1.4167,24.99999999999991,2204.5108309022944,ok,lead_hand_velocity20_onset_to_latest_upward_crossing_55deg_pull_attack_direction,lead_hand_velocity20_onset,latest_upward_crossing_55deg_pull_attack_direction,55.0,124.5332920465263,44.986528753945265,-44.986528753945265,-6.3,30.0,9.19289861403063,30.642995380102104,0.4384101980599171,0.4384101980599171,0.0827,0.3557101980599171,30.28776454171607,67.75179970856307,98.84074375243127,-10.828378697527759,-10.828378697527759,10.64566929135008,21.77952755907864,500.0,77.52616523434362,6.460513769528635,44.72856810543626,False,False,ok,19.599999999999397,11.475409836065573,16.69999999999994,-5.50000000000006,-22.199999999999996,5.50000000000006,22.199999999999996,15.946756655435298,27.850581177382917,11.90382452194762,15.946756655435298,27.850581177382917,4.773903262097395,27.826209223877076,32.60011248597447,51.749865451823396,66.17056038339969,75.4960785152397,96.53392870660173,12.710409444516582,14.768133832580762,27.110869111453866,-2.5630334098589875,24.547835701594877,13.599997796935522,114.04938571757988,11.924656771596432,62.756092988444244
279_5,136,279,R,college,67.3883,2.8201,True,1.8139,1.65,1.7352,1.6962214834432032,1.590534798338419,223.365201661581,1.6352696843183023,178.63031568169774,1.6902239121520302,123.67608784796992,223.365201661581,99.68911381361109,5.230347964693824,62.76417557632588,1.7333,80.60000000000001,1.7889,25.000000000000135,2185.2278208545395,ok,lead_hand_velocity20_onset_to_latest_upward_crossing_55deg_pull_attack_direction,lead_hand_velocity20_onset,latest_upward_crossing_55deg_pull_attack_direction,55.0,123.67608784796991,40.14501695797135,-40.14501695797135,-6.3,30.0,9.027356014455247,30.091186714850824,3.0511124412862745,3.0511124412862745,2.8201,0.2310124412862744,29.369441042959924,65.69756854634907,97.60147155800041,-11.337691092254309,-11.337691092254309,10.575553055879437,23.870828646444973,500.0,73.52610407766227,6.127175339805189,40.342004670396065,False,False,ok,16.799999999999482,10.16949152542373,13.900000000000023,-2.7999999999999137,-16.69999999999994,2.7999999999999137,16.69999999999994,13.79190101238835,25.162167229123547,11.370266216735198,13.79190101238835,25.162167229123547,3.547244094492026,28.651106111766982,32.19835020625901,59.69363436644012,67.31206763343502,88.68192059040139,100.0,6.1977268240640795,5.434559389798016,26.329600873814066,-6.280688236146273,20.048912637667794,12.638737753189153,108.45337966743202,11.653613554455694,60.91338582683748
279_6,136,279,R,college,65.8468,8.9958,True,1.75,1.5593,1.6769,1.6043230683839231,1.4956949899100869,254.3050100899132,1.5547362658130297,195.26373418697028,1.595816859892454,154.18314010754597,254.3050100899132,100.1218699823672,6.220953811651055,74.65144573981266,1.6444,105.59999999999991,1.725,24.99999999999991,2461.2417771660243,ok,lead_hand_velocity20_onset_to_latest_upward_crossing_55deg_pull_attack_direction,lead_hand_velocity20_onset,latest_upward_crossing_55deg_pull_attack_direction,55.0,154.18314010754597,359.0392645701579,-359.0392645701579,-6.3,30.0,8.928483107621894,29.76161035873965,9.970908929768331,9.970908929768331,8.9958,0.9751089297683322,29.760341519386373,66.57198800864876,99.99573665760025,-4.980413228231521,-4.980413228231521,16.55755530560469,29.54574428199667,500.0,82.05512114453536,6.837926762044614,34.89693247753414,True,True,ok,22.39999999999931,4.324324324324325,19.49999999999985,2.7999999999999137,-16.69999999999994,-2.7999999999999137,16.69999999999994,13.413948256482431,31.01387326587528,17.599925009392848,13.413948256482431,31.01387326587528,6.879827521567236,27.53374578180702,34.41357330337426,61.05660254165727,66.57482632144689,91.71124569946953,100.0,9.968865501515737,10.29984367396617,39.72461709841341,-10.67028685496159,29.05433024345182,19.80628714970613,269.0069647296372,7.3627413957896,69.45875515568059
279_7,136,279,R,college,67.9647,9.6108,True,1.9861,1.8093,1.8926,1.8555318113450003,1.758576706021759,227.523293978241,1.7982221562215064,187.8778437784936,1.855055638810398,131.04436118960194,227.523293978241,96.47893278863909,5.148159669147617,61.777916029771404,1.9194,66.69999999999999,1.9611,24.99999999999991,2300.806031849995,ok,lead_hand_velocity20_onset_to_latest_upward_crossing_55deg_pull_attack_direction,lead_hand_velocity20_onset,latest_upward_crossing_55deg_pull_attack_direction,55.0,131.04436118960194,49.55818768204345,-49.55818768204345,-6.3,30.0,9.215444631135126,30.71814877045042,9.61580740915206,9.61580740915206,9.6108,0.00500740915206066,29.784359710215742,66.62571517138446,96.96013888332703,-5.975743485424328,-5.975743485424328,15.291151106128254,29.26359205102523,500.0,83.76160028782624,6.980133357318853,37.31449196081149,True,True,ok,11.199999999999655,6.153846153846154,8.399999999999963,2.7999999999999137,-5.600000000000049,-2.7999999999999137,5.600000000000049,12.538432695926554,19.332020997396214,6.79358830146966,12.538432695926554,19.332020997396214,0.5862392200981219,35.68710161233701,36.27334083243513,63.57200864890882,68.65164225514799,92.51609189986848,99.90846252839273,-3.8729969879590547,-3.6648445723228065,13.646115374160146,-10.904207090675376,2.7419082834847694,7.3419426060261115,116.24499326233702,6.315921572172241,63.32302212230314
279_8,136,279,R,college,71.1562,11.9381,True,2.1583,1.9898,2.0704,2.030712824219118,1.9224100420793413,235.8899579206586,1.9692112075777768,189.08879242222355,2.027698080919452,130.60191908054807,235.8899579206586,105.28803884011052,3.753854128284778,45.04624953941733,2.1167,41.60000000000031,2.1333,24.99999999999991,2388.491638591904,ok,lead_hand_velocity20_onset_to_latest_upward_crossing_55deg_pull_attack_direction,lead_hand_velocity20_onset,latest_upward_crossing_55deg_pull_attack_direction,55.0,130.60191908054807,32.925314839632236,-32.925314839632236,-6.3,30.0,9.765563796094831,32.551879320316104,11.738446647160115,11.738446647160115,11.9381,-0.19965335283988495,32.551879320316104,72.81648022619021,100.0,2.8035840895126567,2.8035840895126567,20.551743532080696,33.21709786280304,500.0,83.15273766771317,6.929394805642764,34.99514830547515,True,True,ok,16.800000000000814,10.16949152542373,13.900000000000023,5.50000000000006,-8.399999999999963,-5.50000000000006,8.399999999999963,14.383764529449358,26.538432695941683,12.154668166492325,14.383764529449358,26.538432695941683,3.6218597675329782,28.13460817400864,31.75646794154162,65.83335949427239,72.81648022619021,90.40997215159796,100.0,6.049955521654462,5.349892911175759,26.84252416970673,-6.687304695418668,20.155219474288064,13.50554181664231,107.84452257838478,12.523159724524774,61.24859392582546
282_1,80,282,R,college,75.3244,8.6487,True,1.7528,1.562,1.6472,1.6097042563739676,1.5369084380102809,215.89156198971904,1.558779886473026,194.02011352697392,1.581289422341133,171.51057765886725,215.89156198971904,44.38098433085179,8.004477377256988,96.05372852708385,1.5833,169.49999999999997,1.725,27.799999999999827,2925.043282832279,ok,lead_hand_velocity20_onset_to_latest_upward_crossing_55deg_pull_attack_direction,lead_hand_velocity20_onset,latest_upward_crossing_55deg_pull_attack_direction,55.0,171.51057765886702,483.60320142229153,-483.60320142229153,-6.3,30.0,10.234476901620535,34.114923005401785,8.834861396537388,8.834861396537388,8.6487,0.18616139653738806,33.976703294323656,76.00372068343687,99.59484091153821,-7.502654261955141,-7.502654261955141,17.003187101630665,26.751218597704185,500.0,95.91396157924335,7.992830131603612,38.12577996343136,True,True,ok,8.399999999999741,1.2711864406779663,5.50000000000006,0.0,-5.50000000000006,0.0,5.50000000000006,17.003187101630665,21.640044994399084,4.636857892768418,17.003187101630665,21.640044994399084,0.8918260217482405,31.899137607833485,32.790963629581725,73.64530622761407,76.31290937142481,96.50438809661,100.0,-2.4097171402301893,-2.1490383438472707,9.925195447066983,-7.502654261955141,2.4225411851118426,5.117741842268259,308.4773040767462,1.6590335089919659,69.52887139115123
282_2,80,282,R,college,73.3782,0.1049,True,1.6,1.4009,1.4963,1.4540846148787867,1.3877908897874978,212.2091102125024,1.4167725089906842,183.2274910093159,1.4388635389139464,161.1364610860537,212.2091102125024,51.07264912644865,7.222346483795123,86.66815780554148,1.4333,166.70000000000007,1.575,25.000000000000135,2846.345076170931,ok,lead_hand_velocity20_onset_to_latest_upward_crossing_55deg_pull_attack_direction,lead_hand_velocity20_onset,latest_upward_crossing_55deg_pull_attack_direction,55.0,161.1364610860537,479.1355179916086,-479.1355179916086,-6.3,30.0,9.981245460304507,33.270818201015025,-0.022296623454931996,-0.022296623454931996,0.1049,-0.127196623454932,32.53216089196196,72.77237135818254,97.77986431054909,-23.58585937047852,-23.58585937047852,6.753280839902305,15.875328084006645,500.0,86.61955145816279,7.218295954846899,38.030437877111694,False,False,ok,8.399999999999741,1.2987012987012987,5.50000000000006,-5.599999999999827,-11.099999999999888,5.599999999999827,11.099999999999888,12.470753655806496,15.8794525684461,3.408698912639604,12.470753655806496,15.8794525684461,0.6846644169486211,34.27296587930211,34.957630296250734,61.38192909322048,72.60059806937986,82.47521120774894,97.54906285997336,-6.806510846049721,-7.646436032061757,11.7769971825701,-12.275046844328752,-0.49804966175865334,3.6741166094156803,293.0606416246206,1.2537052362431635,68.63442069748697
282_3,80,282,R,college,73.2292,10.3363,True,1.9722,1.7796,1.8787,1.825724202067119,1.756909012380812,215.290987619188,1.7777744117242955,194.42558827570448,1.7972328929104036,174.9671070895964,215.290987619188,40.323880529591605,7.914979773763658,94.9797572851639,1.8028,169.4,1.9472,24.99999999999991,2830.016762830676,ok,lead_hand_velocity20_onset_to_latest_upward_crossing_55deg_pull_attack_direction,lead_hand_velocity20_onset,latest_upward_crossing_55deg_pull_attack_direction,55.0,174.9671070895964,393.09882173607934,-393.09882173607934,-6.3,30.0,10.047903385111818,33.49301128370606,10.049797052324807,10.049797052324807,10.3363,-0.28650294767519213,33.49301128370606,74.92173247070961,100.0,-7.164171692127817,-7.164171692127817,16.987626546700014,29.4246344207292,500.0,95.17856741552663,7.931547284627219,37.07599953627797,True,True,ok,11.199999999999655,1.9607843137254901,8.399999999999963,2.7999999999999137,-5.600000000000049,-2.7999999999999137,5.600000000000049,13.74484439446554,22.096550431219974,8.351706036754434,13.74484439446554,22.096550431219974,1.475440569930349,31.414135733067305,32.889576302997654,72.04292653132308,74.92173247070961,96.15758226024474,100.0,-3.8265960123769833,-3.990180315752347,18.53139141730111,-12.928707417652172,5.602683999648935,9.006164677366645,293.25082810981337,3.0711472275857017,72.65898012756256
282_4,80,282,R,college,78.3053,7.4913,True,2.2083,2.0176,2.1083,2.0660777784726765,1.9844908192012167,223.8091807987825,2.013429697216858,194.870302783142,2.03048468257534,177.81531742465972,223.8091807987825,45.99386337412278,8.020478053340511,96.24573664008614,2.0278,180.4999999999999,2.1833,24.99999999999991,2893.126393652215,ok,lead_hand_velocity20_onset_to_latest_upward_crossing_55deg_pull_attack_direction,lead_hand_velocity20_onset,latest_upward_crossing_55deg_pull_attack_direction,55.0,177.81531742465972,383.78014803963146,-383.78014803963146,-6.3,30.0,10.634811243097344,35.44937081032448,7.135500427301023,7.135500427301023,7.4913,-0.35579957269897644,35.33504856259396,79.04225251117109,99.67750556605867,-10.852079255032537,-10.852079255032537,16.578927634063653,28.232470941162855,500.0,96.12196145095776,8.010163454246479,42.90161458314254,True,True,ok,8.400000000000407,1.477832512315271,5.600000000000271,0.0,-5.600000000000271,0.0,5.600000000000271,16.578927634063653,21.72309711288436,5.144169478820707,16.578927634063653,21.72309711288436,0.9392575928019156,29.901012373485614,30.84026996628753,74.8208573963323,79.04225251117109,94.35404726764534,99.67750556605867,-4.377497069850896,-4.387472102058364,12.959139402570752,-10.852079255032537,2.1070601475382147,5.611004284164061,296.76507950399866,1.8907225518386699,70.56955380585052
282_5,80,282,R,college,74.8864,6.0952,True,1.7194,1.5306,1.6167,1.5746756102309047,1.495577977571546,223.82202242845412,1.5251329785002363,194.2670214997635,1.5520000268322534,167.39997316774668,223.82202242845412,56.42204926070747,7.684054907041831,92.20865888450197,1.55,169.4,1.6944,25.000000000000135,2763.807409979059,ok,lead_hand_velocity20_onset_to_latest_upward_crossing_55deg_pull_attack_direction,lead_hand_velocity20_onset,latest_upward_crossing_55deg_pull_attack_direction,55.0,167.39997316774668,504.31853202355126,-504.31853202355126,-6.3,30.0,10.09706489039184,33.6568829679728,6.079673651690802,6.079673651690802,6.0952,-0.015526348309197857,33.6568829679728,75.28830298848595,100.0,-10.608223275880636,-10.608223275880636,15.449006374219913,27.27184101990197,500.0,91.96699310116041,7.663916091763368,40.20723732236536,True,True,ok,11.199999999999655,1.6528925619834711,8.399999999999963,0.0,-8.399999999999963,0.0,8.399999999999963,15.449006374219913,22.291151106135818,6.842144731915905,15.449006374219913,22.291151106135818,1.6946006749174636,29.87382827149834,31.568428946415803,67.75901973224917,75.28830298848595,89.99939836950733,100.0,-1.3870458164165065,-1.8459170561125804,19.360097398320406,-10.608223275880636,8.751874122439771,7.479604850996654,324.4988542968698,2.3049711122104273,72.67172853401178
282_6,80,282,R,college,76.3216,10.1162,True,1.7611,1.5611,1.6574,1.6126234265248038,1.535196469154406,225.9035308455941,1.5654443725472629,195.65562745273743,1.591494970150766,169.60502984923397,225.9035308455941,56.29850099636013,5.652095272720523,67.82514327264627,1.6972,63.90000000000007,1.7361,25.000000000000135,2863.2633725934083,ok,lead_hand_velocity20_onset_to_latest_upward_crossing_55deg_pull_attack_direction,lead_hand_velocity20_onset,latest_upward_crossing_55deg_pull_attack_direction,55.0,169.6050298492342,538.0989080535221,-538.0989080535221,-6.3,30.0,10.362841692650345,34.54280564216782,10.240697427715995,10.240697427715995,10.1162,0.12449742771599581,34.156506878433156,76.40592984617287,98.88168098522057,-4.9218024997492655,-4.9218024997492655,19.004874390721692,30.134795650576237,500.0,96.03975919651621,8.00331326637635,38.849105952918876,True,True,ok,13.999999999999568,1.9607843137254901,11.10000000000011,2.8000000000001357,-8.299999999999974,-2.8000000000001357,8.299999999999974,15.806711661059445,25.384701912288392,9.577990251228947,15.806711661059445,25.384701912288392,2.996812898390939,27.853393325864356,30.850206224255295,69.48171126708681,77.27005557034668,89.92061770142075,100.0,2.065477448943821,1.990290007530055,27.204505196962884,-11.500736834329937,15.703768362632946,10.596598595203089,316.1663435972409,3.351589696309333,82.21053618306595
282_7,80,282,R,college,76.8066,9.0055,True,2.0611,1.8667,1.9657,1.9154859298810507,1.836978357266948,224.1216427330528,1.8639983278574008,197.1016721425996,1.888716171590708,172.38382840929222,224.1216427330528,51.737814323760574,5.651401547663128,67.81681857195754,1.9972,63.90000000000007,2.0361,25.000000000000355,2798.948135512533,ok,lead_hand_velocity20_onset_to_latest_upward_crossing_55deg_pull_attack_direction,lead_hand_velocity20_onset,latest_upward_crossing_55deg_pull_attack_direction,55.0,172.38382840929222,37.86197817978598,-37.86197817978598,-6.3,30.0,10.39614768856111,34.653825628537035,8.998581923921687,8.998581923921687,9.0055,-0.006918076078312296,33.8597716970134,75.74215214972567,97.70861104907927,-11.418408168227332,-11.418408168227332,15.535058117752067,29.920884889421146,497.2000000000001,97.46012041207902,8.121676701006585,37.34102581531008,True,True,ok,13.999999999999568,6.578947368421052,11.099999999999888,2.8000000000001357,-8.299999999999752,-2.8000000000001357,8.299999999999752,12.298275215611337,21.99231346084116,9.694038245229823,12.298275215611337,21.99231346084116,1.7167229096381504,31.697600299996743,33.414323209634894,69.10531077191906,77.23952172088885,89.14697747552245,99.64024220653957,-4.682836472665807,-4.333685109159493,26.636838414958447,-18.279882730472796,8.356955684485651,10.429419254580223,125.16206176964202,8.33273206522863,54.506374203283485
282_8,80,282,R,college,76.9099,8.9472,True,2.0028,1.8093,1.8963,1.8549819557277216,1.7866020627516492,216.1979372483509,1.8113872171449537,191.41278285504623,1.834344957675465,168.45504232453524,216.1979372483509,47.74289492381567,7.8705494908897755,94.4465938906773,1.8222,180.60000000000008,1.975,27.800000000000047,2921.574376965179,ok,lead_hand_velocity20_onset_to_latest_upward_crossing_55deg_pull_attack_direction,lead_hand_velocity20_onset,latest_upward_crossing_55deg_pull_attack_direction,55.0,168.45504232453524,32.775372218627474,-32.775372218627474,-6.3,30.0,10.632364976892191,35.44121658964064,9.241021673400999,9.241021673400999,8.9472,0.2938216734009984,33.81489786032455,75.64177223587265,95.4112220577906,-5.042099115155292,-5.042099115155292,18.213723284609102,28.985376827927823,497.2000000000001,93.86832151576381,7.822360126313651,33.9097725361041,True,True,ok,13.999999999999568,6.944444444444445,11.099999999999888,2.8000000000001357,-8.299999999999752,-2.8000000000001357,8.299999999999752,14.408886389216914,25.369516310488603,10.96062992127169,14.408886389216914,25.369516310488603,2.7604049493843057,28.04574428199505,30.806149231379354,73.0490053407403,79.27974362392762,92.14081933369573,100.0,0.5043440858304716,1.1171677781837515,25.43357653763961,-12.60027054183303,12.83330599580658,11.966622712434152,118.8357325723686,10.069885928583574,53.8346456693495
283_1,31,283,R,college,64.3319,5.5363,True,1.525,1.3639,1.4732,1.402203124806172,1.3087773928647672,216.22260713523264,1.3452279916130387,179.77200838696118,1.3613615648482311,163.6384351517688,216.22260713523264,52.58417198346385,6.698325292594878,80.37990351113854,1.4083,116.6999999999998,1.5,24.99999999999991,2497.1003944322283,ok,lead_hand_velocity20_onset_to_latest_upward_crossing_55deg_pull_attack_direction,lead_hand_velocity20_onset,latest_upward_crossing_55deg_pull_attack_direction,55.0,163.6384351517688,406.01480661664755,-406.01480661664755,-6.3,30.0,8.724918357722949,29.08306119240983,5.353984275983567,5.353984275983567,5.5363,-0.1823157240164326,28.920387584978815,64.6930645691186,99.44065858007592,1.4910121239876581,1.4910121239876581,18.07049118862094,30.67679040123298,500.0,87.13514680153247,7.261262233461039,35.21507065869394,True,True,ok,22.39999999999931,3.902439024390244,19.400000000000084,0.0,-19.400000000000084,0.0,19.400000000000084,18.07049118862094,29.510498687695915,11.440007499074973,18.07049118862094,29.510498687695915,7.01331083615306,23.234908136508036,30.248218972661096,50.02306498184295,65.05695506534046,76.89118700929347,100.0,21.36649474037305,20.289806386788854,38.203000569142354,1.4910121239876581,39.69401269313001,14.002917318069306,256.7301601985703,5.454332793326123,67.49137607806317
283_2,31,283,R,college,65.7614,0.7737,True,1.3028,1.1519,1.2611,1.189049728205815,1.085704439707642,217.0955602923581,1.131647932699524,171.15206730047606,1.1453673459067235,157.43265409327643,217.0955602923581,59.66290619908168,6.438704108376661,77.26444930051993,1.1833,119.49999999999994,1.275,27.800000000000047,2490.985528307497,ok,lead_hand_velocity20_onset_to_latest_upward_crossing_55deg_pull_attack_direction,lead_hand_velocity20_onset,latest_upward_crossing_55deg_pull_attack_direction,55.0,157.43265409327645,408.28381192849747,-408.28381192849747,-6.3,30.0,9.046598664982723,30.155328883275743,1.2231855959254088,1.2231855959254088,0.7737,0.4494855959254087,29.523991096712116,66.04328717052631,97.90638069640232,-1.3272277412032902,-1.3272277412032902,15.868578927651182,29.38432695916184,500.0,81.62900303304602,6.8024169194205015,37.11589913630631,False,False,ok,22.39999999999931,3.9408866995073892,19.50000000000007,-5.50000000000006,-25.000000000000135,5.50000000000006,25.000000000000135,20.406261717307377,30.752343457101084,10.346081739793707,20.406261717307377,30.752343457101084,8.557367829030621,19.691601049890032,28.248968878920653,44.08390801147831,61.84060443401775,65.3525296100518,91.67608124319105,28.36031932719319,31.541052420673104,35.42658177742909,7.889392291833663,43.31597406926276,13.662609637204023,266.92417693641215,5.118535830667295,68.6644169479557
283_3,31,283,R,college,64.9553,1.1169,True,1.875,1.7287,1.7685,1.7521098846115508,1.64511709415981,229.8829058401899,1.693341586071434,181.658413928566,1.7125047912239824,162.49520877601765,229.8829058401899,67.38769706417224,6.506675606357414,78.08010727628897,1.7667,108.30000000000007,1.85,24.99999999999991,2555.285838842069,ok,lead_hand_velocity20_onset_to_latest_upward_crossing_55deg_pull_attack_direction,lead_hand_velocity20_onset,latest_upward_crossing_55deg_pull_attack_direction,55.0,162.49520877601765,433.0203017000471,-433.0203017000471,-6.3,30.0,8.91208932169759,29.706964405658635,1.6682393443930943,1.6682393443930943,1.1169,0.5513393443930943,29.664833818038392,66.35834336533277,99.85817942538681,0.5002395940551267,0.5002395940551267,17.789463817042083,32.565054368239146,500.0,84.80671901821415,7.06722658485118,36.79511360572488,False,False,ok,25.19999999999922,4.205607476635514,22.199999999999996,-5.600000000000049,-27.800000000000047,5.600000000000049,27.800000000000047,21.90213723286955,32.767904012033895,10.865766779164346,21.90213723286955,32.767904012033895,9.397825271851175,19.149043869536992,28.546869141388168,40.30733892781825,56.849735326827805,60.655786125557825,85.54931878419798,31.34609448191176,33.6674413290752,34.378122262995596,11.625442381946433,46.00356464494203,14.60788531630127,254.3194080034252,5.743912912892801,66.7682789652015
283_4,31,283,R,college,65.3407,0.7494,True,1.8361,1.6898,1.7944,1.7223734542214135,1.6238445395538008,212.2554604461993,1.6621703371771002,173.9296628228999,1.6748286706299005,161.27132937009958,212.2554604461993,50.98413107609972,6.302079404903945,75.62495285884734,1.7333,102.8,1.8,36.10000000000002,2274.6033141786816,ok,lead_hand_velocity20_onset_to_latest_upward_crossing_55deg_pull_attack_direction,lead_hand_velocity20_onset,latest_upward_crossing_55deg_pull_attack_direction,55.0,161.27132937009958,431.4689071622859,-431.4689071622859,-6.3,30.0,8.846401710422828,29.488005701409428,0.6144055491160012,0.6144055491160012,0.7494,-0.13499445088399875,28.867669303792876,64.57513713267906,97.89630942187826,-5.271871812321334,-5.271871812321334,14.783277090379668,30.220284964412087,500.0,85.0899319885427,7.090827665711892,42.850110312766084,False,False,ok,22.39999999999931,3.7383177570093453,19.400000000000084,-5.599999999999827,-24.99999999999991,5.599999999999827,24.99999999999991,19.932508436466975,30.22590926137498,10.293400824908005,19.932508436466975,30.22590926137498,6.7176602924707005,23.07217847771521,29.78983877018591,44.34035519484219,62.097769423735166,67.22025418407611,94.14060457082641,22.450974708460613,24.9924867836236,32.44471781045411,4.597241360380555,37.041959170834666,12.858524770569451,257.81059401790026,4.987585874642785,69.68522684671946
283_5,31,283,R,college,65.1983,3.2047,True,1.5,1.3435,1.4472,1.3771348065410414,1.2894690864885532,210.5309135114468,1.32565019668135,174.34980331864992,1.341801411002488,158.19858899751193,210.5309135114468,52.33232451393488,6.300962981746992,75.61155578096391,1.3972,102.8,1.475,24.99999999999991,2549.014659852838,ok,lead_hand_velocity20_onset_to_latest_upward_crossing_55deg_pull_attack_direction,lead_hand_velocity20_onset,latest_upward_crossing_55deg_pull_attack_direction,55.0,158.19858899751193,411.1743272818158,-411.1743272818158,-6.3,30.0,8.846273776131559,29.487579253771866,3.079665391712809,3.079665391712809,3.2047,-0.1250346082871907,29.293801583053426,65.52836789337285,99.34284985196385,-2.768745635110392,-2.768745635110392,15.910011248611106,27.811586051773563,500.0,84.70400644603575,7.058667203836312,35.663577128874735,False,False,ok,11.199999999999655,1.951219512195122,8.300000000000196,-2.7999999999999137,-11.10000000000011,2.7999999999999137,11.10000000000011,18.73940757407348,23.893325834296522,5.153918260223044,18.73940757407348,23.893325834296522,2.1561679790049553,27.898575178132873,30.05474315713783,57.23652188083514,65.96183619759269,86.77217794450061,100.0,9.972939961014433,9.623025651023882,14.58509444328245,3.0303070493637563,17.615401492646207,5.874037163651822,257.46983854097374,2.2814467111715797,68.93025871773477
283_6,31,283,R,college,64.3139,4.7717,True,1.75,1.6102,1.6546,1.6364701918120066,1.522671475308721,227.32852469127903,1.57313999489939,176.86000510060995,1.5925588847609575,157.44111523904226,227.32852469127903,69.88740945223677,6.660078121022575,79.92093745227089,1.6472,102.8,1.725,24.99999999999991,2631.6609086535614,ok,lead_hand_velocity20_onset_to_latest_upward_crossing_55deg_pull_attack_direction,lead_hand_velocity20_onset,latest_upward_crossing_55deg_pull_attack_direction,55.0,157.44111523904246,432.6251977233122,-432.6251977233122,-6.3,30.0,8.77409545831993,29.246984861066434,4.852492024877346,4.852492024877346,4.7717,0.08079202487734616,29.246984861066434,65.42364186888511,100.0,9.912654285742635,9.912654285742635,20.987064117008046,36.37289088867821,500.0,88.93972620128335,7.4116438501069455,40.354965132501114,False,False,ok,8.399999999999741,1.4150943396226416,5.50000000000006,-2.7999999999999137,-8.299999999999974,2.7999999999999137,8.299999999999974,23.392950881165127,26.345894263245555,2.952943382080427,23.392950881165127,26.345894263245555,1.9728158980148827,21.63685789278677,23.609673790801654,57.978622090757334,63.65746852261471,88.62029143371707,97.30040502818541,19.82215213748163,19.78811047555105,9.420387835751095,15.128979050571372,24.549366886322467,3.7394648102583763,246.15233319425448,1.5191669165724813,62.49250093745033
283_7,31,283,R,college,64.6399,-4.5298,True,2.0556,1.912,1.9583,1.941941245926674,1.83998295816018,215.61704183982044,1.882120026689716,173.47997331028387,1.894429574167132,161.17042583286835,215.61704183982044,54.4466160069521,5.514278288890997,66.17133946669196,1.9694,86.20000000000006,2.025,30.600000000000183,2229.696582109672,ok,lead_hand_velocity20_onset_to_latest_upward_crossing_55deg_pull_attack_direction,lead_hand_velocity20_onset,latest_upward_crossing_55deg_pull_attack_direction,55.0,161.17042583286812,54.38435804842623,-54.38435804842623,-6.3,30.0,8.866038646540346,29.55346215513449,-4.72122240053504,-4.72122240053504,-4.5298,-0.19142240053504,29.55346215513449,66.10921205067658,100.0,-17.28737064780988,-17.28737064780988,7.2484064492016715,20.307461567326012,500.0,80.17105354703787,6.680921128919823,35.99055968812629,False,False,ok,30.799999999999052,14.285714285714285,27.699999999999836,-11.099999999999888,-38.79999999999973,11.099999999999888,38.79999999999973,15.215785526825577,29.959692538465056,14.743907011639479,15.215785526825577,29.959692538465056,8.547431571062855,24.848518935159948,33.3959505062228,35.5854054435514,41.73669069729037,53.82820992673926,63.13294229750728,22.958447704746376,23.22024451786761,33.20671377186625,4.196138424444009,37.402852196310256,17.43896453569184,115.38687725452155,15.113472996781772,57.91301087370337
287_1,186,287,R,college,65.2429,2.0458,True,1.5778,,1.4852,1.4806,1.3718330071076148,205.9669928923853,1.4042743503491792,173.52564965082084,1.4009991440191585,176.80085598084162,205.9669928923853,32.441343241564454,5.334497537077392,64.0139704449287,1.5083,69.50000000000011,1.55,27.800000000000047,2300.2927854584655,ok,lead_hand_velocity20_onset_to_latest_upward_crossing_55deg_pull_attack_direction,lead_hand_velocity20_onset,latest_upward_crossing_55deg_pull_attack_direction,55.0,176.80085598084162,45.54269674499012,-45.54269674499012,-6.3,30.0,8.884733862888202,29.615779542960677,2.5783873512821383,2.5783873512821383,2.0458,0.5325873512821384,29.318319269578975,65.58321239615906,98.99560208114661,-10.85502864553096,-10.85502864553096,10.29190101238457,20.382452193497826,500.0,92.13626079636829,7.678021733030691,38.6275265213453,False,False,ok,33.599999999998964,15.0,30.49999999999997,-2.7999999999999137,-33.29999999999988,2.7999999999999137,33.29999999999988,12.837457817786643,32.38038995129108,19.542932133504436,12.837457817786643,32.38038995129108,10.647919010135237,23.589613798300693,34.23753280843593,47.114177811409554,66.248612077131,71.1172299829559,100.0,19.097710696532456,20.600625991901236,45.638377038865876,-6.307980245183254,39.330396793682624,23.084102348718556,125.75007941463416,18.357127451668347,62.090738657734875
287_2,186,287,R,college,68.2761,2.6023,True,1.2528,1.0917,1.162,1.149809895373963,1.054083353241271,198.7166467587289,1.0886018939214723,164.1981060785276,1.1195997414412535,133.2002585587462,198.7166467587289,65.51638819998269,5.8228634817278255,69.8743617807339,1.1722,80.60000000000001,1.225,27.799999999999827,2444.3262606722924,ok,lead_hand_velocity20_onset_to_latest_upward_crossing_55deg_pull_attack_direction,lead_hand_velocity20_onset,latest_upward_crossing_55deg_pull_attack_direction,55.0,133.20025855874638,47.4572680656522,-47.4572680656522,-6.3,30.0,9.496502463959292,31.65500821319764,2.913568705518138,2.913568705518138,2.6023,0.3112687055181378,30.49060932408616,68.2055505639006,96.32159662929413,-7.937041451725216,-7.937041451725216,12.647544057006538,25.659355080642634,499.9999999999999,85.72380222797784,7.1436501856648205,39.13435159719458,False,False,ok,11.199999999999655,6.153846153846154,8.299999999999974,-2.8000000000001357,-11.10000000000011,2.8000000000001357,11.10000000000011,15.306336707928045,20.141544806920894,4.835208098992849,15.306336707928045,20.141544806920894,1.529808773904918,29.823397075397793,31.35320584930271,57.92214524177819,70.8102366973819,81.79911259062317,100.0,4.174148881708534,3.401410575403615,16.550588272059713,-3.328406948016403,13.22218132404331,5.378321696985575,116.526010665238,4.615554644221621,59.28552680921291
287_3,186,287,R,college,65.6445,4.208,True,1.05,,1.0028,0.9556,0.8385919039177976,211.4080960822025,0.8906414398162549,159.35856018374517,0.8585351624596905,191.4648375403096,211.4080960822025,52.04953589845732,6.143795184082898,73.72554220899478,0.9556,94.40000000000003,1.025,25.000000000000135,2401.8858429072952,ok,lead_hand_velocity20_onset_to_latest_upward_crossing_55deg_pull_attack_direction,lead_hand_velocity20_onset,latest_upward_crossing_55deg_pull_attack_direction,55.0,191.46483754030953,49.30498835821706,-49.30498835821706,-6.3,30.0,8.888108003456983,29.627026678189942,4.707857117730284,4.707857117730284,4.208,0.49985711773028374,29.62402176479942,66.26704940228925,99.98985752629461,-14.95490831485502,-14.95490831485502,9.887326584187658,22.24165729286242,500.0,91.69756694590585,7.64146391215882,35.49440743176754,False,False,ok,30.799999999999052,12.790697674418606,27.800000000000047,-2.7999999999999137,-30.59999999999996,2.7999999999999137,30.59999999999996,12.777277840283768,29.81608548934605,17.038807649062285,12.777277840283768,29.81608548934605,7.5577427821604,27.648481439849885,35.206224222010285,45.41050413300851,66.27377120210699,68.51957163343802,100.0,14.484907967084263,18.53199306547161,41.65119846773254,-9.343403493224535,32.307794974508006,19.30564469547663,125.46837641484554,15.386861014001587,60.81402324715982
287_4,186,287,R,college,67.0856,-3.3107,True,1.5056,,1.0972,,1.307690053949396,197.909946050604,1.3447464614799718,160.85353852002825,1.3300119540418889,175.58804595811117,197.909946050604,37.05640753057574,4.800332264999754,57.60398717999705,1.4444,61.200000000000145,1.475,30.59999999999996,2217.9037425258325,ok,lead_hand_velocity20_onset_to_latest_upward_crossing_55deg_pull_attack_direction,lead_hand_velocity20_onset,latest_upward_crossing_55deg_pull_attack_direction,55.0,175.58804595811117,55.79365061274544,-55.79365061274544,-6.3,30.0,9.233138351505668,30.77712783835223,-3.319187093370546,-3.319187093370546,-3.3107,-0.00848709337054565,30.77712783835223,68.84647422680789,100.0,-18.81058150738748,-18.81058150738748,4.388451443574293,18.057742782171733,500.0,88.27139891192014,7.355949909326679,41.13551825106247,False,False,ok,19.599999999999397,8.333333333333332,16.70000000000016,-19.399999999999864,-36.10000000000002,19.399999999999864,36.10000000000002,18.03637045371277,27.869141357360444,9.832770903647674,18.03637045371277,27.869141357360444,5.55680539933109,25.38713910763897,30.94394450697006,39.43052286402868,40.83834660006755,57.273118640947004,59.317992763913615,23.835038871160183,23.11008297303073,15.149328988140212,17.042275766457777,32.19160475459799,11.69206993946242,127.90129633139587,9.141478839407489,61.68691413579968
287_5,186,287,R,college,64.9683,1.4486,True,2.0972,,2.0037,1.9972,1.8909330875038937,206.2669124961063,1.936859015820494,160.34098417950605,1.955635790441448,141.56420955855253,206.2669124961063,64.70270293755377,6.054010329556607,72.64812395467928,2.0056,91.60000000000012,2.0722,24.99999999999991,2351.4844236143413,ok,lead_hand_velocity20_onset_to_latest_upward_crossing_55deg_pull_attack_direction,lead_hand_velocity20_onset,latest_upward_crossing_55deg_pull_attack_direction,55.0,141.56420955855188,45.51427628611337,-45.51427628611337,-6.3,30.0,8.921813844005797,29.739379480019327,1.4696856543928325,1.4696856543928325,1.4486,0.021085654392832387,29.739379480019327,66.52509726203314,100.0,-12.02455211820768,-12.02455211820768,11.249531308598575,21.97394075742906,500.0,85.45861407802914,7.121551173169095,38.34820358571342,False,False,ok,22.39999999999931,11.940298507462686,19.400000000000084,-5.599999999999827,-24.99999999999991,5.599999999999827,24.99999999999991,16.379640045012067,27.751781027401556,11.372140982389489,16.379640045012067,27.751781027401556,5.260967379083308,26.73247094116123,31.993438320244536,44.21803991948909,60.401073449140235,66.468207848416,90.79441584463798,15.52845694590749,18.038651192510038,29.427385120632994,-1.1840433975813283,28.243341723051667,13.155120798621471,117.45400176630893,11.200232091534364,59.34120734914548
287_6,186,287,R,college,64.4248,-2.8242,True,1.6167,1.4583,1.5259,1.516932351572985,1.4145647188193415,202.1352811806585,1.4493416602818945,167.35833971810555,1.4332034493646697,183.49655063533032,202.1352811806585,34.77694146255294,4.537562786356551,54.45075343627861,1.5583,58.400000000000006,1.575,41.700000000000074,1972.6258497836864,ok,lead_hand_velocity20_onset_to_latest_upward_crossing_55deg_pull_attack_direction,lead_hand_velocity20_onset,latest_upward_crossing_55deg_pull_attack_direction,55.0,183.49655063533032,48.95202191077486,-48.95202191077486,-6.3,30.0,8.616391948132598,28.72130649377533,-2.29820212025171,-2.29820212025171,-2.8242,0.52599787974829,28.5633701700716,63.894439356817216,99.45010745337103,-22.55554142838104,-22.55554142838104,3.395575553059535,17.698725159374195,500.0,88.02257427035183,7.335214522529319,39.02449513445264,False,False,ok,22.39999999999931,9.523809523809524,19.49999999999985,-19.400000000000084,-38.899999999999935,19.400000000000084,38.899999999999935,19.51443569555914,32.34364454446688,12.829208848907744,19.51443569555914,32.34364454446688,8.638545181861605,24.72740907389247,33.365954255754076,45.81864529786066,48.44376457725099,71.31558307904555,75.4015160184576,25.755751228545506,25.13845983190596,26.817744600692997,12.582497741600703,39.4002423422937,16.016380885642153,127.13589301292451,12.597843540544401,60.90607424078571
287_7,186,287,R,college,64.6354,-4.7168,True,1.475,,1.4148,1.3806,1.269643210525256,205.3567894747441,1.3200916559986955,154.9083440013044,1.3068769225274477,168.12307747255238,205.3567894747441,50.44844547343968,4.1657697325612375,49.98923679073485,1.4222,52.80000000000018,1.45,25.000000000000135,2330.944686901944,ok,lead_hand_velocity20_onset_to_latest_upward_crossing_55deg_pull_attack_direction,lead_hand_velocity20_onset,latest_upward_crossing_55deg_pull_attack_direction,55.0,168.12307747255238,48.64567647119111,-48.64567647119111,-6.3,30.0,8.760449340821749,29.201497802739166,-5.035471345876466,-5.035471345876466,-4.7168,-0.3186713458764663,28.50158002481934,63.75621873841112,97.60314425428489,-19.503651248346703,-19.503651248346703,4.703787026626748,14.251031121125251,497.2000000000001,84.86136864723356,7.0717807206027965,40.088560118523795,False,False,ok,25.19999999999922,11.538461538461538,22.20000000000022,-13.899999999999801,-36.10000000000002,13.899999999999801,36.10000000000002,15.942444694430417,30.082489688821394,14.140044994390976,15.942444694430417,30.082489688821394,8.125234345715565,23.855830521210617,31.981064866926182,42.50992250984642,45.11122713002069,65.07760624874243,69.05989244946471,22.28243319154495,21.51538934867903,28.79215981125264,8.28837708383162,37.08053689508426,16.98473464952133,121.42501659328863,13.987838030454183,58.89463817029235
287_8,186,287,R,college,68.2059,-5.0499,True,1.7028,,1.6528,1.65,1.494091952471592,208.708047528408,1.5401256963475012,162.6743036524989,1.5677188341867514,135.0811658132487,208.708047528408,73.6268817151593,4.444848739688567,53.3381848762628,1.6472,55.600000000000094,1.675,27.800000000000047,2220.8359352241955,ok,lead_hand_velocity20_onset_to_latest_upward_crossing_55deg_pull_attack_direction,lead_hand_velocity20_onset,latest_upward_crossing_55deg_pull_attack_direction,55.0,135.0811658132487,399.62063939498483,-399.62063939498483,-6.3,30.0,9.410868897713971,31.369562992379905,-5.208667286201704,-5.208667286201704,-5.0499,-0.15876728620170422,29.696879999448743,66.43002863155134,94.66781544474343,-21.98796733849559,-21.98796733849559,3.2439070116270496,19.881702287235573,500.0,81.77912757913093,6.814927298260911,38.58710781683881,False,False,ok,25.19999999999922,4.736842105263158,22.199999999999996,-11.099999999999888,-33.29999999999988,11.099999999999888,33.29999999999988,12.795650543695864,27.426884139512204,14.63123359581634,12.795650543695864,27.426884139512204,6.214473190857856,28.795275590582282,35.00974878144014,43.353846285303526,51.55809015402658,61.78251016148997,73.47417822828731,14.171566646740395,14.65949844401677,32.39027384044779,-3.1327805278372653,29.257493312610528,16.667458299216342,247.8025024347802,6.726105723489654,64.78346456699913
291_1,189,291,R,college,71.2523,4.0886,True,1.3972,1.2259,1.3157,1.2615117554082549,1.1801943862198117,217.0056137801884,1.214309283422768,182.890716577232,1.225102938415489,172.09706158451098,217.0056137801884,44.90855219567743,7.243077204534145,86.91692645440973,1.2583,138.90000000000003,1.3722,24.99999999999991,2577.7358864056855,ok,lead_hand_velocity20_onset_to_latest_upward_crossing_55deg_pull_attack_direction,lead_hand_velocity20_onset,latest_upward_crossing_55deg_pull_attack_direction,55.0,172.09706158451098,37.94656525426077,-37.94656525426077,-6.3,30.0,9.703779133086375,32.34593044362125,3.724838189876494,3.724838189876494,4.0886,-0.3637618101235054,32.34593044362125,72.35578570960365,100.0,1.273053179351138,1.273053179351138,19.27521559807106,30.735845519343286,500.0,90.05377269662227,7.504481058051856,35.60549958396366,False,False,ok,11.199999999999655,5.333333333333334,8.300000000000196,-2.7999999999999137,-11.10000000000011,2.7999999999999137,11.10000000000011,21.579865016896196,26.308773903290504,4.728908886394308,21.579865016896196,26.308773903290504,2.819272590929181,27.07742782155156,29.89670041248074,53.27898004459523,66.0728202243618,73.63471976992658,91.31656795151363,17.291672701303412,17.429137556913712,20.226029555741057,7.041193067822579,27.267222623563637,5.704430503848496,116.49020629254545,4.896918535385527,58.26509186358002
291_2,189,291,R,college,69.3029,0.7818,True,1.9361,1.7417,1.8657,1.7907711092974057,1.7316596478303263,204.4403521696736,1.771694288610372,164.405711389628,1.765943185519648,170.156814480352,204.4403521696736,40.03464078004558,5.54364620355632,66.52375444267584,1.8583,77.79999999999987,1.9111,24.99999999999991,2342.539043299602,ok,lead_hand_velocity20_onset_to_latest_upward_crossing_55deg_pull_attack_direction,lead_hand_velocity20_onset,latest_upward_crossing_55deg_pull_attack_direction,55.0,170.156814480352,443.43074272827533,-443.43074272827533,-6.3,30.0,9.369297987922284,31.23099329307428,0.8217834786804334,0.8217834786804334,0.7818,0.03998347868043339,31.110298581112424,69.59175595273888,99.61354187223812,-8.751634197701906,-8.751634197701906,15.286839145123372,29.424634420729188,500.0,84.76728330044125,7.063940275036771,37.54882937581531,False,False,ok,19.599999999999397,3.167420814479638,16.599999999999948,-5.600000000000049,-22.199999999999996,5.600000000000049,22.199999999999996,20.404386951653084,29.354705661823985,8.950318710170901,20.404386951653084,29.354705661823985,4.943007124114821,28.003374578207982,32.9463817023228,44.6323280672273,64.33593264939726,63.886651801106574,92.09036376683063,18.816399374210707,22.49193833683009,27.388325730362656,2.059050729006874,29.44737645936953,10.622871106424435,273.807429080913,3.8796869544709347,72.01068616430729
291_3,189,291,R,college,72.6393,7.5579,True,1.3667,1.1787,1.287,1.2196377967712193,1.1548985270583212,211.80147294167884,1.196610372027022,170.089627972978,1.1931120896002985,173.58791039970157,211.80147294167884,41.71184496870083,7.291774586213391,87.50129503456068,1.2167,150.00000000000014,1.3417,25.000000000000135,2529.7766897713113,ok,lead_hand_velocity20_onset_to_latest_upward_crossing_55deg_pull_attack_direction,lead_hand_velocity20_onset,latest_upward_crossing_55deg_pull_attack_direction,55.0,173.58791039970157,405.4822418381299,-405.4822418381299,-6.3,30.0,9.75453746883841,32.515124896128036,8.118649144332512,8.118649144332512,7.5579,0.5607491443325117,32.515124896128036,72.73426292083035,100.0,6.431848799871431,6.431848799871431,23.04855643047109,37.36745406828183,500.0,89.28022821251312,7.440019017709427,36.40763213383497,True,True,ok,11.199999999999655,1.9230769230769231,8.299999999999974,0.0,-8.299999999999974,0.0,8.299999999999974,23.04855643047109,29.201349831302633,6.152793400831541,23.04855643047109,29.201349831302633,3.6256092988415602,23.947881514836517,27.573490813678077,67.51090512372879,72.73426292083035,92.81857327297443,100.0,14.616194900228368,13.96959335698526,17.661895287200092,6.431848799871431,24.093744087071524,7.466865717067055,286.37001066627033,2.6074188773100215,75.54386951639208
291_4,189,291,R,college,73.1764,12.4656,True,1.3278,1.1204,1.238,1.167231131690763,1.102810395345656,224.989604654344,1.1502656183184443,177.53438168155554,1.1562347039801752,171.56529601982484,224.989604654344,53.42430863451915,6.794779303137405,81.53735163764887,1.2222,105.60000000000014,1.3,27.800000000000047,2682.431222054026,ok,lead_hand_velocity20_onset_to_latest_upward_crossing_55deg_pull_attack_direction,lead_hand_velocity20_onset,latest_upward_crossing_55deg_pull_attack_direction,55.0,171.56529601982484,28.80499297631367,-28.80499297631367,-6.3,30.0,9.947778435538256,33.15926145179419,13.019650780580523,13.019650780580523,12.4656,0.554050780580523,32.94320921517153,73.69186027015813,99.34844074577249,9.059459146417385,9.059459146417385,25.82414698165519,39.00918635174817,497.2000000000001,91.44471848129835,7.620393206774863,33.34702995012378,True,True,ok,13.999999999999568,6.944444444444445,11.099999999999888,5.600000000000049,-5.499999999999838,-5.600000000000049,5.499999999999838,18.986126734178736,29.955193100894746,10.96906636671601,18.986126734178736,29.955193100894746,4.341394825651484,26.090176227999688,30.431571053651172,71.34217673367417,74.17515535923889,96.18069067487049,100.0,8.353849099618099,9.059459146417385,23.990965944093546,-4.12830332838448,19.862662615709066,12.308351689966752,112.06034685442116,10.98368159252324,58.42688413954569
291_5,189,291,R,college,73.009,4.2903,True,1.4333,1.25,1.3509,1.2876741734165773,1.222016404825234,211.283595174766,1.2662779706223557,167.02202937764432,1.2661905848440005,167.10941515599976,211.283595174766,44.26156579712168,6.041081196092538,72.49297435311045,1.3444,88.89999999999998,1.4083,24.99999999999991,2465.043800798025,ok,lead_hand_velocity20_onset_to_latest_upward_crossing_55deg_pull_attack_direction,lead_hand_velocity20_onset,latest_upward_crossing_55deg_pull_attack_direction,55.0,167.10941515599953,37.79752854945184,-37.79752854945184,-6.3,30.0,10.011640250271187,33.37213416757062,4.338065355669846,4.338065355669846,4.2903,0.04776535566984563,33.37213416757062,74.65133806274737,100.0,-6.769522310474574,-6.769522310474574,17.278027746550347,31.40794900640812,500.0,85.75145860038359,7.145954883365299,36.558061745137614,False,False,ok,19.599999999999397,9.45945945945946,16.70000000000016,-2.7999999999999137,-19.50000000000007,2.7999999999999137,19.50000000000007,20.001687289110464,30.90307461570642,10.901387326595955,20.001687289110464,30.90307461570642,6.3687664042063545,24.906261717312244,31.2750281215186,51.937648480133596,71.10741948534701,69.57363367884707,95.25270588663588,18.37824641043602,19.97250274162128,34.657909010471,-1.0951269507059431,33.562782059765055,12.953050500223032,114.70932761368712,11.292063836208445,58.6460442445328
291_6,189,291,R,college,74.368,2.0012,True,1.4806,1.2741,1.3991,1.3234175276624789,1.276994476092615,203.60552390738485,1.3147402449691072,165.85975503089267,1.3117884415685996,168.81155843140027,203.60552390738485,37.74576887649218,7.193049578698454,86.31659494438145,1.3444,136.19999999999987,1.45,30.59999999999996,2476.490607211937,ok,lead_hand_velocity20_onset_to_latest_upward_crossing_55deg_pull_attack_direction,lead_hand_velocity20_onset,latest_upward_crossing_55deg_pull_attack_direction,55.0,168.81155843140027,45.951420835916856,-45.951420835916856,-6.3,30.0,10.207640008191955,34.025466693973186,2.243046760782338,2.243046760782338,2.0012,0.24184676078233824,34.025466693973186,76.11280130183685,100.0,-8.834192737148458,-8.834192737148458,15.504124484456188,31.149793775811673,499.9999999999999,89.56963783335043,7.464136486112536,37.35080030369451,False,False,ok,11.199999999999655,5.194805194805195,8.399999999999963,-2.7000000000001467,-11.10000000000011,2.7000000000001467,11.10000000000011,18.400637420342335,24.091488563955533,5.690851143613198,18.400637420342335,24.091488563955533,1.8603299587571627,32.2579677540656,34.11829771282276,62.469643097350165,75.47111758672135,82.07508070766877,99.15693062909246,4.319542188043934,3.9829823210606206,18.111555239914672,-4.399675564930088,13.711879674984583,6.248690240906113,122.92636236963625,5.083279225424787,61.10836145488417
291_7,189,291,R,college,73.3348,5.1067,True,1.4389,1.2472,1.3583,1.2897575752757295,1.2116899397033107,227.2100602966893,1.2681380080318505,170.76199196814977,1.269274441790755,169.62555820924496,227.2100602966893,57.58450208744435,5.502195968565188,66.02635162278224,1.3722,66.69999999999999,1.4139,25.000000000000135,2570.494490869626,ok,lead_hand_velocity20_onset_to_latest_upward_crossing_55deg_pull_attack_direction,lead_hand_velocity20_onset,latest_upward_crossing_55deg_pull_attack_direction,55.0,169.62555820924496,30.794784243607154,-30.794784243607154,-6.3,30.0,9.924363688599591,33.08121229533197,5.363123892127549,5.363123892127549,5.1067,0.25642389212754857,33.08121229533197,74.00056436858432,100.0,2.9359678755529455,2.9359678755529455,22.1094863142346,36.35358080243896,497.2000000000001,90.85007547875648,7.570839623229706,36.96191985194229,True,True,ok,13.999999999999568,6.8493150684931505,11.099999999999888,0.0,-11.099999999999888,0.0,11.099999999999888,22.1094863142346,30.579302587209636,8.469816272975034,22.1094863142346,30.579302587209636,4.5755530558729625,23.805586801675506,28.38113985754847,66.01784684414861,74.00056436858432,89.21262615690992,100.0,14.34334363318573,13.390411729896758,24.4678486572056,2.9359678755529455,27.403816532758547,10.061113682704006,116.38724672241524,8.644515585715215,58.54199475071942
291_8,189,291,R,college,73.6571,4.5909,True,1.6028,1.4185,1.5232,1.4526714282873772,1.373176755204756,229.623244795244,1.4236559855439237,179.14401445607652,1.4361677730402795,166.63222695972047,229.623244795244,62.991017835523536,6.532070182045806,78.38484218454967,1.5083,94.50000000000003,1.575,27.800000000000047,2643.5407905063994,ok,lead_hand_velocity20_onset_to_latest_upward_crossing_55deg_pull_attack_direction,lead_hand_velocity20_onset,latest_upward_crossing_55deg_pull_attack_direction,55.0,166.63222695972047,37.27873895766298,-37.27873895766298,-6.3,30.0,10.001027655457149,33.33675885152383,4.980701282089267,4.980701282089267,4.5909,0.3898012820892669,33.14164309934895,74.13574422724793,99.41471289082452,-4.208723650026805,-4.208723650026805,18.898950131254008,33.05249343835591,500.0,91.37131354274628,7.61427612856219,35.37034817542962,False,False,ok,11.199999999999655,5.47945205479452,8.299999999999974,-2.7999999999999137,-11.099999999999888,2.7999999999999137,11.099999999999888,21.576865391849324,26.73340832398838,5.1565429321390575,21.576865391849324,26.73340832398838,2.678852643422463,29.948631421104718,32.62748406452718,60.147972008272255,74.57220573443941,80.65735942217724,100.0,10.340464382217089,9.306649024873915,21.015476945703487,0.8665412667085219,21.88201821241201,5.953641525516953,118.63001028738753,5.0186639207852535,58.80146231727388
297_1,26,297,R,college,66.3198,-1.1731,True,2.05,1.8343,1.9519,1.901122980798638,1.864148588991402,185.8514110085978,1.8927511047247083,157.24889527529152,1.91492757374934,135.0724262506604,185.8514110085978,50.778984757937394,6.466476522827397,77.59771827392876,1.9222,127.79999999999991,2.025,24.99999999999991,2614.079695659048,ok,lead_hand_velocity20_onset_to_latest_upward_crossing_55deg_pull_attack_direction,lead_hand_velocity20_onset,latest_upward_crossing_55deg_pull_attack_direction,55.0,135.07242625065973,463.25658654925974,-463.25658654925974,-6.3,30.0,9.03678603329213,30.122620110973763,-1.2189428973612757,-1.2189428973612757,-1.1731,-0.04584289736127567,29.495132226053705,65.97873171540282,97.91688809735558,-7.1915170349628665,-7.1915170349628665,12.974878140246485,23.467004124509785,499.9999999999998,78.72539154243972,6.56044929520331,34.45400587738489,False,False,ok,25.19999999999922,4.186046511627907,22.199999999999775,-5.600000000000271,-27.800000000000047,5.600000000000271,27.800000000000047,18.049681289858267,29.413198350237998,11.363517060379731,18.049681289858267,29.413198350237998,7.544056992884041,22.724034495712583,30.268091488596625,41.667135858472484,65.17361196800253,61.83684004096886,96.72203608729852,24.305713642191648,30.470115527433684,33.64642483691147,3.4002580941642404,37.046682931075715,14.012426956964173,270.0330623701582,5.189152333411715,68.70041244851816
297_2,26,297,R,college,67.2268,2.3728,True,1.875,1.6759,1.7519,1.7222240339654007,1.686967931686581,188.0320683134189,1.7182670339794712,156.73296602052878,1.723114860426752,151.88513957324813,188.0320683134189,36.14692874017078,5.934554966197543,71.21465959437052,1.7833,91.69999999999989,1.85,24.99999999999991,2714.551063809418,ok,lead_hand_velocity20_onset_to_latest_upward_crossing_55deg_pull_attack_direction,lead_hand_velocity20_onset,latest_upward_crossing_55deg_pull_attack_direction,55.0,151.8851395732479,469.4938707894383,-469.4938707894383,-6.3,30.0,9.119733979691947,30.399113265639826,2.423787461771502,2.423787461771502,2.3728,0.05098746177150204,29.88826600134804,66.85814692499106,98.31953235007944,-7.848968065933934,-7.848968065933934,14.090551181117583,26.204724409477123,500.0,82.08188889721941,6.840157408101618,36.403869128275964,False,False,ok,25.19999999999922,4.017857142857143,22.199999999999996,-2.7999999999999137,-24.99999999999991,2.7999999999999137,24.99999999999991,17.091676040513402,29.75703037123575,12.665354330722348,17.091676040513402,29.75703037123575,7.468878890146801,21.685414323233022,29.154293213379823,47.414092807441065,68.00087971018208,69.72570503428582,100.0,20.229314687734828,24.815476155255965,38.53250490624535,-1.8544904151784087,36.67801449106694,15.332671466058338,281.36116730472804,5.449462558368013,69.36295463074612
297_3,26,297,R,college,67.9453,3.0091,True,1.7361,1.5352,1.6361,1.5829891808085643,1.5556026268153058,180.49737318469417,1.5758801978726813,160.21980212731867,1.595593956287546,140.50604371245413,180.49737318469417,39.99132947224004,6.032898941656796,72.39478729988156,1.6417,94.40000000000003,1.7111,24.99999999999991,2589.2021794639927,ok,lead_hand_velocity20_onset_to_latest_upward_crossing_55deg_pull_attack_direction,lead_hand_velocity20_onset,latest_upward_crossing_55deg_pull_attack_direction,55.0,140.5060437124539,386.8978198930897,-386.8978198930897,-6.3,30.0,9.191765398469679,30.63921799489893,2.9581964853897396,2.9581964853897396,3.0091,-0.05090351461026055,30.17078904204163,67.49013296806012,98.47114585974326,-1.7903389957271683,-1.7903389957271683,16.71466066743463,30.072928383984486,500.0,81.50124789837437,6.791770658197865,36.83341241327103,False,False,ok,11.199999999999655,2.1052631578947367,8.300000000000196,-2.7999999999999137,-11.10000000000011,2.7999999999999137,11.10000000000011,19.128421447339747,23.30221222349724,4.173790776157492,19.128421447339747,23.30221222349724,2.1831646044268034,23.801462317236062,25.984626921662866,53.601318951518344,65.68311792903498,78.20674022449322,95.83462947352123,12.235946158802577,11.703148200050393,18.082029302417364,3.727729466346075,21.80975876876344,5.025819848534961,261.49560760404836,1.921951919033746,67.55099362586975
297_4,26,297,R,college,68.8881,5.1919,True,2.2722,2.0287,2.163,2.109925511088329,2.0710508830870595,201.14911691294068,2.094792761531638,177.40723846836204,2.079894835971115,192.3051640288853,201.14911691294068,23.74187844457865,6.888156478466501,82.65787774159801,2.1694,102.80000000000022,2.2472,25.000000000000355,2583.913599089396,ok,lead_hand_velocity20_onset_to_latest_upward_crossing_55deg_pull_attack_direction,lead_hand_velocity20_onset,latest_upward_crossing_55deg_pull_attack_direction,55.0,192.30516402888532,522.1424849302432,-522.1424849302432,-6.3,30.0,9.449105165793043,31.49701721931014,5.262756647239585,5.262756647239585,5.1919,0.07085664723958462,31.49701721931014,70.45682090933721,100.0,2.143630949410165,2.143630949410165,18.59542557182361,30.603299587584612,497.20000000000033,95.1732673442673,7.931105612022275,36.44840983988529,True,True,ok,25.20000000000122,3.501945525291829,22.199999999999775,0.0,-22.199999999999775,0.0,22.199999999999775,18.59542557182361,30.85320584930217,12.25778027747856,18.59542557182361,30.85320584930217,8.199662542191081,22.41544806901559,30.61511061120667,47.39939401232443,70.45682090933721,67.27438649739429,100.0,24.500113346720664,28.174310451704287,36.81741107838076,2.143630949410165,38.961042027790924,15.214343645416728,297.6861864514975,5.110866522486634,73.46062992133922
297_5,26,297,R,college,68.056,2.6584,True,1.8139,1.6176,1.7028,1.6648846237235349,1.6284292781427043,185.47072185729573,1.6464834658547205,167.4165341452798,1.6448028400488193,169.0971599511808,185.47072185729573,18.05418771201593,6.930768819763847,83.16922583716615,1.6833,130.60000000000005,1.7889,25.000000000000135,2534.178299336848,ok,lead_hand_velocity20_onset_to_latest_upward_crossing_55deg_pull_attack_direction,lead_hand_velocity20_onset,latest_upward_crossing_55deg_pull_attack_direction,55.0,169.0971599511808,436.18343813703063,-436.18343813703063,-6.3,30.0,9.218197986362487,30.727326621208288,3.3347334815117473,3.3347334815117473,2.6584,0.6763334815117474,30.349477115299518,67.88984680408797,98.77031441567723,-0.8173184318370899,-0.8173184318370899,15.983127109128626,25.951631046147266,500.0,87.49003262082098,7.290836051735082,39.520351348607846,False,False,ok,19.599999999999397,3.211009174311927,16.599999999999948,-2.7999999999999137,-19.399999999999864,2.7999999999999137,19.399999999999864,18.58080239972011,27.83764529436828,9.25684289464817,18.58080239972011,27.83764529436828,5.761904761910987,21.362017247867094,27.12392200977808,47.732744108208166,65.81397342046738,69.44452470331542,95.75020645492404,21.25789007205709,23.404516578455944,29.730862918042646,4.3143497848653585,34.045212702908,11.248464674559044,272.03497257559695,4.134933302163258,68.4160104987616
297_6,26,297,R,college,71.326,0.5274,True,1.9333,1.7287,1.8361,1.7840951581611857,1.7390913868220002,194.2086131779999,1.7674120073460855,165.8879926539143,1.7417478996514302,191.55210034856984,194.2086131779999,28.3206205240856,6.888523210066443,82.66227852079732,1.8139,119.39999999999995,1.9,33.30000000000011,2609.736152927448,ok,lead_hand_velocity20_onset_to_latest_upward_crossing_55deg_pull_attack_direction,lead_hand_velocity20_onset,latest_upward_crossing_55deg_pull_attack_direction,55.0,191.55210034856984,405.28259009835165,-405.28259009835165,-6.3,30.0,9.674605153009566,32.24868384336522,0.12155929495773288,0.12155929495773288,0.5274,-0.4058407050422671,32.24868384336522,72.13825126021203,100.0,-4.986521576421563,-4.986521576421563,13.476377952770463,24.385826771679884,500.0,91.59371838242808,7.63280986520234,37.58764644318148,False,False,ok,11.199999999999655,1.8691588785046727,8.299999999999974,-5.600000000000049,-13.900000000000023,5.600000000000049,13.900000000000023,18.29621297339809,22.757030371228183,4.460817397830091,18.29621297339809,22.757030371228183,2.276527934010712,26.32827146609518,28.604799400105893,50.33511406322067,64.21860922528309,69.77590000297539,89.02157746191855,14.890964902381318,14.666291065813695,17.987474492010353,6.121901492943766,24.10937598495412,5.263770434121888,275.4958122051303,1.9106535202802137,68.10461192358315
297_7,26,297,R,college,70.7294,6.3706,True,2.0583,1.8398,1.9565,1.905738165082347,1.858950823436138,199.349176563862,1.886010350351015,172.28964964898498,1.919542516628412,138.75748337158834,199.349176563862,60.59169319227365,6.320193668001536,75.84232401601842,1.9667,91.60000000000012,2.025,33.30000000000011,2658.19419117202,ok,lead_hand_velocity20_onset_to_latest_upward_crossing_55deg_pull_attack_direction,lead_hand_velocity20_onset,latest_upward_crossing_55deg_pull_attack_direction,55.0,138.7574833715881,406.5712780322346,-406.5712780322346,-6.3,30.0,9.612901208311529,32.043004027705095,6.111589873481668,6.111589873481668,6.3706,-0.2590101265183318,32.043004027705095,71.67815861601883,100.0,-3.2037521157665676,-3.2037521157665676,16.987064117003726,31.27840269969633,500.0,85.7306773748677,7.144223114572308,34.41344537263549,True,True,ok,16.800000000000814,3.061224489795918,13.900000000000023,0.0,-13.900000000000023,0.0,13.900000000000023,16.987064117003726,25.797525309364204,8.810461192360478,16.987064117003726,25.797525309364204,3.992313460821709,27.358080239999556,31.350393700821265,56.52475276454562,71.67815861601883,78.85910276706426,100.0,12.312787743284657,12.243963609939321,31.498070618055323,-3.2037521157665676,28.294318502288753,10.173887931770402,275.6262349883805,3.691189966803886,72.85001874773525
297_8,26,297,R,college,67.6003,4.5358,True,1.9,1.6991,1.7787,1.746559412449929,1.7154136448294195,184.5863551705802,1.734594727094786,165.4052729052138,1.7418993855757454,158.1006144242545,184.5863551705802,26.48574074632569,7.273029922942912,87.27635907531494,1.7583,141.69999999999993,1.875,24.99999999999991,2739.0678728078747,ok,lead_hand_velocity20_onset_to_latest_upward_crossing_55deg_pull_attack_direction,lead_hand_velocity20_onset,latest_upward_crossing_55deg_pull_attack_direction,55.0,158.1006144242545,455.6043208046923,-455.6043208046923,-6.3,30.0,9.254143729699397,30.84714576566466,4.732737832465679,4.732737832465679,4.5358,0.19693783246567875,30.84714576566466,69.00309986950748,100.0,-0.8976376239166736,-0.8976376239166736,16.725346831664112,28.04424446947161,500.0,89.09003010910494,7.424169175758745,39.87024134072683,False,False,ok,16.799999999999482,2.7149321266968327,13.900000000000023,-2.8000000000001357,-16.70000000000016,2.8000000000001357,16.70000000000016,19.35564304464033,26.649606299241388,7.293963254601056,19.35564304464033,26.649606299241388,4.658230221227381,22.935508061517087,27.593738282744468,49.156945896298,67.15564587180658,71.2387501275439,97.32265071975806,20.893975755893216,20.874857799556274,30.47063346416717,4.891923728843063,35.36255719301023,9.029860562071143,273.70603239529953,3.299109078103832,66.6546681665512
300_1,79,300,R,high_school,65.4692,7.7753,True,1.7722,1.5991,1.7065,1.6772268061801832,1.5376966447186793,234.50335528132072,1.5909935318940347,181.2064681059653,1.6142101169933416,157.9898830066584,234.50335528132072,76.51347227466232,6.536820326906833,78.44184392288199,1.6722,100.00000000000009,1.7472,24.99999999999991,2338.9183281455535,ok,lead_hand_velocity20_onset_to_latest_upward_crossing_55deg_pull_attack_direction,lead_hand_velocity20_onset,latest_upward_crossing_55deg_pull_attack_direction,55.0,157.9898830066584,347.183414422146,-347.183414422146,-6.3,30.0,9.006693334864025,30.022311116213416,7.905039291404022,7.905039291404022,7.7753,0.12973929140402252,30.022311116213416,67.15799730720603,100.0,-8.453251953587852,-8.453251953587852,12.953130858656653,24.130296212999433,500.0,90.93496616097715,7.577913846748096,47.87496101621437,True,True,ok,13.999999999999568,2.7624309392265194,11.10000000000011,0.0,-11.10000000000011,0.0,11.10000000000011,12.953130858656653,20.494188226493822,7.541057367837169,12.953130858656653,20.494188226493822,2.175478065244196,25.928383952034007,28.103862017278203,56.28166580391365,67.15799730720603,83.80486027071365,100.0,2.9678842745987195,2.5600708852358713,23.7758722975721,-8.453251953587852,15.322620343984248,8.345848531864938,265.0129193533064,3.1492232726731824,67.21522309718547
300_2,79,300,R,high_school,64.1789,3.5468,True,1.425,1.2435,1.3537,1.3254175953989964,1.1909765077700485,234.02349222995176,1.2450034596064656,179.99654039353442,1.2618662357789074,163.1337642210926,234.02349222995176,70.88972800885915,2.561291850344532,30.735502204134384,1.3972,27.800000000000047,1.4,25.000000000000135,2339.42913075555,ok,lead_hand_velocity20_onset_to_latest_upward_crossing_55deg_pull_attack_direction,lead_hand_velocity20_onset,latest_upward_crossing_55deg_pull_attack_direction,55.0,163.1337642210926,355.24057084493757,-355.24057084493757,-6.3,30.0,8.750257070353296,29.16752356784432,3.5872682224286,3.5872682224286,3.5468,0.04046822242859971,29.16752356784432,65.24589201826299,100.0,-13.574632324133216,-13.574632324133216,9.48387701538332,20.50749906263932,500.0,91.45301137258231,7.6210842810485255,52.06989090465456,False,False,ok,11.199999999999655,2.1505376344086025,8.299999999999974,-2.7999999999999137,-11.099999999999888,2.7999999999999137,11.099999999999888,12.170791151119255,16.920884889407102,4.7500937382878465,12.170791151119255,16.920884889407102,0.9486314210733937,28.648856392981823,29.597487814055217,54.89830397319897,65.05614630667182,84.14062904961492,99.70918366548186,-2.590961527660212,-3.3647940142512773,15.111141489897756,-9.372699786018025,5.738441703879731,5.278866295609771,259.5974637304235,2.033481460008238,64.33914510693116
300_3,79,300,R,high_school,66.3052,2.9418,True,1.4861,1.2972,1.4028,1.3747797326061098,1.2434369262263143,242.66307377368545,1.2998533333890894,186.2466666109106,1.326755333996389,159.34466600361108,242.66307377368545,83.31840777007437,4.946270804673623,59.35524965608347,1.4222,63.90000000000007,1.4611,24.99999999999991,2173.452321054157,ok,lead_hand_velocity20_onset_to_latest_upward_crossing_55deg_pull_attack_direction,lead_hand_velocity20_onset,latest_upward_crossing_55deg_pull_attack_direction,55.0,159.34466600361108,423.9039951380465,-423.9039951380465,-6.3,30.0,8.97444258404442,29.914808613481398,2.8890494923636454,2.8890494923636454,2.9418,-0.052750507636354804,29.804676217866557,66.67116190467637,99.63184656456332,-12.620780914061388,-12.620780914061388,10.150543682050706,22.197787776551905,500.0,87.84859889446956,7.32071657453913,43.54355726796388,False,False,ok,11.199999999999655,1.9047619047619049,8.300000000000196,-2.7999999999999137,-11.10000000000011,2.7999999999999137,11.10000000000011,12.748593925773049,18.274653168373693,5.526059242600644,12.748593925773049,18.274653168373693,1.2686539182615881,29.92332208477173,31.191976003033318,56.32350014061661,66.21241253875492,84.16853949556669,98.94630209329064,-0.08336304273370665,-0.371348048625192,15.421172486384219,-7.5059642800343305,7.915208206349888,6.011512469965201,270.7414673591138,2.2203885236359007,66.50956130490874
300_4,79,300,R,high_school,65.5387,0.7516,True,1.6056,1.4296,1.5361,1.4977900362802163,1.3822644232307524,223.33557676924752,1.4328305767591083,172.7694232408914,1.447627511961045,157.9724880389546,223.33557676924752,65.36308873029293,5.5272944059284965,66.32753287114195,1.5194,86.19999999999983,1.575,30.59999999999996,2292.620434386832,ok,lead_hand_velocity20_onset_to_latest_upward_crossing_55deg_pull_attack_direction,lead_hand_velocity20_onset,latest_upward_crossing_55deg_pull_attack_direction,55.0,157.9724880389548,418.7733863545553,-418.7733863545553,-6.3,30.0,8.998174421177332,29.993914737257775,1.0399890256305633,1.0399890256305633,0.7516,0.28838902563056323,29.993914737257775,67.09447641655723,100.0,-14.83380706235673,-14.83380706235673,8.520247469075567,20.201349831292905,500.0,79.75558553252735,6.646298794377279,48.76850713674685,False,False,ok,19.599999999999397,3.3816425120772946,16.69999999999994,-5.50000000000006,-22.199999999999996,5.50000000000006,22.199999999999996,13.309523809538184,23.412073490838935,10.10254968130075,13.309523809538184,23.412073490838935,4.397075365584058,22.53093363332017,26.92800899890423,44.30366746820106,61.520475142550225,66.03176570473697,91.69230975229507,12.609298850806926,15.71636249078488,31.64380859576859,-6.167849511805767,25.475959083962824,11.543017984714176,268.94618512755324,4.291943378650142,66.62373453325534
300_5,79,300,R,high_school,65.8671,-1.2059,True,1.8833,1.6898,1.8046,1.7695011084658296,1.6313111704567054,251.9888295432946,1.7002488489386918,183.0511510613082,1.72519440526471,158.10559473529003,251.9888295432946,93.88323480800456,7.002617847256608,84.03141416707929,1.7056,177.69999999999996,1.85,33.29999999999988,2165.7233516076135,ok,lead_hand_velocity20_onset_to_latest_upward_crossing_55deg_pull_attack_direction,lead_hand_velocity20_onset,latest_upward_crossing_55deg_pull_attack_direction,55.0,158.10559473529005,400.5060524480106,-400.5060524480106,-6.3,30.0,9.016854315584348,30.056181051947828,-1.8425820891514766,-1.8425820891514766,-1.2059,-0.6366820891514766,30.056181051947828,67.23376219565988,100.0,-18.73142955543045,-18.73142955543045,6.837832770911022,22.27877765281746,500.0,82.98693495627614,6.915577913023012,48.35395697362333,False,False,ok,8.399999999999741,1.4925373134328357,5.50000000000006,-5.600000000000049,-11.10000000000011,5.600000000000049,11.10000000000011,11.491938507698952,14.511061117376006,3.019122609677053,11.491938507698952,14.511061117376006,0.22778402699687206,32.493625796810505,32.72140982380738,52.30592222057167,61.392645131855,77.79710745377291,91.31222636804645,-6.4188284946448855,-6.432891697368729,8.418079817957242,-10.620836802261586,-2.2027569843043437,3.433193671794715,255.30203963596136,1.34475763557947,63.65991751038
300_6,79,300,R,high_school,65.7367,2.1169,True,1.5222,1.3407,1.4361,1.406683131360558,1.284543690069051,237.656309930949,1.3385568909899106,183.6431090100894,1.3544853509621215,167.71464903787847,237.656309930949,69.94166089307052,6.957440660517211,83.48928792620653,1.4083,113.89999999999989,1.4972,24.99999999999991,2167.4753511963977,ok,lead_hand_velocity20_onset_to_latest_upward_crossing_55deg_pull_attack_direction,lead_hand_velocity20_onset,latest_upward_crossing_55deg_pull_attack_direction,55.0,167.71464903787847,573.2877812787283,-573.2877812787283,-6.3,30.0,9.061591086986304,30.20530362328768,2.0488626415817617,2.0488626415817617,2.1169,-0.0680373584182381,30.20530362328768,67.56733988745447,100.0,-14.606360384901205,-14.606360384901205,9.388451443579694,21.612860892411792,500.0,92.18561933669703,7.682134944724752,43.369089556257826,False,False,ok,30.799999999999052,4.119850187265917,27.800000000000047,-2.7999999999999137,-30.59999999999996,2.7999999999999137,30.59999999999996,12.198912635933686,29.192725909292875,16.993813273359187,12.198912635933686,29.192725909292875,8.561117360339203,25.70078740160256,34.261904761941764,45.467741790719096,67.1000964763871,67.29248460343975,99.30847742142039,17.00095977596441,24.226029536902626,43.81075837251286,-9.605765123499594,34.20499324901326,19.771299661287586,274.1821808345007,7.211008243173087,87.5397450319656
300_7,79,300,R,high_school,64.9347,8.6285,True,1.8472,1.6694,1.7732,1.7378460908838973,1.619530716071505,227.66928392849505,1.667872761490182,179.3272385098179,1.6807231586928668,166.47684130713313,227.66928392849505,61.19244262136192,5.601051477105065,67.21261772526077,1.7722,74.99999999999996,1.8222,24.99999999999991,2259.2095602690797,ok,lead_hand_velocity20_onset_to_latest_upward_crossing_55deg_pull_attack_direction,lead_hand_velocity20_onset,latest_upward_crossing_55deg_pull_attack_direction,55.0,166.47684130713313,428.9617333516027,-428.9617333516027,-6.3,30.0,8.965111047599317,29.883703491997725,8.558011170596119,8.558011170596119,8.6285,-0.07048882940388168,29.883703491997725,66.84794088224251,100.0,-6.442323157647516,-6.442323157647516,14.711286089254735,26.297900262495595,500.0,91.18129318484205,7.598441098736838,44.958460037055644,True,True,ok,22.39999999999931,3.7383177570093453,19.49999999999985,2.7999999999999137,-16.69999999999994,-2.7999999999999137,16.69999999999994,11.849081364842194,25.939632545959785,14.090551181117592,11.849081364842194,25.939632545959785,5.130108736413494,24.079302587202612,29.209411323616106,54.46639129336501,66.84794088224251,81.47803892615255,100.0,8.914784022614914,8.287364622588273,40.93507701544087,-10.88055183723019,30.05452517821068,15.990207915128815,276.30117055279993,5.787238571279653,68.14529433828135
300_8,79,300,R,high_school,67.2568,3.5486,True,1.5389,1.3602,1.4639,1.4285556885902,1.2923183521807933,246.5816478192067,1.3588825552933022,180.01744470669777,1.3826953406945646,156.20465930543537,246.5816478192067,90.37698851377132,7.486470473032256,89.83764567638707,1.3694,169.49999999999997,1.5139,24.99999999999991,2345.952187674494,ok,lead_hand_velocity20_onset_to_latest_upward_crossing_55deg_pull_attack_direction,lead_hand_velocity20_onset,latest_upward_crossing_55deg_pull_attack_direction,55.0,156.20465930543537,427.40192243148044,-427.40192243148044,-6.3,30.0,9.17112663323485,30.570422110782836,4.084032998971596,4.084032998971596,3.5486,0.5354329989715958,30.570422110782836,68.3840866830324,100.0,-5.2748134533036435,-5.2748134533036435,13.958005249358909,27.40682414701123,500.0,88.61087788967411,7.3842398241395095,48.05375745356205,False,False,ok,16.799999999999482,2.857142857142857,13.900000000000023,-2.8000000000001357,-16.70000000000016,2.8000000000001357,16.70000000000016,16.60686164231265,25.311398575205445,8.704536932892793,16.60686164231265,25.311398575205445,4.3046494188272995,21.7684664417183,26.0731158605456,50.77609271561057,65.76286859130455,74.25132831116578,96.16691803770449,14.063388238797677,14.136726133052335,28.238528553058092,-0.5242261910151282,27.714302362042964,10.33176615659526,274.11943210676424,3.7690746975468836,67.55755530565979
302_1,30,302,R,college,67.455,-2.023,True,1.8917,1.7194,1.8056,1.7556783200340151,1.7108847318754372,180.81526812456272,1.7240040904098055,167.69590959019442,1.7488278756965931,142.8721243034068,180.81526812456272,37.94314382115593,5.562462083310281,66.74954499972338,1.8056,86.09999999999984,1.8667,24.99999999999991,2428.314995121976,ok,lead_hand_velocity20_onset_to_latest_upward_crossing_55deg_pull_attack_direction,lead_hand_velocity20_onset,latest_upward_crossing_55deg_pull_attack_direction,55.0,142.8721243034068,48.205032682203,-48.205032682203,-6.3,30.0,9.119995184616418,30.399983948721395,-1.635168749376401,-1.635168749376401,-2.023,0.387831250623599,30.143433996586527,67.4289414741108,99.15608523817771,-8.243327787793744,-8.243327787793744,12.518560179991024,30.168166479222684,500.0,75.69002109452214,6.307501757876845,43.452410860178865,False,False,ok,16.799999999999482,8.695652173913043,13.900000000000023,-8.299999999999974,-22.199999999999996,8.299999999999974,22.199999999999996,19.05211848520993,26.36407949009222,7.3119610048822885,19.05211848520993,26.36407949009222,3.6741657292878145,27.61548556433429,31.289651293622104,40.43946067176066,54.59673667777879,59.467322513057645,80.28598043210742,18.37704609678107,20.557414183824726,21.467959428750994,5.3835729117785895,26.851532340529584,8.708794934703487,107.45457482947894,8.10462928034808,56.864829396386895
302_2,30,302,R,college,65.4465,-2.9434,True,1.5389,1.3537,1.4583,1.404310860715904,1.350070416747649,188.829583252351,1.3665511010327749,172.34889896722504,1.3975384653676792,141.3615346323207,188.829583252351,47.46804862003029,5.472887592123908,65.6746511054869,1.4583,80.60000000000001,1.5139,24.99999999999991,2315.362682600099,ok,lead_hand_velocity20_onset_to_latest_upward_crossing_55deg_pull_attack_direction,lead_hand_velocity20_onset,latest_upward_crossing_55deg_pull_attack_direction,55.0,141.3615346323207,53.48774951797197,-53.48774951797197,-6.3,30.0,8.860527809542127,29.535092698473758,-2.7354986425219505,-2.7354986425219505,-2.9434,0.2079013574780495,29.33959768629648,65.63081085875189,99.33809243745024,-8.148964718104626,-8.148964718104626,11.988938882652617,27.01649793778696,500.0,77.66913823698346,6.472428186415288,44.51508758271586,False,False,ok,19.599999999999397,10.0,16.70000000000016,-8.299999999999974,-25.000000000000135,8.299999999999974,25.000000000000135,18.71297337834792,26.858455193129874,8.145481814781952,18.71297337834792,26.858455193129874,4.647356580432469,27.935508061522487,32.582864641954956,39.14417950874469,55.7765747420507,59.24821088675141,84.42282618593194,20.60269293851969,24.326589859840695,26.06030786417918,4.504137157051458,30.564445021230636,9.91081811430862,110.63796009005588,8.95788218278927,58.229658792713835
302_3,30,302,R,college,71.6328,8.2507,True,1.6111,1.4333,1.5287,1.4735713860897763,1.4188554727873188,192.2445272126812,1.4385740754955354,172.52592450446457,1.4713695003320073,139.73049966799266,192.2445272126812,52.5140275446885,6.51827443226334,78.21929318716008,1.5083,102.8,1.5861,24.99999999999991,2611.856516041158,ok,lead_hand_velocity20_onset_to_latest_upward_crossing_55deg_pull_attack_direction,lead_hand_velocity20_onset,latest_upward_crossing_55deg_pull_attack_direction,55.0,139.73049966799266,35.66748256418006,-35.66748256418006,-6.3,30.0,9.75544762056392,32.51815873521307,7.823053484445861,7.823053484445861,8.2507,-0.42764651555413913,31.88060967466627,71.3148927940816,98.03940602622001,3.4979698031697515,3.4979698031697515,20.81927259094862,36.866516685454144,500.0,83.54501149190459,6.962084290992049,45.59341972920295,True,True,ok,8.399999999999741,4.761904761904762,5.600000000000049,0.0,-5.600000000000049,0.0,5.600000000000049,20.81927259094862,24.672853393352487,3.853580802403865,20.81927259094862,24.672853393352487,1.269216347957876,27.893513310866275,29.16272965882415,65.4220805783866,71.3148927940816,89.93832381441676,98.03940602622001,7.6563962392626905,7.460580389609322,8.512668721839248,3.4979698031697515,12.010638525008998,4.504809534672034,106.49100824512104,4.230225263998685,55.86295463073152
302_4,30,302,R,college,69.909,-1.8957,True,1.6861,1.5111,1.6093,1.55122697286511,1.504834311603916,181.265688396084,1.5200494959100253,166.05050408997468,1.549875363999771,136.22463600022883,181.265688396084,45.04105239585513,6.160653978344504,73.92784774013404,1.5806,105.49999999999993,1.6611,24.99999999999991,2492.0353973324045,ok,lead_hand_velocity20_onset_to_latest_upward_crossing_55deg_pull_attack_direction,lead_hand_velocity20_onset,latest_upward_crossing_55deg_pull_attack_direction,55.0,136.22463600022883,40.10007267040949,-40.10007267040949,-6.3,30.0,9.461567266721728,31.538557555739093,-1.8548882737833257,-1.8548882737833257,-1.8957,0.04081172621667428,31.341825853318042,70.10966771053599,99.376218452371,-2.0312736347752263,-2.0312736347752263,15.525496812915158,33.2695913011233,500.0,78.17488074027966,6.514573395023305,47.536238540350126,False,False,ok,13.999999999999568,7.8125,11.10000000000011,-5.600000000000049,-16.70000000000016,5.600000000000049,16.70000000000016,20.424634420719475,26.866516685443347,6.441882264723873,20.424634420719475,26.866516685443347,3.430446194229429,23.742594675691187,27.173040869920616,48.2256991341975,62.62478766853138,68.35701506909469,88.76685317602893,17.754802937510526,17.36903788436409,20.942477794610646,7.350177862596918,28.292655657207565,7.788691806008722,106.91556121674779,7.284900081307026,56.54893138363815
302_5,30,302,R,college,66.6791,5.0626,True,1.85,1.6741,1.7611,1.7082301371165354,1.6649270910350364,185.07290896496363,1.6822110881230743,167.7889118769258,1.7053794639265998,144.6205360734003,185.07290896496363,40.45237289156333,2.6831413606529537,32.197696327835445,1.8222,27.800000000000047,1.825,25.000000000000135,2603.358367716246,ok,lead_hand_velocity20_onset_to_latest_upward_crossing_55deg_pull_attack_direction,lead_hand_velocity20_onset,latest_upward_crossing_55deg_pull_attack_direction,55.0,144.6205360734003,39.550515115071015,-39.550515115071015,-6.3,30.0,9.129361412413807,30.431204708046025,5.465986246430555,5.465986246430555,5.0626,0.4033862464305553,30.39272038040092,67.98657923318022,99.87353662789783,3.95348222257411,3.95348222257411,20.692350956152833,36.56636670420147,500.0,84.18237537280376,7.015197947733647,43.75754683896672,True,True,ok,13.999999999999568,7.462686567164178,11.099999999999888,0.0,-11.099999999999888,0.0,11.099999999999888,20.692350956152833,26.672290963658355,5.9799400075055225,20.692350956152833,26.672290963658355,3.155980502440606,28.125421822302595,31.2814023247432,54.04610655089045,67.98657923318022,79.39472559271363,99.87353662789783,15.212730999622982,14.271881246935324,24.648964295843733,3.95348222257411,28.602446518417842,7.183169777730314,107.42081798970788,6.686943845855412,57.122797150417924
302_6,30,302,R,college,66.8646,2.6205,True,1.4139,1.2435,1.3352,1.2763574179406263,1.234967787325059,178.93221267494087,1.2552860467788494,158.61395322115058,1.2682555139779106,145.64448602208935,178.93221267494087,33.28772665285152,5.890843858615967,70.69012630339161,1.3167,97.19999999999996,1.3889,24.99999999999991,2439.9658177029737,ok,lead_hand_velocity20_onset_to_latest_upward_crossing_55deg_pull_attack_direction,lead_hand_velocity20_onset,latest_upward_crossing_55deg_pull_attack_direction,55.0,145.64448602208935,38.89043631877698,-38.89043631877698,-6.3,30.0,9.124760057950404,30.415866859834683,2.816858661505825,2.816858661505825,2.6205,0.19635866150582526,30.415866859834683,68.0383564330589,100.0,-2.056993364773259,-2.056993364773259,15.900824896905064,32.4638170229072,499.9999999999999,77.12593757458062,6.4271614645483846,43.243147293437495,False,False,ok,8.399999999999741,4.545454545454546,5.499999999999838,-2.8000000000001357,-8.299999999999974,2.8000000000001357,8.299999999999974,18.672478440215144,21.929883764553125,3.257405324337981,18.672478440215144,21.929883764553125,0.625421822272898,29.77990251221814,30.405324334491038,61.22690180913178,67.04517369872784,89.9888019331732,98.54026054361229,5.11743582906622,5.3052427580572035,5.543751309029675,2.2516567100558897,7.795408019085565,3.89034840525853,104.14360746451678,3.735561404077565,54.91019872521868
302_7,30,302,R,college,69.6708,7.1672,True,1.2111,1.0361,1.1278,1.0761028475631793,1.0257008873270803,185.39911267291976,1.0509000833831343,160.19991661686572,1.0693400383819074,141.7599616180927,185.39911267291976,43.63915105482707,6.35660390681298,76.27924688175577,1.0972,113.90000000000012,1.1861,25.000000000000135,2546.7551416024107,ok,lead_hand_velocity20_onset_to_latest_upward_crossing_55deg_pull_attack_direction,lead_hand_velocity20_onset,latest_upward_crossing_55deg_pull_attack_direction,55.0,141.7599616180927,32.44786585665138,-32.44786585665138,-6.3,30.0,9.441278676145968,31.470928920486564,7.230368500355467,7.230368500355467,7.1672,0.0631685003554665,31.152867272446727,69.68697940328984,98.9893477601394,3.4050039415279163,3.4050039415279163,20.639670041267138,36.60423697041824,497.2000000000001,79.53114753354147,6.627595627795123,45.7082279733939,True,True,ok,11.199999999999655,6.349206349206349,8.299999999999974,0.0,-8.299999999999974,0.0,8.299999999999974,20.639670041267138,26.658417697816574,6.018747656549436,20.639670041267138,26.658417697816574,2.5412448443971947,25.17660292466162,27.717847769058814,63.78836695469581,69.68697940328984,90.61045396999477,98.9893477601394,11.109795110823127,11.123829018125729,15.381514523985217,3.4050039415279163,18.786518465513133,6.95746412819412,102.14109827459431,6.811620636278843,55.918635170664096
302_8,30,302,R,college,72.8338,8.7142,True,1.8028,1.6241,1.7148,1.6636152818000216,1.612301586178632,190.4984138213679,1.6365699224179486,166.23007758205134,1.6590216054692395,143.77839453076024,190.4984138213679,46.72001929060767,6.388790452427769,76.66548542913323,1.7083,94.50000000000003,1.775,27.800000000000047,2715.4946521037728,ok,lead_hand_velocity20_onset_to_latest_upward_crossing_55deg_pull_attack_direction,lead_hand_velocity20_onset,latest_upward_crossing_55deg_pull_attack_direction,55.0,143.77839453076047,28.169365999695994,-28.169365999695994,-6.3,30.0,10.084495959315577,33.614986531051926,9.095416154831323,9.095416154831323,8.7142,0.3812161548313231,32.28264371102901,72.21421732066253,96.03646183587739,10.546235050116604,10.546235050116604,25.039370078767206,41.811023622092414,500.0,84.42496054485187,7.035413378737656,44.732794461334386,True,True,ok,8.399999999999741,4.838709677419355,5.50000000000006,0.0,-5.50000000000006,0.0,5.50000000000006,25.039370078767206,29.543307086646088,4.503937007878882,25.039370078767206,29.543307086646088,2.342332208476474,23.984251968529843,26.326584177006318,72.70544592578467,75.19458332822988,96.68973841961468,100.0,14.993407323262202,15.058963009480252,8.828788860073146,10.546235050116604,19.37502391018975,5.53771995944696,103.3727119580911,5.357042351459287,56.33708286470279
313_1,90,313,L,college,62.9895,9.8907,True,1.4139,1.2333,1.3232,1.2949156075794097,1.1980613396674316,215.8386603325684,1.2258646776044486,188.0353223955513,1.2598430086207442,154.05699137925578,215.8386603325684,61.78166895331262,6.066162917637917,72.793955011655,1.3083,105.59999999999991,1.3889,24.99999999999991,2350.4134645203544,ok,lead_hand_velocity20_onset_to_latest_upward_crossing_55deg_pull_attack_direction,lead_hand_velocity20_onset,latest_upward_crossing_55deg_pull_attack_direction,55.0,154.05699137925578,35.14892674158432,-35.14892674158432,-6.3,30.0,8.559176331243291,28.53058777081097,10.186285396355967,10.186285396355967,9.8907,0.2955853963559658,28.53058777081097,63.821107218170496,100.0,-3.88892921616854,3.88892921616854,20.45369328836105,33.21747281593389,499.9999999999999,79.36689058507226,6.613907548756021,38.04410104975493,True,True,ok,13.999999999999568,7.352941176470589,11.099999999999888,2.7999999999999137,-8.299999999999974,-2.7999999999999137,8.299999999999974,17.823959505081113,25.3250843644818,7.5011248594006865,17.823959505081113,25.3250843644818,2.8370828646449873,-28.276340457473356,-25.43925759282837,57.86853281414923,63.821107218170496,90.67303175472564,100.0,8.7138156628683,8.72677190981431,20.49681085017319,-1.365694266657656,19.131116583515535,8.574776373568021,100.28150644122564,8.550705586571581,54.099737532866854
313_2,90,313,L,college,62.376,14.2916,True,1.3889,1.2176,1.287,1.2638836734480552,1.1488047111088238,240.09528889117627,1.1901447999592851,198.7552000407149,1.2256807672329595,163.21923276704052,240.09528889117627,76.87605612413574,5.971362583491416,71.656351001897,1.2833,105.59999999999991,1.3639,25.000000000000135,2294.9087790229964,ok,lead_hand_velocity20_onset_to_latest_upward_crossing_55deg_pull_attack_direction,lead_hand_velocity20_onset,latest_upward_crossing_55deg_pull_attack_direction,55.0,163.21923276704052,30.75435323053388,-30.75435323053388,-6.3,30.0,8.488167111140239,28.293890370467466,14.617239852214967,14.617239852214967,14.2916,0.32563985221496594,28.293890370467466,63.29163021310718,100.0,-4.584086337991566,4.584086337991566,21.646794150754538,36.88695163108596,500.0,78.95454033206065,6.5795450276717204,35.448316264923946,True,True,ok,16.799999999999482,8.571428571428571,13.800000000000034,8.299999999999974,-5.50000000000006,-8.299999999999974,5.50000000000006,13.089426321723922,25.746531683567362,12.65710536184344,13.089426321723922,25.746531683567362,3.0208098987659184,-29.24278215226255,-26.22197225349663,61.94681938551934,63.29163021310718,97.87521537514554,100.0,2.014177185053208,1.6590238431299094,24.65056278410062,-9.873919536210307,14.776643247890316,13.917945978944273,99.91055540469027,13.930405974192892,54.69760030002159
313_3,90,313,L,college,61.5672,17.0965,True,1.575,1.3972,1.4815,1.4560010959316625,1.3503116053908293,224.68839460917067,1.3788495151166138,196.15048488338616,1.4254831915034214,149.51680849657856,224.68839460917067,75.17158611259211,6.406433397373549,76.8772007684826,1.4583,116.70000000000003,1.55,24.99999999999991,2585.982926714693,ok,lead_hand_velocity20_onset_to_latest_upward_crossing_55deg_pull_attack_direction,lead_hand_velocity20_onset,latest_upward_crossing_55deg_pull_attack_direction,55.0,149.51680849657856,24.38136457254325,-24.38136457254325,-6.3,30.0,8.455627658759242,28.185425529197477,18.423385130497838,18.423385130497838,17.0965,1.326885130497839,27.727546674033064,62.02475544477683,98.37547652175735,-13.976829622353891,13.976829622353891,24.43044619425211,38.36351706040889,500.0,81.29216966545893,6.774347472121577,41.42190357815982,True,True,ok,11.199999999999655,6.451612903225806,8.299999999999974,8.299999999999974,0.0,-8.299999999999974,0.0,16.822272215991166,24.43044619425211,7.608173978260943,16.822272215991166,24.43044619425211,2.670791151108997,-24.200224971904646,-21.52943382079565,61.73387764100204,63.049001273258426,97.91412456074198,100.0,6.091306633817654,5.579154800813909,14.746742311064986,-0.7699126887110954,13.976829622353891,8.647599668624503,96.0520047477292,9.003039229984365,52.725346831703014
313_4,90,313,L,college,61.2747,9.7818,True,1.4528,1.2833,1.3565,1.3318564033351517,1.230346289696308,222.4537103036921,1.264391315768669,188.40868423133105,1.296227989757487,156.572010242513,222.4537103036921,65.88170006117912,5.309397380478472,63.71276856574167,1.3583,94.50000000000003,1.425,27.800000000000047,2379.7571884433223,ok,lead_hand_velocity20_onset_to_latest_upward_crossing_55deg_pull_attack_direction,lead_hand_velocity20_onset,latest_upward_crossing_55deg_pull_attack_direction,55.0,156.572010242513,37.54403632658754,-37.54403632658754,-6.3,30.0,8.529704757131292,28.432349190437638,10.047156555397693,10.047156555397693,9.7818,0.2653565553976929,27.33514450673623,61.146976795669744,96.14099884482842,-0.4005913112212394,0.4005913112212394,17.05080614924976,30.790963629579558,497.2000000000001,72.54019718336545,6.045016431947121,39.34989279169142,True,True,ok,11.199999999999655,5.797101449275362,8.299999999999974,2.8000000000001357,-5.499999999999838,-2.8000000000001357,5.499999999999838,14.10461192352479,20.90419947508819,6.799587551563402,14.10461192352479,20.90419947508819,1.637982752157754,-27.32208473943708,-25.684101987279327,60.343551262297424,63.601353772453486,94.8777780394243,100.0,2.349309288269386,2.653030819732718,14.081374332537813,-4.995099409462853,9.08627492307496,7.464074883247678,94.91789480406882,7.86371726707082,51.0965504312513
313_5,90,313,L,college,60.6733,16.649,True,1.4528,1.2472,1.363,1.3362755484437885,1.2171639949658262,235.636005034174,1.2571837491816555,195.61625081834453,1.288198253061101,164.60174693889917,235.636005034174,71.0342580952748,5.141417238011712,61.69700685614055,1.3722,80.60000000000001,1.425,27.800000000000047,2411.3759200287404,ok,lead_hand_velocity20_onset_to_latest_upward_crossing_55deg_pull_attack_direction,lead_hand_velocity20_onset,latest_upward_crossing_55deg_pull_attack_direction,55.0,164.60174693889917,27.437297761012445,-27.437297761012445,-6.3,30.0,8.236488867721684,27.454962892405618,17.24158925349238,17.24158925349238,16.649,0.5925892534923776,27.454962892405618,61.41500289102896,100.0,-10.8551887903662,10.8551887903662,22.09411323586938,35.0311211098991,497.2000000000001,76.67677864009207,6.389731553341005,38.087812202731996,True,True,ok,11.199999999999655,5.970149253731343,8.400000000000185,8.400000000000185,0.0,-8.400000000000185,0.0,13.925384326974166,22.09411323586938,8.168728908895213,13.925384326974166,22.09411323586938,2.1398575178125903,-25.723097112888674,-23.583239595076083,58.68436028593072,61.41500289102896,95.55378575827257,100.0,3.171975601330855,2.9210238989138038,14.864522973236586,-4.0093341828703855,10.8551887903662,9.015903445491512,91.31599291238706,9.873301661563053,49.59636295468425
313_6,90,313,L,college,63.6572,10.3877,True,1.3556,1.1824,1.263,1.2359083473667427,1.1318686859297462,223.7313140702537,1.1626933572383662,192.9066427616337,1.2066516319346767,148.9483680653232,223.7313140702537,74.7829460049305,5.6408365845932105,67.69003901511853,1.2583,97.29999999999994,1.325,30.59999999999996,2392.4827228575596,ok,lead_hand_velocity20_onset_to_latest_upward_crossing_55deg_pull_attack_direction,lead_hand_velocity20_onset,latest_upward_crossing_55deg_pull_attack_direction,55.0,148.9483680653232,30.395339579228242,-30.395339579228242,-6.3,30.0,8.69760795428903,28.992026514296768,10.624395237875353,10.624395237875353,10.3877,0.2366952378753524,28.992026514296768,64.85331629003386,100.0,-4.54156324633984,4.54156324633984,20.770903637067804,36.101612298501685,499.9999999999999,75.23619656101246,6.269683046751038,36.88019168269505,True,True,ok,13.999999999999568,7.8125,11.099999999999888,2.7999999999999137,-8.299999999999974,-2.7999999999999137,8.299999999999974,17.964004499456973,26.383952006027748,8.419947506570775,17.964004499456973,26.383952006027748,3.5018747656580764,-25.99025121862574,-22.488376452967664,60.45359597766336,64.85331629003386,93.2158900052323,100.0,9.838107032821807,8.879201017115474,21.872036817141314,-0.33536052264173416,21.53667629449958,9.695978889837772,94.1287739441233,10.3007597821188,52.11811023627678
313_7,90,313,L,college,63.2584,13.1788,True,1.9083,1.738,1.8176,1.7925804813713442,1.6817868813503585,226.51311864964185,1.712768921772146,195.5310782278541,1.757872477075353,150.42752292464678,226.51311864964185,76.08559572499507,4.536599647044492,54.4391957645339,1.8444,63.90000000000007,1.875,33.30000000000011,2374.847654603347,ok,lead_hand_velocity20_onset_to_latest_upward_crossing_55deg_pull_attack_direction,lead_hand_velocity20_onset,latest_upward_crossing_55deg_pull_attack_direction,55.0,150.427522924647,32.040156894521886,-32.040156894521886,-6.3,30.0,8.640532641006498,28.80177547002166,13.059024858804861,13.059024858804861,13.1788,-0.11977514119513977,28.80177547002166,64.42773682449362,100.0,-6.931535543473528,6.931535543473528,22.286651668565504,36.33783277094288,500.0,76.4216210088808,6.368468417406734,38.714963425355606,True,True,ok,11.199999999999655,6.0606060606060606,8.299999999999974,5.50000000000006,-2.7999999999999137,-5.50000000000006,2.7999999999999137,16.70453693290143,24.40138732661053,7.696850393709099,16.70453693290143,24.40138732661053,2.2898387701562015,-25.37082864644659,-23.08098987629039,62.94021060057217,64.42773682449362,97.69117107438744,100.0,5.073660272717971,4.800415784403421,14.137818596245703,-1.722004537090332,12.415814059155371,8.588866780902917,95.53440333051327,8.990339062660656,52.515560554987374
313_8,90,313,L,college,61.7985,12.2147,True,1.8417,1.6732,1.7472,1.7237292669867756,1.6226779769487998,219.0220230512001,1.6519733498045366,189.7266501954633,1.685429280530509,156.2707194694908,219.0220230512001,62.751303581709294,6.015290799623409,72.1834895954809,1.7194,122.29999999999986,1.8167,24.99999999999991,2316.6812662507045,ok,lead_hand_velocity20_onset_to_latest_upward_crossing_55deg_pull_attack_direction,lead_hand_velocity20_onset,latest_upward_crossing_55deg_pull_attack_direction,55.0,156.27071946949079,31.49623755011377,-31.49623755011377,-6.3,30.0,8.394321518732092,27.981071729106976,12.466559764340571,12.466559764340571,12.2147,0.2518597643405709,27.573310783560856,61.67973958384222,98.54272577729054,-5.510376965124731,5.510376965124731,20.20078740159662,34.4291338583049,500.0,75.38707403993897,6.2822561699949135,39.727945615008835,True,True,ok,13.999999999999568,7.352941176470589,11.099999999999888,5.599999999999827,-5.50000000000006,-5.599999999999827,5.50000000000006,14.398762654683711,24.10236220475044,9.703599550066727,14.398762654683711,24.10236220475044,2.8983877015404325,-25.78083989504096,-22.882452193500527,60.60854454045464,62.591874841416754,96.83132945612016,100.0,5.239585516148203,5.510376965124731,19.17899203785291,-4.40942877916915,14.76956325868376,10.867542746467974,94.52939751632076,11.496468857311468,51.328271466122196
320_1,194,320,R,college,60.9538,2.7089,True,0.8556,0.6565,0.7611,0.7289339982720385,0.6523193697894447,203.2806302105553,0.6761115429120331,179.4884570879669,0.7064104887562197,149.18951124378032,203.2806302105553,54.091118966774985,4.084380741506935,49.012568898083224,0.7944,61.20000000000003,0.825,30.600000000000072,2302.269569401016,ok,lead_hand_velocity20_onset_to_latest_upward_crossing_55deg_pull_attack_direction,lead_hand_velocity20_onset,latest_upward_crossing_55deg_pull_attack_direction,55.0,149.18951124378032,42.33322008157192,-42.33322008157192,-6.3,30.0,8.413438118053287,28.044793726844294,2.701255499595784,2.701255499595784,2.7089,-0.007644500404215826,28.044793726844294,62.734416890757565,100.0,-9.815425299389846,-9.815425299389846,15.725159355097595,25.09130108739118,500.0,68.5657662804668,5.713813856705567,39.58434307182834,False,False,ok,8.400000000000073,4.3478260869565215,5.600000000000049,-2.6999999999999247,-8.299999999999974,2.6999999999999247,8.299999999999974,18.033745781796753,21.19853768281255,3.1647919010157963,18.033745781796753,21.19853768281255,0.8764529433830219,26.526996625450476,27.403449568833498,54.665306951206034,62.04344375521539,87.13766646846712,98.89857406860831,-0.1819515966248728,-0.583906370402563,11.242950171672476,-5.602449295572265,5.64050087610021,3.5057543888762797,95.032778288908,3.6889949467945446,49.97656542937533
320_2,194,320,R,college,61.4977,2.8684,True,0.8833,0.6694,0.8482,0.7596203899344373,0.6894232327901648,193.87676720983515,0.7060620331239149,177.23796687608507,0.7252872008665214,158.01279913347855,193.87676720983515,35.8639680763566,3.7062070415643076,44.47448449877169,0.8333,49.999999999999936,0.8583,25.00000000000002,2376.482837418813,ok,lead_hand_velocity20_onset_to_latest_upward_crossing_55deg_pull_attack_direction,lead_hand_velocity20_onset,latest_upward_crossing_55deg_pull_attack_direction,55.0,158.01279913347855,37.976682791418305,-37.976682791418305,-6.3,30.0,8.419398718485168,28.06466239495056,2.5800947399384064,2.5800947399384064,2.8684,-0.2883052600615934,28.06466239495056,62.77886183551926,100.0,-5.931225191757785,-5.931225191757785,16.717660292481494,25.540494938160318,475.0,73.61370064349993,6.1344750536249935,43.39577890790213,False,False,ok,11.200000000000099,5.714285714285714,8.299999999999974,-2.8000000000000247,-11.099999999999998,2.8000000000000247,11.099999999999998,19.00037495315138,23.646981627322127,4.646606674170748,19.00037495315138,23.646981627322127,1.974128233972884,22.432133483338816,24.4062617173117,49.308753347823654,59.61347639088432,78.54356053318183,94.9578801652565,8.584816906296123,8.494595811286747,18.57969687811997,-0.6148104377544898,17.964886440365483,5.184573152935239,97.12271676744143,5.338167346934501,50.44413198355656
320_3,194,320,R,college,62.7544,6.2646,True,0.8944,0.6917,0.8398,0.753066864554789,0.6890362965153187,205.36370348468125,0.7095790761366758,184.82092386332417,0.7250204633751037,169.37953662489625,205.36370348468125,35.984166859785006,4.4491662396775125,53.389994876130146,0.8333,61.09999999999993,0.8694,25.00000000000002,2367.0668668466437,ok,lead_hand_velocity20_onset_to_latest_upward_crossing_55deg_pull_attack_direction,lead_hand_velocity20_onset,latest_upward_crossing_55deg_pull_attack_direction,55.0,169.37953662489625,42.877640271326015,-42.877640271326015,-6.3,30.0,8.525183975793965,28.417279919313216,6.049950498530558,6.049950498530558,6.2646,-0.21464950146944162,28.417279919313216,63.56764477298046,100.0,-6.428758097423703,-6.428758097423703,19.77671541059504,31.02474690667018,500.0,77.78431314060506,6.482026095050422,37.791209608689485,True,True,ok,11.200000000000099,5.263157894736842,8.400000000000073,0.0,-8.400000000000073,0.0,8.400000000000073,19.77671541059504,25.307461567331423,5.5307461567363845,19.77671541059504,25.307461567331423,1.4010123734548294,28.249906261747807,29.650918635202636,55.86331978168588,63.56764477298046,87.8801157116815,100.0,1.1165125200296282,0.6388158990857149,16.04593447679449,-6.428758097423703,9.617176379370786,5.919699278149549,103.99277265442605,5.692414123644006,54.95575553061805
320_4,194,320,R,college,59.7639,6.124,True,0.875,0.6824,0.8287,0.7365580464579847,0.6687111905240118,206.28880947598816,0.6931462082260303,181.85379177396965,0.7076876353728324,167.3123646271676,206.28880947598816,38.97644484882056,3.826405835412804,45.91687002495365,0.8222,52.799999999999955,0.85,25.00000000000002,2527.5965152747676,ok,lead_hand_velocity20_onset_to_latest_upward_crossing_55deg_pull_attack_direction,lead_hand_velocity20_onset,latest_upward_crossing_55deg_pull_attack_direction,55.0,167.3123646271676,352.2481786719418,-352.2481786719418,-6.3,30.0,8.240774894461598,27.469249648205327,5.847712530502997,5.847712530502997,6.124,-0.276287469497003,27.469249648205327,61.44696145357305,100.0,-9.184628392482734,-9.184628392482734,16.50693663293871,26.951818522713772,500.0,73.25933975859009,6.104944979882507,35.56621775471239,True,True,ok,11.199999999999655,2.209944751381215,8.299999999999974,0.0,-8.299999999999974,0.0,8.299999999999974,16.50693663293871,21.91113610801017,5.404199475071458,16.50693663293871,21.91113610801017,1.3693288338972458,27.14698162732591,28.516310461223156,55.64492193352528,61.44696145357305,90.55764616704185,100.0,-0.5646421432487099,-0.5036950841114267,17.11807838019348,-9.184628392482734,7.933449987710748,5.812397772689632,219.96131977476622,2.642463583434284,61.58117735289744
320_5,194,320,R,college,63.0789,1.8896,True,1.1889,1.0398,1.1398,1.0619669171563608,0.9828677794989106,206.03222050108948,1.0119059180566814,176.99408194331866,1.0341760271798608,154.72397282013927,206.03222050108948,51.30824768095022,3.32549445532922,39.90593346395064,1.1472,41.700000000000074,1.1639,25.000000000000135,2355.717136340511,ok,lead_hand_velocity20_onset_to_latest_upward_crossing_55deg_pull_attack_direction,lead_hand_velocity20_onset,latest_upward_crossing_55deg_pull_attack_direction,55.0,154.72397282013927,38.65928015791265,-38.65928015791265,-6.3,30.0,8.519163535352321,28.39721178450774,2.0698818260904766,2.0698818260904766,1.8896,0.1802818260904766,27.886612081549515,62.3805746276608,98.20193719428192,-5.283021323911737,-5.283021323911737,18.021559805043836,28.517622797181154,497.2000000000001,74.15213072552196,6.17934422712683,42.86913872953662,False,False,ok,19.599999999999397,10.144927536231885,16.599999999999948,-2.7999999999999137,-19.399999999999864,2.7999999999999137,19.399999999999864,20.912635920532523,30.022309711318517,9.109673790785994,20.912635920532523,30.022309711318517,5.282339707542267,19.635170603695748,24.917510311238015,47.62233930091389,63.522753633920246,74.96894667910657,100.0,18.31716026817632,17.306062666688756,36.432903587239714,0.07769736364400179,36.51060095088371,10.751174227454904,98.08674603692532,10.960883770583603,52.882452193532956
320_6,194,320,R,college,56.9434,1.735,True,0.8694,0.6889,0.8324,0.7508575269755973,0.6660135090044162,203.3864909955837,0.695207661439022,174.19233856097793,0.7262428447497021,143.15715525029782,203.3864909955837,60.22933574528588,3.380308236831472,40.56369884197767,0.8194,49.999999999999936,0.8417,27.699999999999946,2301.8523894732925,ok,lead_hand_velocity20_onset_to_latest_upward_crossing_55deg_pull_attack_direction,lead_hand_velocity20_onset,latest_upward_crossing_55deg_pull_attack_direction,55.0,143.15715525029782,33.41747769999104,-33.41747769999104,-6.3,30.0,7.749874709482033,25.832915698273446,1.3224648603403555,1.3224648603403555,1.735,-0.4125351396596446,25.832915698273446,57.786586655049696,100.0,-5.572990067239621,-5.572990067239621,14.461942257233465,25.961942257245887,499.99999999999994,63.0364413297302,5.253036777477517,46.556104042739754,False,False,ok,5.600000000000049,3.125,2.8000000000000247,-5.600000000000049,-8.400000000000073,5.600000000000049,8.400000000000073,18.462692163499504,20.03955755532723,1.5768653918277273,18.462692163499504,20.03955755532723,0.678290213724015,19.799025121881154,20.47731533560517,48.61670945058428,52.15035918549554,84.1314780206626,90.24647795309497,8.16704036279992,8.16704036279992,6.88109707837346,4.72649182361319,11.60758890198665,1.8498223884028544,86.11566911913727,2.1480671372868345,45.42800899892421
320_7,194,320,R,college,65.1588,4.9215,True,0.8806,0.6463,0.825,0.7484850635644295,0.673026970298145,207.5730297018551,0.7044500769992206,176.14992300077947,0.7297336944067103,150.86630559328972,207.5730297018551,56.70672410856537,4.278681207276575,51.3441744873189,0.8222,58.400000000000006,0.85,30.600000000000072,2469.803115153732,ok,lead_hand_velocity20_onset_to_latest_upward_crossing_55deg_pull_attack_direction,lead_hand_velocity20_onset,latest_upward_crossing_55deg_pull_attack_direction,55.0,150.86630559328972,35.28874685879302,-35.28874685879302,-6.3,30.0,8.957423426425292,29.85807808808431,4.68566129923067,4.68566129923067,4.9215,-0.2358387007693299,29.631723238463124,66.28427710822989,99.24189745584624,-2.3305212660302232,-2.3305212660302232,19.870078740178943,32.507874015783145,497.30000000000007,72.26503287204223,6.022086072670185,45.367811601574125,False,False,ok,11.200000000000099,6.153846153846154,8.400000000000073,-2.6999999999999247,-11.099999999999998,2.6999999999999247,11.099999999999998,22.40738657670212,26.975440569957897,4.568053993255777,22.40738657670212,26.975440569957897,2.498500187479266,21.164791901035233,23.6632920885145,55.9134372954612,66.79061848623003,83.71450746033841,100.0,10.988454729383445,10.061168499576375,20.23654621686181,1.7974678507596082,22.03401406762142,5.447065582931567,94.2094885068091,5.781865148899387,51.513685789332
320_8,194,320,R,college,61.489,0.3282,True,0.9111,0.6852,0.8546,0.7802874650479753,0.7098477254052394,201.2522745947606,0.7360952546290712,175.00474537092882,0.7495103172639381,161.5896827360619,201.2522745947606,39.662591858698704,4.628481269358337,55.54177523230005,0.8417,69.40000000000002,0.8861,25.00000000000002,2283.8426867877706,ok,lead_hand_velocity20_onset_to_latest_upward_crossing_55deg_pull_attack_direction,lead_hand_velocity20_onset,latest_upward_crossing_55deg_pull_attack_direction,55.0,161.5896827360619,47.50682028599784,-47.50682028599784,-6.3,30.0,8.370482761575055,27.901609205250182,0.3235357857775085,0.3235357857775085,0.3282,-0.0046642142224914696,27.66580730160856,61.88664840195179,99.15488063105245,-16.18367855092235,-16.18367855092235,12.807836520448777,25.736970378730458,500.0,73.78593445283018,6.148827871069181,37.975440665040296,False,False,ok,5.600000000000049,2.631578947368421,2.7000000000000357,-5.599999999999938,-8.299999999999974,5.599999999999938,8.299999999999974,16.627296587944468,17.984814398219648,1.35751781027518,16.627296587944468,17.984814398219648,0.5091863517065889,32.35114360708406,32.86032995879065,45.30825649060158,49.81345802617355,72.59295631503322,79.81119695358078,-2.2310788686526637,-2.2310788686526637,7.147015720139336,-5.804586728722332,1.3424289914170042,1.4107764518654191,104.74959128004052,1.3468085503969267,54.571803524618396
321_1,126,321,R,high_school,61.04,14.4501,True,1.0222,0.8732,0.9167,0.8967155802415008,0.8064768537337057,215.7231462662943,0.8465316833404218,175.66831665957815,0.8467172187757009,175.48278122429906,215.7231462662943,40.24036504199523,5.483871992730431,65.80646391276517,0.9472,74.99999999999996,0.9972,25.00000000000002,2326.1388900188167,ok,lead_hand_velocity20_onset_to_latest_upward_crossing_55deg_pull_attack_direction,lead_hand_velocity20_onset,latest_upward_crossing_55deg_pull_attack_direction,55.0,175.48278122429906,32.15780045765793,-32.15780045765793,-6.3,30.0,8.154887132513771,27.182957108379238,15.838772810337312,15.838772810337312,14.4501,1.3886728103373116,26.21531035707332,58.641979145206896,96.44024471860114,8.051802300135797,8.051802300135797,21.11698537685071,33.99493813277013,500.0,90.49267710617181,7.541056425514317,47.160308473267264,True,True,ok,19.600000000000172,9.333333333333334,16.69999999999994,8.299999999999974,-8.399999999999963,-8.299999999999974,8.399999999999963,13.604986876655115,25.894075740560407,12.289088863905292,13.604986876655115,25.894075740560407,5.023247094118666,24.86745406826833,29.890701162386996,55.068346806585694,60.53765239634268,90.56319243805741,99.55779284557262,11.354180288302363,8.051802300135797,34.05238414228113,-3.012815099053367,31.03956904322776,13.984879115177316,109.12688586764595,12.815246219102058,56.6616047994613
321_2,126,321,R,high_school,65.0598,5.4293,True,1.1583,0.9991,1.0639,1.0342355211884608,0.9448796264174422,213.420373582558,0.9824633966779766,175.83660332202356,0.9848968329655244,173.4031670344758,213.420373582558,40.01720654808216,3.2208176650084446,38.64981198010133,1.1222,36.10000000000002,1.125,33.30000000000011,2311.0542009528476,ok,lead_hand_velocity20_onset_to_latest_upward_crossing_55deg_pull_attack_direction,lead_hand_velocity20_onset,latest_upward_crossing_55deg_pull_attack_direction,55.0,173.40316703447567,37.39238215942042,-37.39238215942042,-6.3,30.0,8.891975794225099,29.639919314083663,5.223259296469469,5.223259296469469,5.4293,-0.2060407035305305,29.409644725911047,65.7875016238167,99.2230930667102,4.989990523773105,4.989990523773105,18.52755905513812,29.55118110239412,497.2000000000001,91.76073543217855,7.6467279526815455,46.840993603480946,True,True,ok,13.999999999999568,6.578947368421052,11.099999999999888,0.0,-11.099999999999888,0.0,11.099999999999888,18.52755905513812,25.023434570705696,6.495875515567576,18.52755905513812,25.023434570705696,3.243157105365338,25.028121484841428,28.271278590206766,52.87023648635659,65.7875016238167,79.74080586525231,99.2230930667102,14.887022466400229,14.157253002702712,21.061728994080976,4.989990523773105,26.05171951785408,7.5091133173938776,114.74991702174228,6.543894333249136,58.39782527190411
321_3,126,321,R,high_school,60.5188,7.108,True,1.3222,1.1583,1.2519,1.1863079813634485,1.085732624032902,236.4673759670981,1.1339528347726862,188.24716522731387,1.1355319648280329,186.6680351719672,236.4673759670981,49.79934079513089,4.069512683534932,48.83415220241919,1.2722,50.00000000000004,1.2972,25.000000000000135,2138.4021506273098,ok,lead_hand_velocity20_onset_to_latest_upward_crossing_55deg_pull_attack_direction,lead_hand_velocity20_onset,latest_upward_crossing_55deg_pull_attack_direction,55.0,186.66803517196718,41.868363803049924,-41.868363803049924,-6.3,30.0,8.281897767154195,27.606325890513983,6.858043739037218,6.858043739037218,7.108,-0.24995626096278123,27.606325890513983,61.75359227477173,100.0,1.0543411597654289,1.0543411597654289,16.232845894280747,27.18560179980439,500.0,93.73073583345197,7.810894652787664,40.37446557285409,True,True,ok,13.999999999999568,6.024096385542169,11.099999999999888,0.0,-11.099999999999888,0.0,11.099999999999888,16.232845894280747,22.61979752533377,6.386951631053023,16.232845894280747,22.61979752533377,2.5534308211501155,32.37589051372076,34.92932133487088,49.89166705027381,61.75359227477173,80.79152193815956,100.0,11.219449573759794,11.43005365234413,20.087414082527726,1.0543411597654289,21.141755242293154,7.146790529936712,119.30011203208191,5.990598339098637,60.07874015754523
321_4,126,321,R,high_school,58.2632,-1.623,True,1.2889,1.1611,1.2019,1.1835635020288573,1.0792191992943387,209.6808007056612,1.1268114481091531,162.08855189084682,1.124241105147992,164.6588948520078,209.6808007056612,47.59224881481438,3.289020023593643,39.46824028312371,1.2472,41.69999999999985,1.25,38.899999999999935,2154.5995289650295,ok,lead_hand_velocity20_onset_to_latest_upward_crossing_55deg_pull_attack_direction,lead_hand_velocity20_onset,latest_upward_crossing_55deg_pull_attack_direction,55.0,164.65889485200802,46.368198151761185,-46.368198151761185,-6.3,30.0,7.952503148757668,26.508343829192228,-1.5377862930134865,-1.5377862930134865,-1.623,0.08521370698651354,26.508343829192228,59.29747635377639,100.0,-2.5839986640424377,-2.5839986640424377,10.139107611559504,25.009186351733046,499.9999999999999,79.42271377745192,6.6185594814543265,51.632819046042435,False,False,ok,5.599999999999827,2.631578947368421,2.7999999999999137,-5.50000000000006,-8.299999999999974,5.50000000000006,8.299999999999974,14.259842519700442,15.624296962896516,1.364454443196074,14.259842519700442,15.624296962896516,0.35976752905925835,26.936632920913983,27.29640044997324,49.8639023350019,53.50346448556701,84.09110370483127,90.22890648222268,4.75845830999455,4.75845830999455,3.150067157505052,3.1834247312420243,6.333491888747076,1.575471384106791,107.96204306211074,1.459282669558615,53.85020622428016
321_5,126,321,R,high_school,61.6575,1.7094,True,0.9611,0.7963,0.8833,0.8353195763249919,0.7499746482541108,211.1253517458892,0.7908071045732915,170.29289542670844,0.7886100906301733,172.48990936982668,211.1253517458892,40.83245631918075,3.2716650816003687,39.25998097920443,0.9222,38.899999999999935,0.925,36.09999999999991,2132.652914339153,ok,lead_hand_velocity20_onset_to_latest_upward_crossing_55deg_pull_attack_direction,lead_hand_velocity20_onset,latest_upward_crossing_55deg_pull_attack_direction,55.0,172.48990936982668,51.59799142715349,-51.59799142715349,-6.3,30.0,8.343166258265327,27.81055419421776,1.6820279968937697,1.6820279968937697,1.7094,-0.027372003106230336,27.30889851992664,61.08826619525458,98.1961680059025,-1.730978987379625,-1.730978987379625,13.160479940021709,21.32583427073919,499.99999999999994,92.38679783730086,7.698899819775072,42.40625715216779,False,False,ok,19.600000000000172,8.641975308641975,16.599999999999948,-5.600000000000049,-22.199999999999996,5.600000000000049,22.199999999999996,16.930071241113147,24.155605549332428,7.225534308219281,16.930071241113147,24.155605549332428,4.188038995130139,29.15879265095013,33.34683164608027,34.81579438966401,50.87547735322399,55.96455437479711,81.77964824848392,21.955867104684597,26.320202753621686,22.582818808951977,7.430707017880582,30.01352582683256,8.525715575036097,120.32504482041887,7.085570246626912,59.78552680921346
321_6,126,321,R,high_school,65.0164,4.832,True,1.4861,1.3528,1.3926,1.3750680649085505,1.2583936773914526,227.7063226085474,1.3113306105135405,174.76938948645972,1.3168074978629436,169.29250213705637,227.7063226085474,58.41382047149102,3.4089545903806373,40.907455084567644,1.4472,38.899999999999935,1.4611,24.99999999999991,2248.747805645561,ok,lead_hand_velocity20_onset_to_latest_upward_crossing_55deg_pull_attack_direction,lead_hand_velocity20_onset,latest_upward_crossing_55deg_pull_attack_direction,55.0,169.29250213705637,30.63237793771023,-30.63237793771023,-6.3,30.0,8.80899002894143,29.363300096471434,4.588549617896685,4.588549617896685,4.832,-0.2434503821033145,28.640883177906467,64.06783101714933,97.53972844948794,5.829931534323977,5.829931534323977,18.59898762656677,33.724971878551614,500.0,90.5909552877304,7.549246273977533,46.06107120039963,False,False,ok,11.199999999999655,5.555555555555555,8.300000000000196,-2.7999999999999137,-11.10000000000011,2.7999999999999137,11.10000000000011,21.143044619445412,25.81702287216887,4.673978252723458,21.143044619445412,25.81702287216887,2.9070116235501935,23.185039370103784,26.092050993653977,56.45839218752776,64.24318436476044,85.95477879049913,97.80669422056451,18.362529357437275,17.91418375270915,16.01774260302751,10.802003660651643,26.819746263679153,5.798663475175522,111.23706887574453,5.212887694526382,56.77690288720045
321_7,126,321,R,high_school,61.7234,9.7269,True,1.1389,0.9833,1.038,1.013678697444942,0.9249081609889098,213.9918390110902,0.964277510056797,174.62248994320305,0.9694761954949432,169.4238045050569,213.9918390110902,44.568034506033314,3.5145894969361717,42.17507396323406,1.0972,41.700000000000074,1.1,38.899999999999935,2269.1081170266525,ok,lead_hand_velocity20_onset_to_latest_upward_crossing_55deg_pull_attack_direction,lead_hand_velocity20_onset,latest_upward_crossing_55deg_pull_attack_direction,55.0,169.42380450505678,35.00364793810995,-35.00364793810995,-6.3,30.0,8.348038983789218,27.82679661263073,10.290562197622318,10.290562197622318,9.7269,0.5636621976223175,27.633924363665184,61.815328300968936,99.30688303202676,10.199231495649116,10.199231495649116,20.76884139484808,31.005061867300082,500.0,88.68723420759852,7.39060285063321,38.85368808981565,True,True,ok,13.999999999999568,6.8493150684931505,11.099999999999888,2.7999999999999137,-8.299999999999974,-2.7999999999999137,8.299999999999974,18.272778402719396,24.971691038647148,6.698912635927751,18.272778402719396,24.971691038647148,3.280089988754952,25.895388076518408,29.17547806527336,55.154477852996465,61.815328300968936,88.60616664805737,99.30688303202676,14.946562725992084,15.105221592821064,20.39919956692405,4.8174731581773615,25.21667272510141,7.714089962345687,106.8506470860085,7.219507015372867,56.42519685045467
321_8,126,321,R,high_school,63.8134,6.637,True,1.225,1.0796,1.125,1.1047487359777923,1.0050371791912571,219.96282080874275,1.0481335679300123,176.86643206998775,1.05940169680284,165.59830319715996,219.96282080874275,54.364517611582784,2.512248173910805,30.146978086929657,1.1972,27.800000000000047,1.2,25.000000000000135,2368.707517035609,ok,lead_hand_velocity20_onset_to_latest_upward_crossing_55deg_pull_attack_direction,lead_hand_velocity20_onset,latest_upward_crossing_55deg_pull_attack_direction,55.0,165.5983031971602,34.50084201489623,-34.50084201489623,-6.3,30.0,8.647685806467656,28.82561935489219,6.370959918426593,6.370959918426593,6.637,-0.266040081573407,28.290080339057504,63.28310741557237,98.14214220606574,2.8695171360542164,2.8695171360542164,18.675103112131158,30.93494563182944,497.2000000000001,90.81115298198233,7.567596081831861,44.0186998378189,True,True,ok,13.999999999999568,6.944444444444445,11.099999999999888,0.0,-11.099999999999888,0.0,11.099999999999888,18.675103112131158,26.368953880793388,7.69385076866223,18.675103112131158,26.368953880793388,3.4169478815185066,27.02062242222641,30.437570303744916,58.63104506900511,64.48107407590408,90.92752549374006,100.0,12.709360435810073,12.36193475370742,20.6221359984522,2.8695171360542164,23.491653134506418,8.699810078763669,112.9581682105598,7.701798122776547,58.90869891269958
324_1,195,324,L,college,67.1736,-7.8319,True,1.9361,,2.0074,1.9639,1.7349909500884575,201.10904991154243,1.759292345266397,176.8076547336026,1.783073702368237,153.0262976317629,201.10904991154243,48.08275227977953,6.056861605183605,72.68233926220326,1.8194,116.70000000000003,1.9,36.10000000000002,2467.36588641713,ok,lead_hand_velocity20_onset_to_latest_upward_crossing_55deg_pull_attack_direction,lead_hand_velocity20_onset,latest_upward_crossing_55deg_pull_attack_direction,55.0,153.0262976317629,389.7644759562093,-389.7644759562093,-6.3,30.0,9.072930875687874,30.243102918959583,-7.821359311747463,-7.821359311747463,-7.8319,0.0105406882525374,30.2126517173303,67.58377710569583,99.89931191349353,8.148133047699833,-8.148133047699833,8.539557555314806,22.019872515959282,500.0,75.56528507599398,6.297107089666166,51.88939155101664,False,False,ok,19.599999999999397,3.6458333333333335,16.69999999999994,-11.10000000000011,-27.800000000000047,11.10000000000011,27.800000000000047,16.63723284591223,26.29977502814989,9.662542182237662,16.63723284591223,26.29977502814989,5.231721034876291,-23.468878890164067,-18.237157855287776,39.85109067882376,45.29866893499033,58.90609711840461,66.95846327330075,22.409813280677206,22.968940919657516,19.152820364768345,11.394662692424815,30.54748305719316,11.698419644565531,261.3369723939186,4.476373755081338,64.58473940764384
324_2,195,324,L,college,65.2487,-4.0563,True,2.0167,,2.0444,1.975,1.7926025776930368,224.09742230696332,1.8336170497754585,183.08295022454192,1.8682610954601668,148.43890453983332,224.09742230696332,75.65851776713004,5.812664820080838,69.75197784097006,1.8944,122.30000000000007,1.9917,25.000000000000135,2425.5154071946527,ok,lead_hand_velocity20_onset_to_latest_upward_crossing_55deg_pull_attack_direction,lead_hand_velocity20_onset,latest_upward_crossing_55deg_pull_attack_direction,55.0,148.43890453983332,421.1027326416867,-421.1027326416867,-6.3,30.0,8.796463838399333,29.321546127997777,-3.7722673942309672,-3.7722673942309672,-4.0563,0.284032605769033,29.276852124055406,65.49045303340948,99.84757282666041,13.430947209147655,-13.430947209147655,8.9548181477412,23.950881139883382,497.30000000000007,71.01902137084232,5.918251780903527,45.83953682291848,False,False,ok,5.599999999999827,0.9950248756218906,2.8000000000001357,-8.299999999999752,-11.099999999999888,8.299999999999752,11.099999999999888,15.114173228362779,16.652605924277452,1.5384326959146737,15.114173228362779,16.652605924277452,0.3565804274469606,-28.894638170259924,-28.538057742812963,46.541282351809905,51.052762457096875,70.95742759174156,77.83568720828248,2.860750932458335,2.860750932458335,5.976516952609948,-0.12750754384663915,5.849009408763309,1.7673031996054487,251.8523248250507,0.7017220114339252,62.95706786658471
324_3,195,324,L,college,68.518,0.3016,True,2.0389,,2.1083,2.075,1.835290209309406,203.60979069059383,1.8575662154417671,181.3337845582328,1.8698996947138653,169.00030528613462,203.60979069059383,34.60948540445921,6.796293783306823,81.55552539968188,1.9167,122.19999999999986,2.0139,24.99999999999991,2521.6957795637495,ok,lead_hand_velocity20_onset_to_latest_upward_crossing_55deg_pull_attack_direction,lead_hand_velocity20_onset,latest_upward_crossing_55deg_pull_attack_direction,55.0,169.00030528613462,462.71761591536455,-462.71761591536455,-6.3,30.0,9.276578083120858,30.921926943736196,0.9077848053615449,0.9077848053615449,0.3016,0.606184805361545,30.819451136023915,68.9411487473691,99.66859824777822,1.490506450013683,-1.490506450013683,14.51481064868459,26.50299962507549,500.0,84.95347692269983,7.079456410224986,54.21137288164801,False,False,ok,11.199999999999655,1.8018018018018018,8.299999999999752,-2.8000000000001357,-11.099999999999888,2.8000000000001357,11.099999999999888,17.28252718412065,22.489126359229385,5.206599175108735,17.28252718412065,22.489126359229385,2.057180352458168,-24.02137232848488,-21.96419197602671,57.891229011088285,67.94147740595041,83.69366845800451,98.2233678865496,8.938343804699223,8.303050383229516,13.97222717202931,2.5875236401542745,16.559750812183584,6.006618891755706,286.2460566175468,2.0984110533201674,69.7215973004128
324_4,195,324,L,college,66.5624,-0.2247,True,1.7917,,1.862,1.8111,1.5838154825946769,207.8845174053232,1.6155867282166512,176.1132717833489,1.6331788338118198,158.52116618818025,207.8845174053232,49.36335121714296,6.021160569177919,72.25392683013503,1.6389,152.80000000000004,1.7667,25.000000000000135,2505.668420837212,ok,lead_hand_velocity20_onset_to_latest_upward_crossing_55deg_pull_attack_direction,lead_hand_velocity20_onset,latest_upward_crossing_55deg_pull_attack_direction,55.0,158.52116618818025,371.9003282055966,-371.9003282055966,-6.3,30.0,8.965786907003777,29.88595635667926,0.35718023973998525,0.35718023973998525,-0.2247,0.5818802397399853,29.88595635667926,66.85298039700972,100.0,8.652802122325054,-8.652802122325054,10.953318335219926,26.358830146260186,500.0,72.04139213362495,6.003449344468746,47.18909843490432,False,False,ok,13.999999999999568,2.6178010471204187,11.10000000000011,-5.499999999999838,-16.599999999999948,5.499999999999838,16.599999999999948,15.354518185243428,21.555305586824932,6.200787401581504,15.354518185243428,21.555305586824932,2.819647544060043,-26.768841394854554,-23.94919385079451,46.35612262225544,61.14505830207952,69.34039791041076,91.46197811820292,13.031725666131305,14.385685602178416,23.298686959884687,0.20873369830066107,23.50742065818535,7.379636025843304,258.8554668733212,2.850871227477206,65.84645669298453
324_5,195,324,L,college,67.8851,-8.5695,True,1.4389,,1.4241,1.3861,1.236100959183279,202.79904081672103,1.265444939167569,173.455060832431,1.2786759186261714,160.2240813738287,202.79904081672103,42.57495944289232,6.0974472352259,73.1693668227108,1.275,163.90000000000015,1.4139,25.000000000000135,2494.520470422818,ok,lead_hand_velocity20_onset_to_latest_upward_crossing_55deg_pull_attack_direction,lead_hand_velocity20_onset,latest_upward_crossing_55deg_pull_attack_direction,55.0,160.2240813738287,451.7514288443967,-451.7514288443967,-6.3,30.0,9.159192594813327,30.53064198271109,-8.360740222097185,-8.360740222097185,-8.5695,0.20875977790281475,30.231680859448574,67.62634408430687,99.02078337091041,11.660017037570347,-11.660017037570347,8.241657292847291,20.45819272593135,497.2000000000001,73.12762903577944,6.093969086314953,51.18093781006477,False,False,ok,11.199999999999655,1.8181818181818181,8.299999999999974,-11.099999999999888,-19.399999999999864,11.099999999999888,19.399999999999864,17.35339332585301,22.58211473568243,5.228721409829422,17.35339332585301,22.58211473568243,2.0854893138380213,-25.64829396328229,-23.562804649444267,43.64988698787585,48.795424978565954,63.91364285791965,71.44791385248537,14.040733574058212,14.905707293922045,12.350263033747222,7.000628337320769,19.35089137106799,6.052508376723911,278.11169447720704,2.1762869008803767,70.08548931391148
324_6,195,324,L,college,67.9485,-5.6251,True,1.5667,,1.637,1.6,1.369736873531555,196.96312646844504,1.390896852209785,175.80314779021467,1.4175952745948726,149.10472540512745,196.96312646844504,47.85840106331759,6.288082401527598,75.45698881833118,1.4139,152.80000000000004,1.5417,24.99999999999991,2465.9654945871334,ok,lead_hand_velocity20_onset_to_latest_upward_crossing_55deg_pull_attack_direction,lead_hand_velocity20_onset,latest_upward_crossing_55deg_pull_attack_direction,55.0,149.10472540512743,453.6124679912152,-453.6124679912152,-6.3,30.0,9.207705885318594,30.692352951061984,-5.288018609780443,-5.288018609780443,-5.6251,0.33708139021955663,30.361120102500237,67.91589142470518,98.92079682163865,16.047708862793478,-16.047708862793478,7.611736033004091,18.749531308606674,500.0,75.08411403601905,6.257009503001587,47.23939068961441,False,False,ok,11.199999999999655,1.8433179723502304,8.299999999999974,-8.299999999999974,-16.599999999999948,8.299999999999974,16.599999999999948,14.383577052883922,19.129921259863174,4.746344206979252,14.383577052883922,19.129921259863174,1.1542932133495825,-30.319835020655166,-29.165541807305583,43.987105488760925,55.06374904086381,64.0680617385358,80.20140525060675,5.1316226865292816,5.79474190598087,15.095402210814267,-3.079197638329439,12.016204572484828,5.24365774072974,274.01609078049864,1.913631322085456,67.8110236221205
324_7,195,324,L,college,70.4392,-3.2222,True,1.5528,,1.5926,1.5556,1.3496828213333407,203.11717866665924,1.3687163346120943,184.08366538790565,1.3851148374179223,167.68516258207745,203.11717866665924,35.43201608458179,7.01732886879825,84.207946425579,1.4472,105.59999999999991,1.525,27.800000000000047,2581.623445912123,ok,lead_hand_velocity20_onset_to_latest_upward_crossing_55deg_pull_attack_direction,lead_hand_velocity20_onset,latest_upward_crossing_55deg_pull_attack_direction,55.0,167.68516258207765,581.0922008164891,-581.0922008164891,-6.3,30.0,9.599275254379531,31.997584181265104,-2.80361486910881,-2.80361486910881,-3.2222,0.4185851308911901,31.679903086873864,70.86592494379435,99.00717162710913,4.155838076409579,-4.155838076409579,12.401574803162996,25.933070866169732,500.0,91.99724410403675,7.666437008669729,53.268861629135344,False,False,ok,8.399999999999741,1.1111111111111112,5.600000000000049,-5.50000000000006,-11.10000000000011,5.50000000000006,11.10000000000011,16.981252343475408,20.045181852290117,3.0639295088147094,16.981252343475408,20.045181852290117,1.037495313086989,-27.11698537685718,-26.07949006377019,53.4304227233556,64.63137128742032,74.64793604085312,90.29684258865215,6.7720377993366325,6.317578848630254,9.868934114446402,2.0648002174666193,11.933734331913021,3.525419570908251,315.3119703125577,1.11807349635779,67.71541057375146
324_8,195,324,L,college,68.9921,-3.0688,True,1.6972,,1.7185,1.6806,1.4918636151497005,205.3363848502996,1.5218673149749522,175.33268502504785,1.5259905150561133,171.20948494388676,205.3363848502996,34.12689990641283,6.845272884657716,82.1432746158926,1.5333,163.89999999999992,1.6722,25.000000000000135,2609.896061226618,ok,lead_hand_velocity20_onset_to_latest_upward_crossing_55deg_pull_attack_direction,lead_hand_velocity20_onset,latest_upward_crossing_55deg_pull_attack_direction,55.0,171.20948494388676,443.2169895399527,-443.2169895399527,-6.3,30.0,9.48943219930122,31.6314406643374,-3.7049539016488153,-3.7049539016488153,-3.0688,-0.6361539016488154,31.6314406643374,70.75751759202167,100.0,10.349982049962161,-10.349982049962161,9.6323584552035,25.7544056993154,500.0,82.44639535388968,6.870532946157474,45.833942898579764,False,False,ok,8.399999999999741,1.4018691588785046,5.499999999999838,-5.600000000000049,-11.099999999999888,5.600000000000049,11.099999999999888,14.841019872531962,17.818147731552802,2.9771278590208397,14.841019872531962,17.818147731552802,0.6751031121117208,-30.508436445477265,-29.833333333365545,56.30599155529104,64.25733682242917,79.57598495744837,90.81344146770147,2.3231359142476258,2.284093780725633,7.091078415824873,-1.2028822269038142,5.888196188921058,3.546522075096023,285.26768843747686,1.2432260009963683,68.20584926891509
342_1,200,342,L,college,71.4068,-3.2322,True,1.4722,,1.4759,1.4389,1.2630774672290517,209.12253277094828,1.292789042882914,179.4109571170861,1.3190457306295358,153.15426937046416,209.12253277094828,55.96826340048412,5.177529625799799,62.13035550959759,1.4083,63.89999999999985,1.4472,24.99999999999991,2644.5335185766344,ok,lead_hand_velocity20_onset_to_latest_upward_crossing_55deg_pull_attack_direction,lead_hand_velocity20_onset,latest_upward_crossing_55deg_pull_attack_direction,55.0,153.15426937046416,458.34891279468957,-458.34891279468957,-6.3,30.0,9.813958744490167,32.71319581496722,-4.131306661212097,-4.131306661212097,-3.2322,-0.8991066612120968,32.71319581496722,73.17733494758228,100.0,2.958284678887145,-2.958284678887145,15.966441694805397,26.253843269619658,500.0,83.78267562894251,6.981889635745209,48.43853086757775,False,False,ok,8.399999999999741,1.3636363636363635,5.50000000000006,-5.600000000000049,-11.10000000000011,5.600000000000049,11.10000000000011,21.101987251616343,24.2716535433333,3.1696662917169576,21.101987251616343,24.2716535433333,1.262842144733277,-26.582677165383036,-25.31983502064976,55.789201571712084,63.60389804226137,76.23836207163664,86.9174835183893,9.557766951393583,9.46093402907882,8.450575442928873,5.380895691086531,13.831471134015404,3.746120785359784,292.8213693105504,1.2793194684459155,68.24671916017873
342_2,200,342,L,college,71.9894,-1.9403,True,1.55,,1.5454,1.4972,1.3454475823986174,204.55241760138264,1.3754607141313184,174.53928586868162,1.399492851304999,150.50714869500138,204.55241760138264,54.04526890638127,4.448878557514831,53.386542690177976,1.4944,55.600000000000094,1.525,25.000000000000135,2639.2364991690624,ok,lead_hand_velocity20_onset_to_latest_upward_crossing_55deg_pull_attack_direction,lead_hand_velocity20_onset,latest_upward_crossing_55deg_pull_attack_direction,55.0,150.50714869500115,353.74811388594907,-353.74811388594907,-6.3,30.0,9.779010789261823,32.59670263087275,-2.508886671099969,-2.508886671099969,-1.9403,-0.568586671099969,31.583139127129098,70.64947013047839,96.8905949929313,11.896479603869388,-11.896479603869388,13.845144356970334,24.79002624674593,500.0,78.0464928787102,6.503874406559183,43.04824315252184,False,False,ok,8.399999999999741,1.6483516483516485,5.499999999999838,-5.600000000000049,-11.099999999999888,5.600000000000049,11.099999999999888,19.67791526061368,23.420884889414125,3.742969628800445,19.67791526061368,23.420884889414125,0.9945631796036203,-30.66404199478377,-29.66947881518015,63.02078681008006,72.10551592138238,86.42841226798011,98.88745558873045,1.9878053742870883,1.4737859572195708,8.828266472477331,-2.1693181534178185,6.658948319059513,4.392753264296776,265.55316675672526,1.6541897496259204,71.01462317218021
342_3,200,342,L,college,72.3962,4.7664,True,2.3639,2.2491,2.3509,2.2864243938177755,2.134701549895748,229.1984501042519,2.1830918007811992,180.8081992188009,2.2063150507496325,157.5849492503676,229.1984501042519,71.61350085388429,5.609308286314564,67.31169943577476,2.2806,83.29999999999993,2.3389,24.99999999999991,2616.1326956233042,ok,lead_hand_velocity20_onset_to_latest_upward_crossing_55deg_pull_attack_direction,lead_hand_velocity20_onset,latest_upward_crossing_55deg_pull_attack_direction,55.0,157.5849492503676,350.17386304066144,-350.17386304066144,-6.3,30.0,9.784355513211938,32.61451837737313,5.033615590533316,5.033615590533316,4.7664,0.2672155905333158,31.990722619116376,71.561208435747,98.08736786777288,1.8464204481468092,-1.8464204481468092,20.874390701184904,29.88620172481668,497.2000000000001,80.17794667157939,6.68149555596495,35.80352211405633,True,False,ok,11.200000000000543,2.185792349726776,8.299999999999752,0.0,-8.299999999999752,0.0,8.299999999999752,20.874390701184904,28.386389201380492,7.511998500195588,20.874390701184904,28.386389201380492,2.548368953883518,-29.067304087020517,-26.518935133137,69.76988156268938,72.95659980622113,95.63203568697561,100.0,6.420666167947946,6.785587427867387,15.804330712350628,-1.8464204481468092,13.95791026420382,8.430987776049015,261.71401529817217,3.221450622903609,71.81402324717169
342_4,200,342,L,college,73.4176,-4.3649,True,1.7528,,1.75,1.6944,1.5553919736612665,197.40802633873344,1.5786208208580388,174.17917914196113,1.5960407984629317,156.75920153706824,197.40802633873344,40.6488248016652,4.850311112446421,58.20373334935705,1.6944,58.400000000000006,1.725,27.799999999999827,2613.9453289582307,ok,lead_hand_velocity20_onset_to_latest_upward_crossing_55deg_pull_attack_direction,lead_hand_velocity20_onset,latest_upward_crossing_55deg_pull_attack_direction,55.0,156.75920153706824,364.52220562611814,-364.52220562611814,-6.3,30.0,10.143080931661798,33.81026977220599,-3.925103602070332,-3.925103602070332,-4.3649,0.43979639792966774,32.447178522485544,72.58227121171598,95.96841060747468,5.289158540822609,-5.289158540822609,15.127296587942851,27.27690288716857,500.0,83.34277019294528,6.9452308494121064,49.30891087593167,False,False,ok,8.399999999999741,1.5957446808510638,5.599999999999827,-8.300000000000196,-13.900000000000023,8.300000000000196,13.900000000000023,22.373453318359378,25.729658792678713,3.356205474319335,22.373453318359378,25.729658792678713,1.5941132358472387,-26.28871391078954,-24.6946006749423,50.5788858046853,60.04571397104596,66.87549452419312,79.39255189168229,13.998885887201448,14.045591916961916,13.273851241516141,7.338607251563146,20.612458493079288,3.9526678189806597,275.63578969377835,1.434018355661264,70.56917885271967
342_5,200,342,L,college,68.7366,3.1113,True,1.5,,1.4972,1.4417,1.2863349188492874,213.66508115071252,1.3235187130695474,176.48128693045263,1.3204787336367116,179.52126636328836,213.66508115071252,37.18379422025993,4.4451271294243515,53.34152555309222,1.4472,52.799999999999955,1.475,24.99999999999991,2582.8241327752876,ok,lead_hand_velocity20_onset_to_latest_upward_crossing_55deg_pull_attack_direction,lead_hand_velocity20_onset,latest_upward_crossing_55deg_pull_attack_direction,55.0,179.52126636328836,475.28448455804903,-475.28448455804903,-6.3,30.0,9.482989564560878,31.609965215202926,3.1710983011971448,3.1710983011971448,3.1113,0.0597983011971448,31.609965215202926,70.70947838046459,100.0,13.360955326573901,-13.360955326573901,13.510311211113205,23.648106486714703,500.0,84.58077983755106,7.048398319795922,39.76128070764155,False,False,ok,11.199999999999655,1.7391304347826086,8.300000000000196,-2.7999999999999137,-11.10000000000011,2.7999999999999137,11.10000000000011,16.211661042387213,21.129358830169053,4.91769778778184,16.211661042387213,21.129358830169053,1.2155980502450277,-35.63742032249818,-34.42182227225315,56.14474724403328,69.04780235443356,79.40201021132802,97.64999535551641,-0.5632885025825058,-1.3196279662617343,16.566527861391727,-8.09021296959914,8.476314891792585,5.405592492157985,275.4931517248418,1.9621513124061265,67.08998875147857
342_6,200,342,L,college,73.9529,5.3215,True,1.825,1.7093,1.8083,1.753401802026194,1.6148018215225013,210.19817847749863,1.6489138479130432,176.08615208695676,1.6635475237417243,161.45247625827562,210.19817847749863,48.745702219223006,5.198521192649561,62.382254311794725,1.7583,66.69999999999999,1.8,24.99999999999991,2854.8274152027057,ok,lead_hand_velocity20_onset_to_latest_upward_crossing_55deg_pull_attack_direction,lead_hand_velocity20_onset,latest_upward_crossing_55deg_pull_attack_direction,55.0,161.45247625827562,489.18616813413007,-489.18616813413007,-6.3,30.0,10.034396143607468,33.447987145358226,5.283648529401507,5.283648529401507,5.3215,-0.037851470598493364,32.4899044303399,72.67784634560635,97.13560427162719,-2.9080445644606314,2.9080445644606314,23.279340082514835,32.67304086992655,500.0,83.1351807235394,6.927931726961617,38.641209644727965,True,True,ok,13.999999999999568,2.127659574468085,11.10000000000011,0.0,-11.10000000000011,0.0,11.10000000000011,23.279340082514835,31.747656542966432,8.468316460451597,23.279340082514835,31.747656542966432,4.718972628426542,-26.2497187851802,-21.530746156753658,68.00631530504182,74.82101634162086,90.8919961666062,100.0,14.853077189667754,14.629124588932639,24.775911574170607,2.9080445644606314,27.68395613863124,10.175425209226322,299.3926146107638,3.3986894507919816,72.61117360337805
342_7,200,342,L,college,69.6332,-3.7525,True,1.5056,,1.5056,1.45,1.300656707438698,204.94329256130217,1.3329523628360314,172.64763716396868,1.3533257522421676,152.27424775783248,204.94329256130217,52.66904480346969,5.229785165339958,62.7574219840795,1.4194,86.20000000000006,1.475,30.59999999999996,2463.287444506131,ok,lead_hand_velocity20_onset_to_latest_upward_crossing_55deg_pull_attack_direction,lead_hand_velocity20_onset,latest_upward_crossing_55deg_pull_attack_direction,55.0,152.27424775783248,334.93371007764705,-334.93371007764705,-6.3,30.0,9.535690771195386,31.78563590398462,-3.752359691726418,-3.752359691726418,-3.7525,0.00014030827358180176,31.78563590398462,71.10244251965055,100.0,13.772236550962505,-13.772236550962505,12.962317210362707,23.919010123760366,500.0,72.37880048889242,6.031566707407702,42.0684042951076,False,False,ok,8.399999999999741,1.7142857142857144,5.50000000000006,-8.299999999999974,-13.800000000000034,8.299999999999974,13.800000000000034,20.483502062264346,24.34870641172484,3.8652043494604946,20.483502062264346,24.34870641172484,1.3910761154870706,-28.044431946037037,-26.653355830549966,51.55762353050844,58.20059391511325,72.51174742170001,81.85456343363785,8.43903946542155,8.76676985060454,10.891467071174159,2.829440737242976,13.720907808417135,4.29164454545091,249.50995787667887,1.7200293655502397,68.28158980134862
342_8,200,342,L,college,71.4152,-0.5943,True,2.2361,,2.225,2.1861,2.023317950405823,212.782049594177,2.055640168698389,180.45983130161105,2.077892812071121,158.2071879288791,212.782049594177,54.5748616652979,6.080677731283809,72.9681327754057,2.1444,91.69999999999989,2.2111,24.99999999999991,2644.2365130450253,ok,lead_hand_velocity20_onset_to_latest_upward_crossing_55deg_pull_attack_direction,lead_hand_velocity20_onset,latest_upward_crossing_55deg_pull_attack_direction,55.0,158.2071879288791,476.5367834694363,-476.5367834694363,-6.3,30.0,9.764222918904444,32.54740972968148,-0.3142169625574609,-0.3142169625574609,-0.5943,0.28008303744253915,32.54740972968148,72.80648203668899,100.0,2.1837558984132253,-2.1837558984132253,19.846081739803967,30.684664416981025,500.0,82.85604633650908,6.904670528042423,39.70773075485752,False,False,ok,14.000000000000679,2.1929824561403506,11.100000000000332,-5.599999999999827,-16.70000000000016,5.599999999999827,16.70000000000016,24.92857142859836,31.357330333742162,6.428758905143802,24.92857142859836,31.357330333742162,4.711848518940219,-27.668353955785406,-22.956505436845188,50.13983436799932,66.5003113992266,68.86726698693204,91.33844891134206,22.809926092129256,22.653005949196253,27.07148561652113,9.138523356427328,36.21000897294846,8.158619884825193,294.2228434427283,2.772938970122251,70.12392200982455
343_1,201,343,R,college,67.0852,-0.3876,True,1.9639,1.7065,1.8917,1.83323293714393,1.7274561714789256,236.4438285210744,1.7699232808478975,193.97671915210225,1.7882791590388156,175.62084096118434,236.4438285210744,60.82298755989007,7.106367849188308,85.27641419025969,1.7806,183.3,1.9389,24.99999999999991,2517.785622240603,ok,lead_hand_velocity20_onset_to_latest_upward_crossing_55deg_pull_attack_direction,lead_hand_velocity20_onset,latest_upward_crossing_55deg_pull_attack_direction,55.0,175.62084096118434,544.2307098147177,-544.2307098147177,-6.3,30.0,9.081651863226075,30.27217287742025,-0.10703323665356779,-0.10703323665356779,-0.3876,0.2805667633464322,30.05160501171826,67.22352588519647,99.27138409721982,-9.436259380576525,-9.436259380576525,13.653168353970504,21.487814023270303,500.0,84.97767233348397,7.0814726944569975,40.411607877833134,False,False,ok,8.399999999999741,1.1583011583011582,5.600000000000049,-5.50000000000006,-11.10000000000011,5.50000000000006,11.10000000000011,18.860892388471818,22.129733783301,3.268841394829181,18.860892388471818,22.129733783301,0.9568803899522891,29.068803899543962,30.02568428949625,55.64832386468079,64.29525253911173,82.1778694287997,94.94709815337819,3.49002694718501,3.0041811839222357,9.356555445226952,-0.9453278937970794,8.411227551429873,3.5927770154079335,256.09515715140435,1.4029070503991885,62.03674540689118
343_2,201,343,R,college,69.2771,2.0509,True,1.5833,1.3778,1.5056,1.4540429744146213,1.3410134331191512,242.2865668808487,1.3869417363808874,196.35826361911256,1.4114781393295923,171.82186067040735,242.2865668808487,70.46470621044136,7.0770690362945965,84.92482843553516,1.4222,161.10000000000002,1.55,33.29999999999988,2646.4657344796874,ok,lead_hand_velocity20_onset_to_latest_upward_crossing_55deg_pull_attack_direction,lead_hand_velocity20_onset,latest_upward_crossing_55deg_pull_attack_direction,55.0,171.8218606704076,536.6605278908354,-536.6605278908354,-6.3,30.0,9.432843507633965,31.442811692113217,1.8223788190077275,1.8223788190077275,2.0509,-0.22852118099227248,31.343012420512892,70.1123219857571,99.68260067649943,-4.243779391454982,-4.243779391454982,17.472065991769906,25.976002999653105,500.0,85.53545697727158,7.127954748105965,38.02806388545018,False,False,ok,11.199999999999655,1.5686274509803921,8.299999999999974,-2.8000000000001357,-11.10000000000011,2.8000000000001357,11.10000000000011,19.975628046515766,24.760967379104365,4.785339332588599,19.975628046515766,24.760967379104365,1.9055118110256792,26.417322834674202,28.32283464569988,54.4122034995789,66.75998202650858,77.36086610394663,94.91639188430557,9.654080513429832,9.742637920972438,16.88905992040198,1.1209931456862374,18.01005306608822,5.35907469656971,262.38602142711716,2.0424391007652436,65.71766029253445
343_3,201,343,R,college,65.1579,-6.6503,True,1.1944,0.962,1.088,1.064198155773783,0.975868116547466,218.53188345253383,1.0137865857191384,180.61341428086152,1.0062495740191038,188.15042598089616,218.53188345253383,37.91846917167232,6.577584077658421,78.93100893190105,1.0222,172.1999999999999,1.1667,27.699999999999836,2477.9647447893576,ok,lead_hand_velocity20_onset_to_latest_upward_crossing_55deg_pull_attack_direction,lead_hand_velocity20_onset,latest_upward_crossing_55deg_pull_attack_direction,55.0,188.15042598089616,503.8189168200311,-503.8189168200311,-6.3,30.0,8.825679433423229,29.418931444744096,-7.051825666918063,-7.051825666918063,-6.6503,-0.40152566691806335,29.418931444744096,65.80827542220845,100.0,-24.407198255279088,-24.407198255279088,3.037120359958285,9.497750281225104,494.4,79.5577486649923,6.629812388749358,37.69372183773526,False,False,ok,22.39999999999931,3.2128514056224895,19.49999999999985,-16.70000000000016,-36.20000000000001,16.70000000000016,36.20000000000001,15.937757780294682,28.96625421825401,13.02849643795933,15.937757780294682,28.96625421825401,6.059055118116785,23.515560554956032,29.574615673072817,41.8766259534005,45.34899967279343,63.63428563464271,68.91078573605868,18.514199293283262,17.721377712725094,20.2921859586669,9.066561087998124,29.358747046665023,14.741538703997431,271.20225055267537,5.435625506040628,64.03168353962673
343_4,201,343,R,college,68.2875,2.1249,True,1.8833,,1.8333,,1.6207249201350338,262.5750798649662,1.6874445864525824,195.8554135474176,1.705672580204026,177.62741979597396,262.5750798649662,84.94766006899223,6.94112699096572,83.29352389158863,1.7417,141.59999999999994,1.85,33.29999999999988,2703.718920705903,ok,lead_hand_velocity20_onset_to_latest_upward_crossing_55deg_pull_attack_direction,lead_hand_velocity20_onset,latest_upward_crossing_55deg_pull_attack_direction,55.0,177.62741979597396,33.05653401859354,-33.05653401859354,-6.3,30.0,9.282882030333738,30.942940101112463,1.7958058470652685,1.7958058470652685,2.1249,-0.3290941529347313,30.942940101112463,69.2173856950439,100.0,3.1502623836254955,3.1502623836254955,18.623172103507184,27.134983127138423,500.0,86.01190882329094,7.167659068607578,42.404942736895066,False,False,ok,11.199999999999655,5.333333333333334,8.299999999999974,-2.8000000000001357,-11.10000000000011,2.8000000000001357,11.10000000000011,21.122234720682734,26.39107611551407,5.2688413948313375,21.122234720682734,26.39107611551407,3.0793025871799315,20.26471691040809,23.34401949758802,56.33811684014775,66.01052438742462,81.3930145937044,95.36697135348626,17.48617689099539,17.58012237630673,17.982121983040862,8.401170414163618,26.38329239720448,6.299238552561633,109.2587563042479,5.765431317029117,53.44994375708812
343_5,201,343,R,college,65.3756,3.3647,True,2.2667,1.9759,2.1889,2.141052729072298,1.995363540469692,271.3364595303088,2.063180921825672,203.5190781743288,2.0757117288183284,190.9882711816717,271.3364595303088,80.34818834863708,7.236766143554322,86.84119372265187,2.0917,175.00000000000026,2.2417,25.000000000000355,2401.933672091409,ok,lead_hand_velocity20_onset_to_latest_upward_crossing_55deg_pull_attack_direction,lead_hand_velocity20_onset,latest_upward_crossing_55deg_pull_attack_direction,55.0,190.98827118167173,51.51293682430946,-51.51293682430946,-6.3,30.0,8.798675290356046,29.328917634520156,3.773639636939011,3.773639636939011,3.3647,0.40893963693901103,29.070980093525485,65.02993041679817,99.1205350834663,-9.59917521537229,-9.59917521537229,15.689913760796854,24.662354705688436,497.30000000000007,87.55223268782741,7.296019390652284,31.036362736986668,False,False,ok,33.60000000000163,13.793103448275861,30.59999999999974,-2.6999999999999247,-33.29999999999966,2.6999999999999247,33.29999999999966,18.367454068261313,35.252905886802246,16.885451818540933,18.367454068261313,35.252905886802246,8.924446944141632,25.856392950909065,34.7808398950507,42.72294878132144,65.60692026333241,65.11957673038222,100.0,19.293237417301214,23.57528124528615,41.978044819546845,-5.328754588633126,36.64929023091372,19.78536778410043,120.56240152960035,16.410893888210037,59.54049493819706
343_6,201,343,R,college,68.9904,-0.1485,True,1.2778,0.9657,1.2102,1.1434151943141666,1.030141833075121,247.65816692487897,1.081657079910129,196.14292008987096,1.0854086174349828,192.3913825650172,247.65816692487897,55.26678435986176,2.905818116833688,34.86981740200426,1.2472,30.59999999999996,1.25,27.800000000000047,2657.4726275830612,ok,lead_hand_velocity20_onset_to_latest_upward_crossing_55deg_pull_attack_direction,lead_hand_velocity20_onset,latest_upward_crossing_55deg_pull_attack_direction,55.0,192.3913825650172,556.4984249063458,-556.4984249063458,-6.3,30.0,9.544902547551732,31.81634182517244,0.12547454736917985,0.12547454736917985,-0.1485,0.2739745473691798,30.326719775897192,67.8389400856683,95.31805995340204,-13.171190023728649,-13.171190023728649,11.204536932895492,20.779340082512135,500.0,87.68517825448177,7.307098187873481,36.94332373578099,False,False,ok,8.399999999999741,1.1111111111111112,5.599999999999827,-5.50000000000006,-11.099999999999888,5.50000000000006,11.099999999999888,16.329771278607815,19.512373453339414,3.182602174731599,16.329771278607815,19.512373453339414,0.7748406449202214,31.81364829399762,32.58848893891784,56.81505769022605,67.2843834805665,79.82879845018455,94.53887237078507,0.3477030123138265,0.0046333163765368765,10.375342221043992,-4.6684332502395245,5.706908970804467,3.463008622286996,275.2322632353723,1.2582131838684592,65.35808024004062
343_7,201,343,R,college,68.5858,2.1427,True,1.9111,1.6185,1.8343,1.811162759155448,1.6564067377700322,254.6932622299678,1.7075763454018595,203.52365459814047,1.726712661154888,184.38733884511203,254.6932622299678,70.30592338485576,6.711876192287021,80.54251430744425,1.7889,122.20000000000009,1.875,36.10000000000002,2583.633205394181,ok,lead_hand_velocity20_onset_to_latest_upward_crossing_55deg_pull_attack_direction,lead_hand_velocity20_onset,latest_upward_crossing_55deg_pull_attack_direction,55.0,184.38733884511205,553.4890152148708,-553.4890152148708,-6.3,30.0,9.298693489093539,30.99564496364513,2.556650578079884,2.556650578079884,2.1427,0.4139505780798838,30.41951328998537,68.04651326499942,98.14124960349912,-7.086165969212781,-7.086165969212781,15.708473940774374,25.066741657319916,500.0,86.65349011950455,7.22112417662538,36.382351472299526,False,False,ok,22.39999999999931,3.007518796992481,19.400000000000084,-2.7999999999999137,-22.199999999999996,2.7999999999999137,22.199999999999996,18.041057367848513,29.8773903262415,11.836332958392987,18.041057367848513,29.8773903262415,5.862954630677503,25.441319835048102,31.304274465725605,45.65938590924231,64.44729553611471,65.85303161398477,92.95021616829294,16.946726032266117,20.238691958287617,30.469233532894343,-1.4470383109824934,29.02219522191185,13.50884511690879,282.57231261210745,4.780668350707327,68.13198350213585
343_8,201,343,R,college,70.3519,0.0894,True,1.4833,1.1935,1.4278,1.3394404170633665,1.2455268097739325,237.7731902260676,1.2933731551609278,189.9268448390723,1.2962120074728358,187.08799252716423,237.7731902260676,50.68519769890338,5.9161209166661335,70.9934509999936,1.4028,80.50000000000001,1.45,33.30000000000011,2664.7733339498636,ok,lead_hand_velocity20_onset_to_latest_upward_crossing_55deg_pull_attack_direction,lead_hand_velocity20_onset,latest_upward_crossing_55deg_pull_attack_direction,55.0,187.08799252716423,44.478027185237856,-44.478027185237856,-6.3,30.0,9.53458593170837,31.78195310569457,-0.27429477517758194,-0.27429477517758194,0.0894,-0.3636947751775819,31.78195310569457,71.09420433449922,100.0,-9.019229637848266,-9.019229637848266,14.531496063007824,23.63779527561608,497.2000000000001,88.90295597069971,7.408579664224976,36.10566568900085,False,False,ok,13.999999999999568,6.024096385542169,11.10000000000011,-5.599999999999827,-16.69999999999994,5.599999999999827,16.69999999999994,19.44600674917736,26.142294713189095,6.696287964011734,19.44600674917736,26.142294713189095,2.874203224600034,27.74540682417695,30.619610048776984,47.52606829845671,63.03835265576701,66.84942709935383,88.66876455803721,12.728863871975785,12.749852696173834,21.018145327096775,2.0345049842210434,23.05265031131782,7.537304650992252,119.33799465111164,6.315930373246004,57.23772028502623
343_9,201,343,R,college,69.9364,4.254,True,1.7056,1.4676,1.6435,1.613974672032093,1.452918059898589,252.6819401014111,1.51063531970097,194.9646802990301,1.5061175849374686,199.4824150625314,252.6819401014111,57.717259802380994,6.515101055546534,78.18121266655841,1.5944,111.19999999999996,1.675,30.59999999999996,2648.9192376116894,ok,lead_hand_velocity20_onset_to_latest_upward_crossing_55deg_pull_attack_direction,lead_hand_velocity20_onset,latest_upward_crossing_55deg_pull_attack_direction,55.0,199.4824150625314,425.1462377116848,-425.1462377116848,-6.3,30.0,9.598023962081836,31.993413206939454,4.651010945883122,4.651010945883122,4.254,0.3970109458831228,31.993413206939454,71.5672271092954,100.0,-11.27739467043288,-11.27739467043288,13.843269591316043,23.0086239220346,500.0,87.31124677896753,7.275937231580627,33.63832825333713,False,False,ok,16.799999999999482,2.666666666666667,13.900000000000023,-2.6999999999999247,-16.599999999999948,2.6999999999999247,16.599999999999948,16.47262842146511,24.956317960281932,8.483689538816822,16.47262842146511,24.956317960281932,3.2328458942667133,28.80483689541919,32.0376827896859,50.9547315523545,70.17279338762684,71.19841526700189,98.05157503232726,8.667886415515563,9.213390684155222,29.632566999560137,-6.799122207182632,22.833444792377506,9.500085201826113,272.33708249802146,3.488355355314174,69.22797150363685
349_1,121,349,R,high_school,67.0615,9.7915,True,1.3778,1.2213,1.3278,1.2666211672427612,1.1451564643925136,232.64353560748629,1.1772144871873265,200.58551281267344,1.2140230569142991,163.77694308570057,232.64353560748629,68.86659252178572,7.140010391894851,85.68012470273821,1.2583,119.49999999999994,1.35,27.799999999999827,2399.698925565715,ok,lead_hand_velocity20_onset_to_latest_upward_crossing_55deg_pull_attack_direction,lead_hand_velocity20_onset,latest_upward_crossing_55deg_pull_attack_direction,55.0,163.7769430857008,550.9216503398329,-550.9216503398329,-6.3,30.0,9.077901838058356,30.25967279352785,9.728576991453041,9.728576991453041,9.7915,-0.06292300854695831,30.25967279352785,67.6889602575336,100.0,0.8828218689845738,0.8828218689845738,21.58436445446651,34.05680539936187,499.9999999999999,92.07225038876166,7.672687532396805,52.15194374675919,True,True,ok,8.399999999999741,1.1673151750972763,5.50000000000006,0.0,-5.50000000000006,0.0,5.50000000000006,21.58436445446651,25.404011998527626,3.819647544061116,21.58436445446651,25.404011998527626,1.0785526809160473,25.894450693691265,26.973003374607313,65.00832715573137,67.6889602575336,96.03977799097026,100.0,4.187477035124829,4.2326296108486865,6.564157756556653,0.8828218689845738,7.446979625541227,4.339253930087667,309.0479972161712,1.4040712022645687,76.90701162363015
349_3,121,349,R,high_school,67.6381,9.1437,True,1.7361,1.5852,1.6509,1.6275924284046135,1.492950824329253,243.1491756707469,1.5318148896525976,204.2851103474024,1.5907158487334747,145.3841512665253,243.1491756707469,97.7650244042216,3.5252039404132796,42.30244728495936,1.6972,38.899999999999935,1.7,36.10000000000002,2288.7349008619917,ok,lead_hand_velocity20_onset_to_latest_upward_crossing_55deg_pull_attack_direction,lead_hand_velocity20_onset,latest_upward_crossing_55deg_pull_attack_direction,55.0,145.38415126652527,36.18404230153472,-36.18404230153472,-6.3,30.0,9.154928155471698,30.516427184905663,8.788504547308364,8.788504547308364,9.1437,-0.3551954526916372,30.265639503135944,67.70230740680009,99.17818793055247,-1.3968485808811302,-1.3968485808811302,21.34083239597356,38.39201349835418,500.0,89.17129752859029,7.430941460715857,53.19307645670755,True,True,ok,8.399999999999741,4.545454545454546,5.600000000000049,0.0,-5.600000000000049,0.0,5.600000000000049,21.34083239597356,25.476940382479714,4.136107986506154,21.34083239597356,25.476940382479714,0.9066366704171784,26.498500187505186,27.405136857922365,64.19547198105454,67.70230740680009,94.0409688870967,99.17818793055247,3.040453164332622,3.219202909286059,8.695853745474068,-1.3968485808811302,7.299005164592938,4.742214672072339,114.53243083826237,4.140499452743725,56.39745031877111
349_4,121,349,R,high_school,68.7157,11.0577,True,1.5583,,,1.45,1.3036719277932376,254.62807220676245,1.3524896872706802,205.81031272931983,1.397226509175444,161.07349082455613,254.62807220676245,93.55458138220632,7.770891594797661,93.25069913757193,1.3694,188.90000000000006,1.5333,24.99999999999991,2399.5687439719413,ok,lead_hand_velocity20_onset_to_latest_upward_crossing_55deg_pull_attack_direction,lead_hand_velocity20_onset,latest_upward_crossing_55deg_pull_attack_direction,55.0,161.0734908245559,407.8152445738037,-407.8152445738037,-6.3,30.0,9.369836487374585,31.232788291248617,10.750950026694774,10.750950026694774,11.0577,-0.3067499733052266,31.14881407595536,69.67791266095948,99.73113442671148,10.163061438233585,10.163061438233585,26.644169478843928,42.585114360750914,500.0,91.3423530147562,7.611862751229683,48.653491803921845,True,True,ok,8.399999999999741,1.4705882352941175,5.499999999999838,2.6999999999999247,-2.7999999999999137,-2.6999999999999247,2.7999999999999137,24.034120734934096,28.78271466069851,4.748593925764414,24.034120734934096,28.78271466069851,2.0140607424093773,20.725346831668432,22.73940757407781,68.34004304346959,69.86575763074576,97.81621979204768,100.0,10.484226917186357,10.163061438233585,9.145272231303714,6.072173541010885,15.2174457723146,5.526416699817462,289.6125355758827,1.9082104608588188,79.95875515569193
349_5,121,349,R,high_school,66.5966,10.3721,True,1.4889,1.3324,1.4259,1.3800397148952523,1.2329028915859732,255.99710841402668,1.2822070806932315,206.6929193067681,1.3255118456915584,163.38815430844144,255.99710841402668,92.60895410558524,3.7183793003565455,44.620551604278546,1.4472,41.69999999999985,1.4639,24.99999999999991,2280.933305654316,ok,lead_hand_velocity20_onset_to_latest_upward_crossing_55deg_pull_attack_direction,lead_hand_velocity20_onset,latest_upward_crossing_55deg_pull_attack_direction,55.0,163.38815430844144,35.49021589708068,-35.49021589708068,-6.3,30.0,9.029609589034479,30.09869863011493,10.681682766042684,10.681682766042684,10.3721,0.3095827660426842,29.994002720646105,67.09467322979168,99.65215801933684,-0.8155319382943121,-0.8155319382943121,21.98931383579428,36.26884139486482,499.9999999999999,91.54836902288167,7.629030751906806,49.981754789755804,True,True,ok,11.199999999999655,5.633802816901409,8.299999999999974,2.7999999999999137,-5.50000000000006,-2.7999999999999137,5.50000000000006,18.964004499458053,26.508248968907523,7.54424446944947,18.964004499458053,26.508248968907523,1.5433070866158438,27.26584176980823,28.809148856424073,65.898440375999,67.32887130931213,97.87545683523838,100.0,1.236972519450705,1.5769596937801633,13.79307026862022,-5.999549789188863,7.793520479431357,8.33546807611995,114.46444530006237,7.282146044799301,56.07161604805458
349_6,121,349,R,high_school,67.4499,0.5917,True,1.5944,,,1.5,1.348175724962696,246.22427503730404,1.38649111107212,207.90888892788,1.4345264850606934,159.8735149393067,246.22427503730404,86.35076009799735,4.166166161057171,49.99399393268605,1.5472,47.20000000000013,1.5694,25.000000000000135,2265.088322279567,ok,lead_hand_velocity20_onset_to_latest_upward_crossing_55deg_pull_attack_direction,lead_hand_velocity20_onset,latest_upward_crossing_55deg_pull_attack_direction,55.0,159.8735149393067,38.80089268781717,-38.80089268781717,-6.3,30.0,9.161951237523066,30.539837458410222,0.33604897427587455,0.33604897427587455,0.5917,-0.25565102572412546,30.51347243166757,68.2566938789986,99.91367004890397,-1.868814680117293,-1.868814680117293,18.28008998877115,34.17772778406391,500.0,91.20571379175097,7.6004761493125805,56.16504849967963,False,False,ok,5.599999999999827,2.8169014084507045,2.7999999999999137,-5.600000000000049,-8.399999999999963,5.600000000000049,8.399999999999963,22.860892388476138,24.523809523836015,1.6629171353598764,22.860892388476138,24.523809523836015,0.5787401574809401,23.80802399702609,24.38676415450703,57.26266889772383,61.844498758249365,83.82069334487889,90.52754377798516,7.987861910453817,7.987861910453817,4.591583038234171,5.692070391336731,10.283653429570903,1.9974185102260402,117.02960361616674,1.7067634585665743,56.35920509942347
349_7,121,349,R,high_school,68.8657,10.6439,True,1.4861,1.3509,1.4287,1.3861829558806589,1.2331873672811613,252.9126327188387,1.3127866480509018,173.31335194909815,1.3249567997195146,161.14320028048533,252.9126327188387,91.76943243835336,7.982978616160745,95.79574339392894,1.2917,194.39999999999992,1.4611,24.99999999999991,2375.992585142934,ok,lead_hand_velocity20_onset_to_latest_upward_crossing_55deg_pull_attack_direction,lead_hand_velocity20_onset,latest_upward_crossing_55deg_pull_attack_direction,55.0,161.14320028048533,395.4450186679412,-395.4450186679412,-6.3,30.0,9.323571899876052,31.078572999586843,10.554474941596471,10.554474941596471,10.6439,-0.08942505840352943,30.684951908760922,68.64028254465124,98.73346472236305,3.6258165936901237,3.6258165936901237,23.286839145132017,36.73959505065836,500.0,93.61114881744722,7.800929068120602,50.68523170910444,True,True,ok,11.199999999999655,1.9900497512437811,8.399999999999963,2.7999999999999137,-5.600000000000049,-2.7999999999999137,5.600000000000049,20.450506186748747,27.444319460097134,6.993813273348387,20.450506186748747,27.444319460097134,2.4055118110262192,23.542744656943313,25.948256467969532,66.10480619306699,69.48306030686994,95.08638817149537,99.94573199997345,6.49234494065381,6.344707625786412,15.957899631005468,-1.3389675599815243,14.618932071023943,7.941704746117359,305.48042022911216,2.5997426414959857,79.3957630297071
349_8,121,349,R,high_school,68.7958,8.8776,True,1.5278,1.3824,1.4537,1.4259887654432708,1.2690519801125746,258.74801988742547,1.3186397070295874,209.1602929704126,1.3714570248885516,156.34297511144845,258.74801988742547,102.40504477597702,7.043491991069817,84.5219038928378,1.4083,119.49999999999994,1.5,27.800000000000047,2422.8305447847197,ok,lead_hand_velocity20_onset_to_latest_upward_crossing_55deg_pull_attack_direction,lead_hand_velocity20_onset,latest_upward_crossing_55deg_pull_attack_direction,55.0,156.34297511144845,30.21131139665023,-30.21131139665023,-6.3,30.0,9.522917547573192,31.743058491910638,9.017157621279441,9.017157621279441,8.8776,0.13955762127944205,30.459740070410856,68.13649801004568,95.95716833074916,3.811092753034557,3.811092753034557,23.86407949008952,41.80502437199866,500.0,90.3140627221681,7.526171893514008,49.77732932898944,True,True,ok,8.399999999999741,4.477611940298507,5.50000000000006,0.0,-5.50000000000006,0.0,5.50000000000006,23.86407949008952,28.323209598830744,4.459130108741224,23.86407949008952,28.323209598830744,1.4111361079880247,23.80483689541379,25.215973003401814,68.52643484023325,71.00719956136051,96.50631944865886,100.0,7.909993340237659,8.219828573303515,7.88796594134035,3.811092753034557,11.699058694374907,5.211014582660413,112.23833656462268,4.642811665032209,55.84420697418858
350_1,207,350,R,high_school,65.5628,5.1059,True,1.5528,1.3546,1.5167,1.4473236605291542,1.358923134511945,193.87686548805493,1.3918611635783966,160.93883642160333,1.4068989468521964,145.90105314780354,193.87686548805493,47.9758123402514,4.238865339396366,50.86638407275639,1.4972,55.59999999999987,1.525,27.800000000000047,2284.848800964436,ok,lead_hand_velocity20_onset_to_latest_upward_crossing_55deg_pull_attack_direction,lead_hand_velocity20_onset,latest_upward_crossing_55deg_pull_attack_direction,55.0,145.90105314780354,522.5972536940358,-522.5972536940358,-6.3,30.0,9.056097137690603,30.18699045896868,5.320459764639796,5.320459764639796,5.1059,0.2145597646397963,28.445094817179523,63.629864927477385,94.2296478870366,0.07903408761580838,0.07903408761580838,18.526621672310974,29.581739782559136,486.09999999999997,75.49813050892928,6.291510875744106,47.33836415099914,True,True,ok,11.199999999999655,1.6597510373443984,8.299999999999974,0.0,-8.299999999999974,0.0,8.299999999999974,18.526621672310974,25.06430446196933,6.537682789658355,18.526621672310974,25.06430446196933,2.1156730408721742,23.83183352083564,25.947506561707815,63.40834681823837,67.52637450556695,93.90160108923206,100.0,6.277098167934177,6.046971171687004,12.856382153131086,0.07903408761580838,12.935416240746894,7.291929530387472,266.64668101539525,2.7346785276380254,73.02155980510327
350_2,207,350,R,high_school,62.6331,5.3362,True,1.025,0.812,0.9685,0.904556401177984,0.8340653213460714,190.93467865392856,0.864391384628253,160.60861537174688,0.8749293444407923,150.0706555592076,190.93467865392856,40.86402309472095,4.026991808869936,48.32390170643923,0.9722,52.799999999999955,0.9972,27.799999999999937,2295.2643281196347,ok,lead_hand_velocity20_onset_to_latest_upward_crossing_55deg_pull_attack_direction,lead_hand_velocity20_onset,latest_upward_crossing_55deg_pull_attack_direction,55.0,150.0706555592076,510.5758587523284,-510.5758587523284,-6.3,30.0,8.557595971763252,28.525319905877506,5.697978734762572,5.697978734762572,5.3362,0.36177873476257183,28.525319905877506,63.80932333991919,100.0,-0.3055160478774486,-0.3055160478774486,17.123922009767277,29.879827521592073,499.9999999999999,72.69489503173007,6.057907919310839,44.85588258506972,True,True,ok,19.599999999999397,2.941176470588235,16.70000000000016,0.0,-16.70000000000016,0.0,16.70000000000016,17.123922009767277,27.241094863171533,10.117172853404256,17.123922009767277,27.241094863171533,5.99493813273989,19.416760404970354,25.411698537710244,50.93017377429343,63.80932333991919,79.81619473220688,100.0,18.76728244145117,17.4225251306261,37.76785133462367,-0.3055160478774486,37.462335286746224,12.287207007279289,266.86603142318387,4.604260400528385,71.47394075748255
350_4,207,350,R,high_school,62.3156,1.0248,True,1.2472,1.063,1.1741,1.1441378678643286,1.0549658992787816,192.23410072121848,1.0904392793071984,156.76072069280167,1.0984668877250707,148.73311227492937,192.23410072121848,43.50098844628912,4.617121318544064,55.405455822528765,1.1833,63.90000000000007,1.2222,25.000000000000135,2224.5093529578894,ok,lead_hand_velocity20_onset_to_latest_upward_crossing_55deg_pull_attack_direction,lead_hand_velocity20_onset,latest_upward_crossing_55deg_pull_attack_direction,55.0,148.73311227492937,528.1206364862907,-528.1206364862907,-6.3,30.0,8.619935988525047,28.73311996175016,1.025950069862973,1.025950069862973,1.0248,0.0011500698629731687,28.73311996175016,64.27415882639166,100.0,-4.026632382729929,-4.026632382729929,15.091863517076668,25.91469816275765,480.50000000000006,75.17516053431834,6.264596711193195,48.31158413976365,False,False,ok,22.39999999999931,3.278688524590164,19.400000000000084,-5.599999999999827,-24.99999999999991,5.599999999999827,24.99999999999991,19.637420322480903,29.779902512218147,10.142482189737244,19.637420322480903,29.779902512218147,7.612110986134962,18.25684289465789,25.86895388079285,42.165922015860396,56.08303477594729,65.60322653113684,87.25596071576902,26.72369983715872,31.058475082638722,32.24017248369211,6.92157030799954,39.16174279169165,12.997915695552964,276.476476581814,4.701273633204257,72.23509561312642
350_5,207,350,R,high_school,60.6943,6.2879,True,1.25,1.0389,1.1917,1.1366502259702018,1.0493010844960529,200.69891550394715,1.0795258932509666,170.4741067490334,1.1006549625855755,149.3450374144243,200.69891550394715,51.35387808952285,4.973696151226481,59.68435381471777,1.1722,77.8000000000001,1.225,24.99999999999991,2487.4222861871,ok,lead_hand_velocity20_onset_to_latest_upward_crossing_55deg_pull_attack_direction,lead_hand_velocity20_onset,latest_upward_crossing_55deg_pull_attack_direction,55.0,149.3450374144245,408.232850654344,-408.232850654344,-6.3,30.0,8.416598919787917,28.05532973262639,7.250489200835261,7.250489200835261,6.2879,0.9625892008352617,27.689445903496534,61.93952644840843,98.69584912165776,6.85980255190754,6.85980255190754,19.763967004145837,33.555305586837896,500.0,70.66723916900003,5.888936597416669,40.983345125024634,True,True,ok,22.39999999999931,4.0,19.400000000000084,0.0,-19.400000000000084,0.0,19.400000000000084,19.763967004145837,30.82602174731489,11.062054743169053,19.763967004145837,30.82602174731489,9.851706036756047,12.367454068254828,22.219160105010875,49.54092720257554,61.93952644840843,78.93963930455695,98.69584912165776,29.756255894187163,32.212114654345186,39.70111354751227,6.85980255190754,46.56091609941981,15.225362370273334,256.4888541020433,5.936071734413835,73.1526059243385
350_6,207,350,R,high_school,66.3954,1.9836,True,1.7278,1.5065,1.6667,1.5970497782947108,1.523180047608027,204.61995239197296,1.5619868933357963,165.81310666420367,1.5753470679336274,152.45293206637257,204.61995239197296,52.16702032560039,4.7806878053315005,57.36825366397801,1.6583,69.4999999999999,1.7,27.800000000000047,2385.892701518124,ok,lead_hand_velocity20_onset_to_latest_upward_crossing_55deg_pull_attack_direction,lead_hand_velocity20_onset,latest_upward_crossing_55deg_pull_attack_direction,55.0,152.45293206637257,571.2617686901027,-571.2617686901027,-6.3,30.0,9.131508094360989,30.43836031453663,2.107502725326018,2.107502725326018,1.9836,0.12390272532601809,28.687193301806957,64.17142381399186,94.24684183170879,-0.46269551772473994,-0.46269551772473994,18.050243719554558,32.96756655421633,500.0,72.71985882460729,6.0599882353839405,43.354707343427826,False,False,ok,25.19999999999922,3.4615384615384617,22.199999999999996,-2.7999999999999137,-24.99999999999991,2.7999999999999137,24.99999999999991,20.913385826794244,33.961942257254535,13.048556430460291,20.913385826794244,33.961942257254535,10.86126734159404,15.238657667807985,26.099925009402025,51.314779598532446,68.08867285821536,75.36463473944912,100.0,27.89126794215676,31.35664892584858,43.48687631111411,4.006224332834464,47.49310064394857,17.65472807386278,286.881717752117,6.154009468500716,74.64191976011064
350_7,207,350,R,high_school,64.4862,2.0062,True,1.1861,0.9926,1.1361,1.0620964719634711,0.9883130924742592,197.7869075257408,1.027362323798682,158.73767620131795,1.0369732078339204,149.1267921660795,197.7869075257408,48.66011535966129,4.7449051279928085,56.9388615359137,1.1194,66.69999999999999,1.1611,24.99999999999991,2269.462530868872,ok,lead_hand_velocity20_onset_to_latest_upward_crossing_55deg_pull_attack_direction,lead_hand_velocity20_onset,latest_upward_crossing_55deg_pull_attack_direction,55.0,149.1267921660795,528.6954430880791,-528.6954430880791,-6.3,30.0,8.82518845357112,29.417294845237063,1.8807081905941667,1.8807081905941667,2.0062,-0.1254918094058335,29.013689336413975,64.90177464301615,98.627999240085,-2.5920214032160467,-2.5920214032160467,16.632920884907353,29.84158230224445,499.9999999999999,74.01617481419353,6.168014567849461,45.12118872431313,False,False,ok,13.999999999999568,2.0491803278688523,11.099999999999888,-2.8000000000001357,-13.900000000000023,2.8000000000001357,13.900000000000023,19.286839145127693,25.796025496840766,6.509186351713073,19.286839145127693,25.796025496840766,3.5575553055906433,22.715223097137397,26.27277840272804,53.19168117396309,65.8046144533756,80.83275255970214,100.0,14.5100988696037,12.956070841545243,26.30271465619709,2.752944932446253,29.055659588643344,7.738147239709606,273.2801711687078,2.8315802081858727,73.91301087372065
350_8,207,350,R,high_school,66.8345,2.1065,True,1.3806,1.2028,1.3343,1.2806986231020894,1.1864325028265157,194.16749717348435,1.223513066960104,157.08693303989608,1.2343562137848052,146.24378621519486,194.16749717348435,47.92371095828949,5.081989431224561,60.983873174694736,1.3083,72.30000000000003,1.35,30.59999999999996,2290.4468372098513,ok,lead_hand_velocity20_onset_to_latest_upward_crossing_55deg_pull_attack_direction,lead_hand_velocity20_onset,latest_upward_crossing_55deg_pull_attack_direction,55.0,146.24378621519486,397.7685987076609,-397.7685987076609,-6.3,30.0,9.17672239933642,30.58907466445473,2.0124764972840095,2.0124764972840095,2.1065,-0.09402350271599058,30.58907466445473,68.42581125728056,100.0,4.260961266073164,4.260961266073164,19.39407574055338,31.85470566182668,500.0,75.61272373003843,6.301060310836536,46.06771563638173,False,False,ok,8.399999999999741,1.530612244897959,5.600000000000049,-2.6999999999999247,-8.299999999999974,2.6999999999999247,8.299999999999974,21.894450693686938,25.3022122234994,3.4077615298124613,21.894450693686938,25.3022122234994,1.7508436445463218,20.890326209246414,22.641169853792736,61.31826798749446,68.0986262580006,89.61277456680523,99.52183979514729,13.385606682921749,13.069578790261133,10.67842985366966,8.204405702417228,18.88283555608689,4.110694578838579,261.72217534888824,1.5706328947322958,71.70341207356829
353_1,98,353,L,college,63.4835,14.4439,True,2.0222,,2.0222,1.975,1.8305144590844868,191.68554091551337,1.854824076217624,167.37592378237687,1.8484281249441863,173.7718750558137,191.68554091551337,24.3096171331365,6.513983075669718,78.16779690803662,1.8583,163.90000000000015,1.9972,25.000000000000135,2593.7116353923925,ok,lead_hand_velocity20_onset_to_latest_upward_crossing_55deg_pull_attack_direction,lead_hand_velocity20_onset,latest_upward_crossing_55deg_pull_attack_direction,55.0,173.77187505581392,545.7500751666138,-545.7500751666138,-6.3,30.0,8.823337529987748,29.411125099959165,13.435794541121915,13.435794541121915,14.4439,-1.0081054588780844,29.411125099959165,65.79081312625074,100.0,-3.112280326138198,3.112280326138198,18.81927259094646,29.85470566182452,497.20000000000033,78.35874049356106,6.5298950411300885,49.07696588701054,True,True,ok,11.199999999999655,1.5444015444015444,8.299999999999752,5.50000000000006,-2.7999999999996916,-5.50000000000006,2.7999999999996916,13.421072365968746,20.702662167251454,7.281589801282708,13.421072365968746,20.702662167251454,1.5346831646060757,-22.422384701936465,-20.88770153733039,63.41539020636555,65.79081312625074,96.38943067122939,100.0,0.9747305014570269,0.7755881067301723,13.46392335983068,-5.558088783731459,7.905834576099221,8.197848992983491,276.43134684138204,2.965600351282688,65.9079490064454
353_2,98,353,L,college,66.7865,-0.8724,True,1.2389,,1.2528,1.2028,1.0482253434549953,190.6746565450046,1.072544809361807,166.35519063819282,1.0699492447309638,168.95075526903614,190.6746565450046,24.319465906811786,6.540077047087056,78.48092456504467,1.0833,155.59999999999997,1.2139,24.99999999999991,2425.6497812235293,ok,lead_hand_velocity20_onset_to_latest_upward_crossing_55deg_pull_attack_direction,lead_hand_velocity20_onset,latest_upward_crossing_55deg_pull_attack_direction,55.0,168.95075526903614,43.22835568915928,-43.22835568915928,-6.3,30.0,9.039873578728233,30.13291192909411,-0.49646154531339004,-0.49646154531339004,-0.8724,0.3759384546866099,29.464520377947622,65.91025496140746,97.78185542532603,10.07841012768991,-10.07841012768991,11.868578927646858,20.92369703789286,452.79999999999984,79.31414762454314,6.609512302045261,52.476292467307154,False,False,ok,8.399999999999741,3.9473684210526314,5.600000000000049,-5.50000000000006,-11.10000000000011,5.50000000000006,11.10000000000011,17.341019872534662,20.973940757427975,3.6329208848933128,17.341019872534662,20.973940757427975,0.8293963254602161,-27.020247469095548,-26.19085114363533,58.80046405086028,65.74512058788962,87.23404996885363,97.53686858000843,1.6202286169620377,1.340313394200288,8.458079392621231,-2.4688534679677034,5.989225924653528,4.160162177066455,111.63119640736808,3.7267021325159506,55.71634795656564
353_3,98,353,L,college,65.9822,9.4876,True,1.3083,,1.312,1.2611,1.113615816856567,194.68418314343293,1.138844157030099,169.45584296990134,1.1318994168512215,176.40058314877848,194.68418314343293,25.228340173531592,6.484676892344671,77.81612270813605,1.1361,172.1999999999999,1.275,33.30000000000011,2477.2358230063905,ok,lead_hand_velocity20_onset_to_latest_upward_crossing_55deg_pull_attack_direction,lead_hand_velocity20_onset,latest_upward_crossing_55deg_pull_attack_direction,55.0,176.40058314877848,451.7351082929919,-451.7351082929919,-6.3,30.0,8.998673260925134,29.995577536417116,8.692294302217405,8.692294302217405,9.4876,-0.7953056977825952,29.995577536417116,67.09819599234315,100.0,6.8969799262457965,-6.8969799262457965,15.72853393327533,27.36239220100443,500.0,77.87818930148525,6.489849108457104,48.19669871193949,True,True,ok,11.199999999999655,1.7699115044247788,8.299999999999974,2.6999999999999247,-5.600000000000049,-2.6999999999999247,5.600000000000049,12.937382827160576,19.982564679436653,7.045181852276077,12.937382827160576,19.982564679436653,0.5746156730414889,-26.173415823050384,-25.598800150008895,64.40274822410281,67.09819599234315,95.98283123953448,100.0,-4.519685810565397,-4.562359609268231,13.012650292803905,-10.983337158264513,2.0293131345393913,7.854068034863436,260.51314301772356,3.014845218127478,65.92407199107235
353_4,98,353,L,college,67.5187,2.1979,True,1.4028,,1.4083,1.3639,1.2160735493895007,186.7264506104993,1.2347844723698405,168.0155276301596,1.226590569073979,176.20943092602116,186.7264506104993,18.71092298033972,6.656291742055156,79.87550090466188,1.2417,161.10000000000002,1.375,27.800000000000047,2493.330379853519,ok,lead_hand_velocity20_onset_to_latest_upward_crossing_55deg_pull_attack_direction,lead_hand_velocity20_onset,latest_upward_crossing_55deg_pull_attack_direction,55.0,176.20943092602116,41.17231069510052,-41.17231069510052,-6.3,30.0,9.32017588630447,31.067252954348238,3.1565844612791003,3.1565844612791003,2.1979,0.9586844612791001,29.953536295051954,67.0041524137704,96.41514278416301,2.2921064127803397,-2.2921064127803397,16.52830896139768,28.729096362985658,500.0,80.55711734742624,6.71309311228552,51.237208757660916,False,False,ok,8.399999999999741,3.8461538461538463,5.50000000000006,-2.7999999999999137,-8.299999999999974,2.7999999999999137,8.299999999999974,19.123922009769434,22.567491563578926,3.4435695538094926,19.123922009769434,22.567491563578926,0.7853393325842717,-23.030933633320704,-22.245594300736432,62.64415971132318,69.49546562801585,90.14136267052986,100.0,4.2383294720885205,4.014528979221816,6.0097185321778355,1.3453704524329553,7.3550889846107905,4.0996205346511,108.83971374376564,3.7666586888519142,55.09298837651247
353_5,98,353,L,college,67.7412,5.387,True,2.3028,,2.313,2.25,2.103913632503825,198.88636749617515,2.1300738262189145,172.72617378108546,2.122507778697256,180.29222130274468,198.88636749617515,26.16019371508969,6.659703367647892,79.9164404117747,2.1278,174.99999999999983,2.275,27.800000000000047,2574.2926915160374,ok,lead_hand_velocity20_onset_to_latest_upward_crossing_55deg_pull_attack_direction,lead_hand_velocity20_onset,latest_upward_crossing_55deg_pull_attack_direction,55.0,180.2922213027438,625.1932235737808,-625.1932235737808,-6.3,30.0,9.365984460674019,31.21994820224673,5.286763913247821,5.286763913247821,5.387,-0.10023608675217854,29.67654967959479,66.38455100124095,95.05637064913238,6.427184323207004,-6.427184323207004,16.784214473208976,28.07555305589834,500.0,80.22499865825817,6.685416554854847,47.169890820743255,True,True,ok,11.200000000000543,1.3793103448275863,8.300000000000196,0.0,-8.300000000000196,0.0,8.300000000000196,16.784214473208976,23.405324334483474,6.621109861274498,16.784214473208976,23.405324334483474,1.0997375328095877,-28.130671166134615,-27.030933633325027,64.90273603383567,69.83703516966422,92.93455238493297,100.0,-0.8586485847666332,-0.9924852497654434,11.40474480687836,-6.427184323207004,4.977560483671357,7.381098734743255,290.22847710652667,2.5432027926170955,69.80652418455236
353_6,98,353,L,college,65.3232,6.786,True,1.6639,,1.6648,1.6194,1.4691467629184474,194.75323708155256,1.4960471666870736,167.85283331292632,1.4923614558370175,171.53854416298242,194.75323708155256,26.900403768626237,6.539415359462152,78.47298431354582,1.4889,175.00000000000006,1.6389,24.99999999999991,2483.223265841654,ok,lead_hand_velocity20_onset_to_latest_upward_crossing_55deg_pull_attack_direction,lead_hand_velocity20_onset,latest_upward_crossing_55deg_pull_attack_direction,55.0,171.53854416298242,596.2817880767819,-596.2817880767819,-6.3,30.0,8.91045466683787,29.701515556126232,7.259976341358867,7.259976341358867,6.786,0.4739763413588678,29.701515556126232,66.44039807651708,100.0,7.533130865403247,-7.533130865403247,15.299212598441718,26.6535433071154,500.0,78.23269401013657,6.5193911675113805,53.223616237545606,True,True,ok,11.199999999999655,1.4492753623188406,8.299999999999974,0.0,-8.299999999999974,0.0,8.299999999999974,15.299212598441718,21.47694038247539,6.177727784033673,15.299212598441718,21.47694038247539,1.4381327334098728,-25.194975628073696,-23.756842894663823,61.833840197588444,66.44039807651708,93.06663112761089,100.0,-0.6962811116949332,-1.134445364106001,14.550028012238762,-7.533130865403247,7.016897146835515,6.777242341050964,299.0421094520004,2.26631705931662,71.27690288721611
353_7,98,353,L,college,63.6046,10.0938,True,1.5,,1.488,1.4556,1.3092974057304674,190.70259426953265,1.330918572934458,169.08142706554185,1.3214852068233434,178.51479317665664,190.70259426953265,21.621167203990808,6.6041033118732475,79.24923974247898,1.3389,161.10000000000002,1.475,24.99999999999991,2674.800950467174,ok,lead_hand_velocity20_onset_to_latest_upward_crossing_55deg_pull_attack_direction,lead_hand_velocity20_onset,latest_upward_crossing_55deg_pull_attack_direction,55.0,178.51479317665664,413.8586834537248,-413.8586834537248,-6.3,30.0,8.797481162466735,29.324937208222448,10.007399197694943,10.007399197694943,10.0938,-0.08640080230505731,29.324937208222448,65.59801630328923,100.0,-2.236251098763621,2.236251098763621,18.569553805794335,29.112860892419892,483.30000000000007,79.93156878415077,6.6609640653458975,49.965334623214034,True,True,ok,11.199999999999655,1.8779342723004695,8.399999999999963,2.7999999999999137,-5.600000000000049,-2.7999999999999137,5.600000000000049,15.829583802041839,22.290776153004952,6.461192350963113,15.829583802041839,22.290776153004952,1.9238845144377734,-22.555305586826005,-20.631421072388232,62.51786849965406,65.59801630328923,95.30451075015094,100.0,4.811550646184434,4.77810298382697,14.996878617698174,-2.653441000307188,12.343437617390986,7.320613721418821,259.0121307501877,2.8263594064941366,67.79396325466641
353_8,98,353,L,college,63.4409,11.4727,True,1.6944,,1.6954,1.6361,1.5011056984088815,193.2943015911184,1.5264891279607404,167.91087203925946,1.5022913265923026,192.10867340769727,193.2943015911184,25.38342955185894,6.447776388759774,77.37331666511729,1.5278,166.59999999999985,1.6694,24.99999999999991,2490.440860145887,ok,lead_hand_velocity20_onset_to_latest_upward_crossing_55deg_pull_attack_direction,lead_hand_velocity20_onset,latest_upward_crossing_55deg_pull_attack_direction,55.0,192.10867340769732,420.7244676486597,-420.7244676486597,-6.3,30.0,8.649968945088338,28.833229816961126,11.648151012034866,11.648151012034866,11.4727,0.17545101203486624,28.833229816961126,64.49809819470538,100.0,3.9649836456459875,-3.9649836456459875,16.11773528310702,29.70041244847602,500.0,78.27455179582732,6.522879316318943,48.797418137544334,True,True,ok,11.199999999999655,1.809954751131222,8.299999999999974,2.6999999999999247,-5.600000000000049,-2.6999999999999247,5.600000000000049,13.429133858282217,20.195163104633732,6.766029246351515,13.429133858282217,20.195163104633732,1.4506936632936522,-23.969816272991757,-22.519122609698105,61.929995191547484,64.49809819470538,96.01832755532516,100.0,-1.21119610296204,-1.7116976115287112,14.309125568288707,-7.865257378539721,6.443868189748985,7.4897020073216725,264.82788277728974,2.8281395179299262,69.3190851144356
358_1,58,358,L,college,72.7336,0.3106,True,1.475,,1.4778,1.4167,1.252115380640436,222.884619359564,1.2909769025585744,184.02309744142565,1.314002891829967,160.997108170033,222.884619359564,61.88751118953098,7.174099212850369,86.08919055420444,1.3583,116.70000000000003,1.45,25.000000000000135,2847.3079156462777,ok,lead_hand_velocity20_onset_to_latest_upward_crossing_55deg_pull_attack_direction,lead_hand_velocity20_onset,latest_upward_crossing_55deg_pull_attack_direction,55.0,160.997108170033,336.17010174838026,-336.17010174838026,-6.3,30.0,9.88656393956618,32.95521313188727,0.44855085202828815,0.44855085202828815,0.3106,0.13795085202828816,32.685061676937245,73.11440067317736,99.18024667639419,-9.456386364132294,9.456386364132294,24.392200974904483,36.096925384365946,497.2000000000001,94.1707422095405,7.847561850795042,24.240904051019562,False,False,ok,22.39999999999931,4.4692737430167595,19.400000000000084,-5.599999999999827,-24.99999999999991,5.599999999999827,24.99999999999991,29.228346456724488,37.25553055872041,8.027184101995921,29.228346456724488,37.25553055872041,9.80896137983812,-27.84814398203232,-18.0391826021942,45.81729090134025,70.57119631739509,62.151507388422104,95.73037041354327,40.83902744086133,45.9927338593034,29.32635902200447,22.19451181571097,51.52087083771544,12.920022042368377,252.15060630318285,5.1239305872750895,62.82264716917174
358_3,58,358,L,college,73.9305,1.8681,True,1.5139,,1.5232,1.4778,1.2935630850464117,220.33691495358832,1.3420332415776273,171.86675842237275,1.3181145115492054,195.7854884507946,220.33691495358832,48.470156531215565,6.872146854693384,82.46576225632062,1.4083,105.59999999999991,1.4889,25.000000000000135,2693.579815238762,ok,lead_hand_velocity20_onset_to_latest_upward_crossing_55deg_pull_attack_direction,lead_hand_velocity20_onset,latest_upward_crossing_55deg_pull_attack_direction,55.0,195.7854884507946,357.779971496472,-357.779971496472,-6.3,30.0,10.008788053387965,33.362626844626554,1.9465150973998315,1.9465150973998315,1.8681,0.07841509739983143,33.05389225402713,73.9394511766891,99.07460946634319,-10.151645783011205,10.151645783011205,24.543307086640684,37.83070866145818,500.0,101.55831153123188,8.463192627602657,26.862286661351696,False,False,ok,8.399999999999741,1.507537688442211,5.50000000000006,-2.7999999999999137,-8.299999999999974,2.7999999999999137,8.299999999999974,27.288901387356063,30.851331083647874,3.5624296962918116,27.288901387356063,30.851331083647874,2.4100112485965255,-26.351143607077567,-23.941132358481042,65.91186196895204,72.09696473210423,88.31810190433514,96.60578366307799,20.65666134441581,20.457810595518314,9.534320637387852,15.988926400170632,25.523247037558484,4.55271561463212,275.0377471120589,1.6553057398253055,70.94000749913926
358_5,58,358,L,college,73.2244,8.2083,True,1.3667,,1.3852,1.3333,1.1300710492451402,236.6289507548598,1.1830152482813845,183.68475171861576,1.104549721184435,262.15027881556495,262.15027881556495,78.46552709694919,6.910338559098903,82.92406270918683,1.2583,108.40000000000005,1.3417,25.000000000000135,2604.648965036966,ok,lead_hand_velocity20_onset_to_latest_upward_crossing_55deg_pull_attack_direction,lead_hand_velocity20_onset,latest_upward_crossing_55deg_pull_attack_direction,55.0,262.15027881556495,333.122954262884,-333.122954262884,-6.3,30.0,9.835727079272194,32.78575693090732,8.704679968079537,8.704679968079537,8.2083,0.49637996807953755,32.62843401156622,72.98772819337461,99.52014858259139,-9.230001093535597,9.230001093535597,25.30408698915369,38.815898012790335,500.0,113.32755150985557,9.443962625821298,15.722180027999157,True,True,ok,33.599999999998964,5.607476635514018,30.500000000000192,2.8000000000001357,-27.70000000000006,-2.8000000000001357,27.70000000000006,21.953130858666384,39.26059242598917,17.307461567322783,21.953130858666384,39.26059242598917,17.197037870284802,-32.66235470569707,-15.465316835412269,54.116660701431265,73.33964954122065,73.7890909487029,100.0,35.518254184289326,40.67124667106452,56.887604030621176,2.30247502781752,59.1900790584387,25.525131697516763,275.9842990472083,9.248762261345373,70.16066741664872
358_6,58,358,L,college,73.024,7.3343,True,1.3472,,1.3537,1.3083,1.105644232247802,241.555767752198,1.1579285800693615,189.27141993063825,1.1235990428140257,223.60095718597427,241.555767752198,52.28434782155975,6.0829879064607715,72.99585487752925,1.2694,77.79999999999987,1.3222,24.99999999999991,2735.163679278764,ok,lead_hand_velocity20_onset_to_latest_upward_crossing_55deg_pull_attack_direction,lead_hand_velocity20_onset,latest_upward_crossing_55deg_pull_attack_direction,55.0,223.60095718597427,343.5236664503547,-343.5236664503547,-6.3,30.0,9.97823662985755,33.26078876619184,7.6896421285765735,7.6896421285765735,7.3343,0.35534212857657366,33.26078876619184,74.4022654934498,100.0,-7.894146020121833,7.894146020121833,25.456130483717033,38.30652418451832,500.0,109.19568466616059,9.099640388846716,17.64054595155136,True,True,ok,27.999999999999137,4.901960784313726,24.99999999999991,2.7999999999999137,-22.199999999999996,-2.7999999999999137,22.199999999999996,22.59917510313652,37.72197225350906,15.122797150372538,22.59917510313652,37.72197225350906,13.037307836534527,-32.29546306715149,-19.25815523061696,55.10559282700289,74.4022654934498,74.06440175111908,100.0,29.852921349669693,32.85613504086458,49.1803539879798,1.499259513773175,50.679613501752975,20.76577070789365,274.40986743995217,7.567428570125208,71.07517810281395
358_7,58,358,L,college,76.8577,4.4272,True,1.1806,,1.1954,1.1417,0.957295656604447,223.30434339555305,0.9976980962422664,182.90190375773363,0.9788262051399944,201.7737948600056,223.30434339555305,40.40243963781941,7.303459440937846,87.64151329125416,1.0694,111.20000000000019,1.15,30.600000000000183,2798.6385102335953,ok,lead_hand_velocity20_onset_to_latest_upward_crossing_55deg_pull_attack_direction,lead_hand_velocity20_onset,latest_upward_crossing_55deg_pull_attack_direction,55.0,201.7737948600057,25.318475548415485,-25.318475548415485,-6.3,30.0,10.509074157227419,35.03024719075806,4.606730569076153,4.606730569076153,4.4272,0.17953056907615306,35.03024719075806,78.3604312606434,100.0,-10.439797824853542,10.439797824853542,25.75103112113767,38.31008623926147,497.30000000000007,106.92147919629767,8.91012326635814,23.253280137100695,False,False,ok,13.999999999999568,6.097560975609756,11.099999999999888,-2.6999999999999247,-13.799999999999812,2.6999999999999247,13.799999999999812,28.436445444350177,34.79452568432705,6.358080239976871,28.436445444350177,34.79452568432705,5.86895388077124,-28.24146981630346,-22.37251593553222,61.794677038230375,77.54347601644768,78.85954179181095,98.95743906579797,29.026856967265598,29.20612067975479,25.93932088064807,15.801114319795305,41.74043520044337,8.986827509294852,127.29878184468431,7.059633547993862,56.68053993256967
358_8,58,358,L,college,75.3953,8.5619,True,1.2583,,1.2741,1.2194,1.041550189562186,216.74981043781384,1.0823657871125354,175.93421288746458,1.0711063616831278,187.19363831687212,216.74981043781384,40.81559755034925,5.335571830040575,64.0268619604869,1.1972,61.09999999999993,1.225,33.29999999999988,2666.056030876454,ok,lead_hand_velocity20_onset_to_latest_upward_crossing_55deg_pull_attack_direction,lead_hand_velocity20_onset,latest_upward_crossing_55deg_pull_attack_direction,55.0,187.19363831687218,29.42653345968349,-29.42653345968349,-6.3,30.0,10.29108848338881,34.3036282779627,8.382043566664967,8.382043566664967,8.5619,-0.17985643333503276,34.048746371730225,76.1648764578789,99.25698266035545,-2.414060169745507,2.414060169745507,22.024559430095028,34.48912635924235,500.0,103.22508867694374,8.602090723078645,26.19559617318884,True,True,ok,16.799999999999482,7.6923076923076925,13.800000000000034,2.6999999999999247,-11.10000000000011,-2.6999999999999247,11.10000000000011,19.061492313481402,29.048743907042997,9.987251593561595,19.061492313481402,29.048743907042997,5.2452193475872235,-32.44113235849023,-27.195913010903006,63.95519825031264,76.73503104411834,83.34550384627066,100.0,13.218745922511161,12.558847198506205,33.866202074942485,-3.0043312227567447,30.86187085218574,11.90829018509897,124.26026279972159,9.583345404871983,54.23903262098098
360_1,210,360,R,college,70.7704,7.1623,True,1.5667,1.4093,1.4815,1.444219420696666,1.3548526538469756,211.8473461530244,1.4040748367133438,162.6251632866562,1.3988867329266967,167.81326707330325,211.8473461530244,49.2221828663682,7.344612734829434,88.13535281795322,1.4333,133.39999999999998,1.5417,24.99999999999991,2408.4580190374118,ok,lead_hand_velocity20_onset_to_latest_upward_crossing_55deg_pull_attack_direction,lead_hand_velocity20_onset,latest_upward_crossing_55deg_pull_attack_direction,55.0,167.81326707330325,31.548289772914686,-31.548289772914686,-6.3,30.0,9.528146567191499,31.760488557304996,7.408587202697036,7.408587202697036,7.1623,0.24628720269703575,31.668594872874788,70.8406291895015,99.71066665342882,4.5177613658986635,4.5177613658986635,21.300524934406216,32.84383202103286,500.0,91.64714835699485,7.637262363082904,41.79236525544787,True,True,ok,11.199999999999655,5.555555555555555,8.299999999999974,0.0,-8.299999999999974,0.0,8.299999999999974,21.300524934406216,27.28233970756603,5.981814773159815,21.300524934406216,27.28233970756603,2.9111361079896447,27.188788901416697,30.09992500940634,65.99628095412525,71.04618950721402,92.89207684730788,100.0,11.690312681120131,11.059001453655014,15.607725085373168,4.5177613658986635,20.125486451271833,7.087303785157026,113.41010190043349,6.249270273453424,58.85245594307071
360_2,210,360,R,college,70.3252,11.1797,True,1.2333,1.0574,1.1528,1.1093143056295276,1.009476803103882,223.8231968961182,1.0645463322308704,168.7536677691297,1.0643006435295572,168.99935647044285,223.8231968961182,55.0695291269885,7.121344904249604,85.45613885099525,1.1222,111.09999999999998,1.2,33.30000000000011,2463.3220002483663,ok,lead_hand_velocity20_onset_to_latest_upward_crossing_55deg_pull_attack_direction,lead_hand_velocity20_onset,latest_upward_crossing_55deg_pull_attack_direction,55.0,168.99935647044285,22.355506828558582,-22.355506828558582,-6.3,30.0,9.613808988203738,32.04602996067913,12.651545303304081,12.651545303304081,11.1797,1.4718453033040806,31.545244994276082,70.56470336944355,98.43729483178566,13.283433663929088,13.283433663929088,26.59448818900511,36.22047244098401,497.2000000000001,94.10944314772125,7.842453595643438,42.58180044785273,True,True,ok,16.799999999999482,8.695652173913043,13.800000000000034,2.7000000000001467,-11.099999999999888,-2.7000000000001467,11.099999999999888,24.040869891289564,32.55099362583194,8.510123734542379,24.040869891289564,32.55099362583194,6.717097862774409,19.78083989503449,26.4979377578089,59.84782632475793,71.68492743530577,83.48732218327125,100.0,24.92992986209595,23.758713203059532,34.03077826852259,9.271934448043632,43.30271271656622,11.306729415782666,110.20282410527052,10.259927100399883,59.462692163543814
360_3,210,360,R,college,69.597,0.4752,True,1.1389,0.9796,1.0722,1.0220140781207958,0.9395601151599616,199.3398848400385,0.9883103080995884,150.5896919004117,0.9780672818932852,160.83271810671496,199.3398848400385,48.7501929396268,6.2598903906370245,75.11868468764429,1.0333,105.59999999999991,1.1139,25.000000000000135,2330.187707906803,ok,lead_hand_velocity20_onset_to_latest_upward_crossing_55deg_pull_attack_direction,lead_hand_velocity20_onset,latest_upward_crossing_55deg_pull_attack_direction,55.0,160.83271810671485,333.1078657491646,-333.1078657491646,-6.3,30.0,9.296806843723644,30.989356145745482,0.28924108367514734,0.28924108367514734,0.4752,-0.18595891632485267,30.785769882194813,68.86580592831689,99.3430445518352,-1.643951559518923,-1.643951559518923,15.723284589443306,25.550056242997226,500.0,82.99045750004159,6.915871458336799,48.332662556099386,False,False,ok,13.999999999999568,2.824858757062147,11.199999999999877,-5.50000000000006,-16.69999999999994,5.50000000000006,16.69999999999994,21.594675665565134,28.992688413979582,7.398012748414448,21.594675665565134,28.992688413979582,4.979190101242718,21.960817397848995,26.940007499091713,57.71407987396247,68.31035357587571,83.2560126306411,98.54177130670068,20.021591160335372,19.39248150489688,27.479884638825375,6.685839821297789,34.165724460123165,9.232431452266267,244.65143899707084,3.7737082152935164,66.82789651300808
360_4,210,360,R,college,68.0364,5.9878,True,1.65,1.4787,1.5694,1.5243104661118878,1.4460410078149113,203.95899218508865,1.4927916401529857,157.20835984701444,1.4898471960948605,160.15280390513965,203.95899218508865,46.75063233807421,7.0497288560990485,84.59674627318859,1.5083,141.69999999999993,1.625,24.99999999999991,2598.644146272709,ok,lead_hand_velocity20_onset_to_latest_upward_crossing_55deg_pull_attack_direction,lead_hand_velocity20_onset,latest_upward_crossing_55deg_pull_attack_direction,55.0,160.15280390513942,29.75054724753523,-29.75054724753523,-6.3,30.0,9.356271531759672,31.187571772532245,6.312708438221733,6.312708438221733,5.9878,0.3249084382217333,31.187571772532245,69.76461115902875,100.0,4.635183360754341,4.635183360754341,20.19591301089546,28.924259467597803,500.0,86.12743903356021,7.177286586130017,44.99180410547603,True,True,ok,13.999999999999568,7.352941176470589,11.10000000000011,0.0,-11.10000000000011,0.0,11.10000000000011,20.19591301089546,27.687289088893806,7.491376077998346,20.19591301089546,27.687289088893806,4.218222722164288,21.90551181104728,26.123734533211568,59.55223661606149,69.76461115902875,85.36166922841713,100.0,16.209808608028563,15.66794066922012,24.53065841243951,4.635183360754341,29.16584177319385,8.9172227325949,107.7535132529355,8.275574933378769,57.17041619803702
360_5,210,360,R,college,70.175,7.3466,True,2.9778,,,2.85,2.7623811164330663,215.41888356693352,2.8179608700210097,159.8391299789901,2.817052888621718,160.74711137828191,215.41888356693352,55.57975358794343,6.416979181762367,77.0037501811484,2.8694,108.39999999999961,2.95,27.799999999999603,2435.5732347126177,ok,lead_hand_velocity20_onset_to_latest_upward_crossing_55deg_pull_attack_direction,lead_hand_velocity20_onset,latest_upward_crossing_55deg_pull_attack_direction,55.0,160.74711137828191,33.41698477162369,-33.41698477162369,-6.3,30.0,9.72609950330039,32.42033167766797,7.503461842064034,7.503461842064034,7.3466,0.15686184206403464,31.09619345580164,69.56020368602721,95.91571660946815,1.731086846489312,1.731086846489312,19.479565054389248,30.373265841802585,500.0,84.02012985411031,7.001677487842525,41.44637689493053,True,True,ok,11.200000000000543,5.714285714285714,8.300000000000196,0.0,-8.300000000000196,0.0,8.300000000000196,19.479565054389248,25.730596175505863,6.251031121116615,19.479565054389248,25.730596175505863,2.429508811401199,26.367266591704524,28.796775403105723,66.63377064535841,72.52221653021638,91.88049377613196,100.0,8.74129963986644,8.56364940597378,14.375726054539577,1.731086846489312,16.10681290102889,7.21154514797488,109.05632236179599,6.612679569415948,58.43307086620487
360_6,210,360,R,college,69.0553,4.2226,True,1.4222,1.2583,1.3565,1.30513215133239,1.2159869228037004,206.2130771962996,1.2687432628140556,153.45673718594432,1.2597124636516492,162.48753634835066,206.2130771962996,52.75634001035528,6.903727505339792,82.84473006407751,1.3083,113.89999999999989,1.3972,24.99999999999991,2414.9733357857585,ok,lead_hand_velocity20_onset_to_latest_upward_crossing_55deg_pull_attack_direction,lead_hand_velocity20_onset,latest_upward_crossing_55deg_pull_attack_direction,55.0,162.48753634835066,32.974883696146094,-32.974883696146094,-6.3,30.0,9.454476263923537,31.514920879745123,4.483636146826597,4.483636146826597,4.2226,0.2610361468265969,31.514920879745123,70.49687025712484,100.0,0.902016046955445,0.902016046955445,17.832208473960023,28.261342332239003,499.9999999999999,89.67989936576468,7.473324947147057,47.71348385787657,False,False,ok,16.799999999999482,8.571428571428571,13.900000000000023,-2.8000000000001357,-16.70000000000016,2.8000000000001357,16.70000000000016,20.30108736410142,28.825834270747308,8.524746906645888,20.30108736410142,28.825834270747308,5.511623547062573,22.56355455570491,28.075178102767484,50.7676364868772,65.52176868412714,72.01402885221889,92.94280504247651,21.969025320545203,23.024812156444924,28.636506589024396,6.211333313529491,34.847839902553886,10.534483535811077,113.97741713462862,9.242605948306306,59.18035245600694
360_7,210,360,R,college,67.6399,3.0429,True,1.6639,1.5102,1.5926,1.544576625531904,1.4584208127604488,205.47918723955115,1.5064727610707296,157.42723892927037,1.4969088531979808,166.9911468020191,205.47918723955115,48.05194831028078,7.081525296462145,84.97830355754573,1.5306,133.29999999999998,1.6389,24.99999999999991,2293.447593436818,ok,lead_hand_velocity20_onset_to_latest_upward_crossing_55deg_pull_attack_direction,lead_hand_velocity20_onset,latest_upward_crossing_55deg_pull_attack_direction,55.0,166.9911468020191,382.15210614924587,-382.15210614924587,-6.3,30.0,9.179776911782323,30.599256372607744,3.339985111419792,3.339985111419792,3.0429,0.2970851114197921,30.599256372607744,68.44858708976314,100.0,0.802009076991716,0.802009076991716,18.363892013518154,28.383577052899053,500.0,88.7624931860685,7.396874432172375,44.731124139127395,False,False,ok,11.199999999999655,2.0202020202020203,8.299999999999974,-2.8000000000001357,-11.10000000000011,2.8000000000001357,11.10000000000011,21.163479565077235,25.99343832023806,4.829958755160824,21.163479565077235,25.99343832023806,2.4626921634822203,27.200787401604185,29.663479565086405,58.141256215832556,68.37796711697065,84.94149943458497,99.89682771289365,12.782651906148953,11.95804436679585,16.254873005733906,5.479822942635105,21.73469594836901,5.725835454215923,239.34566324092424,2.392287111737773,66.87832770910862
360_8,210,360,R,college,67.3336,1.2257,True,1.6167,1.4648,1.537,1.49810947379114,1.4154931888108526,201.2068111891474,1.4633834822057576,153.31651779424237,1.4601817049628003,156.51829503719972,201.2068111891474,47.89029339490503,6.1753520531843105,74.10422463821172,1.5083,108.40000000000005,1.5917,25.000000000000135,2236.1541615251085,ok,lead_hand_velocity20_onset_to_latest_upward_crossing_55deg_pull_attack_direction,lead_hand_velocity20_onset,latest_upward_crossing_55deg_pull_attack_direction,55.0,156.51829503719972,40.358958342247675,-40.358958342247675,-6.3,30.0,9.070401222899335,30.234670742997782,1.6053844875662995,1.6053844875662995,1.2257,0.37968448756629947,30.139901015310436,67.42103842007516,99.68655280392198,-5.833427501432758,-5.833427501432758,14.284776902902571,24.717847769055574,500.0,80.72755565170444,6.727296304308703,44.10286872458921,False,False,ok,16.799999999999482,8.450704225352112,13.900000000000023,-5.50000000000006,-19.400000000000084,5.50000000000006,19.400000000000084,19.0899887514267,27.616235470596013,8.526246719169315,19.0899887514267,27.616235470596013,4.441319835025425,25.936257967782044,30.37757780280747,47.64579739645553,63.36450272975975,70.44752512492433,93.6886911754186,16.92661944285298,18.734090671405554,26.105308572415996,2.272361380227268,28.377669952643263,10.055703641298319,110.6994709400839,9.08378654017323,59.67510311217546
363_1,34,363,R,college,71.1714,8.8571,True,1.1472,0.9657,1.0593,1.0008628043576049,0.9254679451389848,221.7320548610153,0.9707818329772108,176.41816702278933,0.9716035386648416,175.59646133515838,221.7320548610153,46.13559352585693,6.628212109789557,79.53854531747469,1.0111,136.09999999999988,1.1222,24.99999999999991,2763.5333141544575,ok,lead_hand_velocity20_onset_to_latest_upward_crossing_55deg_pull_attack_direction,lead_hand_velocity20_onset,latest_upward_crossing_55deg_pull_attack_direction,55.0,175.59646133515838,33.98165139977127,-33.98165139977127,-6.3,30.0,9.805352404347488,32.68450801449163,8.56255030505449,8.56255030505449,8.8571,-0.29454969494551086,32.68450801449163,73.11316216555922,100.0,-0.5835792285754762,-0.5835792285754762,20.495688039017264,37.605924259508186,500.0,81.04955199591974,6.754129332993312,39.943981856773334,True,True,ok,11.199999999999655,6.451612903225806,8.399999999999963,0.0,-8.399999999999963,0.0,8.399999999999963,20.495688039017264,26.78158980130377,6.285901762286507,20.495688039017264,26.78158980130377,2.267904012000951,25.48143982005002,27.74934383205097,65.63967659311817,73.11316216555922,89.7781940336298,100.0,7.7683105651373126,7.7769806139075515,16.6864394898851,-0.5835792285754762,16.102860261309623,7.233299458916086,104.86587248198943,6.897667742342387,56.191601049929474
363_2,34,363,R,college,71.3523,-7.2947,True,1.225,1.062,1.1426,1.0930861924034656,1.0132892080270783,211.71079197292173,1.0774307887155905,147.5692112844096,1.0682362220495665,156.76377795043385,211.71079197292173,64.14158068851214,6.261369367745046,75.13643241294055,1.0444,180.60000000000008,1.2,25.000000000000135,2797.117597557745,ok,lead_hand_velocity20_onset_to_latest_upward_crossing_55deg_pull_attack_direction,lead_hand_velocity20_onset,latest_upward_crossing_55deg_pull_attack_direction,55.0,156.76377795043362,41.20179024329418,-41.20179024329418,-6.3,30.0,9.638235201006086,32.12745067002029,-7.631761495810386,-7.631761495810386,-7.2947,-0.3370614958103859,31.86793205837752,71.28653377410855,99.19222158549623,-10.588034761651954,-10.588034761651954,11.556617922772134,25.922759655071115,497.2000000000001,74.49512878869994,6.207927399058328,46.38654495343506,False,False,ok,8.399999999999741,4.545454545454546,5.599999999999827,-8.299999999999974,-13.899999999999801,8.299999999999974,13.899999999999801,19.398950131254548,23.401387326609456,4.002437195354908,19.398950131254548,23.401387326609456,1.2229096362967873,25.417885264369414,26.6407949006662,53.103446849478914,61.71218793218157,73.89121883157524,85.86992094877306,6.63001178269739,6.325488816820753,10.192758682584769,1.6858939243433244,11.878652606928092,4.415846857171088,107.2473729967532,4.117440580390508,56.65804274471813
363_3,34,363,R,college,70.7232,-8.5656,True,1.1944,1.0324,1.1213,1.0635925529209658,0.9964740815137768,197.9259184862232,1.0367712798493105,157.62872015068942,1.0337238417535468,160.6761582464531,197.9259184862232,40.29719833553378,6.394426957329832,76.73312348795798,1.0333,161.0999999999998,1.1694,24.99999999999991,2547.47063391541,ok,lead_hand_velocity20_onset_to_latest_upward_crossing_55deg_pull_attack_direction,lead_hand_velocity20_onset,latest_upward_crossing_55deg_pull_attack_direction,55.0,160.6761582464531,513.5476948218851,-513.5476948218851,-6.3,30.0,9.5657873891611,31.885957963870336,-8.885493314900067,-8.885493314900067,-8.5656,-0.31989331490006734,31.885957963870336,71.32685657630257,100.0,-9.562182131902738,-9.562182131902738,11.485564304474345,25.83595800527724,499.9999999999999,76.66993988971448,6.389161657476207,47.706308105033045,False,False,ok,11.199999999999655,1.694915254237288,8.299999999999974,-11.200000000000099,-19.50000000000007,11.200000000000099,19.50000000000007,20.735658042767053,26.21522309714118,5.479565054374127,20.735658042767053,26.21522309714118,2.142669666294026,24.032433445845232,26.175103112139258,44.1276207840476,49.880467103902184,61.866767865820165,69.93223800707113,14.75562774975059,15.047978159466226,10.923369081176295,9.001592799446806,19.9249618806231,6.165051128353591,288.9868172824715,2.1333329964070757,68.3526434196464
363_4,34,363,R,college,70.4637,8.7419,True,1.3972,1.2296,1.3139,1.257106709200036,1.1856346634406612,211.56533655933885,1.2396981631151354,157.50183688486464,1.231774220006404,165.42577999359608,211.56533655933885,54.0634996744742,6.7525215301599975,81.03025836191998,1.2278,169.4,1.3722,24.99999999999991,2798.949391269243,ok,lead_hand_velocity20_onset_to_latest_upward_crossing_55deg_pull_attack_direction,lead_hand_velocity20_onset,latest_upward_crossing_55deg_pull_attack_direction,55.0,165.42577999359608,31.736369104422124,-31.736369104422124,-6.3,30.0,9.79317969522884,32.64393231742947,8.35218912831028,8.35218912831028,8.7419,-0.38971087168971863,32.64393231742947,73.02239691622546,100.0,0.40378154621406387,0.40378154621406387,21.5093738282947,37.94244469445418,500.0,80.8811932707631,6.740099439230259,45.641665759883665,True,True,ok,11.199999999999655,6.349206349206349,8.399999999999963,0.0,-8.399999999999963,0.0,8.399999999999963,21.5093738282947,28.264341957285875,6.754968128991177,21.5093738282947,28.264341957285875,2.987251593554035,22.557930258742022,25.545181852296057,67.76153052131666,73.02239691622546,92.79554408362642,100.0,9.688573085323227,9.578328007265986,18.790073234332812,0.40378154621406387,19.193854780546875,7.889874795190482,104.89201106232159,7.521902493129542,56.631608548992574
363_5,34,363,R,college,71.8841,-2.9054,True,1.8111,1.6472,1.7222,1.676134113857475,1.6104482349778655,200.65176502213444,1.6541948038439824,156.9051961560175,1.6460524122145208,165.04758778547912,200.65176502213444,43.74656886611695,6.378855389152128,76.54626466982553,1.6472,163.89999999999992,1.7861,24.99999999999991,2642.5423962155496,ok,lead_hand_velocity20_onset_to_latest_upward_crossing_55deg_pull_attack_direction,lead_hand_velocity20_onset,latest_upward_crossing_55deg_pull_attack_direction,55.0,165.04758778547912,39.93300776043096,-39.93300776043096,-6.3,30.0,9.731072640565904,32.43690880188635,-3.2815030355539814,-3.2815030355539814,-2.9054,-0.37610303555398117,32.24035318886613,72.11961611682645,99.39403716235505,-7.135397240020554,-7.135397240020554,15.026246719176331,29.412073490845412,500.0,76.82871546398466,6.402392955332055,48.21173485864949,False,False,ok,8.399999999999741,4.615384615384616,5.50000000000006,-5.600000000000049,-11.10000000000011,5.600000000000049,11.10000000000011,20.63798275217827,24.360892388477755,3.722909636299484,20.63798275217827,24.360892388477755,1.018185226847745,25.270903637072664,26.28908886392041,60.57732440387596,67.83359016313162,83.48664561998551,93.48710856431208,5.316628658655706,5.154676750514642,6.793498047662993,2.0008555888947406,8.794353636557734,4.254771681918572,108.85065937611128,3.9088157171534217,57.00693663298247
363_6,34,363,R,college,72.6495,6.2548,True,1.3861,1.2083,1.2954,1.2453922062850808,1.1792752589013626,206.82474109863747,1.2293754411152746,156.72455888472547,1.2243828201918707,161.71717980812937,206.82474109863747,50.10018221391201,6.572057319367802,78.86468783241362,1.2306,155.5000000000002,1.3611,25.000000000000135,2742.537792739555,ok,lead_hand_velocity20_onset_to_latest_upward_crossing_55deg_pull_attack_direction,lead_hand_velocity20_onset,latest_upward_crossing_55deg_pull_attack_direction,55.0,161.71717980812937,32.37996934405163,-32.37996934405163,-6.3,30.0,9.829047820157609,32.7634927338587,6.2241902397331135,6.2241902397331135,6.2548,-0.030609760266886887,32.509592037659544,72.72188626892338,99.22504997174258,0.290208777587617,0.290208777587617,20.460254968151084,37.47994000753955,497.2000000000001,79.31612598760219,6.609677165633516,42.63245408027235,True,True,ok,13.999999999999568,7.936507936507936,11.099999999999888,0.0,-11.099999999999888,0.0,11.099999999999888,20.460254968151084,28.692913385857764,8.23265841770668,20.460254968151084,28.692913385857764,3.880014998129429,22.467191601074134,26.347206599203563,64.5442937835438,72.72188626892338,88.06717076039043,99.22504997174258,12.093524875934758,12.054349140634434,24.008797661652867,0.290208777587617,24.299006439240483,9.623096612548586,102.99163071912969,9.34357145853133,55.8760779903116
363_7,34,363,R,college,72.6779,15.0372,True,1.3722,1.1991,1.2704,1.225804546571791,1.1541275111970415,218.0724888029586,1.1980594474401047,174.14055255989535,1.2020872695825306,170.11273041746944,218.0724888029586,47.95975838548915,,,,,,25.000000000000135,2872.3376363092643,no_barrel_inflection_before_peak_omega,lead_hand_velocity20_onset_to_latest_upward_crossing_55deg_pull_attack_direction,lead_hand_velocity20_onset,latest_upward_crossing_55deg_pull_attack_direction,55.0,170.11273041746944,27.134438336225752,-27.134438336225752,-6.3,30.0,9.81894927074947,32.729830902498236,16.857417189026055,16.857417189026055,15.0372,1.8202171890260548,28.558815293521967,63.88425038815751,87.25622621943366,9.887855739624133,9.887855739624133,26.589238845173078,41.38845144361426,497.2000000000001,90.13883683243178,7.511569736035981,44.762700772225884,True,True,ok,16.799999999999482,9.230769230769232,13.900000000000023,5.50000000000006,-8.399999999999963,-5.50000000000006,8.399999999999963,21.647731533581688,31.910198725193826,10.262467191612139,21.647731533581688,31.910198725193826,5.392388451449396,22.658042744681392,28.050431196130788,60.169272862842384,68.8855313925081,82.18212865423631,94.08721983759573,14.987344056953226,14.310517645291151,32.31422947697469,-0.5360291694910834,31.778200307483605,12.22942456557603,108.4474584698375,11.276819888755071,58.066741657355564
363_8,34,363,R,college,70.9444,-2.7756,True,1.9361,1.7759,1.85,1.803705487132716,1.7131135071209165,222.98649287908344,1.7799833826547429,156.11661734525703,1.777669965124624,158.43003487537598,222.98649287908344,66.86987553382642,6.146074728005447,73.75289673606537,1.7611,174.99999999999983,1.9111,24.99999999999991,2669.7451772578565,ok,lead_hand_velocity20_onset_to_latest_upward_crossing_55deg_pull_attack_direction,lead_hand_velocity20_onset,latest_upward_crossing_55deg_pull_attack_direction,55.0,158.43003487537598,37.200436061050056,-37.200436061050056,-6.3,30.0,9.696341445292436,32.32113815097479,-2.992490994826077,-2.992490994826077,-2.7756,-0.21689099482607732,31.760477915413908,71.04616570198164,98.26534501061816,-8.361477618974304,-8.361477618974304,14.094675665557029,30.17735283092873,500.0,73.61233277141021,6.134361064284184,45.86533126462442,False,False,ok,11.199999999999655,5.633802816901409,8.299999999999974,-5.600000000000049,-13.900000000000023,5.600000000000049,13.900000000000023,20.052118485211007,25.918260217500812,5.866141732289805,20.052118485211007,25.918260217500812,2.581177352833688,22.78908886391663,25.370266216750316,59.36192406118705,69.51042294775499,82.10464126713538,96.14122909105306,10.307380053119202,9.658253918167869,16.821480984086474,2.545765696027298,19.367246680113773,6.772702891616921,104.75273863662285,6.4654184508824875,55.09411323590504
376_1,215,376,R,college,67.5581,1.3318,True,1.825,1.6639,1.7574,1.703474012782182,1.623653104043928,201.346895956072,1.65495610771193,170.04389228806983,1.6521143577055033,172.88564229449665,201.346895956072,31.30300366800216,5.663971903854069,67.96766284624883,1.7472,77.79999999999987,1.8,24.99999999999991,2659.4607098532542,ok,lead_hand_velocity20_onset_to_latest_upward_crossing_55deg_pull_attack_direction,lead_hand_velocity20_onset,latest_upward_crossing_55deg_pull_attack_direction,55.0,172.88564229449665,520.89881962764,-520.89881962764,-6.3,30.0,9.17441236527893,30.581374550929766,1.3668616767090256,1.3668616767090256,1.3318,0.03506167670902549,30.026785820331,67.16800693524286,98.1865147046443,-9.35597235890317,-9.35597235890317,13.724596925399153,26.228533933286673,500.0,91.94584364061939,7.6621536367182825,30.434855362298144,False,False,ok,27.999999999999137,4.0,24.99999999999991,-5.600000000000049,-30.59999999999996,5.600000000000049,30.59999999999996,19.03955755532615,31.51162354709066,12.47206599176451,19.03955755532615,31.51162354709066,8.494375703046302,24.4799400075255,32.9743157105718,41.706051998750546,66.60563024051557,60.96610685197152,97.36442975489096,25.327564739188933,29.673753015032474,39.74276986957988,1.873918593642558,41.61668846322244,15.590478308445086,259.8491850736263,5.999818049853664,59.976752905951564
376_2,215,376,R,college,66.1049,-0.1543,True,1.9417,1.7722,1.8704,1.8146863493195655,1.7280046602730137,213.6953397269865,1.7731896819616395,168.51031803836048,1.764927687101985,176.77231289801497,213.6953397269865,45.18502168862602,6.03009835789882,72.36118029478584,1.8444,97.29999999999994,1.9167,24.99999999999991,2425.7206177101702,ok,lead_hand_velocity20_onset_to_latest_upward_crossing_55deg_pull_attack_direction,lead_hand_velocity20_onset,latest_upward_crossing_55deg_pull_attack_direction,55.0,176.77231289801497,39.256033472041764,-39.256033472041764,-6.3,30.0,8.871733233164319,29.57244411054773,0.34349122806123344,0.34349122806123344,-0.1543,0.49779122806123344,29.57244411054773,66.15167347563461,100.0,1.4009064527504547,1.4009064527504547,19.304086989147216,35.11511061121154,500.0,87.38581923929833,7.282151603274861,26.885203087007657,False,False,ok,25.19999999999922,11.538461538461538,22.199999999999996,-8.299999999999974,-30.49999999999997,8.299999999999974,30.49999999999997,25.519310086266792,36.38826396704344,10.868953880776651,25.519310086266792,36.38826396704344,8.725534308220901,17.308398950149922,26.033933258370823,39.93203147906654,52.1909430977233,60.36435570110642,78.89587724027358,32.409059960557975,33.49099857758781,28.718070103388634,15.79488521503812,44.512955318426755,14.592553899102958,114.28213998198356,12.768884010575455,56.95631796031651
376_3,215,376,R,college,66.5969,5.8223,True,1.6639,1.4843,1.5898,1.535349071435627,1.4533146382731756,210.5853617268243,1.4894640595483375,174.43594045166222,1.495968328710919,167.9316712890813,210.5853617268243,42.653690437743,3.723213795046469,44.67856554055763,1.6222,41.69999999999985,1.6389,24.99999999999991,2464.117536290682,ok,lead_hand_velocity20_onset_to_latest_upward_crossing_55deg_pull_attack_direction,lead_hand_velocity20_onset,latest_upward_crossing_55deg_pull_attack_direction,55.0,167.93167128908104,464.2252715550148,-464.2252715550148,-6.3,30.0,9.025902522822406,30.086341742741357,6.223741490096191,6.223741490096191,5.8223,0.40144149009619046,29.819175539659593,66.70359596380538,99.11200170041869,6.700053427270518,6.700053427270518,21.7227221597535,33.4156355455929,500.0,92.20432295141852,7.683693579284877,28.175784348577576,True,True,ok,27.999999999999137,4.385964912280701,25.000000000000135,0.0,-25.000000000000135,0.0,25.000000000000135,21.7227221597535,33.746531683576016,12.023809523822518,21.7227221597535,33.746531683576016,9.853768278975775,18.90776152982919,28.761529808804966,44.422180646088606,66.70359596380538,66.00500587885047,99.11200170041869,31.183281513898482,36.90412588205906,41.20617427956741,6.700053427270518,47.90622770683793,16.123882082513727,248.24746562479524,6.495084266795131,60.24784401956265
376_4,215,376,R,college,66.6973,2.4883,True,1.6444,1.4741,1.5565,1.5138456528788498,1.434222506557583,210.177493442417,1.4742483383894938,170.15166161050632,1.4704118061913694,173.98819380863074,210.177493442417,40.025831831910665,6.046010761120884,72.55212913345062,1.5583,86.10000000000007,1.6194,25.000000000000135,2434.7754191186327,ok,lead_hand_velocity20_onset_to_latest_upward_crossing_55deg_pull_attack_direction,lead_hand_velocity20_onset,latest_upward_crossing_55deg_pull_attack_direction,55.0,173.98819380863074,49.454435633516255,-49.454435633516255,-6.3,30.0,9.013333899869485,30.044446332898282,2.572253348425267,2.572253348425267,2.4883,0.08395334842526703,30.044446332898282,67.2075123767409,100.0,-12.957724192986541,-12.957724192986541,12.62804649420187,26.009936257995847,500.0,93.06945168899294,7.7557876407494115,22.55339082698245,False,False,ok,27.999999999999137,12.5,25.000000000000135,-5.599999999999827,-30.59999999999996,5.599999999999827,30.59999999999996,16.78027746533496,28.966629171384874,12.186351706049912,16.78027746533496,28.966629171384874,5.989501312342426,32.20303712039474,38.192538432737166,36.16707431989202,56.130492963291424,53.81403512921672,83.51818268268029,18.644300992501613,21.705186229953817,35.44918922631758,-2.4541071265812877,32.995082099736294,14.095582758633602,120.71831180793271,11.676424684483822,54.6124859393166
376_6,215,376,R,college,64.9884,4.8293,True,1.9444,1.7315,1.8611,1.7889541346056168,1.7303203555352866,214.07964446471328,1.768884601345763,175.51539865423683,1.7706069403587117,173.79305964128844,214.07964446471328,40.286584823424846,5.8207796153022695,69.84935538362723,1.8583,86.09999999999984,1.9194,24.99999999999991,2403.722575173781,ok,lead_hand_velocity20_onset_to_latest_upward_crossing_55deg_pull_attack_direction,lead_hand_velocity20_onset,latest_upward_crossing_55deg_pull_attack_direction,55.0,173.7930596412882,400.4156989339198,-400.4156989339198,-6.3,30.0,8.75599986730647,29.186666224354898,5.492567639694953,5.492567639694953,4.8293,0.6632676396949533,29.186666224354898,65.28871292133783,100.0,-6.901498433209058,-6.901498433209058,16.720284964397518,32.377765279375055,500.0,90.35257016367129,7.529380846972607,19.840293475984033,True,False,ok,11.199999999999655,1.932367149758454,8.400000000000185,0.0,-8.400000000000185,0.0,8.400000000000185,16.720284964397518,23.038807649068758,6.31852268467124,16.720284964397518,23.038807649068758,1.7877765279359394,34.09598800153664,35.88376452947258,58.94612658360187,65.28871292133783,90.28532489930112,100.0,2.2082090998046047,1.6461644125301933,19.343504440576147,-6.901498433209058,12.442006007367091,6.619545804724706,243.83628363663203,2.714750120859469,59.69610048750356
376_7,215,376,R,college,66.6412,1.2197,True,1.575,1.412,1.5074,1.4543134625696164,1.374487631255537,200.51236874446292,1.402094713139868,172.90528686013195,1.4068555521384576,168.14444786154235,200.51236874446292,32.3679208829206,7.3933313128874225,88.71997575464907,1.4333,141.69999999999993,1.55,24.99999999999991,2589.6034927854494,ok,lead_hand_velocity20_onset_to_latest_upward_crossing_55deg_pull_attack_direction,lead_hand_velocity20_onset,latest_upward_crossing_55deg_pull_attack_direction,55.0,168.14444786154237,446.71716863207166,-446.71716863207166,-6.3,30.0,9.036347996786464,30.121159989288216,1.2978908876942634,1.2978908876942634,1.2197,0.07819088769426341,29.932583052306057,66.95728134463589,99.3739386628894,-4.083507940521007,-4.083507940521007,17.15541807275944,29.848331458599922,500.0,92.93999370402818,7.744999475335682,34.727004299075745,False,False,ok,19.599999999999397,3.2710280373831773,16.599999999999948,-5.600000000000049,-22.199999999999996,5.600000000000049,22.199999999999996,22.19928758907535,30.93850768657261,8.73922009749726,22.19928758907535,30.93850768657261,5.3580802399757985,25.197975253120575,30.556055493096373,44.679271442837866,64.8476242202682,66.31026664613604,96.24291342610331,22.129594643692503,25.622555108685038,27.357139521408122,6.00257579072474,33.35971531213286,10.699579907879373,268.8152152192347,3.98027317730257,87.79040119994485
376_8,215,376,R,college,66.5418,1.7663,True,1.3611,1.1954,1.288,1.240348354417248,1.1574069334537942,203.69306654620576,1.1908086060366467,170.29139396335324,1.1942526515740872,166.84734842591274,203.69306654620576,36.84571812029301,5.783265706894026,69.3991884827283,1.2722,88.89999999999998,1.3361,24.99999999999991,2434.326596509493,ok,lead_hand_velocity20_onset_to_latest_upward_crossing_55deg_pull_attack_direction,lead_hand_velocity20_onset,latest_upward_crossing_55deg_pull_attack_direction,55.0,166.84734842591274,459.0187921065525,-459.0187921065525,-6.3,30.0,9.003753890820587,30.012512969401957,1.5492615285715747,1.5492615285715747,1.7663,-0.21703847142842525,29.75072558289177,66.5504777713219,99.1277391973905,-3.9940241681497075,-3.9940241681497075,16.576865391843928,29.072928383983406,500.0,87.35564594513534,7.279637162094612,28.306952541998243,False,False,ok,8.399999999999741,1.3274336283185841,5.50000000000006,-5.600000000000049,-11.10000000000011,5.600000000000049,11.10000000000011,21.341957255366136,24.102924634446733,2.760967379080597,21.341957255366136,24.102924634446733,1.4686914135748843,27.157667791555394,28.626359205130278,52.54510621741411,60.69477785413278,78.26656937185122,90.40560355467034,12.972822525328425,12.495974702065665,11.08892579655738,7.666783538681116,18.755709335238496,3.3122017988253036,247.68529513893228,1.3372621886848046,59.226096737971744
378_1,57,378,R,college,68.2454,10.2801,True,1.0,0.7769,0.9046,0.8826831778373686,0.785247152905308,214.752847094692,0.8164176966038463,183.5823033961537,0.8187707910901044,181.2292089098956,214.752847094692,33.5236381847964,6.627251558307849,79.5270186996942,0.8944,105.60000000000002,0.975,25.00000000000002,2571.5394932928193,ok,lead_hand_velocity20_onset_to_latest_upward_crossing_55deg_pull_attack_direction,lead_hand_velocity20_onset,latest_upward_crossing_55deg_pull_attack_direction,55.0,181.2292089098956,29.587844314644897,-29.587844314644897,-6.3,30.0,9.382815714773836,31.27605238257945,10.517591741937395,10.517591741937395,10.2801,0.23749174193739542,31.27605238257945,69.96253664678645,100.0,3.513355227619643,3.513355227619643,21.89013873268206,34.65785526812892,500.0,87.46977454480275,7.289147878733562,41.46517016331392,True,True,ok,14.000000000000124,7.246376811594203,11.099999999999998,2.8000000000000247,-8.299999999999974,-2.8000000000000247,8.299999999999974,18.92107236597469,27.880952380982492,8.959880015007801,18.92107236597469,27.880952380982492,3.6256092988415674,25.08323959507771,28.708848893919278,64.77138397722891,69.96253664678645,92.58009655115043,100.0,9.289208793968196,9.413427978895283,22.581520224068356,-2.0320291866173545,20.549491037451002,10.335305647502077,109.66581885035171,9.424363722305742,57.601612298524934
378_2,57,378,R,college,69.5744,10.0583,True,1.3111,1.1019,1.2278,1.2116796098351617,1.103178927230985,207.9210727690146,1.12493268600544,186.1673139945599,1.1283526254540015,182.74737454599844,207.9210727690146,25.173698223016142,7.44673801344272,89.36085616131264,1.1472,163.89999999999992,1.275,36.10000000000002,2384.533672866945,ok,lead_hand_velocity20_onset_to_latest_upward_crossing_55deg_pull_attack_direction,lead_hand_velocity20_onset,latest_upward_crossing_55deg_pull_attack_direction,55.0,182.74737454599844,33.02648213107218,-33.02648213107218,-6.3,30.0,9.462607839108706,31.542026130362355,9.73783306627037,9.73783306627037,10.0583,-0.3204669337296284,30.797306697107388,68.89161304828953,97.63896133312089,2.77651386419878,2.77651386419878,20.506374203246743,32.14416947884986,499.9999999999999,90.03991663138095,7.503326385948412,50.95757666074316,True,True,ok,11.199999999999655,5.555555555555555,8.399999999999963,2.7999999999999137,-5.600000000000049,-2.7999999999999137,5.600000000000049,17.773153355849715,24.648856392977503,6.8757030371277885,17.773153355849715,24.648856392977503,1.8170228721429424,24.164979377603903,25.982002249746845,65.44140266394615,70.55750297593576,92.7490343390773,100.0,5.031429093521589,5.059016898902445,13.628993466189208,-1.8106554449538705,11.818338021235338,7.7491334538181,113.95647953964685,6.800081474193033,58.005811773590985
378_3,57,378,R,college,71.2679,12.0572,True,1.2611,1.0232,1.1694,1.147489668817584,1.0420636036805988,219.0363963194013,1.0700712500187977,191.02874998120245,1.0751689749087463,185.9310250912536,219.0363963194013,33.1053712281477,7.37061024084486,88.44732289013831,1.1333,127.80000000000014,1.225,36.10000000000002,2409.025582835661,ok,lead_hand_velocity20_onset_to_latest_upward_crossing_55deg_pull_attack_direction,lead_hand_velocity20_onset,latest_upward_crossing_55deg_pull_attack_direction,55.0,185.93102509125382,26.130236258422812,-26.130236258422812,-6.3,30.0,9.654318964547777,32.181063215159256,12.418032753790982,12.418032753790982,12.0572,0.3608327537909819,31.431802007341144,70.31093863488974,97.67173258755116,7.892755704004996,7.892755704004996,26.208848893916574,40.15766779156943,497.2000000000001,93.01163730867637,7.750969775723031,45.390319523415315,True,True,ok,11.199999999999655,5.714285714285714,8.399999999999963,2.8000000000001357,-5.599999999999827,-2.8000000000001357,5.599999999999827,23.37101612300987,30.513498312743874,7.142482189734004,23.37101612300987,30.513498312743874,3.2795275590586606,24.405699287615413,27.685226846674073,67.95774652695373,71.69055655001384,94.40281946029262,99.58821492579334,11.178065515426301,10.848542619386855,17.31981558884771,2.8476806170418913,20.167496205889602,8.375302766998153,112.34535510399925,7.454961319268652,59.665916760469415
378_4,57,378,R,college,69.6103,-2.3647,True,1.1639,0.95,1.0815,1.0615859587324228,0.9566545581908728,207.2454418091272,0.9846137475863442,179.2862524136557,0.986481966144158,177.41803385584188,207.2454418091272,29.827407953285302,6.828352152197569,81.94022582637083,1.0306,133.29999999999998,1.1389,24.99999999999991,2304.8398270831226,ok,lead_hand_velocity20_onset_to_latest_upward_crossing_55deg_pull_attack_direction,lead_hand_velocity20_onset,latest_upward_crossing_55deg_pull_attack_direction,55.0,177.418033855842,43.31961911065019,-43.31961911065019,-6.3,30.0,9.355238963283421,31.184129877611404,-2.197086763808044,-2.197086763808044,-2.3647,0.167613236191956,30.850323098652943,69.01020736098091,98.92956199108792,-8.470788413550693,-8.470788413550693,12.409448818911038,26.952755905540915,499.9999999999999,84.85274662817945,7.071062219014954,52.443193707575944,False,False,ok,8.399999999999741,4.166666666666666,5.600000000000049,-5.50000000000006,-11.10000000000011,5.50000000000006,11.10000000000011,18.158230221241958,22.31833520812309,4.160104986881134,18.158230221241958,22.31833520812309,0.8102737157864013,28.356392950911772,29.166666666698173,61.73955680824002,67.89565112707822,88.506723079585,97.3317902374448,2.439500403030759,2.2493364928766884,7.110422552630917,-1.020628918207664,6.089793634423253,4.712850347540542,119.96990343535649,3.9283605409251425,60.60629921266391
378_5,57,378,R,college,70.8054,5.3722,True,1.0667,0.8444,0.9852,0.9653127178523032,0.8598328017153946,206.86719828460545,0.8816848599170137,185.01514008298625,0.889979230990084,176.72076900991595,206.86719828460545,30.146429274689496,7.24095629681685,86.8914755618022,0.9056,161.10000000000002,1.0417,24.99999999999991,2397.7744179593997,ok,lead_hand_velocity20_onset_to_latest_upward_crossing_55deg_pull_attack_direction,lead_hand_velocity20_onset,latest_upward_crossing_55deg_pull_attack_direction,55.0,176.72076900991595,33.67265442550993,-33.67265442550993,-6.3,30.0,9.541973320934307,31.80657773644769,5.866081115646136,5.866081115646136,5.3722,0.49388111564613535,31.485580581257114,70.43123787861731,98.99078373709241,-3.478254221252994,-3.478254221252994,17.092425946775112,31.710536183011378,500.0,87.43584849254356,7.286320707711963,49.228722451457344,True,True,ok,13.999999999999568,6.578947368421052,11.10000000000011,0.0,-11.10000000000011,0.0,11.10000000000011,17.092425946775112,26.778027746560607,9.685601799785495,17.092425946775112,26.778027746560607,3.4973753280877666,25.26246719162834,28.759842519716106,65.69498480235123,71.14928806470932,92.334001631334,100.0,6.6591972625807045,5.266820012807778,22.789623193560015,-3.478254221252994,19.311368972307022,10.967719287909748,117.55017914639855,9.330244638972781,59.80483689545268
378_6,57,378,R,college,67.6051,-1.3759,True,0.9889,0.7852,0.9074,0.8893341524835223,0.7872101320871394,201.6898679128606,0.8076283648649554,181.27163513504465,0.8165930941391548,172.30690586084518,201.6898679128606,29.38296205201541,6.592433516482531,79.10920219779038,0.8333,155.59999999999997,0.9639,25.00000000000002,2305.1820367991454,ok,lead_hand_velocity20_onset_to_latest_upward_crossing_55deg_pull_attack_direction,lead_hand_velocity20_onset,latest_upward_crossing_55deg_pull_attack_direction,55.0,172.30690586084518,38.270735423143854,-38.270735423143854,-6.3,30.0,9.095458519549046,30.31819506516349,-1.14498096101569,-1.14498096101569,-1.3759,0.23091903898430988,29.936627136952932,66.96632770435062,98.74145565924869,-7.38756658729707,-7.38756658729707,12.44844394452038,23.87364079492642,500.0,79.92902089123814,6.660751740936512,49.536124061075405,False,False,ok,14.000000000000124,7.142857142857142,11.200000000000099,-5.499999999999949,-16.70000000000005,5.499999999999949,16.70000000000005,17.982377202869067,25.903637045397303,7.921259842528237,17.982377202869067,25.903637045397303,3.5905511811062425,24.1141732283725,27.704724409478743,54.64117385967051,65.85645479617085,80.56808893051236,97.10495459509801,12.490605852640964,12.353935444687727,22.510784100743127,1.193920714904282,23.70470481564741,9.198042715969192,110.56911376867131,8.31881743685945,57.021934758216844
378_7,57,378,R,college,71.8771,0.4266,True,0.9028,0.6796,0.8167,0.7972668363184103,0.695719816351552,207.08018364844804,0.7215122395309747,181.2877604690254,0.7310776780934614,171.7223219065387,207.08018364844804,35.357861741909346,6.666606306107037,79.99927567328444,0.7444,158.4000000000001,0.875,27.800000000000047,2458.555712106569,ok,lead_hand_velocity20_onset_to_latest_upward_crossing_55deg_pull_attack_direction,lead_hand_velocity20_onset,latest_upward_crossing_55deg_pull_attack_direction,55.0,171.7223219065387,36.546072923738684,-36.546072923738684,-6.3,30.0,9.856601754282648,32.85533918094216,0.7639889328781941,0.7639889328781941,0.4266,0.33738893287819416,31.043235763309017,69.44174070174701,94.48459987689229,-7.3348014565092505,-7.3348014565092505,14.800524934399183,26.576115485593004,497.20000000000005,80.71627649643514,6.726356374702928,46.60597496844397,False,False,ok,8.400000000000073,4.3478260869565215,5.600000000000049,-5.499999999999949,-11.099999999999998,5.499999999999949,11.099999999999998,20.7315335583276,25.077052868418537,4.3455193100909355,20.7315335583276,25.077052868418537,1.484626921636405,26.994000749935417,28.47862767157182,65.52401374807395,71.89926112214098,89.15401830010582,97.82837886721899,6.667721044023196,6.468662704161596,10.576748197340912,1.4788761152835397,12.05562431262445,4.98251333173199,112.78044900381548,4.417887475836727,58.69160104993218
378_8,57,378,R,college,64.4698,-1.8076,True,1.1111,,1.0009,,0.9049177289399636,206.1822710600365,0.9291252209576912,181.9747790423088,0.9423584484639588,168.7415515360412,206.1822710600365,37.44071952399531,5.775110794825506,69.30132953790607,1.0083,102.8,1.075,36.10000000000002,2242.428139838648,ok,lead_hand_velocity20_onset_to_latest_upward_crossing_55deg_pull_attack_direction,lead_hand_velocity20_onset,latest_upward_crossing_55deg_pull_attack_direction,55.0,168.74155153604121,41.07480203067304,-41.07480203067304,-6.3,30.0,8.778008403575285,29.26002801191762,-1.8296813312022517,-1.8296813312022517,-1.8076,-0.02208133120225164,29.105450167549648,65.10703777637262,99.47170985514774,-12.527477551622432,-12.527477551622432,10.800899887525725,22.588301462341605,500.0,76.06443096136546,6.338702580113789,44.59823334379505,False,False,ok,22.39999999999931,11.428571428571429,19.50000000000007,-8.299999999999974,-27.800000000000047,8.299999999999974,27.800000000000047,18.225346831665725,32.046494188261086,13.821147356595361,18.225346831665725,32.046494188261086,8.306336707920487,21.55924259469895,29.865579302619437,49.72422726434734,56.28009812712214,75.96957373793387,85.98575181302375,21.319816363019527,23.249385369727243,31.553422444100413,3.652092776996696,35.20551522109711,16.763737390102836,109.68765943650759,15.283157172121516,58.024371953568505
383_1,94,383,L,college,70.5587,6.4701,True,1.5278,1.3482,1.4269,1.3902030451543177,1.3274611546629853,200.3388453370148,1.3527283056666934,175.0716943333066,1.3657653615785423,162.03463842145771,200.3388453370148,38.304206915557046,6.144305584229153,73.73166701074985,1.3972,130.60000000000005,1.5,27.800000000000047,2680.9322236972403,ok,lead_hand_velocity20_onset_to_latest_upward_crossing_55deg_pull_attack_direction,lead_hand_velocity20_onset,latest_upward_crossing_55deg_pull_attack_direction,55.0,162.03463842145771,358.58492810860776,-358.58492810860776,-6.3,30.0,9.770569464863689,32.56856488287897,6.931886526456756,6.931886526456756,6.4701,0.46178652645675555,30.879308404698804,69.07504564401121,94.81323022904154,-4.711552106246022,4.711552106246022,18.952005999270565,34.78271466070498,500.0,75.94495066255826,6.328745888546521,39.39433819820391,True,True,ok,11.199999999999655,2.127659574468085,8.299999999999974,0.0,-8.299999999999974,0.0,8.299999999999974,18.952005999270565,25.282714660694726,6.330708661424161,18.952005999270565,25.282714660694726,3.162917135361493,-24.969066366731123,-21.80614923136963,67.7354961993483,72.85380476664041,92.97454870931357,100.0,12.168183053372491,11.778910928496398,15.691806144005128,4.711552106246022,20.40335825025115,7.733051316408651,263.40291320934256,2.9358260401101632,74.10029996258474
383_2,94,383,L,college,70.7986,-1.069,True,1.45,1.2713,1.3454,1.3156350943310815,1.2522119154899958,197.78808451000413,1.2769860430492137,173.01395695078648,1.2859441340906177,164.05586590938225,197.78808451000413,33.732218600621906,5.903367116375939,70.84040539651127,1.3472,102.8,1.425,24.99999999999991,2653.443130155691,ok,lead_hand_velocity20_onset_to_latest_upward_crossing_55deg_pull_attack_direction,lead_hand_velocity20_onset,latest_upward_crossing_55deg_pull_attack_direction,55.0,164.05586590938225,38.83538639354667,-38.83538639354667,-6.3,30.0,9.567145989232744,31.890486630775815,-1.2815653882927678,-1.2815653882927678,-1.069,-0.21256538829276783,31.040736071483096,69.43614905038265,97.33541049676968,7.909124024239007,-7.909124024239007,14.688038995141472,30.22347206602439,500.0,77.66335561299921,6.471946301083268,34.254834420035195,False,False,ok,8.399999999999741,4.10958904109589,5.50000000000006,-5.600000000000049,-11.10000000000011,5.600000000000049,11.10000000000011,20.359392575949997,23.953693288364832,3.594300712414835,20.359392575949997,23.953693288364832,1.3284589426336026,-31.69966254221646,-30.371203599582856,62.13152327295474,70.63063937329557,87.0958053588849,99.00984387916803,7.152245122995358,6.679401039204074,9.474287981813191,2.651523173984403,12.125811155797594,4.300422981511957,108.33130224798036,3.9696956394633673,54.29977502818015
383_3,94,383,L,college,73.3285,2.4557,True,1.2028,1.0167,1.0954,1.0643451897329812,0.9986900481057,204.1099518943,1.0339436360958691,168.85636390413094,1.0461208347552862,156.67916524471391,204.1099518943,47.43078664958608,6.508616792555277,78.10340151066333,1.0444,158.4000000000001,1.175,27.800000000000047,2796.059355906845,ok,lead_hand_velocity20_onset_to_latest_upward_crossing_55deg_pull_attack_direction,lead_hand_velocity20_onset,latest_upward_crossing_55deg_pull_attack_direction,55.0,156.67916524471391,421.4791642829969,-421.4791642829969,-6.3,30.0,10.103739903410235,33.67913301136745,3.059261713961647,3.059261713961647,2.4557,0.6035617139616467,32.633218567850086,72.99843094096737,96.89447337268349,-4.407947419416032,4.407947419416032,20.73997000377193,36.41319835024555,497.2000000000001,77.96498126248099,6.4970817718734155,41.40691060920391,False,False,ok,13.999999999999568,2.403846153846154,11.099999999999888,-2.7999999999999137,-13.899999999999801,2.7999999999999137,13.899999999999801,23.537307836545857,30.166854143264683,6.629546306718826,23.537307836545857,30.166854143264683,4.915823022127547,-25.259092613450598,-20.34326959132305,60.04253268844187,75.33807491805523,79.69746075108736,100.0,21.62788123764276,19.960639932564064,27.824740946162336,9.096164651254346,36.920905597416684,8.766291109789371,280.5342444194336,3.124855978966573,74.20172478448211
383_4,94,383,L,college,76.1298,8.0758,True,1.5778,1.3935,1.487,1.4478917902966253,1.377213582853263,200.5864171467371,1.4033484179571354,174.45158204286471,1.4109490702246823,166.85092977531758,200.5864171467371,33.73548737141951,,,,,,27.800000000000047,2854.192881728964,no_barrel_inflection_before_peak_omega,lead_hand_velocity20_onset_to_latest_upward_crossing_55deg_pull_attack_direction,lead_hand_velocity20_onset,latest_upward_crossing_55deg_pull_attack_direction,55.0,166.85092977531778,22.402504205254694,-22.402504205254694,-6.3,30.0,10.4930685381228,34.976895127076006,8.738179677000435,8.738179677000435,8.0758,0.6623796770004358,33.39009906164254,74.69152438627975,95.46330210366469,-16.08346620980639,16.08346620980639,25.365579302614574,40.731721034914635,500.0,85.90679865611202,7.158899888009334,46.718047274170424,True,True,ok,8.399999999999741,4.3478260869565215,5.499999999999838,0.0,-5.499999999999838,0.0,5.499999999999838,25.365579302614574,29.9345706786975,4.568991376082927,25.365579302614574,29.9345706786975,2.9675665541839322,-19.004124484459965,-16.036557930276032,75.77993332309215,78.241086093137,96.85439850986332,100.0,20.64761628440969,20.785600122384135,8.990316311232153,16.08346620980639,25.07378252103854,5.9792261279534475,104.86587973316483,5.701784167708137,53.590551181160265
383_5,94,383,L,college,76.1241,9.8079,True,1.2361,1.0426,1.1296,1.0897444363009836,1.0209601894105722,215.13981058942773,1.0532563951947902,182.8436048052098,1.0634272141223338,172.6727858776662,215.13981058942773,42.46702471176155,6.954780037922146,83.45736045506575,1.1333,102.8,1.2,36.10000000000002,2697.226741904801,ok,lead_hand_velocity20_onset_to_latest_upward_crossing_55deg_pull_attack_direction,lead_hand_velocity20_onset,latest_upward_crossing_55deg_pull_attack_direction,55.0,172.6727858776662,462.35807976944375,-462.35807976944375,-6.3,30.0,10.311877083847861,34.372923612826206,9.548491798749287,9.548491798749287,9.8079,-0.2594082012507126,33.50328206610123,74.94470755659715,97.46998085900242,-11.446344394813595,11.446344394813595,27.693850768683834,45.00881139862379,500.0,91.0008588482278,7.583404904018983,40.083939901803205,True,True,ok,11.199999999999655,1.7467248908296942,8.399999999999963,2.7999999999999137,-5.600000000000049,-2.7999999999999137,5.600000000000049,24.677352830922793,32.12748406452665,7.450131233603855,24.677352830922793,32.12748406452665,3.410948631424759,-28.338207724065096,-24.927259092640337,72.92525056857669,76.27295047538291,94.84355878884776,99.19743855536323,14.080782130293436,14.22262573817629,15.745172794098735,6.066352125361214,21.81152491945995,9.05877755480557,284.12670840351785,3.1882879317139934,75.51743532066652
383_6,94,383,L,college,73.4352,5.3376,True,1.3472,1.1574,1.2454,1.2096379758226363,1.1346820085899625,212.5179914100377,1.168632562343642,178.56743765635795,1.1796816658029772,167.51833419702277,212.5179914100377,44.99965721301493,6.909117663044096,82.90941195652915,1.2194,127.79999999999991,1.3222,24.99999999999991,2700.646828777746,ok,lead_hand_velocity20_onset_to_latest_upward_crossing_55deg_pull_attack_direction,lead_hand_velocity20_onset,latest_upward_crossing_55deg_pull_attack_direction,55.0,167.51833419702277,29.954531891907887,-29.954531891907887,-6.3,30.0,10.093692377830104,33.64564125943368,4.540121058457058,4.540121058457058,5.3376,-0.7974789415429422,33.64564125943368,75.2631560026701,100.0,-5.727909992052889,5.727909992052889,23.40063742034774,40.94000749910684,500.0,85.35687845729444,7.113073204774537,40.00426914176216,False,True,ok,5.599999999999827,2.8169014084507045,2.7999999999999137,-2.8000000000001357,-5.600000000000049,2.8000000000001357,5.600000000000049,25.968503937035926,28.111923509591673,2.1434195725557466,25.968503937035926,28.111923509591673,0.9593175853028697,-27.3863892013794,-26.42707161607653,68.02672965787974,71.5433991475783,90.38516755192455,95.05766559276381,13.679669305021722,13.679669305021722,5.376966536115765,10.99118603696384,16.368152573079605,2.60452271104564,108.72846522496253,2.3954377592443734,55.92800899893557
383_7,94,383,L,college,76.5329,3.722,True,1.2028,1.0259,1.1037,1.0708504289170626,0.999675571838984,203.12442816101608,1.0324830736641983,170.31692633580175,1.039031835456589,163.76816454341105,203.12442816101608,39.35626361760504,6.3140850426310715,75.76902051157286,1.1056,97.20000000000017,1.175,27.800000000000047,2775.9999575128018,ok,lead_hand_velocity20_onset_to_latest_upward_crossing_55deg_pull_attack_direction,lead_hand_velocity20_onset,latest_upward_crossing_55deg_pull_attack_direction,55.0,163.76816454341105,494.8389082698543,-494.8389082698543,-6.3,30.0,10.596908644383676,35.32302881461226,4.1172544944580665,4.1172544944580665,3.722,0.3952544944580665,33.591406953605585,75.14183731568886,95.0977537342711,-7.527612860677765,7.527612860677765,23.128233970778638,37.695163104652636,497.2000000000001,83.23181533138555,6.935984610948796,41.084825995434,False,False,ok,8.399999999999741,1.2658227848101267,5.50000000000006,-2.7999999999999137,-8.299999999999974,2.7999999999999137,8.299999999999974,26.02399700040306,29.84364454446418,3.8196475440611195,26.02399700040306,29.84364454446418,2.2279715035644685,-24.47300337460461,-22.24503187104014,72.62107280571028,79.01536510068946,91.90753306419465,100.0,16.676300205231872,16.204600368620838,9.455740957994937,12.184279644539924,21.64002060253486,4.899586716537386,300.3337768934382,1.6313805151112974,74.53299587559607
383_8,94,383,L,college,75.4439,8.616,True,1.0583,0.8722,0.9639,0.9292172657308584,0.8581759043888483,200.1240956111517,0.8812813317285965,177.01866827140356,0.8983920666163493,159.90793338365071,200.1240956111517,40.216162227501,,,,,,33.30000000000011,2716.701421630399,no_barrel_inflection_before_peak_omega,lead_hand_velocity20_onset_to_latest_upward_crossing_55deg_pull_attack_direction,lead_hand_velocity20_onset,latest_upward_crossing_55deg_pull_attack_direction,55.0,159.90793338365071,369.54833612132563,-369.54833612132563,-6.3,30.0,10.268054481892426,34.226848272974756,8.368671723387264,8.368671723387264,8.616,-0.24732827661273582,34.226848272974756,76.5632790644567,100.0,-17.19475853929029,17.19475853929029,27.31552305964705,38.98875140611635,500.0,88.3861171730995,7.365509764424959,43.91684225420021,True,True,ok,8.399999999999741,1.5706806282722512,5.600000000000049,0.0,-5.600000000000049,0.0,5.600000000000049,27.31552305964705,31.411136108020433,4.095613048373384,27.31552305964705,31.411136108020433,2.7650918635200448,-19.43138357707385,-16.666291713553804,73.04019357666562,76.5632790644567,95.39846577779788,100.0,22.394076084885814,22.450618346314233,10.342092829762631,17.19475853929029,27.536851369052922,5.407183988280288,269.7862500144251,2.0042474321768333,70.36014248226574
391_1,103,391,R,high_school,69.9597,-22.8545,True,2.0778,1.913,1.9917,1.95338718068028,1.8696143417623263,208.18565823767355,1.9112097760420936,166.590223957906,1.938238997653144,139.56100234685587,208.18565823767355,68.62465589081768,2.8024423311520583,33.6293079738247,2.0472,30.59999999999974,2.05,27.800000000000047,2492.8826318887127,ok,lead_hand_velocity20_onset_to_latest_upward_crossing_55deg_pull_attack_direction,lead_hand_velocity20_onset,latest_upward_crossing_55deg_pull_attack_direction,55.0,139.56100234685587,55.40428901571248,-55.40428901571248,-6.3,30.0,9.683251687092131,32.27750562364044,-23.740355370892615,-23.740355370892615,-22.8545,-0.8858553708926138,30.581130117434466,68.40803981172698,94.7444033439699,-19.171195356593913,-19.171195356593913,3.7774653168394736,16.820772403467732,499.9999999999998,73.56901315302058,6.130751096085048,47.071879396202945,False,False,ok,16.799999999999482,8.571428571428571,13.900000000000023,-22.20000000000022,-36.10000000000024,22.20000000000022,36.10000000000024,21.27352830898436,30.769778777686035,9.496250468701675,21.27352830898436,30.769778777686035,5.2564679415129945,23.202474690688728,28.458942632201722,45.06532656141174,46.468285286095075,62.414995201049074,64.35807802657908,21.96175163317581,21.781629422452433,16.319250012229066,13.970504516457172,30.289754528686238,11.300621688119097,117.15233925454949,9.646091371308447,57.38788901393527
391_2,103,391,R,high_school,70.4064,-4.1096,True,1.9722,1.8,1.8713,1.8361571893713744,1.7460296948353884,226.1703051646116,1.7921395505824254,180.0604494175746,1.8202884386327245,151.91156136727568,226.1703051646116,74.25874379733591,2.7643345143677855,33.17201417241343,1.9444,27.800000000000047,1.9472,24.99999999999991,2597.9978346143444,ok,lead_hand_velocity20_onset_to_latest_upward_crossing_55deg_pull_attack_direction,lead_hand_velocity20_onset,latest_upward_crossing_55deg_pull_attack_direction,55.0,151.91156136727545,36.62064483215089,-36.62064483215089,-6.3,30.0,9.665576817446874,32.21858939148958,-4.010108178045926,-4.010108178045926,-4.1096,0.09949182195407413,32.21858939148958,72.07093188862193,100.0,1.8145953351643986,1.8145953351643986,19.17547806526256,34.053430821184136,500.0,84.72606811405534,7.060505676171278,43.46917496694897,False,False,ok,16.799999999999482,8.823529411764707,13.900000000000023,-13.900000000000023,-27.800000000000047,13.900000000000023,27.800000000000047,28.760404949412397,36.12523434574582,7.36482939633342,28.760404949412397,36.12523434574582,7.463254593183914,15.175103112127376,22.63835770531129,42.61192022733324,43.73986357416732,59.12497467520678,60.69002082804021,39.479679807417746,39.18715516932453,11.903316340648736,33.679358913258895,45.58267525390763,10.811617593376404,113.32036703093725,9.540754126241717,56.03674540688469
391_3,103,391,R,high_school,71.5565,-8.5888,True,1.6139,1.4454,1.5167,1.481348632154717,1.4015299850109595,212.3700149890402,1.4330897997802856,180.8102002197143,1.4647786619425895,149.12133805741036,212.3700149890402,63.24867693162983,3.846199026108881,46.154388313306576,1.5722,41.69999999999985,1.5889,24.99999999999991,2535.7444753638074,ok,lead_hand_velocity20_onset_to_latest_upward_crossing_55deg_pull_attack_direction,lead_hand_velocity20_onset,latest_upward_crossing_55deg_pull_attack_direction,55.0,149.12133805741036,39.06481969960396,-39.06481969960396,-6.3,30.0,9.623688933780533,32.07896311260178,-8.548317160475564,-8.548317160475564,-8.5888,0.04048283952443654,31.626271161671585,70.74595374389664,98.58881987755908,-4.018576916565414,-4.018576916565414,14.869516310477255,29.251406074272314,500.0,82.25774850886077,6.854812375738398,43.83653087720632,False,False,ok,19.599999999999397,10.294117647058822,16.600000000000172,-13.900000000000023,-30.500000000000192,13.900000000000023,30.500000000000192,26.246156730437054,34.91657292842167,8.670416197984618,26.246156730437054,34.91657292842167,8.049306336716612,17.043494563198006,25.092800899914618,42.21012559524607,45.79765145336933,58.82239547414224,63.82183250078792,36.46974207088512,36.76910922251666,18.268831674231592,26.126095753774933,44.394927428006525,12.20106979347493,113.55409693571575,10.744720025717868,55.59205099368586
391_4,103,391,R,high_school,72.4412,-3.9004,True,1.8778,1.7102,1.7741,1.7430642996372825,1.6525518933985823,225.24810660141736,1.696657720733784,181.14227926621584,1.723628792821685,154.171207178315,225.24810660141736,71.07689942310236,3.0759578477574236,36.91149417308908,1.8472,30.59999999999996,1.85,27.799999999999827,2610.7638997682566,ok,lead_hand_velocity20_onset_to_latest_upward_crossing_55deg_pull_attack_direction,lead_hand_velocity20_onset,latest_upward_crossing_55deg_pull_attack_direction,55.0,154.171207178315,37.30459137102682,-37.30459137102682,-6.3,30.0,10.05595921321057,33.51986404403524,-3.5340839152060997,-3.5340839152060997,-3.9004,0.3663160847939002,32.37271993670258,72.41571209892301,96.57771849603671,-0.6510646953799307,-0.6510646953799307,19.61154855645163,35.989501312374834,500.0,88.4796249022829,7.373302075190241,40.73844181732376,False,False,ok,22.39999999999931,11.594202898550725,19.400000000000084,-11.10000000000011,-30.500000000000192,11.10000000000011,30.500000000000192,27.5628046494486,37.39688788905427,9.834083239605668,27.5628046494486,37.39688788905427,9.593925759290457,18.28796400451919,27.881889763809646,40.81819735686359,46.30304269604422,54.4374730232815,61.752375187580796,37.98624282438645,38.35396338238101,23.258488560284945,23.876994642267164,47.13548320255211,14.032343183405757,115.55732433057527,12.143188036496397,56.93382077246497
391_5,103,391,R,high_school,71.8184,-2.2073,True,1.7444,1.575,1.6444,1.6102924146932829,1.5231595004858185,221.2404995141817,1.5607852148794858,183.6147851205141,1.5932006479501002,151.19935204989977,221.2404995141817,70.04114746428192,6.544205131032948,78.53046157239538,1.6472,97.19999999999996,1.7167,27.70000000000006,2576.093394336278,ok,lead_hand_velocity20_onset_to_latest_upward_crossing_55deg_pull_attack_direction,lead_hand_velocity20_onset,latest_upward_crossing_55deg_pull_attack_direction,55.0,151.19935204989977,33.265322240205286,-33.265322240205286,-6.3,30.0,9.681871729387622,32.272905764625406,-2.0550295819879367,-2.0550295819879367,-2.2073,0.1522704180120633,32.272905764625406,72.19243415494222,100.0,1.1583321898733832,1.1583321898733832,19.13667041621865,32.46344206977635,500.0,87.15000326939675,7.262500272449729,43.69955143646856,False,False,ok,19.599999999999397,10.606060606060606,16.600000000000172,-8.399999999999963,-25.000000000000135,8.399999999999963,25.000000000000135,26.22009748784235,35.546306711699444,9.326209223857095,26.22009748784235,35.546306711699444,8.765654293222816,17.001687289107227,25.767341582330044,47.697967680718776,57.58449268547778,66.07059069146712,79.76527368766607,34.783675810932515,37.36164776323739,24.876407034580925,19.785171875671697,44.66157891025262,13.069184749459541,112.68102985070188,11.598389513102356,55.53562054749156
391_6,103,391,R,high_school,71.1969,-10.6781,True,1.7222,1.5583,1.6296,1.595116083295648,1.5074797405972369,214.72025940276308,1.5431923185511676,179.0076814488324,1.573787179852812,148.41282014718792,214.72025940276308,66.30743925557516,7.289746513898216,87.47695816677859,1.5611,161.10000000000002,1.6972,24.99999999999991,2618.405976472464,ok,lead_hand_velocity20_onset_to_latest_upward_crossing_55deg_pull_attack_direction,lead_hand_velocity20_onset,latest_upward_crossing_55deg_pull_attack_direction,55.0,148.41282014718792,38.96719318291319,-38.96719318291319,-6.3,30.0,9.72845141997267,32.4281713999089,-11.599455800668897,-11.599455800668897,-10.6781,-0.9213558006688967,32.4281713999089,72.53975348941674,100.0,1.4519438124609982,1.4519438124609982,13.90344956881892,29.202662167260637,500.0,86.53195402508975,7.210996168757479,48.45440527353664,False,False,ok,8.399999999999741,4.411764705882353,5.50000000000006,-8.399999999999963,-13.900000000000023,8.399999999999963,13.900000000000023,20.98012748408716,24.89632545934448,3.9161979752573224,20.98012748408716,24.89632545934448,1.777840269968177,23.243344581952364,25.02118485192054,50.54181279502936,56.21978996969682,69.67464095725552,77.5020416603691,16.962117991432894,16.78095194676949,6.496972458096614,13.80421478471629,20.301187242812905,4.576371423458776,119.87858457246693,3.817505386620866,56.76321709792409
391_7,103,391,R,high_school,73.6326,-0.5296,True,1.6667,1.4963,1.5648,1.5281784416932098,1.4452964877728736,221.4035122271265,1.4878394659201155,178.86053407988456,1.5187321763736192,147.96782362638083,221.4035122271265,73.43568860074566,6.800553827732587,81.60664593279105,1.5583,108.40000000000005,1.6417,25.000000000000135,2609.9467188262593,ok,lead_hand_velocity20_onset_to_latest_upward_crossing_55deg_pull_attack_direction,lead_hand_velocity20_onset,latest_upward_crossing_55deg_pull_attack_direction,55.0,147.96782362638083,367.67039428360573,-367.67039428360573,-6.3,30.0,9.884649296520639,32.94883098840213,0.15812863722953407,0.15812863722953407,-0.5296,0.687728637229534,32.94883098840213,73.70443581872337,100.0,5.80892768257188,5.80892768257188,21.502062242242953,37.053243344621954,500.0,86.6446856048201,7.220390467068341,42.38829010060356,False,False,ok,22.39999999999931,4.301075268817205,19.50000000000007,-5.499999999999838,-24.99999999999991,5.499999999999838,24.99999999999991,26.230408698940977,36.04461942261112,9.814210723670143,26.230408698940977,36.04461942261112,10.499250093749623,12.827709036384306,23.32695913013393,48.31781791109383,68.38452463427295,65.55618718788091,92.7821017482112,37.0662356906274,41.218698776101874,34.3612779820104,15.797072739277937,50.158350721288336,14.617286106914484,284.3163244177894,5.141205358801373,74.1121109862068
391_8,103,391,R,high_school,73.7789,-1.0983,True,1.6861,1.5204,1.587,1.5560119174639635,1.4570727324088888,229.02726759111115,1.5087967992878837,177.30320071211625,1.5312651555072452,154.83484449275474,229.02726759111115,74.19242309835641,3.810376560469672,45.72451872563607,1.6472,38.899999999999935,1.65,36.10000000000002,2632.38241911111,ok,lead_hand_velocity20_onset_to_latest_upward_crossing_55deg_pull_attack_direction,lead_hand_velocity20_onset,latest_upward_crossing_55deg_pull_attack_direction,55.0,154.83484449275474,32.61770405917619,-32.61770405917619,-6.3,30.0,9.987302750066304,33.29100916688768,-1.0236527132852924,-1.0236527132852924,-1.0983,0.07464728671470766,32.66764035562243,73.07543028727272,98.12751602650341,3.516515976054903,3.516515976054903,20.014435695559676,33.57349081368456,500.0,89.77434902685242,7.481195752237702,44.04301966529652,False,False,ok,19.599999999999397,10.44776119402985,16.599999999999948,-5.600000000000049,-22.199999999999996,5.600000000000049,22.199999999999996,24.944506936659867,33.99193850772326,9.047431571063395,24.944506936659867,33.99193850772326,8.252718410207638,17.530183727053053,25.78290213726069,49.119914303445114,65.30579797304269,65.95944983263779,87.69425937050485,31.957729330445428,35.77055311120297,27.771422956921196,15.140955323911452,42.91237828083265,12.517733100280214,114.10678760138228,10.9701914876522,55.57667791532064
396_1,74,396,R,college,68.2315,-3.2267,True,1.5917,1.3926,1.5102,1.446700380947998,1.3845959887314263,207.1040112685736,1.4191428963713792,172.55710362862064,1.4391996323382572,152.5003676617427,207.1040112685736,54.6036436068309,8.2384373306359,98.8612479676308,1.1111,480.5999999999999,1.5667,24.99999999999991,2705.6466442241017,ok,lead_hand_velocity20_onset_to_latest_upward_crossing_55deg_pull_attack_direction,lead_hand_velocity20_onset,latest_upward_crossing_55deg_pull_attack_direction,55.0,152.5003676617427,33.11403214867337,-33.11403214867337,-6.3,30.0,9.175477331985265,30.584924439950885,-2.8662639235282508,-2.8662639235282508,-3.2267,0.36043607647174936,30.342167008273247,67.8734945603821,99.20628402350884,7.334285582377379,7.334285582377379,18.246719160124695,25.254593175880295,500.0,83.70489313094839,6.975407760912366,39.351143821012656,False,False,ok,11.199999999999655,6.0606060606060606,8.299999999999974,-8.300000000000196,-16.600000000000172,8.300000000000196,16.600000000000172,24.55943007126762,28.212035995531036,3.6526059242634155,24.55943007126762,28.212035995531036,3.2287214098272656,19.377202849664723,22.60592425949199,43.19854023035042,55.73198920790091,63.14050395151763,81.45983327314069,32.69530403705128,33.42081197893834,19.554600875725658,22.192495657301397,41.747096533027054,4.858027805918444,103.95161660467105,4.673354743864704,51.64566929139438
396_2,74,396,R,college,64.7284,-1.4962,True,1.025,0.8194,0.9389,0.8741959710371199,0.8150731945083561,209.92680549164376,0.8526183462777002,172.38165372229977,0.8689202166873861,156.07978331261384,209.92680549164376,53.84702217902992,,,,,,27.799999999999937,2662.649846151622,no_barrel_inflection_before_peak_omega,lead_hand_velocity20_onset_to_latest_upward_crossing_55deg_pull_attack_direction,lead_hand_velocity20_onset,latest_upward_crossing_55deg_pull_attack_direction,55.0,156.07978331261384,39.94254486416659,-39.94254486416659,-6.3,30.0,8.922174699706083,29.740582332353615,-1.2024039690174155,-1.2024039690174155,-1.4962,0.29379603098258444,29.61593560715319,66.24896118278713,99.5808867364886,0.5014415322490846,0.5014415322490846,15.348706411715114,22.541619797549654,499.9999999999999,82.77304692046464,6.89775391003872,37.72597902214413,False,False,ok,16.800000000000146,8.450704225352112,13.800000000000034,-5.600000000000049,-19.400000000000084,5.600000000000049,19.400000000000084,19.36295463069208,26.685039370107567,7.322084739415487,19.36295463069208,26.685039370107567,4.703974503192189,22.71747281592255,27.42144731911474,40.36266012283129,55.17474326242767,60.670377532189285,82.93488322588513,24.9782322018542,28.228635349031933,21.202820243416152,11.501826183341041,32.70464642675719,8.670370446226563,109.30667924778871,7.932150629671578,54.300149981311016
396_3,74,396,R,college,67.4535,-3.7321,True,1.0417,0.8509,0.9667,0.9060955446781068,0.8526429848432616,189.0570151567385,0.8752723066124622,166.42769338753783,0.8945497813177388,147.1502186822613,189.0570151567385,41.906796474477176,6.94156662472817,83.29879949673804,0.8528,188.90000000000006,1.0167,25.000000000000135,2609.1234416293423,ok,lead_hand_velocity20_onset_to_latest_upward_crossing_55deg_pull_attack_direction,lead_hand_velocity20_onset,latest_upward_crossing_55deg_pull_attack_direction,55.0,147.1502186822613,388.77138935694444,-388.77138935694444,-6.3,30.0,9.10868338265764,30.362277942192133,-3.2699263974875388,-3.2699263974875388,-3.7321,0.4621736025124612,30.038096984627153,67.19330928916231,98.93229039605592,6.327740011445854,6.327740011445854,16.716535433088925,27.18897637798212,497.30000000000007,80.91549503795521,6.742957919829601,47.42396364511272,False,False,ok,8.399999999999741,1.5625,5.600000000000049,-5.499999999999838,-11.099999999999888,5.499999999999838,11.099999999999888,21.52512185979078,24.652605924286096,3.1274840644953166,21.52512185979078,24.652605924286096,1.8468316460462368,20.44975628048703,22.296587926533267,55.69784462279332,64.932381612163,82.00690510632963,95.60340607897626,19.462373803455538,19.18136634609573,10.871723705534295,14.1670156793683,25.038739384902595,3.8322961993205165,225.57418877068181,1.6989072287948777,64.44225721791739
396_4,74,396,R,college,66.9606,2.2794,True,1.2139,1.0306,1.1306,1.068151185770037,1.0113032360494316,202.5967639505684,1.0479052664763218,165.9947335236782,1.0627979611150231,151.10203888497665,202.5967639505684,51.49472506559172,7.0793747394750675,84.95249687370081,0.9694,244.49999999999994,1.1889,24.99999999999991,2692.4526029470567,ok,lead_hand_velocity20_onset_to_latest_upward_crossing_55deg_pull_attack_direction,lead_hand_velocity20_onset,latest_upward_crossing_55deg_pull_attack_direction,55.0,151.10203888497688,325.05204925066346,-325.05204925066346,-6.3,30.0,9.101602595015828,30.338675316719428,2.9369445556767153,2.9369445556767153,2.2794,0.6575445556767154,30.338675316719428,67.8656838688247,100.0,10.141030849069296,10.141030849069296,20.530746156752585,28.881139857549005,500.0,81.98359069558772,6.831965891298977,39.22971413918361,False,False,ok,13.999999999999568,2.9069767441860463,11.10000000000011,-2.7999999999999137,-13.900000000000023,2.7999999999999137,13.900000000000023,22.957442819672345,28.5731158605483,5.615673040875954,22.957442819672345,28.5731158605483,5.120922384707445,17.719160105006015,22.84008248971346,51.0210034598375,65.5575392701078,75.1793845597346,96.59895183082773,29.331898023147488,28.020596723825797,29.272645106076506,15.593714752507655,44.86635985858416,7.619916335567501,229.51290051781584,3.3200383587919533,68.67247844026917
396_5,74,396,R,college,64.3035,-3.5504,True,1.1972,1.0204,1.0898,1.0686630407207125,1.0086969457607993,188.5030542392008,1.0363704545194912,160.82954548050887,1.0445516278770897,152.6483721229104,188.5030542392008,35.854682116290405,7.513282291686833,90.15938750024199,0.7639,433.3,1.1722,25.000000000000135,2687.922016005473,ok,lead_hand_velocity20_onset_to_latest_upward_crossing_55deg_pull_attack_direction,lead_hand_velocity20_onset,latest_upward_crossing_55deg_pull_attack_direction,55.0,152.6483721229104,34.71827853519116,-34.71827853519116,-6.3,30.0,8.875384911381783,29.58461637127261,-3.9680019227536776,-3.9680019227536776,-3.5504,-0.4176019227536778,29.58461637127261,66.17890204740644,100.0,6.0003905409578575,6.0003905409578575,16.047994000767236,22.272403449592858,500.0,78.21730263309412,6.518108552757844,41.35981405705286,False,False,ok,8.399999999999741,4.477611940298507,5.499999999999838,-5.600000000000049,-11.099999999999888,5.600000000000049,11.099999999999888,20.69066366706397,23.662354705687353,2.9716910386233835,20.69066366706397,23.662354705687353,1.844206974130227,19.93513310838299,21.779340082513215,51.23682396609326,58.07301204106259,77.4216893616494,87.75154957914336,21.118294274135906,21.161790360695896,9.481441970435405,16.35582524563821,25.837267216073617,3.5615651324701103,102.77852029953384,3.465281580324779,51.693850768709765
396_6,74,396,R,college,63.7517,-0.6734,True,0.975,0.7963,0.8528,0.8347851650720269,0.7800400734358373,194.9599265641627,0.8117889850196999,163.2110149803001,0.8136989049157102,161.3010950842898,194.9599265641627,33.6588314798729,2.562494515913967,30.749934190967608,0.9472,27.799999999999937,0.95,25.00000000000002,2763.2958830744205,ok,lead_hand_velocity20_onset_to_latest_upward_crossing_55deg_pull_attack_direction,lead_hand_velocity20_onset,latest_upward_crossing_55deg_pull_attack_direction,55.0,161.3010950842898,354.8489451609128,-354.8489451609128,-6.3,30.0,8.728899954200479,29.096333180668264,-0.5480671613364811,-0.5480671613364811,-0.6734,0.12533283866351885,29.096333180668264,65.08664365754346,100.0,2.6519775484222112,2.6519775484222112,16.59467566555973,23.842707161630553,500.0,82.46409383841853,6.8720078198682115,35.76084898467944,False,False,ok,13.999999999999568,2.6881720430107525,11.099999999999998,-5.600000000000049,-16.70000000000005,5.600000000000049,16.70000000000005,21.017810273738487,26.48725159357942,5.469441319840932,21.017810273738487,26.48725159357942,3.448256467945228,23.67510311213656,27.12335958008179,42.92027211862174,59.25926921009436,65.9432868353895,91.04674304898849,23.56621405885735,24.23531074036929,20.516303211840984,12.551093446182469,33.067396658023455,6.511560301984223,232.16387040732184,2.804725942309612,69.82208473948302
396_7,74,396,R,college,65.9948,4.0839,True,1.2417,1.0472,1.1519,1.092906788422427,1.0481283877118903,193.5716122881095,1.0723287205247196,169.3712794752804,1.0835170133088206,158.18298669117948,193.5716122881095,35.38862559693001,6.146897930919113,73.76277517102936,1.1194,122.30000000000007,1.2167,25.000000000000135,2626.4308971935106,ok,lead_hand_velocity20_onset_to_latest_upward_crossing_55deg_pull_attack_direction,lead_hand_velocity20_onset,latest_upward_crossing_55deg_pull_attack_direction,55.0,158.18298669117948,27.68527240297347,-27.68527240297347,-6.3,30.0,8.867392145817142,29.557973819390472,4.699309527331884,4.699309527331884,4.0839,0.6154095273318845,29.557973819390472,66.11930435618835,100.0,5.300050117829359,5.300050117829359,19.790213723305968,33.829583802061286,500.0,76.4972183379563,6.3747681948296915,29.10363349579427,False,False,ok,22.39999999999931,12.121212121212121,19.50000000000007,-2.6999999999999247,-22.199999999999996,2.6999999999999247,22.199999999999996,22.176977877789238,32.0935508061839,9.916572928394661,22.176977877789238,32.0935508061839,9.429696287974199,15.585301837287172,25.01499812526137,47.7673124195824,65.49465125824825,72.24412429123157,99.05526365707803,32.567499661640255,35.94960225161515,39.44146158780116,10.200726638500303,49.642188226301464,13.927014698756183,94.91180637497058,14.673637801955172,49.381514810702015
396_8,74,396,R,college,65.817,3.1873,True,1.2722,1.087,1.1963,1.1284518960748111,1.0768243852481163,195.3756147518837,1.1021986353406974,170.0013646593026,1.1154490354065556,156.7509645934444,195.3756147518837,38.624650158439295,6.876180651513416,82.514167818161,1.0833,188.90000000000006,1.2472,24.99999999999991,2762.724679347643,ok,lead_hand_velocity20_onset_to_latest_upward_crossing_55deg_pull_attack_direction,lead_hand_velocity20_onset,latest_upward_crossing_55deg_pull_attack_direction,55.0,156.7509645934444,29.669603919155072,-29.669603919155072,-6.3,30.0,8.9537333308766,29.84577776958867,3.325846757747774,3.325846757747774,3.1873,0.13854675774777414,29.84577776958867,66.76310345738331,100.0,7.1234322321987875,7.1234322321987875,19.735658042765976,30.940382452226896,500.0,80.91379110526253,6.742815925438545,31.19409508034769,False,False,ok,22.39999999999931,11.940298507462686,19.400000000000084,-2.7999999999999137,-22.199999999999996,2.7999999999999137,22.199999999999996,21.91863517062735,31.468691413607296,9.550056242979945,21.91863517062735,31.468691413607296,8.886951631055727,17.156917885282873,26.0438695163386,43.96110791723808,61.53710987864875,65.84641162659499,92.17233275851167,34.11487384936867,37.512930937570715,34.067274141758666,13.290700061874041,47.35797420363271,13.007359653315286,100.20937806232027,12.980181999758548,51.023997000430086
398_1,221,398,L,college,60.0138,2.223,True,2.075,1.8602,1.9685,1.9247489317231137,1.861002296491152,213.99770350884828,1.8985014714427129,176.49852855728733,1.9041828880465712,170.81711195342896,213.99770350884828,43.18059155541931,2.6389496946532374,31.66739633583885,2.0444,30.600000000000183,2.05,25.000000000000355,2251.001587362419,ok,lead_hand_velocity20_onset_to_latest_upward_crossing_55deg_pull_attack_direction,lead_hand_velocity20_onset,latest_upward_crossing_55deg_pull_attack_direction,55.0,170.81711195342896,561.3214684974661,-561.3214684974661,-6.3,30.0,8.049339918547338,26.83113306182446,2.284739880505862,2.284739880505862,2.223,0.06173988050586221,26.724652296294842,59.78134461411688,99.60314473010042,-3.247403655590459,3.247403655590459,17.02474690665506,28.7255343082425,497.2000000000001,89.61411290057343,7.467842741714453,56.349731302720386,False,False,ok,19.599999999999397,2.6515151515151514,16.599999999999948,-2.7999999999996916,-19.39999999999964,2.7999999999996916,19.39999999999964,19.628608923905716,29.74821897266056,10.119610048754843,19.628608923905716,29.74821897266056,5.901762279721417,-25.918072740935376,-20.01631046121396,48.80005142534827,59.61873598122335,81.30694644508728,99.33221855236044,21.087707919475516,21.909728423586596,25.730625902312113,7.114341635018113,32.84496753733023,12.36631246300432,282.2160700476839,4.381859778897381,72.52155980510273
398_2,221,398,L,college,57.3841,-19.4186,True,1.5611,1.3444,1.4806,1.4411742499959328,1.3589723565120644,202.1276434879356,1.396224887147155,164.87511285284495,1.4025951623320685,158.50483766793167,202.1276434879356,43.62280582000392,5.451729214009951,65.42075056811942,1.4056,155.49999999999997,1.5361,24.99999999999991,2101.0699739678475,ok,lead_hand_velocity20_onset_to_latest_upward_crossing_55deg_pull_attack_direction,lead_hand_velocity20_onset,latest_upward_crossing_55deg_pull_attack_direction,55.0,158.50483766793144,57.71578005079747,-57.71578005079747,-6.3,30.0,7.802698803230548,26.008996010768495,-20.323445888964137,-20.323445888964137,-19.4186,-0.904845888964136,25.43160803438833,56.888886977425514,97.78004511923064,14.915906917232855,-14.915906917232855,-0.8173978252727303,12.300712410961909,497.1999999999999,65.78405550142634,5.482004625118861,57.74362598700829,False,False,ok,11.199999999999655,5.128205128205128,8.299999999999974,-25.000000000000135,-33.30000000000011,25.000000000000135,33.30000000000011,19.258717660313263,24.97431571056316,5.715598050249898,19.258717660313263,24.97431571056316,2.8196475440600395,-24.193663292114614,-21.374015748054575,46.40552112291682,46.78209719750193,79.76134163040994,80.40859678902059,19.71239181238211,19.906400450823497,8.91907482727626,15.058845760302594,23.977920587578854,6.875266286848994,112.6480113725573,6.103317939728769,58.35376827902817
398_3,221,398,L,college,61.9023,-6.4257,True,2.0056,1.7944,1.9083,1.858675128851424,1.8051427673454177,200.45723265458216,1.837757694665448,167.84230533455192,1.8419707855601728,163.62921443982637,200.45723265458216,36.82801821475579,3.021744556114446,36.260934673373356,1.9694,36.19999999999979,1.975,30.59999999999974,2250.264032923325,ok,lead_hand_velocity20_onset_to_latest_upward_crossing_55deg_pull_attack_direction,lead_hand_velocity20_onset,latest_upward_crossing_55deg_pull_attack_direction,55.0,163.62921443982702,540.4092843503956,-540.4092843503956,-6.3,30.0,8.493001220962038,28.31000406987346,-6.159388108037122,-6.159388108037122,-6.4257,0.26631189196287774,28.31000406987346,63.327675532107705,100.0,4.520632703159349,-4.520632703159349,10.213348331469598,22.662167229120836,499.9999999999998,77.76728630869671,6.480607192391393,56.515265094714195,False,False,ok,19.599999999999397,2.766798418972332,16.599999999999948,-11.100000000000332,-27.70000000000028,11.100000000000332,27.70000000000028,17.99737532810343,27.54274465694764,9.54536932884421,17.99737532810343,27.54274465694764,4.871016122989889,-25.33202099740268,-20.46100487441279,38.695648476445,41.524190398581496,61.103850964537536,65.57036879954381,21.394393183108026,22.52428784063488,16.68761733274589,11.813160494510168,28.50077782725606,11.351180173850404,284.3192500046376,3.992406484494191,74.4010123735337
398_4,221,398,L,college,58.1787,-2.4786,True,2.3,2.062,2.2028,2.1426902008462125,2.0963617457444306,203.63825425556925,2.1260531011418267,173.94689885817317,2.131365968395023,168.6340316049768,203.63825425556925,35.00422265059245,2.53900093619486,30.46801123433832,2.2694,30.59999999999974,2.275,24.99999999999991,2255.091420327004,ok,lead_hand_velocity20_onset_to_latest_upward_crossing_55deg_pull_attack_direction,lead_hand_velocity20_onset,latest_upward_crossing_55deg_pull_attack_direction,55.0,168.6340316049768,700.7660090194192,-700.7660090194192,-6.3,30.0,7.965066598842416,26.55022199614139,-2.443189817036106,-2.443189817036106,-2.4786,0.03541018296389398,26.55022199614139,59.391155145269686,100.0,7.1077114719693695,-7.1077114719693695,10.751406074252333,25.38132733411065,499.9999999999998,78.32702869930006,6.5272523916083385,52.150946941805124,False,False,ok,16.800000000000814,1.9169329073482428,13.900000000000023,-8.300000000000196,-22.20000000000022,8.300000000000196,22.20000000000022,16.683914510704184,24.193475815549196,7.509561304845011,16.683914510704184,24.193475815549196,2.720659917513249,-29.507874015779898,-26.78721409826665,37.87365251917813,48.17958940547706,63.76985331660895,81.12249928062631,12.93547951344942,14.273756186093113,17.260438438528965,3.1139981470683558,20.37443658559732,8.597862708764403,297.8197563149694,2.8869349754189715,91.73472066001662
398_5,221,398,L,college,61.6967,-6.7712,True,2.5056,2.288,2.4111,2.3620328834477653,2.2943523714801577,211.24762851984207,2.3376561581175284,167.94384188247147,2.337948718537156,167.6512814628439,211.24762851984207,43.59634705699816,2.811704844087577,33.74045812905092,2.4722,33.39999999999988,2.475,30.59999999999974,2265.2288028007833,ok,lead_hand_velocity20_onset_to_latest_upward_crossing_55deg_pull_attack_direction,lead_hand_velocity20_onset,latest_upward_crossing_55deg_pull_attack_direction,55.0,167.6512814628439,52.86230825411575,-52.86230825411575,-6.3,30.0,8.442831587495922,28.14277195831974,-6.6122810208561535,-6.6122810208561535,-6.7712,0.15891897914384678,28.14277195831974,62.9535879525763,100.0,3.533454772160233,-3.533454772160233,9.45219347582573,23.31833520812417,500.0,78.00649533079563,6.5005412775663025,60.40693857747353,False,False,ok,14.000000000000679,6.25,11.099999999999888,-11.100000000000332,-22.20000000000022,11.100000000000332,22.20000000000022,17.633483314604725,24.149043869542396,6.515560554937672,17.633483314604725,24.149043869542396,3.483689538811408,-21.950506186750356,-18.46681664793895,40.06605726434773,44.30927358675463,63.64380262889857,70.38403215418529,21.193624767731183,22.09813222202008,14.382266971912593,13.213452930329932,27.595719902242525,7.805879679328045,115.5422998316516,6.755863169334029,58.595425571866826
398_6,221,398,L,college,60.753,-16.8631,True,1.9528,1.7213,1.913,1.8212430216945688,1.7532405473721069,199.55945262789345,1.7824597507516016,170.34024924839852,1.768425123720612,184.3748762793882,199.55945262789345,29.219203379494928,2.5212005432971374,30.25440651956565,1.9222,30.600000000000183,1.925,27.800000000000047,2113.443515160459,ok,lead_hand_velocity20_onset_to_latest_upward_crossing_55deg_pull_attack_direction,lead_hand_velocity20_onset,latest_upward_crossing_55deg_pull_attack_direction,55.0,184.3748762793882,65.1794325251045,-65.1794325251045,-6.3,30.0,8.3779305058841,27.926435019613667,-16.938615583164474,-16.938615583164474,-16.8631,-0.07551558316447426,26.677782928967517,59.67650082535676,95.5287809211266,12.477138328117757,-12.477138328117757,2.1674165729307187,16.0611173603473,500.0,75.36263130382125,6.280219275318437,59.1803071233284,False,False,ok,13.999999999999568,5.555555555555555,11.099999999999888,-24.99999999999991,-36.099999999999795,24.99999999999991,36.099999999999795,20.614735658065012,27.54068241472791,6.925946756662899,20.614735658065012,27.54068241472791,3.374765654296862,-26.982564679444213,-23.60779902514735,43.17065027305495,44.3503439689854,69.10659196031348,70.99501871245123,20.175656676349085,19.999348550391513,10.172997243752686,15.154043966889652,25.32704121064234,8.31158725333253,124.15419346436404,6.694568279498511,63.72909636302349
398_7,221,398,L,college,58.4321,-4.4676,True,2.1611,1.9259,2.0694,2.0094345837644285,1.9592881343633053,201.81186563669405,1.996534234503896,164.56576549610412,1.9963756528716856,164.72434712831395,201.81186563669405,37.24610014058993,3.1997782515159665,38.3973390181916,2.1194,41.699999999999626,2.125,36.099999999999795,2160.818741682947,ok,lead_hand_velocity20_onset_to_latest_upward_crossing_55deg_pull_attack_direction,lead_hand_velocity20_onset,latest_upward_crossing_55deg_pull_attack_direction,55.0,164.72434712831418,685.1519048597798,-685.1519048597798,-6.3,30.0,7.9232729825782044,26.41090994192735,-4.762053153757929,-4.762053153757929,-4.4676,-0.2944531537579289,25.79612323667506,57.704284262426256,97.67222444586692,-0.9418603804264575,0.9418603804264575,11.731721034883313,24.52699662544831,499.9999999999998,75.57372337327017,6.297810281105847,61.0473501031036,False,False,ok,16.800000000000814,2.04778156996587,13.900000000000023,-8.300000000000196,-22.20000000000022,8.300000000000196,22.20000000000022,18.74953130860668,27.114360704941173,8.364829396334493,18.74953130860668,27.114360704941173,5.873828271472412,-20.36689163856717,-14.49306336709476,47.39272802670416,54.38785282178959,80.21853538421387,92.058720350468,25.71041820597233,27.89770588003565,24.04349975750514,11.54350745263188,35.58700721013702,10.815094006828964,315.3343654001113,3.4297226035310984,88.42482189735837
426_1,231,426,R,college,65.6076,-5.442,True,1.4111,1.2407,1.3333,1.3049493928912117,1.208246088629518,202.8539113704821,1.2373251599596422,173.77484004035782,1.2565996052816264,154.50039471837363,202.8539113704821,48.35351665210848,6.146730091216484,73.76076109459781,1.2833,127.79999999999991,1.3861,24.99999999999991,2337.750359795183,ok,lead_hand_velocity20_onset_to_latest_upward_crossing_55deg_pull_attack_direction,lead_hand_velocity20_onset,latest_upward_crossing_55deg_pull_attack_direction,55.0,154.50039471837363,637.7476920260096,-637.7476920260096,-6.3,30.0,8.91170686805883,29.705689560196102,-5.66615896688953,-5.66615896688953,-5.442,-0.2241589668895294,29.37356312911952,65.70678939047845,98.88194337181247,-17.04108266307408,-17.04108266307408,8.42238470192136,20.107424072012716,500.0,76.0190681298503,6.334922344154191,36.72311662470635,False,False,ok,22.39999999999931,2.8469750889679712,19.399999999999864,-13.900000000000023,-33.29999999999988,13.900000000000023,33.29999999999988,18.77052868393479,30.893325834304093,12.122797150369305,18.77052868393479,30.893325834304093,6.422759655050061,21.52755905514136,27.95031871019142,41.38110075034816,42.308900063079804,62.27429005460037,63.670532360045165,21.37804511320064,20.566451428490435,20.49057385188467,11.259304956663026,31.749878808547695,14.44490568091244,294.61660314494196,4.902950318046403,82.07874015756899
426_2,231,426,R,college,70.3444,0.9551,True,1.3528,1.1796,1.2694,1.2417826634953897,1.1240955052462378,228.7044947537622,1.1692875972511854,183.51240274881465,1.1899091185057555,162.89088149424447,228.7044947537622,65.81361325951772,6.737962339766357,80.85554807719629,1.2194,133.39999999999998,1.325,27.800000000000047,2530.520547473516,ok,lead_hand_velocity20_onset_to_latest_upward_crossing_55deg_pull_attack_direction,lead_hand_velocity20_onset,latest_upward_crossing_55deg_pull_attack_direction,55.0,162.89088149424447,609.6119420387957,-609.6119420387957,-6.3,30.0,9.74981324230616,32.49937747435387,1.2169013407249547,1.2169013407249547,0.9551,0.26180134072495476,31.202683119450075,69.79841427937106,96.0100947905016,-10.332391331624109,-10.332391331624109,15.468128983893726,28.389388826427364,500.0,83.19037065591874,6.932530887993228,35.43832327602511,False,False,ok,13.999999999999568,1.8450184501845017,11.099999999999888,-5.50000000000006,-16.599999999999948,5.50000000000006,16.599999999999948,20.502437195372732,26.967566554209863,6.465129358837132,20.502437195372732,26.967566554209863,2.2887139107636294,29.388451443601294,31.677165354364924,49.6448830025421,67.78462005972295,68.28822648978348,93.2400522914971,9.58023297535711,10.173634124593837,21.238987093368063,-1.7536197194098044,19.48536737395826,7.398469771239337,289.7239906253475,2.5536269037542576,81.70284964388279
426_3,231,426,R,college,68.0588,4.3183,True,1.425,1.2537,1.3407,1.3107017209178875,1.2068292594463053,218.1707405536948,1.245102486009996,179.8975139900041,1.26315493205769,161.84506794231,218.1707405536948,56.32567261138479,6.598363648070599,79.18036377684719,1.3194,105.60000000000014,1.4,25.000000000000135,2631.953828137825,ok,lead_hand_velocity20_onset_to_latest_upward_crossing_55deg_pull_attack_direction,lead_hand_velocity20_onset,latest_upward_crossing_55deg_pull_attack_direction,55.0,161.84506794231,558.9088459898684,-558.9088459898684,-6.3,30.0,9.361176831979861,31.203922773266207,4.473333672104701,4.473333672104701,4.3183,0.1550336721047012,31.203922773266207,69.80118730598195,100.0,-6.093018864754402,-6.093018864754402,17.70622422199138,30.90307461570642,500.0,86.16765465417019,7.180637887847516,34.19496736977451,False,False,ok,19.599999999999397,2.6923076923076925,16.599999999999948,-2.7999999999999137,-19.399999999999864,2.7999999999999137,19.399999999999864,20.352830896159972,30.10254968132236,9.749718785162386,20.352830896159972,30.10254968132236,4.348331458572382,26.66554180730289,31.013873265875272,48.463786278512146,67.42074069734873,69.43117753293404,96.58967604920781,14.383998952935055,16.130068842574293,26.06570058080931,-0.5769739520586115,25.488726628750698,11.42913324420854,289.9810253334408,3.9413383103485846,80.251218597762
426_4,231,426,R,college,70.0335,3.911,True,1.4361,1.2565,1.3482,1.3197124056998817,1.212540735052944,223.5592649470559,1.2518154431694282,184.28455683057177,1.268706886241369,167.39311375863088,223.5592649470559,56.16615118842503,6.479222667536125,77.7506720104335,1.3333,102.8,1.4,36.10000000000002,2450.742736926122,ok,lead_hand_velocity20_onset_to_latest_upward_crossing_55deg_pull_attack_direction,lead_hand_velocity20_onset,latest_upward_crossing_55deg_pull_attack_direction,55.0,167.39311375863088,528.8243021047791,-528.8243021047791,-6.3,30.0,9.483705538214751,31.612351794049175,3.9834097348613655,3.9834097348613655,3.911,0.07240973486136548,31.15854424574254,69.69967843088428,98.56446128632524,-2.095332490930636,-2.095332490930636,20.110986126755883,31.985001874800208,499.9999999999999,86.2057889620884,7.1838157468407005,34.615294361384265,False,False,ok,13.999999999999568,2.0408163265306123,11.099999999999888,-2.8000000000001357,-13.900000000000023,2.8000000000001357,13.900000000000023,22.76246719162564,29.66647919013329,6.904011998507652,22.76246719162564,29.66647919013329,3.2457817772813478,25.668728908914115,28.914510686195463,54.55501037933143,68.38277030657619,77.14791989809275,96.70218096081808,14.127380832664148,13.934201464592283,21.334886929129382,3.58329069344971,24.918177622579094,8.091538598358479,280.49477840334276,2.8847376925937276,78.57367829029863
426_5,231,426,R,college,70.5659,3.0581,True,1.725,1.5482,1.638,1.6084449093014814,1.5157662589083165,209.2337410916838,1.5503117209562844,174.68827904371565,1.563055757610204,161.9442423897961,209.2337410916838,47.28949870188771,7.097488486271852,85.16986183526222,1.5722,152.80000000000004,1.7,25.000000000000135,2660.608344407935,ok,lead_hand_velocity20_onset_to_latest_upward_crossing_55deg_pull_attack_direction,lead_hand_velocity20_onset,latest_upward_crossing_55deg_pull_attack_direction,55.0,161.9442423897961,677.9184990406475,-677.9184990406475,-6.3,30.0,9.56915084857622,31.89716949525407,2.9975193543349388,2.9975193543349388,3.0581,-0.06058064566506127,31.739069976754543,70.99827750705643,99.50434624450595,-9.558165096500483,-9.558165096500483,16.11267341584043,33.79377577806425,500.0,85.798015051743,7.149834587645249,34.679980683530786,False,False,ok,11.199999999999655,1.3201320132013201,8.299999999999974,-2.7999999999999137,-11.099999999999888,2.7999999999999137,11.099999999999888,19.13667041621865,24.61567304089649,5.47900262467784,19.13667041621865,24.61567304089649,1.3927634045759305,31.035808024030523,32.42857142860645,61.898482361934704,71.35193605774435,86.75094998381115,100.0,2.974809457428295,2.678360755610664,14.240375643722988,-3.848929662615568,10.39144598110742,6.3021571713489335,314.51314485447625,2.0037818051340626,82.04986876649286
426_6,231,426,R,college,70.2479,-0.5798,True,1.7889,1.612,1.7056,1.67751551353005,1.5813048641998078,207.59513580019217,1.6174199488885392,171.48005111146068,1.6302753477456893,158.62465225431066,207.59513580019217,48.97048354588151,6.573404444890807,78.88085333868969,1.6528,136.09999999999988,1.7639,24.99999999999991,2421.460234504068,ok,lead_hand_velocity20_onset_to_latest_upward_crossing_55deg_pull_attack_direction,lead_hand_velocity20_onset,latest_upward_crossing_55deg_pull_attack_direction,55.0,158.62465225431066,700.0996511245913,-700.0996511245913,-6.3,30.0,9.438350903719162,31.461169679063875,-0.49888808844868837,-0.49888808844868837,-0.5798,0.08091191155131161,30.955392400270647,69.24524069495037,98.39237611330833,-16.389235508954798,-16.389235508954798,11.970191226109671,25.009561304863908,500.0,80.61969576594156,6.71830798049513,35.412444581516574,False,False,ok,25.19999999999922,2.980132450331126,22.299999999999986,-5.50000000000006,-27.800000000000047,5.50000000000006,27.800000000000047,17.88038995127541,33.13648293966835,15.256092988392936,17.88038995127541,33.13648293966835,6.737345331840796,26.034308211501685,32.77165354334248,50.93686400165975,69.18621216494566,72.37752415306748,98.30850092900178,13.737844654125816,16.917841923844506,37.13550758877017,-6.992120157880065,30.1433874308901,17.633230854723198,294.49154850355796,5.987686554784155,83.28252718419196
426_7,231,426,R,college,72.3302,7.2824,True,1.4333,1.2583,1.3472,1.3182325145850642,1.2160689563913378,217.2310436086622,1.256956687885621,176.3433121143787,1.2685409306454702,164.75906935452977,217.2310436086622,52.47197425413242,6.99042222383434,83.88506668601208,1.3083,125.0,1.4,33.30000000000011,2544.180834654829,ok,lead_hand_velocity20_onset_to_latest_upward_crossing_55deg_pull_attack_direction,lead_hand_velocity20_onset,latest_upward_crossing_55deg_pull_attack_direction,55.0,164.75906935452977,530.7553906416942,-530.7553906416942,-6.3,30.0,9.827426424589717,32.758088081965724,7.174198825320415,7.174198825320415,7.2824,-0.10820117467958479,32.684416591673305,73.11295765853899,99.7751044257892,-2.4898142084077484,-2.4898142084077484,20.928196475463174,33.62110986130366,500.0,87.44008997744602,7.2866741647871685,33.2329054733036,True,True,ok,19.599999999999397,2.880658436213992,16.69999999999994,0.0,-16.69999999999994,0.0,16.69999999999994,20.928196475463174,32.6676040495291,11.739407574065929,20.928196475463174,32.6676040495291,5.859580052499773,24.57724034498342,30.436820397483192,56.98909983493034,73.11295765853899,77.77134955636436,99.7751044257892,15.148510115166022,15.936399455207193,33.730034146690826,-2.4898142084077484,31.240219938283076,13.911711024135576,288.25141827236047,4.826242003427299,81.47994000758709
426_8,231,426,R,college,68.0511,9.2257,True,1.5861,1.4037,1.5111,1.4678011793669168,1.376111605454346,209.98839454565424,1.4044165391558985,181.6834608441018,1.416160324231935,169.93967576806511,209.98839454565424,40.04871877758913,6.608943152110503,79.30731782532604,1.4722,113.90000000000012,1.5611,25.000000000000135,2475.979966203319,ok,lead_hand_velocity20_onset_to_latest_upward_crossing_55deg_pull_attack_direction,lead_hand_velocity20_onset,latest_upward_crossing_55deg_pull_attack_direction,55.0,169.93967576806511,549.5949084554859,-549.5949084554859,-6.3,30.0,9.214024141056171,30.71341380352057,8.958586499684216,8.958586499684216,9.2257,-0.2671135003157836,30.134996792498484,67.4100679860828,98.11672836265507,-0.7320659896483322,-0.7320659896483322,19.875328084010974,30.70603674543999,500.0,85.88445993646945,7.157038328039121,29.68226355747051,True,True,ok,16.799999999999482,2.4096385542168677,13.900000000000023,2.8000000000001357,-11.099999999999888,-2.8000000000001357,11.099999999999888,16.73340832397758,27.783839520090012,11.05043119611243,16.73340832397758,27.783839520090012,3.730033745785807,25.94844394453496,29.67847769032077,62.3546189164868,68.43257851445755,90.75841916742928,99.6050132844447,7.271940667553747,7.627774657639073,27.189201751215343,-6.393508905542921,20.79569284567242,12.433304376761548,287.41457924233214,4.325912905858012,78.32002249727248
440_1,238,440,L,college,66.4235,7.4512,True,0.9806,0.7806,0.8694,0.8412349513071247,0.7741218508152138,206.47814918478625,0.8025606421461033,178.0393578538967,0.819364416595893,161.23558340410705,206.47814918478625,45.2425657806792,7.134590988799462,85.61509186559354,0.8722,108.40000000000005,0.95,30.600000000000072,2487.30842910224,ok,lead_hand_velocity20_onset_to_latest_upward_crossing_55deg_pull_attack_direction,lead_hand_velocity20_onset,latest_upward_crossing_55deg_pull_attack_direction,55.0,161.23558340410705,429.62716418593493,-429.62716418593493,-6.3,30.0,9.110634208468127,30.368780694893758,7.371620541533673,7.371620541533673,7.4512,-0.07957945846632697,30.368780694893758,67.93302768184888,100.0,4.143529535785007,-4.143529535785007,13.531308586441309,24.035245594326668,500.0,96.68069784309208,8.056724820257672,34.46954880517248,True,True,ok,8.399999999999741,1.4084507042253522,5.499999999999949,0.0,-5.499999999999949,0.0,5.499999999999949,13.531308586441309,17.930071241114227,4.398762654672918,13.531308586441309,17.930071241114227,0.8438320209982848,-31.651856018031932,-30.808023997033647,64.9284280428113,67.93302768184888,95.57711507705937,100.0,0.49825433225252763,0.4412468653574486,9.340575202970147,-4.143529535785007,5.197045667185141,4.858786735529631,263.8139991025273,1.8417471218581307,61.046306711727
440_2,238,440,L,college,62.8641,5.6673,True,2.625,2.4324,2.5472,2.4887444149966464,2.4248217932655813,200.1782067344187,2.4555588113322955,169.44118866770452,2.4755896042218386,149.4103957781614,200.1782067344187,50.76781095625731,6.73278291825445,80.79339501905339,2.5083,116.6999999999998,2.6,24.99999999999991,2624.2737339304454,ok,lead_hand_velocity20_onset_to_latest_upward_crossing_55deg_pull_attack_direction,lead_hand_velocity20_onset,latest_upward_crossing_55deg_pull_attack_direction,55.0,149.4103957781614,38.17355785338439,-38.17355785338439,-6.3,30.0,8.619443399138843,28.73147799712948,5.3020413181585235,5.3020413181585235,5.6673,-0.3652586818414765,28.73147799712948,64.27048585614139,100.0,8.715470229095283,-8.715470229095283,11.604424446956662,23.34851893515832,500.0,85.987013540748,7.165584461729,39.18194931412188,True,True,ok,11.200000000000543,5.970149253731343,8.300000000000196,0.0,-8.300000000000196,0.0,8.300000000000196,11.604424446956662,17.892013498332037,6.287589051375376,11.604424446956662,17.892013498332037,1.0556805399336469,-28.19703787029666,-27.141357330363014,59.832628412710655,64.27048585614139,93.09503050379278,100.0,-1.2388857546253755,-0.9061503695261698,14.287698178741405,-8.715470229095283,5.572227949646121,6.931379660210981,113.7923153621755,6.091254614294427,51.823772028552426
440_3,238,440,L,college,66.3874,2.5822,True,1.0028,0.8074,0.8982,0.8681527041214595,0.8034944233889729,199.305576611027,0.8300697486670902,172.73025133290977,0.8266693664737251,176.13063352627478,199.305576611027,26.57532527811722,6.591077620455572,79.09293144546686,0.8944,108.39999999999993,0.975,27.799999999999937,2402.4263527743074,ok,lead_hand_velocity20_onset_to_latest_upward_crossing_55deg_pull_attack_direction,lead_hand_velocity20_onset,latest_upward_crossing_55deg_pull_attack_direction,55.0,176.13063352627478,48.60664068899312,-48.60664068899312,-6.3,30.0,9.135927464435875,30.453091548119584,2.7706566673868918,2.7706566673868918,2.5822,0.18845666738689193,28.78472934301939,64.38960572436328,94.52153420133395,19.290269397070155,-19.290269397070155,6.674165729291041,18.65841769780792,499.9999999999999,89.67574283890647,7.472978569908872,39.3500118489902,False,False,ok,22.400000000000198,9.876543209876543,19.399999999999864,-2.8000000000001357,-22.199999999999996,2.8000000000001357,22.199999999999996,9.548556430456502,23.05961754783143,13.511061117374927,9.548556430456502,23.05961754783143,3.6617922759694608,-33.12335958008826,-29.4615673041188,51.45780598543261,68.1216256892438,75.53813559907104,100.0,4.627023166973862,6.219742264439977,35.22328686456114,-14.298082419283544,20.925204445277597,14.847505342925855,125.50967362029569,11.829769701930704,56.35508061498402
440_4,238,440,L,college,64.6849,12.8126,True,1.0167,0.8139,0.9148,0.8756885160707479,0.8122986738809561,204.40132611904383,0.8458214865529959,170.878513447004,0.8659931746904967,150.7068253095032,204.40132611904383,53.69450080954064,7.339620727837848,88.07544873405418,0.8417,174.99999999999994,0.9889,27.799999999999937,2430.4086202446542,ok,lead_hand_velocity20_onset_to_latest_upward_crossing_55deg_pull_attack_direction,lead_hand_velocity20_onset,latest_upward_crossing_55deg_pull_attack_direction,55.0,150.7068253095032,33.3842295665272,-33.3842295665272,-6.3,30.0,8.69456603024787,28.981886767492902,13.093484171413571,13.093484171413571,12.8126,0.2808841714135717,28.849217498027475,64.53386161870849,99.54223384236587,0.4329793836045919,-0.4329793836045919,17.532620922403638,29.06411698540822,491.69999999999993,86.3547696923734,7.196230807697783,35.70972617948089,True,True,ok,14.000000000000124,7.462686567164178,11.099999999999888,5.599999999999827,-5.50000000000006,-5.599999999999827,5.50000000000006,11.476565429333727,21.520247469089608,10.04368203975588,11.476565429333727,21.520247469089608,1.8352080989896038,-29.874015748063748,-28.038807649074144,63.1578480918558,64.83063432241605,97.41975958118636,100.0,-1.1659894322066193,-0.4329793836045919,22.39802286840338,-12.871689790950574,9.526333077452804,11.085535139987627,108.72359291381727,10.196071379626757,50.252343457122166
440_5,238,440,L,college,66.4716,9.1554,True,1.3056,1.1019,1.25,1.166622227457655,1.0954697689034028,210.13023109659736,1.124157626935441,181.44237306455912,1.1467950688486126,158.8049311513875,210.13023109659736,51.32529994520985,6.7423098960748,80.9077187528976,1.1972,108.40000000000005,1.275,30.600000000000183,2498.3909133321163,ok,lead_hand_velocity20_onset_to_latest_upward_crossing_55deg_pull_attack_direction,lead_hand_velocity20_onset,latest_upward_crossing_55deg_pull_attack_direction,55.0,158.8049311513875,44.230591791764255,-44.230591791764255,-6.3,30.0,9.122725861533453,30.409086205111514,9.554590584208821,9.554590584208821,9.1554,0.3991905842088208,30.409086205111514,68.02318854042475,100.0,13.053336878957865,-13.053336878957865,10.34458192727026,21.91151106114102,497.30000000000007,89.91306559054169,7.492755465878474,36.11652248884794,True,True,ok,22.39999999999931,10.95890410958904,19.400000000000084,2.8000000000001357,-16.599999999999948,-2.8000000000001357,16.599999999999948,7.36745406824942,20.84233220849645,13.474878140247032,7.36745406824942,20.84233220849645,3.0691788526467327,-31.313835770562495,-28.244656917915762,53.45750848793816,68.02318854042475,78.58718421611403,100.0,2.268587095254267,0.9724579264986648,42.791220870700414,-18.398413023645606,24.392807847054808,14.719263670704786,117.08745498923172,12.57117055969701,51.77352830901731
440_6,238,440,L,college,63.5116,4.3031,True,1.4861,1.2907,1.3843,1.3529417453183077,1.2810203469435288,205.0796530564712,1.3202992691169575,165.8007308830425,1.3358350243172876,150.26497568271236,205.0796530564712,54.8146773737588,6.840917187664548,82.09100625197458,1.3583,127.79999999999991,1.4611,24.99999999999991,2443.900095677754,ok,lead_hand_velocity20_onset_to_latest_upward_crossing_55deg_pull_attack_direction,lead_hand_velocity20_onset,latest_upward_crossing_55deg_pull_attack_direction,55.0,150.26497568271236,559.3854419763816,-559.3854419763816,-6.3,30.0,8.643730039569379,28.812433465231265,4.145807456285621,4.145807456285621,4.3031,-0.1572925437143784,28.252991959138615,63.20014307251831,98.05833302220812,4.6184323576580955,-4.6184323576580955,12.531121109874796,22.708286464216496,500.0,84.76433627084293,7.063694689236911,46.79624816371852,False,False,ok,8.399999999999741,1.171875,5.50000000000006,-2.7999999999999137,-8.299999999999974,2.7999999999999137,8.299999999999974,14.759467566570118,18.350956130503512,3.591488563933394,14.759467566570118,18.350956130503512,0.9371953505821793,-24.678102737184496,-23.740907386602316,53.97865948360565,60.257037979770885,83.7507181219877,93.49195128201431,4.560518517864294,4.689517831629711,8.562751208996557,0.21464325648330665,8.777394465479864,4.044142838398135,277.09781723123416,1.4594639823609132,62.296025496880205
440_7,238,440,L,college,66.8836,8.6458,True,0.9833,0.788,0.9009,0.8408380754275356,0.786889544916859,196.41045508314093,0.8281558557239819,155.14414427601807,0.8632523218277153,120.04767817228468,196.41045508314093,76.36277691085625,6.813939356699443,81.76727228039331,0.8694,113.9,0.95,33.3,2535.122165376107,ok,lead_hand_velocity20_onset_to_latest_upward_crossing_55deg_pull_attack_direction,lead_hand_velocity20_onset,latest_upward_crossing_55deg_pull_attack_direction,55.0,120.04767817228468,29.426355304747688,-29.426355304747688,-6.3,30.0,9.095777024607704,30.319256748692347,8.231482210163378,8.231482210163378,8.6458,-0.4143177898366215,30.319256748692347,67.8222457692652,100.0,-0.7637746244448296,0.7637746244448296,16.983127109129704,28.01856018000776,499.99999999999994,83.14848823947455,6.929040686622879,34.656009701975165,True,True,ok,14.000000000000124,9.25925925925926,11.099999999999998,2.6999999999999247,-8.400000000000073,-2.6999999999999247,8.400000000000073,14.134983127124375,23.20453693290845,9.069553805784075,14.134983127124375,23.20453693290845,3.2309711286124134,-28.28740157483369,-25.056430446221277,63.06649327951829,67.8222457692652,92.98791652236609,100.0,7.237956101324052,6.896641391391752,23.600424169681418,-4.1624027867087365,19.438021382972682,10.270036762894703,104.98756348030459,9.782146020391584,51.91863517065977
440_8,238,440,L,college,64.6783,11.735,True,1.5639,1.3389,1.4889,1.4146217639264282,1.348359259886555,215.54074011344505,1.4208861767814525,143.0138232185476,1.408238293845157,155.6617061548431,215.54074011344505,72.52691689489745,7.527446720460278,90.32936064552334,1.3917,172.20000000000013,1.5389,25.000000000000135,2450.819146965962,ok,lead_hand_velocity20_onset_to_latest_upward_crossing_55deg_pull_attack_direction,lead_hand_velocity20_onset,latest_upward_crossing_55deg_pull_attack_direction,55.0,155.6617061548431,29.31096023612456,-29.31096023612456,-6.3,30.0,8.75284344253714,29.17614480845713,11.728901860574554,11.728901860574554,11.735,-0.006098139425445126,28.745120493865087,64.3010032522035,98.5226824262707,-5.779160171631927,5.779160171631927,19.435883014644165,30.494938132766343,500.0,89.45362381072998,7.454468650894165,36.30703912833457,True,True,ok,11.199999999999655,5.970149253731343,8.299999999999974,2.8000000000001357,-5.499999999999838,-2.8000000000001357,5.499999999999838,16.619985001892715,23.645669291364122,7.025684289471407,16.619985001892715,23.645669291364122,2.423509561307455,-28.14229471319124,-25.718785151883786,63.23742987708074,64.34837332012563,96.89306396661368,98.59526334915456,8.065389267554501,8.565943734439962,15.962984944819816,-0.416657671740868,15.546327273078948,8.100776948873586,109.91873528859837,7.369787259291603,52.398950131290206
447_1,242,447,R,milb,70.4389,4.0506,True,1.5361,1.3528,1.4435,1.4135813365154988,1.326706569059123,209.3934309408767,1.365942796925526,170.157203074474,1.3731468248678993,162.95317513210074,209.3934309408767,46.44025580877596,7.080932327741321,84.97118793289584,1.3944,141.69999999999993,1.5,36.10000000000002,2459.88238131235,ok,lead_hand_velocity20_onset_to_latest_upward_crossing_55deg_pull_attack_direction,lead_hand_velocity20_onset,latest_upward_crossing_55deg_pull_attack_direction,55.0,162.95317513210074,41.8596372566844,-41.8596372566844,-6.3,30.0,9.542341767556868,31.807805891856226,3.8609949040154374,3.8609949040154374,4.0506,-0.18960509598456277,31.506790383104963,70.47868285411803,99.05364265056606,-7.316785286832569,-7.316785286832569,13.173415823036352,27.964754405729494,500.0,87.29931830159349,7.274943191799458,27.825828040945016,False,False,ok,11.199999999999655,5.405405405405405,8.299999999999974,-2.7999999999999137,-11.099999999999888,2.7999999999999137,11.099999999999888,15.90026246720878,21.310086239243116,5.409823772034336,15.90026246720878,21.310086239243116,1.88845144357159,31.179227596584113,33.0676790401557,59.248082591734835,69.9554229090799,83.26969465250184,98.3182315800095,6.589758954915531,6.473486570644129,16.032261128646613,-1.310099225136374,14.72216190351024,6.106196215528416,118.59915375501686,5.148600156238567,57.5373078365826
447_2,242,447,R,milb,71.1425,8.0914,True,1.5611,1.3806,1.4815,1.4360070646040457,1.353630871022959,207.46912897704087,1.3886820647489446,172.4179352510553,1.3919686512497602,169.1313487502397,207.46912897704087,38.337780226801215,6.831632495078483,81.97958994094179,1.4583,102.8,1.525,36.10000000000002,2510.5927278129657,ok,lead_hand_velocity20_onset_to_latest_upward_crossing_55deg_pull_attack_direction,lead_hand_velocity20_onset,latest_upward_crossing_55deg_pull_attack_direction,55.0,169.1313487502397,33.145685735398665,-33.145685735398665,-6.3,30.0,9.668847397113105,32.22949132371035,8.304762555356044,8.304762555356044,8.0914,0.21336255535604387,31.4411817830181,70.33192059551286,97.55407389842262,2.651778025781885,2.651778025781885,18.570491188621485,30.972065991784483,500.0,93.05700446445177,7.754750372037647,30.15535421023973,True,True,ok,25.19999999999922,12.5,22.299999999999986,2.7999999999999137,-19.50000000000007,-2.7999999999999137,19.50000000000007,15.741469816289968,30.26715410576948,14.525684289479514,15.741469816289968,30.26715410576948,8.467566554189876,22.24203224599328,30.709598800183155,53.19091474299186,72.09531881646008,73.77859702431589,100.0,19.995262615648922,20.87407238899107,42.01975794981878,-3.161629772268372,38.85812817755041,17.553340762085824,115.52041295516949,15.195012130797894,56.57761529814887
447_3,242,447,R,milb,68.8615,9.2924,True,1.8639,1.6713,1.7796,1.740744918641716,1.624437580053671,239.46241994632888,1.685168792509053,178.73120749094684,1.6989560755739763,164.94392442602336,239.46241994632888,74.51849552030552,6.484003573568674,77.80804288282408,1.7722,91.69999999999989,1.8389,24.99999999999991,2458.9741300440196,ok,lead_hand_velocity20_onset_to_latest_upward_crossing_55deg_pull_attack_direction,lead_hand_velocity20_onset,latest_upward_crossing_55deg_pull_attack_direction,55.0,164.94392442602356,36.6967419473212,-36.6967419473212,-6.3,30.0,9.332741541596079,31.10913847198693,9.380200764785725,9.380200764785725,9.2924,0.08780076478572418,30.839243411468495,68.98542280661341,99.1324251529451,5.627844740158706,5.627844740158706,20.1529808774121,36.05061867270486,500.0,91.17972567958422,7.598310473298685,32.58359514961934,True,True,ok,13.999999999999568,6.8493150684931505,11.10000000000011,2.7999999999999137,-8.300000000000196,-2.7999999999999137,8.300000000000196,17.430633670809986,25.124671916037645,7.6940382452276594,17.430633670809986,25.124671916037645,2.949193850771838,26.768466441723703,29.71766029249554,61.68349751472248,68.98542280661341,88.639519071903,99.1324251529451,10.134232095784807,10.573866634070693,19.96891611202651,-0.13415392752623928,19.83476218450027,8.868296909295726,114.78064275705977,7.7263000940550715,57.66310461198581
447_4,242,447,R,milb,65.8131,9.3724,True,0.9722,0.7806,0.8815,0.8417200186996096,0.7612695141149366,210.9304858850633,0.7980866286280538,174.11337137194616,0.8067446097125862,165.4553902874137,210.9304858850633,45.47509559764961,6.957638957748735,83.49166749298482,0.8472,125.0,0.9444,27.799999999999937,2483.4840855179395,ok,lead_hand_velocity20_onset_to_latest_upward_crossing_55deg_pull_attack_direction,lead_hand_velocity20_onset,latest_upward_crossing_55deg_pull_attack_direction,55.0,165.45539028741373,29.631008406750592,-29.631008406750592,-6.3,30.0,8.951296007768397,29.83765335922799,9.335853996056873,9.335853996056873,9.3724,-0.036546003943128014,29.83765335922799,66.74492966899597,100.0,7.512933074536599,7.512933074536599,19.075928009019485,32.634983127144366,499.99999999999994,88.51450446650932,7.376208705542443,34.606327197607506,True,True,ok,11.200000000000099,5.714285714285714,8.399999999999963,2.7999999999999137,-5.600000000000049,-2.7999999999999137,5.600000000000049,16.654480689931752,22.757405324359045,6.102924634427293,16.654480689931752,22.757405324359045,2.629546306714502,23.315523059642732,25.945069366357234,61.85047337518099,66.74492966899597,92.66692418721877,100.0,10.578281527897275,10.327741540767992,16.823621373488756,2.417010828282182,19.240632201770936,7.085497737870155,107.14319439091736,6.613110406264684,52.014060742463386
447_5,242,447,R,milb,68.3259,4.9974,True,1.6028,1.4167,1.5056,1.476783867105378,1.3892117110878508,213.5882889121492,1.4307165356453055,172.08346435469446,1.4356439212090204,167.1560787909796,213.5882889121492,46.43221012116962,6.441504881831372,77.29805858197646,1.4972,105.59999999999991,1.575,27.800000000000047,2541.814629166048,ok,lead_hand_velocity20_onset_to_latest_upward_crossing_55deg_pull_attack_direction,lead_hand_velocity20_onset,latest_upward_crossing_55deg_pull_attack_direction,55.0,167.1560787909796,39.70774314532876,-39.70774314532876,-6.3,30.0,9.29293277972838,30.9764425990946,5.000539720154935,5.000539720154935,4.9974,0.0031397201549347997,30.786429613558923,68.86728170534826,99.38658874424388,-3.902548729279706,-3.902548729279706,15.04874390702788,27.662917135387957,500.0,86.2856355113177,7.190469625943141,26.50984926581291,True,False,ok,11.199999999999655,5.333333333333334,8.299999999999974,0.0,-8.299999999999974,0.0,8.299999999999974,15.04874390702788,20.833895763052126,5.785151856024246,15.04874390702788,20.833895763052126,1.822272215974973,30.467941507344495,32.29021372331947,62.79296376445937,69.29232864865463,90.62036878981199,100.0,3.6087051777573294,3.27942262300598,15.68107292357677,-3.902548729279706,11.778524194297063,6.388781109450525,114.01306019644402,5.603551995221146,55.76452943388102
447_6,242,447,R,milb,67.2476,4.8411,True,0.9472,0.7685,0.862,0.8295890025529782,0.7532101661837726,193.98983381622747,0.7747710329768115,172.42896702318856,0.7917701607265806,155.42983927341947,193.98983381622747,38.559994542808,6.295470515000573,75.54564618000687,0.8472,100.00000000000009,0.9222,25.00000000000002,2551.1073293798854,ok,lead_hand_velocity20_onset_to_latest_upward_crossing_55deg_pull_attack_direction,lead_hand_velocity20_onset,latest_upward_crossing_55deg_pull_attack_direction,55.0,155.42983927341947,35.27342610879158,-35.27342610879158,-6.3,30.0,9.235030490340135,30.783434967800453,4.753579671221526,4.753579671221526,4.8411,-0.08752032877847427,30.783434967800453,68.8605828735693,100.0,-3.9846749505591896,-3.9846749505591896,13.988188976393067,29.70078740160689,497.20000000000005,85.16242383597547,7.096868652997956,30.88327777370329,False,False,ok,19.600000000000172,10.294117647058822,16.70000000000005,-2.7999999999999137,-19.49999999999996,2.7999999999999137,19.49999999999996,16.69591301089168,26.851331083643558,10.155418072751878,16.69591301089168,26.851331083643558,6.07086614173884,22.787026621696906,28.857892763435746,50.480820037176,66.86442942924243,73.30873183263748,97.10116679088837,19.890092591056195,20.23861155773192,33.06381425165415,1.9637793718091414,35.02759362346329,12.426906008589937,110.72540018107058,11.223175520944668,54.0772403450153
447_7,242,447,R,milb,67.2688,5.0017,True,1.15,0.9648,1.0704,1.033060471356904,0.9326583818455364,217.3416181544636,0.9725207503985134,177.47924960148654,0.9850037099673578,164.99629003264215,217.3416181544636,52.34532812182144,2.655336374058238,31.864036488698854,1.1222,27.799999999999827,1.125,24.99999999999991,2584.1243855948314,ok,lead_hand_velocity20_onset_to_latest_upward_crossing_55deg_pull_attack_direction,lead_hand_velocity20_onset,latest_upward_crossing_55deg_pull_attack_direction,55.0,164.99629003264215,37.31158320705696,-37.31158320705696,-6.3,30.0,9.150581771643338,30.50193923881113,4.788490972808125,4.788490972808125,5.0017,-0.2132090271918745,30.06112220147155,67.24481523235397,98.55479012698748,2.1481632813233555,2.1481632813233555,17.883014623191418,29.37120359958178,499.9999999999999,90.719972701564,7.559997725130334,35.37122541031979,False,True,ok,13.999999999999568,6.8493150684931505,11.099999999999888,-2.8000000000001357,-13.900000000000023,2.8000000000001357,13.900000000000023,20.715035620569807,26.155793025900024,5.440757405330217,20.715035620569807,26.155793025900024,3.427259092617124,23.50149981254882,26.928758905165942,53.692143010359494,68.23089486133478,78.69183471721676,100.0,18.924329895143913,17.231559843875537,25.038163194211265,7.719804540021129,32.757967734232395,6.7696346400921685,114.74930849228515,5.899499290270064,56.25834270722238
447_8,242,447,R,milb,67.7816,10.2008,True,1.2278,1.0556,1.1398,1.1047177694298398,1.0266714035756432,201.1285964243568,1.053081712648465,174.71828735153494,1.0644547266047908,163.3452733952092,201.1285964243568,37.7833230291476,7.452316921130314,89.42780305356376,1.0722,155.59999999999997,1.2,27.800000000000047,2659.6175761082627,ok,lead_hand_velocity20_onset_to_latest_upward_crossing_55deg_pull_attack_direction,lead_hand_velocity20_onset,latest_upward_crossing_55deg_pull_attack_direction,55.0,163.3452733952092,31.51577483111079,-31.51577483111079,-6.3,30.0,9.167474816825763,30.558249389419213,10.621590949025794,10.621590949025794,10.2008,0.42079094902579506,30.558249389419213,68.35685708084104,100.0,7.254055299995806,7.254055299995806,20.229096362976488,35.40626171732359,500.0,90.0587686254483,7.504897385454025,31.92918761559448,True,True,ok,13.999999999999568,7.142857142857142,11.099999999999888,2.7999999999999137,-8.299999999999974,-2.7999999999999137,8.299999999999974,17.26077990253083,25.29171353583535,8.030933633304517,17.26077990253083,25.29171353583535,3.745594300716455,23.677165354356283,27.42275965507274,62.800074609552084,68.35685708084104,91.87092164767418,100.0,12.605442795887082,12.731566072731525,23.541505918798773,0.8878263351631951,24.429332253961967,9.498454451353362,110.57531309394925,8.590031703806337,54.18203974509041
448_1,243,448,R,milb,68.9866,1.5542,True,1.3667,1.2111,1.2806,1.2477707222651049,1.191609898453927,175.09010154607307,1.2121954915026194,154.5045084973806,1.2191342901269215,147.56570987307848,175.09010154607307,27.5243916729946,3.9507044505066835,47.4084534060802,1.3222,44.499999999999986,1.3417,25.000000000000135,2317.7234885895105,ok,lead_hand_velocity20_onset_to_latest_upward_crossing_55deg_pull_attack_direction,lead_hand_velocity20_onset,latest_upward_crossing_55deg_pull_attack_direction,55.0,147.56570987307848,434.3955626000027,-434.3955626000027,-6.3,30.0,9.248855041799521,30.829516805998402,1.9426197169239308,1.9426197169239308,1.5542,0.38841971692393074,30.829516805998402,68.96366500983886,100.0,-4.437448878255077,-4.437448878255077,17.606299212617447,30.370078740190284,500.0,80.56007652084593,6.7133397100704935,50.55063857975787,False,False,ok,8.399999999999741,1.4285714285714286,5.600000000000049,-2.6999999999999247,-8.299999999999974,2.6999999999999247,8.299999999999974,20.23434570680851,24.027934008274926,3.7935883014664142,20.23434570680851,24.027934008274926,0.8372703412082458,28.80333708289576,29.640607424104005,62.56696123510385,68.89170873008031,90.72453041203302,99.89566059206932,2.4557468923221593,2.2072890142931594,7.351022301178389,-1.0955353192525352,6.255486981925854,4.276277586130645,261.55589288810046,1.6349383448837584,72.18372703419874
448_2,243,448,R,milb,65.0502,-5.181,True,1.6278,1.4722,1.5417,1.5136349907275852,1.4677392739690631,160.0607260309368,1.4827694540561789,145.03054594382104,1.4967597616402322,131.04023835976776,160.0607260309368,29.02048767116904,5.578596125467734,66.94315350561281,1.4583,169.49999999999997,1.6,27.799999999999827,2411.183682052717,ok,lead_hand_velocity20_onset_to_latest_upward_crossing_55deg_pull_attack_direction,lead_hand_velocity20_onset,latest_upward_crossing_55deg_pull_attack_direction,55.0,131.04023835976776,35.85193674405507,-35.85193674405507,-6.3,30.0,8.99608354931897,29.986945164396566,-4.714978251300334,-4.714978251300334,-5.181,0.4660217486996663,28.38895916605352,63.50429305219553,94.67106105812896,-1.2043041309900941,-1.2043041309900941,11.756092988389153,26.019872515963613,500.0,64.94807155314285,5.4123392960952375,56.28089027953729,False,False,ok,8.399999999999741,5.0,5.599999999999827,-8.300000000000196,-13.900000000000023,8.300000000000196,13.900000000000023,18.401762279734918,21.612110986150082,3.2103487064151643,18.401762279734918,21.612110986150082,1.9486314210744702,17.013123359598428,18.961754780672898,48.34865926750824,55.16905828531855,72.07731404600993,82.24504256989434,19.621213002330066,19.692528662239717,14.539886017425676,12.315612163662404,26.85549818108808,4.054766270204663,91.92326559335683,4.41103375084805,49.48800149986599
448_3,243,448,R,milb,71.4135,9.7968,True,1.2833,1.112,1.1861,1.1591954464726109,1.0907117655816094,192.58823441839067,1.1202926055253593,163.00739447464085,1.1246163247718357,158.68367522816462,192.58823441839067,33.90455919022605,7.329319220389606,87.95183064467527,1.0917,191.60000000000022,1.25,33.30000000000011,2438.5804951628693,ok,lead_hand_velocity20_onset_to_latest_upward_crossing_55deg_pull_attack_direction,lead_hand_velocity20_onset,latest_upward_crossing_55deg_pull_attack_direction,55.0,158.6836752281644,38.45938822820516,-38.45938822820516,-6.3,30.0,9.822058753884207,32.74019584628069,9.106800125647496,9.106800125647496,9.7968,-0.6899998743525035,32.74019584628069,73.23773229751399,100.0,4.577641546356596,4.577641546356596,24.405511811049983,35.56299212602267,497.2000000000001,86.29527041256176,7.191272534380147,48.9444633783279,True,True,ok,11.199999999999655,5.633802816901409,8.299999999999974,2.7000000000001467,-5.599999999999827,-2.7000000000001467,5.599999999999827,21.631046119258464,27.729658792680873,6.098612673422409,21.631046119258464,27.729658792680873,1.7697787776547038,26.27765279342921,28.047431571083912,68.25629507814045,73.23773229751399,93.19826397800327,100.0,6.861986650315915,6.737322640107651,12.247605161471167,0.862848079788594,13.110453241259762,7.0143119699849725,111.32408150478363,6.300803810973788,59.60142482196165
448_4,243,448,R,milb,70.899,-2.8935,True,1.3278,1.1713,1.2333,1.2093701673621349,1.1545115688496084,173.28843115039172,1.1798790443486131,147.92095565138675,1.1812135343716523,146.58646562834775,173.28843115039172,26.701965522043963,6.352627728945337,76.23153274734405,1.1556,172.20000000000013,1.3,27.800000000000047,2404.9002769050544,ok,lead_hand_velocity20_onset_to_latest_upward_crossing_55deg_pull_attack_direction,lead_hand_velocity20_onset,latest_upward_crossing_55deg_pull_attack_direction,55.0,146.58646562834775,45.267854079738434,-45.267854079738434,-6.3,30.0,9.783408195542664,32.61136065180888,-2.656890913027358,-2.656890913027358,-2.8935,0.23660908697264205,30.715266770150006,68.70809495828108,94.18578727240656,-8.434996212323867,-8.434996212323867,13.152418447708245,25.920134983155105,497.2000000000001,75.0470567317919,6.2539213943159915,53.566446216929435,False,False,ok,11.199999999999655,5.797101449275362,8.399999999999963,-5.499999999999838,-13.899999999999801,5.499999999999838,13.899999999999801,18.78890138734688,24.26546681667413,5.476565429327252,18.78890138734688,24.26546681667413,1.9493813273361873,26.665541807302898,28.614923134639085,57.56486343738702,70.52436396704906,78.91052699643222,96.6755481454617,7.318187269634915,6.9289988966870535,17.306780181624376,-0.9460144482294103,16.360765733394967,6.1824895844702965,110.65911119527631,5.586968409280164,59.129546306775545
448_5,243,448,R,milb,71.0822,2.9707,True,1.3361,1.1676,1.238,1.211791015204818,1.1633282769227968,172.77172307720323,1.1871769646766357,148.92303532336436,1.199123354980086,136.97664501991414,172.77172307720323,35.79507805728909,6.488953169698827,77.86743803638592,1.1417,194.40000000000012,1.3111,25.000000000000135,2454.3896151780145,ok,lead_hand_velocity20_onset_to_latest_upward_crossing_55deg_pull_attack_direction,lead_hand_velocity20_onset,latest_upward_crossing_55deg_pull_attack_direction,55.0,136.97664501991414,37.91941558194934,-37.91941558194934,-6.3,30.0,9.707997038440427,32.359990128134754,2.875938706529613,2.875938706529613,2.9707,-0.09476129347038675,31.993963166470486,71.56845733372954,98.86889037909182,0.6310662779564957,0.6310662779564957,18.97450318712211,34.013873265878516,497.2000000000001,75.17907030185538,6.264922525154614,52.802894394173244,False,False,ok,8.399999999999741,4.761904761904762,5.50000000000006,-2.7999999999999137,-8.299999999999974,2.7999999999999137,8.299999999999974,21.30239970006051,24.5541807274356,3.251781027375092,21.30239970006051,24.5541807274356,1.4405699287604605,23.471128608949236,24.911698537709697,58.56278433358551,67.41425302073067,80.90208620219725,93.13002739202189,10.805461836711517,10.867959955959057,10.61898954587027,5.464718004152613,16.083707550022883,3.8565075044980426,103.1112472016275,3.740142427873932,56.460817397886274
448_6,243,448,R,milb,71.2491,8.5549,True,1.5361,1.375,1.4398,1.4159648485305942,1.3573354472682528,178.7645527317472,1.3820348570274257,154.06514297257434,1.3996377837336975,136.4622162663025,178.7645527317472,42.30233646544468,6.507581864023869,78.09098236828643,1.3611,175.00000000000006,1.5111,24.99999999999991,2484.9868687598314,ok,lead_hand_velocity20_onset_to_latest_upward_crossing_55deg_pull_attack_direction,lead_hand_velocity20_onset,latest_upward_crossing_55deg_pull_attack_direction,55.0,136.4622162663025,29.84717235795964,-29.84717235795964,-6.3,30.0,9.643041736001308,32.143472453337694,8.381254744757186,8.381254744757186,8.5549,-0.17364525524281405,32.143472453337694,71.90290008352196,100.0,7.003734233721732,7.003734233721732,23.44788151483598,38.774653168395844,500.0,76.42624331491159,6.368853609575965,51.92540506985887,True,True,ok,8.399999999999741,5.0,5.600000000000049,0.0,-5.600000000000049,0.0,5.600000000000049,23.44788151483598,27.917885264372117,4.470003749536136,23.44788151483598,27.917885264372117,1.8890138732678778,20.810461192373435,22.699475065641312,69.18978629114824,71.90290008352196,96.22669768643242,100.0,12.046417501497986,12.138323481437702,9.993460555612792,7.003734233721732,16.997194789334525,5.30696258818081,98.29488848188616,5.399021933026335,55.544619422632195
448_7,243,448,R,milb,72.1349,2.1521,True,1.4556,1.2898,1.3528,1.3294446429856073,1.284444456602859,171.155543397141,1.311028259978324,144.57174002167594,1.3203704157557956,135.2295842442044,171.155543397141,35.9259591529366,6.663340429206775,79.96008515048129,1.2806,175.00000000000006,1.425,30.59999999999996,2545.8785633329935,ok,lead_hand_velocity20_onset_to_latest_upward_crossing_55deg_pull_attack_direction,lead_hand_velocity20_onset,latest_upward_crossing_55deg_pull_attack_direction,55.0,135.2295842442044,28.951617734331634,-28.951617734331634,-6.3,30.0,9.876997566686502,32.92332522228834,2.287119891815279,2.287119891815279,2.1521,0.13501989181527918,32.92332522228834,73.64738104484678,100.0,8.922593645091355,8.922593645091355,21.85245594303073,34.15560554934323,500.0,77.13915036277837,6.428262530231531,57.06758194114054,False,False,ok,8.399999999999741,5.084745762711865,5.600000000000049,-2.6999999999999247,-8.299999999999974,2.6999999999999247,8.299999999999974,24.544056992902405,28.341019872546553,3.7969628796441484,24.544056992902405,28.341019872546553,2.35189351331338,15.83427071617758,18.18616422949096,66.83429199504191,73.2430538421124,90.74904096636362,99.45099581682591,16.868265503100424,16.24684915013894,10.353347662913139,12.002299848124599,22.355647511037738,4.727076522461794,99.21744377364064,4.7643603207983976,54.72909636301375
448_8,243,448,R,milb,69.4011,1.4812,True,1.4639,1.3074,1.3694,1.3451440399794967,1.294666945091825,169.23305490817532,1.319116478513857,144.78352148614303,1.3274170485850731,136.48295141492684,169.23305490817532,32.750103493248474,6.325169367175894,75.90203240611072,1.3139,149.99999999999991,1.4389,24.99999999999991,2476.3030825156543,ok,lead_hand_velocity20_onset_to_latest_upward_crossing_55deg_pull_attack_direction,lead_hand_velocity20_onset,latest_upward_crossing_55deg_pull_attack_direction,55.0,136.48295141492684,36.88675545942699,-36.88675545942699,-6.3,30.0,9.468475715675636,31.561585718918785,1.7503129346798754,1.7503129346798754,1.4812,0.2691129346798753,31.561585718918785,70.60125652943529,100.0,2.085714023111293,2.085714023111293,17.712410948650557,32.05886764157943,500.0,74.8250017419197,6.235416811826642,55.70323716804615,False,False,ok,8.399999999999741,4.761904761904762,5.50000000000006,-2.7999999999999137,-8.299999999999974,2.7999999999999137,8.299999999999974,20.470003749553424,24.140419947532642,3.6704161979792183,20.470003749553424,24.140419947532642,1.1914135733046258,22.04105736785283,23.232470941157455,63.08308581006081,69.03219345854022,89.35122250091968,97.77757061555855,9.257775543104021,9.160182538145731,6.3008711284267145,6.156136481369809,12.457007609796523,4.352329208720151,104.57402481855712,4.161960119897586,55.78008998881167
450_1,209,450,R,college,66.6926,4.6522,True,2.9861,2.825,2.913,2.868627007662484,2.799339274464725,186.760725535275,2.811982374137946,174.11762586205404,2.832651136689704,153.44886331029662,186.760725535275,33.31186222497837,6.044063295245947,72.52875954295136,2.8778,108.29999999999984,2.95,36.099999999999795,2516.7623378494764,ok,lead_hand_velocity20_onset_to_latest_upward_crossing_55deg_pull_attack_direction,lead_hand_velocity20_onset,latest_upward_crossing_55deg_pull_attack_direction,55.0,153.44886331029616,28.418493713292303,-28.418493713292303,-6.3,30.0,9.060439271728258,30.201464239094193,4.729981592427751,4.729981592427751,4.6522,0.07778159242775118,29.727235502450707,66.49793195788,98.42978230164874,5.535659533406449,5.535659533406449,22.442069741306582,33.79640044998026,500.0,76.81277263470349,6.401064386225291,38.955822309011324,False,False,ok,11.200000000000543,6.0606060606060606,8.299999999999752,-2.8000000000001357,-11.099999999999888,2.8000000000001357,11.099999999999888,24.708286464218663,29.30914885642461,4.600862392205947,24.708286464218663,29.30914885642461,3.1241094863175825,22.631421072390403,25.755530558707985,52.95113310080866,63.724463399361085,78.37790364728184,94.32451318428133,20.11062753764559,19.867194745265362,18.29232258820081,11.20789903592541,29.50022162412622,5.716122188447688,97.06041417034912,5.8892414969664335,52.901949756337615
450_2,209,450,R,college,67.7343,6.3289,True,1.4639,1.2944,1.3907,1.3425397518406614,1.268011784609471,195.88821539052904,1.2811239264474228,182.7760735525772,1.306270700108488,157.6292998915121,195.88821539052904,38.25891549901695,7.110168777807648,85.32202533369178,1.2667,197.20000000000005,1.425,38.899999999999935,2502.3085559363944,ok,lead_hand_velocity20_onset_to_latest_upward_crossing_55deg_pull_attack_direction,lead_hand_velocity20_onset,latest_upward_crossing_55deg_pull_attack_direction,55.0,157.6292998915121,363.6091321471238,-363.6091321471238,-6.3,30.0,9.167266551091394,30.55755517030465,6.529666252375083,6.529666252375083,6.3289,0.20076625237508328,30.465166279608862,68.14863609432898,99.69765614369055,5.971066731838141,5.971066731838141,23.463254593201196,34.73097112864644,500.0,84.12902855754754,7.010752379795629,37.794835677683935,True,True,ok,11.199999999999655,2.13903743315508,8.299999999999974,0.0,-8.299999999999974,0.0,8.299999999999974,23.463254593201196,29.60011248597123,6.136857892770035,23.463254593201196,29.60011248597123,3.1421072365988216,25.991188601452897,29.13329583805172,64.72326808147268,68.35530415690904,94.6865336637241,100.0,13.85185891520992,13.80359479613129,15.858112604900823,5.971066731838141,21.829179336738964,7.17672199389563,287.7343924239037,2.4942176475457787,74.8061492314269
450_3,209,450,R,college,70.1481,4.2441,True,1.8056,1.6306,1.7278,1.6884757678978624,1.613148375160124,192.451624839876,1.6309160842251071,174.68391577489294,1.650800751936977,154.79924806302313,192.451624839876,37.65237677685286,3.2325811694359823,38.79097403323179,1.7722,33.4000000000001,1.775,30.600000000000183,2537.200917899166,ok,lead_hand_velocity20_onset_to_latest_upward_crossing_55deg_pull_attack_direction,lead_hand_velocity20_onset,latest_upward_crossing_55deg_pull_attack_direction,55.0,154.79924806302313,30.408307137313795,-30.408307137313795,-6.3,30.0,9.680028276351269,32.2667609211709,4.5022874008794505,4.5022874008794505,4.2441,0.25818740087945,32.2667609211709,72.17868853160984,100.0,5.196590555561301,5.196590555561301,22.46344206976555,37.46737907765577,500.0,85.82076521476624,7.151730434563853,40.812972022135654,False,False,ok,13.999999999999568,7.575757575757576,11.099999999999888,-2.6999999999999247,-13.799999999999812,2.6999999999999247,13.799999999999812,24.847019122636514,30.660854893171475,5.813835770534961,24.847019122636514,30.660854893171475,4.365016872895598,24.650168728935515,29.015185601831114,52.55273868864555,70.06294496001264,72.80921800848552,97.0687420142434,23.481889363021544,23.000777653665416,28.49281362587407,9.504619999086747,37.99743362496082,7.502037600642896,105.49522208210864,7.111258171297975,55.7542182227824
450_4,209,450,R,college,65.6142,3.2157,True,1.65,1.488,1.5732,1.5347845735914984,1.4596619050985116,190.33809490148835,1.4722703169334346,177.72968306656534,1.4943979289668134,155.60207103318646,190.33809490148835,34.736023868301885,6.872458786505723,82.46950543806867,1.4778,172.1999999999999,1.625,24.99999999999991,2633.3554905373494,ok,lead_hand_velocity20_onset_to_latest_upward_crossing_55deg_pull_attack_direction,lead_hand_velocity20_onset,latest_upward_crossing_55deg_pull_attack_direction,55.0,155.60207103318646,28.71389400841884,-28.71389400841884,-6.3,30.0,9.030606307776537,30.102021025921793,3.767280091010776,3.767280091010776,3.2157,0.5515800910107762,30.102021025921793,67.33630329706908,100.0,4.59402556094386,4.59402556094386,21.79996250471046,32.9889388826753,500.0,81.41587580810227,6.784656317341856,42.272753053199914,False,False,ok,16.799999999999482,8.955223880597014,13.900000000000023,-2.8000000000001357,-16.70000000000016,2.8000000000001357,16.70000000000016,24.302399700063745,31.81233595803962,7.509936257975873,24.302399700063745,31.81233595803962,6.081739782533752,20.637232845916554,26.718972628450306,49.11188004392687,64.36509490332267,72.9352186550231,95.58750889451377,26.804245774180842,27.18481262068474,30.62415212863035,10.524799026682253,41.1489511553126,9.780632055429663,102.34266512627441,9.556749419571918,54.546869141416266
450_5,209,450,R,college,66.4277,8.1667,True,1.9,1.7352,1.8287,1.7808535824447065,1.711149752639252,188.85024736074783,1.7206789963022897,179.3210036977102,1.7407218040977253,159.27819590227466,188.85024736074783,29.57205145847317,2.9117575571578103,34.94109068589373,1.8694,30.59999999999996,1.875,24.99999999999991,2711.1454028490284,ok,lead_hand_velocity20_onset_to_latest_upward_crossing_55deg_pull_attack_direction,lead_hand_velocity20_onset,latest_upward_crossing_55deg_pull_attack_direction,55.0,159.27819590227466,24.404843051327507,-24.404843051327507,-6.3,30.0,9.154423809392236,30.514746031307453,8.5536712794682,8.5536712794682,8.1667,0.38697127946819876,30.514746031307453,68.25954284025461,100.0,12.38042894973098,12.38042894973098,26.427634045772827,37.55361829775335,500.0,83.0994891345046,6.924957427875383,42.691024670577995,True,True,ok,8.399999999999741,4.545454545454546,5.600000000000049,0.0,-5.600000000000049,0.0,5.600000000000049,26.427634045772827,30.108173978285244,3.680539932512417,26.427634045772827,30.108173978285244,2.334270716163001,22.255905511835067,24.590176227998068,65.58961491208154,68.25954284025461,96.08856459173569,100.0,18.016837219788457,18.135323836375814,11.154329923527591,12.38042894973098,23.53475887325857,4.55342871412726,98.10720976586589,4.6412783780051186,52.86857892769116
450_6,209,450,R,college,66.4394,-1.3462,True,1.9917,1.8315,1.925,1.8843201401293372,1.803040465716058,188.6595342839421,1.8146296763916392,177.07032360836084,1.8379748576462624,153.72514235373757,188.6595342839421,34.93439193020453,6.448948532265793,77.38738238718952,1.8333,158.4000000000001,1.9667,25.000000000000135,2395.13515864414,ok,lead_hand_velocity20_onset_to_latest_upward_crossing_55deg_pull_attack_direction,lead_hand_velocity20_onset,latest_upward_crossing_55deg_pull_attack_direction,55.0,153.72514235373757,35.535691311159525,-35.535691311159525,-6.3,30.0,8.938468422323943,29.794894741079812,-1.0775259451473622,-1.0775259451473622,-1.3462,0.26867405485263784,29.556841724805373,66.1167719327249,99.20102749701539,-4.188132661246216,-4.188132661246216,17.04236970380543,29.125046869172817,500.0,76.86964318047937,6.405803598373281,44.44943716914797,False,False,ok,8.399999999999741,4.411764705882353,5.600000000000049,-5.50000000000006,-11.10000000000011,5.50000000000006,11.10000000000011,22.203037120383936,25.999437570331793,3.796400449947857,22.203037120383936,25.999437570331793,1.4970003749547445,27.653918260247348,29.150918635202093,57.06089642766146,64.48690412127041,85.61367093487956,96.75558805927157,9.228335264203688,8.96949821639121,10.967149771626396,3.8741789022967295,14.841328673923124,4.399559904870011,103.54002966207149,4.249139119651659,54.7947131609141
450_7,209,450,R,college,68.3105,-3.6198,True,2.0556,1.8963,1.9861,1.9452245308346368,1.8751799841934984,180.42001580650145,1.883205032670141,172.39496732985904,1.9051809615221915,150.41903847780878,180.42001580650145,30.00097732869267,3.0283263247028125,36.33991589643375,2.0222,33.39999999999988,2.025,30.600000000000183,2419.4685958697373,ok,lead_hand_velocity20_onset_to_latest_upward_crossing_55deg_pull_attack_direction,lead_hand_velocity20_onset,latest_upward_crossing_55deg_pull_attack_direction,55.0,150.41903847780858,43.48277040865689,-43.48277040865689,-6.3,30.0,9.369976652968905,31.23325550989635,-3.510373698477864,-3.510373698477864,-3.6198,0.10942630152213617,31.23325550989635,69.86680276909519,100.0,-11.047931606844852,-11.047931606844852,12.635733033384476,23.675103112136554,500.0,75.63929210580523,6.303274342150435,40.09996842553422,False,False,ok,19.599999999999397,10.0,16.70000000000016,-8.299999999999752,-24.99999999999991,8.299999999999752,24.99999999999991,19.61042369705905,29.659542557212397,10.049118860153346,19.61042369705905,29.659542557212397,5.774465691794763,26.08792650921453,31.862392201009293,43.014696648972816,55.272088426319606,61.56671687286637,79.11065947727695,20.13444713570596,22.134313348394393,27.399614630657524,4.223158959964012,31.622773590621538,11.943286044384255,107.57177203382182,11.102620900052802,57.01931008630082
450_8,209,450,R,college,68.5179,3.6768,True,1.7972,1.6361,1.7222,1.677314544368519,1.598954999363908,198.24500063609185,1.6205869022610435,176.61309773895618,1.639385849854555,157.81415014544487,198.24500063609185,40.430850490646975,7.118705374062099,85.42446448874519,1.6194,177.79999999999995,1.7722,24.99999999999991,2524.65855493144,ok,lead_hand_velocity20_onset_to_latest_upward_crossing_55deg_pull_attack_direction,lead_hand_velocity20_onset,latest_upward_crossing_55deg_pull_attack_direction,55.0,157.81415014544487,30.977183437443266,-30.977183437443266,-6.3,30.0,9.36362035126674,31.212067837555797,3.826022529099971,3.826022529099971,3.6768,0.1492225290999709,31.212067837555797,69.81940729589245,100.0,1.2482565775185865,1.2482565775185865,20.920322459715134,32.74709411327122,500.0,84.13924191040319,7.011603492533599,40.07227612524992,False,False,ok,19.599999999999397,10.294117647058822,16.69999999999994,-2.8000000000001357,-19.50000000000007,2.8000000000001357,19.50000000000007,23.3712035995753,33.62429696291596,10.253093363340664,23.3712035995753,33.62429696291596,7.543494563187757,22.593363329608202,30.13685789279596,49.299425413461876,63.97514819459947,70.60991681658433,91.62946331451197,25.580568161644717,27.107762249480356,32.67577897311826,7.276767282082085,39.952546255200346,12.86520155267281,108.65100559697342,11.840849039533586,57.95744281971017
451_1,70,451,R,college,64.8666,6.4612,True,1.5028,1.3343,1.3926,1.373803933186179,1.2951582120415066,207.6417879584933,1.3208156777001263,181.9843222998736,1.3376598557960575,165.1401442039422,207.6417879584933,42.50164375455108,2.875193059032209,34.5023167083865,1.4694,33.39999999999988,1.475,27.799999999999827,2433.2501684761246,ok,lead_hand_velocity20_onset_to_latest_upward_crossing_55deg_pull_attack_direction,lead_hand_velocity20_onset,latest_upward_crossing_55deg_pull_attack_direction,55.0,165.1401442039424,382.33089142859365,-382.33089142859365,-6.3,30.0,8.956687571734141,29.855625239113806,6.721406378453494,6.721406378453494,6.4612,0.2602063784534945,28.50941298436831,63.77374056990041,95.49092593451427,-4.543385867199043,-4.543385867199043,15.739782527201099,24.928758905163775,500.0,78.16039555190369,6.5133662959919745,36.638737954214356,True,True,ok,30.799999999999052,5.583756345177665,27.800000000000047,0.0,-27.800000000000047,0.0,27.800000000000047,15.739782527201099,33.14135733036951,17.40157480316841,15.739782527201099,33.14135733036951,11.079302587188579,19.048931383597626,30.128233970786205,49.208926588870575,66.78513161934899,73.68245804971023,100.0,22.92550284083401,27.236281978014357,50.11800916413939,-4.543385867199043,45.574623296940345,21.235321568648637,254.22235897021446,8.353050319675713,70.92913385834436
451_2,70,451,R,college,63.0163,4.7473,True,1.3611,1.1861,1.2583,1.232514477762392,1.1571868177964777,203.91318220352227,1.180294468469674,180.80553153032608,1.1933675612027197,167.7324387972805,203.91318220352227,36.18074340624176,3.2406511094891437,38.88781331386973,1.3222,38.899999999999935,1.3361,24.99999999999991,2348.218533220516,ok,lead_hand_velocity20_onset_to_latest_upward_crossing_55deg_pull_attack_direction,lead_hand_velocity20_onset,latest_upward_crossing_55deg_pull_attack_direction,55.0,167.73243879728028,26.87798143846809,-26.87798143846809,-6.3,30.0,8.565714100797814,28.552380335992716,4.8004311766746985,4.8004311766746985,4.7473,0.053131176674698466,28.211708193722192,63.10779391938565,98.80685204434224,5.225533105253504,5.225533105253504,19.983502062263803,30.78271466070066,500.0,78.24187324887986,6.520156104073322,40.90565863649788,False,False,ok,19.599999999999397,10.0,16.70000000000016,-2.7999999999999137,-19.50000000000007,2.7999999999999137,19.50000000000007,22.527184102011585,32.551368578962794,10.02418447695121,22.527184102011585,32.551368578962794,8.316272965888247,14.384514435711074,22.70078740159932,51.76541510161478,63.8698557981225,81.04827301510281,100.0,28.9127051249126,29.067026068673602,33.08315952797524,11.243964642277664,44.32712417025291,13.386726273771776,98.6298328842059,13.57269487568549,52.98050243725258
451_3,70,451,R,college,64.4715,4.3597,True,1.9611,1.7833,1.8482,1.83242075903021,1.7453675194712834,215.73248052871665,1.7743063786316635,186.79362136833632,1.7878595364710488,173.2404635289513,215.73248052871665,42.49201699976536,6.818894510802633,81.8267341296316,1.8,161.10000000000002,1.9361,25.000000000000135,2387.5884491455854,ok,lead_hand_velocity20_onset_to_latest_upward_crossing_55deg_pull_attack_direction,lead_hand_velocity20_onset,latest_upward_crossing_55deg_pull_attack_direction,55.0,173.2404635289513,40.71198807375032,-40.71198807375032,-6.3,30.0,8.772475076085891,29.24158358695297,4.554393963207117,4.554393963207117,4.3597,0.19469396320711674,28.640957901447656,64.06799816895048,97.94598783024425,-3.127336937763482,-3.127336937763482,16.861079865035077,23.581552305987216,500.0,82.01708427143662,6.834757022619718,39.2471760169529,False,False,ok,13.999999999999568,6.493506493506493,11.10000000000011,-2.7999999999999137,-13.900000000000023,2.7999999999999137,13.900000000000023,18.924821897283277,24.61717285341991,5.692350956136632,18.924821897283277,24.61717285341991,2.716535433073801,27.735658042774617,30.452193475848418,43.63461317698561,59.73866786354094,66.70780129480764,91.32738657024336,14.48343088170142,13.968083472751301,24.58278144782962,2.477518516459702,27.060299964289324,6.41544736465335,105.86000895626958,6.060312508856437,54.023997000433326
451_4,70,451,R,college,65.4655,10.4534,True,2.525,2.3528,2.4083,2.38940727209137,2.3144064683055188,210.5935316944812,2.359959006231478,165.040993768522,2.353244119164187,171.75588083581283,210.5935316944812,45.55253792595917,4.535181929112681,54.422183149352165,2.4722,52.799999999999955,2.5,24.99999999999991,2660.6391828159412,ok,lead_hand_velocity20_onset_to_latest_upward_crossing_55deg_pull_attack_direction,lead_hand_velocity20_onset,latest_upward_crossing_55deg_pull_attack_direction,55.0,171.75588083581283,26.335356550697853,-26.335356550697853,-6.3,30.0,8.984382833490887,29.947942778302956,11.057433711709708,11.057433711709708,10.4534,0.6040337117097074,29.947942778302956,66.99164007315436,100.0,11.255169362178423,11.255169362178423,24.880389951282968,34.581177352868245,500.0,87.35599779274598,7.279666482728832,36.64174122344892,True,True,ok,14.000000000000679,7.042253521126761,11.099999999999888,2.7999999999996916,-8.300000000000196,-2.7999999999996916,8.300000000000196,22.174915635569505,29.538432695944916,7.363517060375411,22.174915635569505,29.538432695944916,4.396325459322341,23.50468691416112,27.90101237348346,60.69926404998794,66.99164007315436,90.60722201114172,100.0,17.537095341722818,17.270721716169252,24.640586317904983,5.5349561659145055,30.175542483819488,8.895941797093677,103.28468175946392,8.613031134482387,54.64435695543962
451_5,70,451,R,college,63.5291,8.5871,True,1.45,1.2806,1.3343,1.3171531912217025,1.2397239004043736,210.2760995956263,1.259290107213987,190.7098927860129,1.2767679580012792,173.23204199872075,210.2760995956263,37.04405759690556,4.3495209447140155,52.194251336568186,1.3972,52.799999999999955,1.425,24.99999999999991,2607.3526651465468,ok,lead_hand_velocity20_onset_to_latest_upward_crossing_55deg_pull_attack_direction,lead_hand_velocity20_onset,latest_upward_crossing_55deg_pull_attack_direction,55.0,173.23204199872077,28.77499098177494,-28.77499098177494,-6.3,30.0,8.63574100763135,28.785803358771165,8.24830700022417,8.24830700022417,8.5871,-0.3387929997758299,28.785803358771165,64.39200822917665,100.0,4.040116241433984,4.040116241433984,20.375140607446074,32.36332958383698,500.0,82.24732255239442,6.853943546032869,39.88127761965647,True,True,ok,8.399999999999741,4.10958904109589,5.600000000000049,0.0,-5.600000000000049,0.0,5.600000000000049,20.375140607446074,24.733220847420792,4.3580802399747185,20.375140607446074,24.733220847420792,1.5858642669683363,26.194975628074793,27.78083989504313,63.22834575660124,64.39200822917665,98.19284643455467,100.0,9.32286120078087,9.586149522371034,10.302201597103608,4.040116241433984,14.342317838537591,4.9756373902550814,102.59541929371312,4.849765637207139,52.53018372709087
451_6,70,451,R,college,69.0179,10.7867,True,1.3583,1.1722,1.2417,1.2210165690133812,1.144034470773896,214.2655292261042,1.1932425360230074,165.0574639769926,1.1867185152624786,171.58148473752144,214.2655292261042,49.2080652491116,5.000468817601274,60.005625811215296,1.2972,61.10000000000015,1.325,33.30000000000011,2531.225756755536,ok,lead_hand_velocity20_onset_to_latest_upward_crossing_55deg_pull_attack_direction,lead_hand_velocity20_onset,latest_upward_crossing_55deg_pull_attack_direction,55.0,171.58148473752144,23.404615315359088,-23.404615315359088,-6.3,30.0,9.387254759146517,31.290849197155055,10.853993057873662,10.853993057873662,10.7867,0.06729305787366258,31.270188578530547,69.94941969069997,99.93397233007538,10.820260441382324,10.820260441382324,25.465129358857652,34.16985376831587,497.2000000000001,85.98247062437741,7.165205885364784,36.56997894482089,True,True,ok,13.999999999999568,7.142857142857142,11.10000000000011,2.7000000000001467,-8.399999999999963,-2.7000000000001467,8.399999999999963,22.687664042019254,30.97131608552277,8.283652043503515,22.687664042019254,30.97131608552277,4.885076865397103,21.82058492690771,26.705661792304813,63.987960718474795,69.99563617831743,91.41707142351308,100.0,17.53445722365155,16.72661234841852,24.546349721170976,6.07357966575751,30.619929386928487,9.939655374155548,102.43561790211474,9.703319585238084,55.0804274466287
451_7,70,451,R,college,66.8019,7.2154,True,1.4778,1.3065,1.3602,1.3424689179083873,1.2623778308239126,215.42216917608727,1.2882010360826328,189.5989639173672,1.3064652748076269,171.33472519237313,215.42216917608727,44.0874439837142,6.271314747856593,75.25577697427912,1.3722,105.59999999999991,1.45,27.800000000000047,2608.2248152708285,ok,lead_hand_velocity20_onset_to_latest_upward_crossing_55deg_pull_attack_direction,lead_hand_velocity20_onset,latest_upward_crossing_55deg_pull_attack_direction,55.0,171.33472519237313,25.49937305539118,-25.49937305539118,-6.3,30.0,9.201534182130969,30.67178060710323,7.535986542895941,7.535986542895941,7.2154,0.32058654289594113,29.37664330962873,65.71367955804558,95.77743035507184,6.910716187661657,6.910716187661657,21.255530558703118,32.64529433824298,500.0,80.33547315812,6.694622763176667,40.56319752366819,True,True,ok,11.199999999999655,5.633802816901409,8.299999999999974,0.0,-8.299999999999974,0.0,8.299999999999974,21.255530558703118,27.455943007153763,6.2004124484506455,21.255530558703118,27.455943007153763,3.2341582302247183,22.24165729286242,25.47581552308714,64.25275254663569,68.61081918195954,93.64813496284597,100.0,14.744128084774268,14.557962021303599,16.03915592116656,6.910716187661657,22.949872108828217,7.375323587525439,98.93274423777822,7.454886291033576,51.79452568434542
451_8,70,451,R,college,65.2349,11.1201,True,1.6472,1.4685,1.5593,1.5025133929063124,1.4211072362807808,226.0927637192192,1.4478142569026649,199.3857430973352,1.4755563855291105,171.6436144708897,226.0927637192192,54.44914924832949,4.258596148997125,51.103153787965496,1.5972,50.00000000000004,1.6222,24.99999999999991,2480.4397631583292,ok,lead_hand_velocity20_onset_to_latest_upward_crossing_55deg_pull_attack_direction,lead_hand_velocity20_onset,latest_upward_crossing_55deg_pull_attack_direction,55.0,171.6436144708895,376.2623669124634,-376.2623669124634,-6.3,30.0,8.945113947840017,29.81704649280006,10.790716374681054,10.790716374681054,11.1201,-0.3293836253189468,29.81704649280006,66.6988334216178,100.0,4.082782644817366,4.082782644817366,23.175853018397735,36.612860892427996,500.0,84.57251800383506,7.047709833652921,33.76061546115226,True,True,ok,16.799999999999482,3.0456852791878175,13.900000000000023,5.50000000000006,-8.399999999999963,-5.50000000000006,8.399999999999963,17.215410573696882,29.23790776156139,12.02249718786451,17.215410573696882,29.23790776156139,4.3230221222393865,27.583614548211273,31.90663667045066,62.654814478038524,66.6988334216178,93.93689703983851,100.0,7.809765729581602,7.20592046585599,29.14028500413818,-6.091208206420264,23.049076797717913,13.344996838125285,263.27407884292074,5.0688608984127965,72.66891638553034
468_1,108,468,R,college,66.3653,8.3432,True,1.4833,1.2694,1.4352,1.34493957369132,1.2591309197306644,224.1690802693357,1.292876054417793,190.42394558220693,1.2977620292487704,185.5379707512297,224.1690802693357,38.631109518106,6.8001997583941565,81.60239710072987,1.3222,161.10000000000002,1.45,33.30000000000011,2634.5848816959783,ok,lead_hand_velocity20_onset_to_latest_upward_crossing_55deg_pull_attack_direction,lead_hand_velocity20_onset,latest_upward_crossing_55deg_pull_attack_direction,55.0,185.5379707512297,28.420026770259234,-28.420026770259234,-6.3,30.0,9.097843866905087,30.32614622301696,8.285481640524306,8.285481640524306,8.3432,-0.05771835947569315,30.06776428157413,67.25967314239016,99.14798952843299,10.886030934116393,10.886030934116393,22.408511436094695,34.869141357367994,497.2000000000001,82.54019562789772,6.878349635658143,45.93480909284474,True,True,ok,8.399999999999741,3.896103896103896,5.599999999999827,0.0,-5.599999999999827,0.0,5.599999999999827,22.408511436094695,25.852455943035046,3.443944506940351,22.408511436094695,25.852455943035046,1.9506936632941958,19.874953130880108,21.825646794174304,61.406165521134014,67.25967314239016,90.51928996415968,99.14798952843299,15.82369306941302,15.494238353640247,10.204778986366025,10.886030934116393,21.090809920482418,4.283575955288976,101.37588474212197,4.225438787721019,51.07611548561948
468_2,108,468,R,college,64.962,7.0266,True,2.675,2.4583,2.6259,2.5324942330326543,2.450502601580532,224.49739841946803,2.484988829031332,190.01117096866827,2.508456806784971,166.54319321502874,224.49739841946803,57.95420520443929,2.6120258662645486,31.34431039517458,2.6472,27.799999999999603,2.65,24.99999999999991,2728.889474874602,ok,lead_hand_velocity20_onset_to_latest_upward_crossing_55deg_pull_attack_direction,lead_hand_velocity20_onset,latest_upward_crossing_55deg_pull_attack_direction,55.0,166.54319321502874,34.43104739462566,-34.43104739462566,-6.3,30.0,8.917764197275048,29.725880657583495,6.818634222679206,6.818634222679206,7.0266,-0.20796577732079413,29.725880657583495,66.49490125622643,100.0,5.052462187415626,5.052462187415626,20.51931008626138,32.92875890517242,500.0,81.96364145763378,6.830303454802816,44.030768427668185,True,True,ok,8.400000000000407,4.166666666666666,5.600000000000271,0.0,-5.600000000000271,0.0,5.600000000000271,20.51931008626138,24.419947506588056,3.9006374203266745,20.51931008626138,24.419947506588056,1.3948256467956597,24.3472065992014,25.74203224599706,63.354787664803965,66.49490125622643,95.27766259953891,100.0,9.558463042999993,9.821546672083961,8.748918082084764,5.052462187415626,13.80138026950039,4.527719676096828,104.73356188007352,4.323083827972307,52.57499062622854
468_3,108,468,R,college,64.8097,4.6724,True,1.6472,1.4157,1.5843,1.48976612437518,1.419562226017398,227.63777398260189,1.464155851684295,183.04414831570503,1.487517826599517,159.68217340048295,227.63777398260189,67.95560058211893,6.552962936983605,78.63555524380327,1.4833,163.89999999999992,1.6222,24.99999999999991,2588.1994825764923,ok,lead_hand_velocity20_onset_to_latest_upward_crossing_55deg_pull_attack_direction,lead_hand_velocity20_onset,latest_upward_crossing_55deg_pull_attack_direction,55.0,159.68217340048295,39.70989326569385,-39.70989326569385,-6.3,30.0,8.737101488709571,29.123671629031904,4.30144237803526,4.30144237803526,4.6724,-0.3709576219647399,29.123671629031904,65.14779802485654,100.0,-0.9539775582742819,-0.9539775582742819,18.163104611943126,30.942632171012047,500.0,78.27551300731416,6.52295941727618,40.2138964120652,False,False,ok,8.399999999999741,4.166666666666666,5.600000000000049,-2.7999999999999137,-8.399999999999963,2.7999999999999137,8.399999999999963,20.366891638567182,23.215785526834228,2.848893888267046,20.366891638567182,23.215785526834228,1.2472815898026184,26.610236220501186,27.857517810303804,53.75769707748881,61.32342149170608,82.51652198126182,94.12969179450806,9.254175671745669,9.195523433071104,10.650736600493355,3.9581334908362753,14.60887009132963,3.440036981266361,104.45571986263235,3.2932968972788523,52.24090738663312
468_4,108,468,R,college,65.8408,2.8761,True,1.6667,1.4537,1.6167,1.5188266044070708,1.4493576173095413,217.3423826904588,1.4873292528053956,179.37074719460443,1.5212314669882174,145.46853301178265,217.3423826904588,71.87384967867615,6.468004231425582,77.61605077710699,1.5083,158.4000000000001,1.6417,25.000000000000135,2513.3631087705835,ok,lead_hand_velocity20_onset_to_latest_upward_crossing_55deg_pull_attack_direction,lead_hand_velocity20_onset,latest_upward_crossing_55deg_pull_attack_direction,55.0,145.46853301178265,491.30370081213573,-491.30370081213573,-6.3,30.0,8.891185080002135,29.637283600007116,3.2122134850492867,3.2122134850492867,2.8761,0.3361134850492866,29.441451359663287,65.85865103718515,99.3392368781605,-5.15493139226354,-5.15493139226354,15.273715785543304,27.34458192728863,500.0,76.48011597985872,6.373342998321561,43.261206751346556,False,False,ok,8.399999999999741,1.3100436681222707,5.600000000000049,-2.6999999999999247,-8.299999999999974,2.6999999999999247,8.299999999999974,17.876640419966815,21.688413948279894,3.811773528313079,17.876640419966815,21.688413948279894,1.0566179227608004,26.859392575957017,27.916010498717817,61.17156104171545,66.2967152827646,92.26936927540125,100.0,3.3737359134354095,3.087879803907664,9.19193629969117,-1.079304181646302,8.112632118044868,4.355250518819511,299.23031833235797,1.4554843717347157,84.54761904771038
468_5,108,468,R,college,65.9811,5.0309,True,1.8639,1.6352,1.8074,1.7185915837002934,1.6366939324731409,227.20606752685904,1.6837134792016877,180.18652079831244,1.7104705253846688,153.42947461533106,227.20606752685904,73.77659291152798,6.910276081298141,82.92331297557769,1.6944,169.49999999999997,1.825,38.899999999999935,2554.5494586576688,ok,lead_hand_velocity20_onset_to_latest_upward_crossing_55deg_pull_attack_direction,lead_hand_velocity20_onset,latest_upward_crossing_55deg_pull_attack_direction,55.0,153.42947461533106,36.516326583706075,-36.516326583706075,-6.3,30.0,8.932076305399875,29.77358768466625,5.390892522720975,5.390892522720975,5.0309,0.35999252272097504,29.629611663400354,66.27955364933858,99.51643039196098,5.452835053847815,5.452835053847815,20.123359580074226,32.36745406827643,500.0,81.84768225934157,6.820640188278464,46.28917134361249,True,True,ok,11.199999999999655,5.797101449275362,8.300000000000196,0.0,-8.300000000000196,0.0,8.300000000000196,20.123359580074226,25.527371578580258,5.404011998506032,20.123359580074226,25.527371578580258,2.1511061117383505,22.626921634820093,24.778027746558443,60.6445106241763,66.27955364933858,91.05561048457068,99.51643039196098,11.848839728412392,11.903435760194858,12.682817285564218,5.452835053847815,18.135652339412033,6.411334326888767,106.18723639127916,6.03776361903257,53.23022122240472
468_6,108,468,R,college,65.4069,-10.9223,True,1.3278,1.1361,1.2861,1.2001634848643967,1.1171918578765363,210.60814212346372,1.1606913625808606,167.1086374191395,1.1883832329673278,139.41676703267223,210.60814212346372,71.19137509079152,5.022669548091381,60.27203457709657,1.2333,94.50000000000003,1.3,27.800000000000047,2533.797337345925,ok,lead_hand_velocity20_onset_to_latest_upward_crossing_55deg_pull_attack_direction,lead_hand_velocity20_onset,latest_upward_crossing_55deg_pull_attack_direction,55.0,139.41676703267225,503.2685432454731,-503.2685432454731,-6.3,30.0,9.021187623866803,30.070625412889342,-11.599941123552341,-11.599941123552341,-10.9223,-0.6776411235523412,28.261150403403914,63.218392992582054,93.9825827210437,-23.450578777359045,-23.450578777359045,3.6227971503601113,14.729096362970532,497.2000000000001,66.35729258007686,5.529774381673072,43.860296680359234,False,False,ok,19.599999999999397,3.0172413793103448,16.600000000000172,-13.899999999999801,-30.49999999999997,13.899999999999801,30.49999999999997,14.720847394091638,25.620359955033297,10.899512560941659,14.720847394091638,25.620359955033297,4.78402699663059,22.990063742057078,27.77409073868767,41.70814430160285,44.441296216882634,62.00472578331063,66.06792106252473,16.68810392843727,16.849894779162856,19.616629673940682,5.899495443225313,25.516125117165995,12.494501633878297,310.1331681619153,4.0287537472790165,87.83614548190965
468_7,108,468,R,college,65.2249,6.0543,True,1.5917,1.3639,1.5407,1.4391962696382146,1.369770867199165,221.9291328008348,1.4104347261726813,181.2652738273186,1.4323312923615887,159.36870763841117,221.9291328008348,62.56042516242363,6.463453333158189,77.56143999789828,1.4333,158.39999999999986,1.5667,24.99999999999991,2567.793725180671,ok,lead_hand_velocity20_onset_to_latest_upward_crossing_55deg_pull_attack_direction,lead_hand_velocity20_onset,latest_upward_crossing_55deg_pull_attack_direction,55.0,159.36870763841117,34.89916886777466,-34.89916886777466,-6.3,30.0,8.790390429751328,29.301301432504427,6.490580723136239,6.490580723136239,6.0543,0.4362807231362398,29.301301432504427,65.54514457879473,100.0,1.3886764843181238,1.3886764843181238,18.410573678310097,31.875140607458498,500.0,77.29356897123974,6.441130747603311,40.2678478062905,True,True,ok,11.199999999999655,5.714285714285714,8.300000000000196,0.0,-8.300000000000196,0.0,8.300000000000196,18.410573678310097,23.778027746557367,5.36745406824727,18.410573678310097,23.778027746557367,2.3560179977528293,24.053993250869624,26.410011248622453,60.1109775611872,65.54514457879473,91.70927602261236,100.0,8.830816886251482,8.108709401755647,16.328495772858382,1.3886764843181238,17.717172257176507,6.373717260453117,99.49825423432084,6.405858383648477,49.677540307515244
468_8,108,468,R,college,65.4033,7.4661,True,2.1778,1.9602,2.0454,2.029300101128721,1.9442963480823767,233.5036519176228,1.9957619808546003,182.0380191453994,2.0202649558647594,157.53504413524055,233.5036519176228,75.96860778238224,6.653380508834988,79.84056610601985,2.0306,147.19999999999976,2.15,27.800000000000047,2748.4128106475223,ok,lead_hand_velocity20_onset_to_latest_upward_crossing_55deg_pull_attack_direction,lead_hand_velocity20_onset,latest_upward_crossing_55deg_pull_attack_direction,55.0,157.53504413524055,35.35323008188173,-35.35323008188173,-6.3,30.0,8.936064641200819,29.786882137336065,8.435383810022863,8.435383810022863,7.4661,0.9692838100228629,29.12725883793362,65.15582238263598,97.78552419027554,0.9663483722523543,0.9663483722523543,19.444131983523064,32.39295088117484,500.0,80.63860621043281,6.719883850869401,41.331323276644156,True,True,ok,11.200000000000543,5.797101449275362,8.300000000000196,0.0,-8.300000000000196,0.0,8.300000000000196,19.444131983523064,25.43007124112233,5.9859392575992665,19.444131983523064,25.43007124112233,2.351706036747945,25.589801274868286,27.94150731161623,61.96803379808366,66.63135768015397,93.00130742576887,100.0,8.059752692974033,7.513532541885665,15.279248943620097,0.9663483722523543,16.245597315872452,6.939247116380284,104.002895745585,6.672167218646756,51.81102362210322
474_1,50,474,R,college,67.1284,2.7043,True,2.3389,2.1509,2.2759,2.2270831025132205,2.091774707456695,247.1252925433052,2.1793359463635555,159.56405363644467,2.1719248809239544,166.9751190760458,247.1252925433052,87.56123890686052,7.350539806373243,88.20647767647893,2.1889,150.00000000000034,2.3139,25.000000000000355,2484.1928009650205,ok,lead_hand_velocity20_onset_to_latest_upward_crossing_55deg_pull_attack_direction,lead_hand_velocity20_onset,latest_upward_crossing_55deg_pull_attack_direction,55.0,166.9751190760458,37.119954059139374,-37.119954059139374,-6.3,30.0,9.098271471801935,30.32757157267312,3.039306526977433,3.039306526977433,2.7043,0.33500652697743316,29.528204785322092,66.05271292350139,97.36422421612122,2.6322467532905285,2.6322467532905285,16.594300712428872,28.909261342363433,497.20000000000033,89.15505163507247,7.429587636256039,43.961601578127706,False,False,ok,11.200000000000543,5.555555555555555,8.300000000000196,-2.7999999999996916,-11.099999999999888,2.7999999999996916,11.099999999999888,19.07555305588862,23.453505811798863,4.377952755910243,19.07555305588862,23.453505811798863,2.301087364081976,24.37214098240353,26.673228346485505,52.91728692404961,64.07943114339993,78.00210409145555,94.45553142856082,14.878994980353077,14.196658478257568,15.851341794662243,7.6356605851174635,23.487002379779707,5.214282052967399,112.03520026985974,4.654146232976539,56.07874015754092
474_2,50,474,R,college,69.0834,10.1431,True,1.7111,1.513,1.6435,1.5904046248399393,1.4532467468646009,257.8532531353992,1.545627778589836,165.47222141016405,1.5342300904478818,176.86990955211823,257.8532531353992,92.38103172523516,7.743492085410782,92.92190502492939,1.5333,177.79999999999995,1.675,36.10000000000002,2502.716125303359,ok,lead_hand_velocity20_onset_to_latest_upward_crossing_55deg_pull_attack_direction,lead_hand_velocity20_onset,latest_upward_crossing_55deg_pull_attack_direction,55.0,176.86990955211823,34.18287409024812,-34.18287409024812,-6.3,30.0,9.359921641987718,31.199738806625728,10.112101927769029,10.112101927769029,10.1431,-0.03099807223097173,30.031669024859287,67.1789303526737,96.25615525499725,4.3362107339675315,4.3362107339675315,20.9842519685266,32.7165354331062,500.0,92.84339665971622,7.736949721643018,35.729748107967886,True,True,ok,13.999999999999568,7.042253521126761,11.10000000000011,2.8000000000001357,-8.299999999999974,-2.8000000000001357,8.299999999999974,18.296025496832655,25.946194225749807,7.650168728917151,18.296025496832655,25.946194225749807,3.0476190476223444,29.750656168011137,32.79827521563348,60.2375817384566,69.21743047632933,86.31036531190762,99.1769844995212,9.938130311415176,10.170145177447186,22.040629984375542,-1.2371432204242285,20.803486763951312,8.70111512498583,113.0957035327403,7.693585921649911,57.68391451074851
474_3,50,474,R,college,68.4086,5.4751,True,2.4528,2.2657,2.3982,2.336548879568445,2.207753865258792,245.04613474120828,2.2951291153612474,157.67088463875243,2.27810941141925,174.69058858074993,245.04613474120828,87.37525010245585,7.759474328067378,93.11369193680854,2.2722,180.59999999999965,2.425,27.800000000000047,2590.5242366458465,ok,lead_hand_velocity20_onset_to_latest_upward_crossing_55deg_pull_attack_direction,lead_hand_velocity20_onset,latest_upward_crossing_55deg_pull_attack_direction,55.0,174.69058858074993,39.897428397899674,-39.897428397899674,-6.3,30.0,9.537520440989782,31.791734803299274,5.4954151307067365,5.4954151307067365,5.4751,0.020315130706736184,30.176914617901666,67.50383549101117,94.92062891380805,1.0338285342909794,1.0338285342909794,16.85883014624993,28.595050618703542,499.9999999999998,93.09221501887534,7.757684584906278,44.062139180334256,True,True,ok,14.000000000000679,6.8493150684931505,11.100000000000332,0.0,-11.100000000000332,0.0,11.100000000000332,16.85883014624993,23.64229471318639,6.783464566936463,16.85883014624993,23.64229471318639,3.0446194225754653,27.014060742436378,30.058680165011843,60.43935492771119,71.1160853688691,84.98689799110961,100.0,11.293574955909518,9.942876653532954,22.903460762791784,1.0338285342909794,23.937289297082764,7.862597462837352,117.12889969315002,6.712773263844786,58.24446944138276
474_4,50,474,R,college,66.9757,2.5025,True,2.9639,2.7704,2.8963,2.8480887375155497,2.701387805501871,262.51219449812925,2.78836762949605,175.5323705039502,2.7975598294331743,166.34017056682592,262.51219449812925,96.17202393130331,6.892270581966728,82.70724698360074,2.8333,130.60000000000028,2.9389,25.000000000000355,2383.0290708315997,ok,lead_hand_velocity20_onset_to_latest_upward_crossing_55deg_pull_attack_direction,lead_hand_velocity20_onset,latest_upward_crossing_55deg_pull_attack_direction,55.0,166.34017056682592,467.76544310780645,-467.76544310780645,-6.3,30.0,9.050555078811934,30.168516929373112,2.665018342888006,2.665018342888006,2.5025,0.16251834288800593,29.667580351736234,66.36448718623882,98.33953860307548,-4.560213493085036,-4.560213493085036,14.326771653558778,25.842519685067277,500.0,85.79627230330978,7.149689358609148,36.221190762449574,False,False,ok,33.60000000000163,5.286343612334802,30.49999999999997,-2.7999999999996916,-33.29999999999966,2.7999999999996916,33.29999999999966,17.359017622815895,33.970003749568,16.610986126752106,17.359017622815895,33.970003749568,13.097112860906531,19.1109861267548,32.20809898766133,46.54062073619415,67.37596905973292,68.96434167650874,99.83836222037618,29.045563885852413,33.092033563540895,50.04091487956314,0.6503043721109545,50.69121925167409,21.835701929258228,306.11401038470194,7.133192597691526,73.32302212231394
474_5,50,474,R,college,68.1302,4.564,True,2.4028,2.2139,2.3463,2.2931571991249884,2.1522440692506213,250.5559307493788,2.251669922134598,151.1300778654019,2.2341351488747656,168.66485112523443,250.5559307493788,99.42585288397692,7.276964951907706,87.32357942289246,2.2194,183.40000000000023,2.375,27.800000000000047,2603.4686119759,ok,lead_hand_velocity20_onset_to_latest_upward_crossing_55deg_pull_attack_direction,lead_hand_velocity20_onset,latest_upward_crossing_55deg_pull_attack_direction,55.0,168.66485112523443,36.225011374768634,-36.225011374768634,-6.3,30.0,9.381858017170673,31.272860057235576,4.8339555557757325,4.8339555557757325,4.564,0.2699555557757325,30.07078281617894,67.26642541199648,96.1561646780736,-0.8501039816610003,-0.8501039816610003,16.580427446587084,29.580427446601128,500.0,86.95814761796758,7.246512301497298,43.94369586142915,False,False,ok,8.400000000000407,4.285714285714286,5.499999999999616,-2.8000000000001357,-8.299999999999752,2.8000000000001357,8.299999999999752,19.364641919780944,23.196850393725843,3.832208473944899,19.364641919780944,23.196850393725843,1.4746906636686354,26.774278215252014,28.24896887892065,64.89894011304285,69.9553956183687,92.77188634181903,100.0,8.209284269437067,7.838059051668042,9.441610278285877,3.674091739178641,13.115702017464518,4.432235315968234,110.9123980939392,3.99615858293342,56.01574803155658
474_6,50,474,R,college,70.3693,6.4413,True,1.9861,1.7926,1.9157,1.8716161602760324,1.7331293184186043,252.97068158139547,1.8096655441179808,176.43445588201922,1.8097785485367568,176.32145146324274,252.97068158139547,76.64923011815273,7.726347699725191,92.71617239670229,1.7444,241.70000000000002,1.9611,24.99999999999991,2518.752975196151,ok,lead_hand_velocity20_onset_to_latest_upward_crossing_55deg_pull_attack_direction,lead_hand_velocity20_onset,latest_upward_crossing_55deg_pull_attack_direction,55.0,176.3214514632432,36.14468709780194,-36.14468709780194,-6.3,30.0,9.531745527145471,31.772485090484903,6.317197782154267,6.317197782154267,6.4413,-0.12410221784573316,30.871652749435405,69.05792043091306,97.16474069156374,0.5704560819297094,0.5704560819297094,18.193663292108134,30.441694788184357,500.0,91.68072885705044,7.640060738087537,39.5757454100286,True,True,ok,13.999999999999568,6.944444444444445,11.10000000000011,0.0,-11.10000000000011,0.0,11.10000000000011,18.193663292108134,25.607799025149518,7.414135733041384,18.193663292108134,25.607799025149518,3.147731533561707,28.336895388107095,31.484626921668802,60.57600841751807,69.05792043091306,85.23066019496564,97.16474069156374,11.473994816761957,11.636734309623645,21.850200005035607,0.5704560819297094,22.420656086965316,8.586598054593752,115.50404477424046,7.434023692743202,58.31214848150282
474_7,50,474,R,college,67.3349,5.3382,True,2.0528,1.8583,1.9815,1.9264814273781885,1.7851631566514503,267.6368433485494,1.8889785499186005,163.8214500813995,1.872973571616969,179.82642838303065,267.6368433485494,103.81539326714991,7.88293468531934,94.59521622383207,1.8694,183.4,2.025,27.800000000000047,2548.351105461247,ok,lead_hand_velocity20_onset_to_latest_upward_crossing_55deg_pull_attack_direction,lead_hand_velocity20_onset,latest_upward_crossing_55deg_pull_attack_direction,55.0,179.82642838303087,41.47651998538437,-41.47651998538437,-6.3,30.0,9.179481384311808,30.59827128103936,5.521416986973902,5.521416986973902,5.3382,0.18321698697390243,30.236514751409036,67.63715719266509,98.81772232716138,0.7324704259016788,0.7324704259016788,16.600674915653475,27.758155230626155,500.0,94.39529484745624,7.8662745706213535,40.44647562599962,True,True,ok,11.199999999999655,5.47945205479452,8.300000000000196,0.0,-8.300000000000196,0.0,8.300000000000196,16.600674915653475,22.20566179229995,5.604986876646475,16.600674915653475,22.20566179229995,2.047431571055828,31.068053993284405,33.11548556434023,62.25944988957798,68.44638350268282,90.96090502303555,100.0,7.61463960912074,7.240399751358909,14.512818081961782,0.7324704259016788,15.245288507863462,6.240271915251711,118.28254671909302,5.275733477460216,59.02643419578931
474_8,50,474,R,college,68.2962,8.2884,True,2.0222,1.825,1.9574,1.8944790515627643,1.750282108200716,271.9178917992842,1.844593227718189,177.6067722818109,1.827376584597512,194.8234154024884,271.9178917992842,94.31111951747329,8.122081442495105,97.46497730994126,1.8444,177.80000000000018,1.9972,25.000000000000135,2475.438866063494,ok,lead_hand_velocity20_onset_to_latest_upward_crossing_55deg_pull_attack_direction,lead_hand_velocity20_onset,latest_upward_crossing_55deg_pull_attack_direction,55.0,194.82341540248817,33.153555864323,-33.153555864323,-6.3,30.0,9.211425407838561,30.70475135946187,8.648132192662644,8.648132192662644,8.2884,0.3597321926626442,30.70475135946187,68.68457265448693,100.0,4.475505609912548,4.475505609912548,20.47150356207685,31.073865766812713,497.20000000000033,97.58053443660437,8.131711203050363,36.95941231065695,True,True,ok,27.999999999999137,12.195121951219512,24.99999999999991,2.8000000000001357,-22.199999999999775,-2.8000000000001357,22.199999999999775,17.891076115504884,32.811023622082686,14.919947506577802,17.891076115504884,32.811023622082686,9.976752905897545,23.589801274866122,33.56655418076367,49.57195466529495,68.68457265448693,72.1733465747298,100.0,24.616056351359695,28.04745581252046,43.08847706596116,-0.5729409828960054,42.51553608306515,18.520643011843635,119.54230756035572,15.49296093560244,59.71372328465394
478_1,137,478,R,milb,73.294,2.4672,True,1.1083,0.9296,1.0148,0.981132335610207,0.9031312646981756,205.16873530182457,0.9415442404929104,166.75575950708975,0.9720896590925288,136.2103409074712,205.16873530182457,68.95839439435338,7.080776315521974,84.96931578626369,0.9472,161.10000000000002,1.075,33.30000000000011,2582.527423916723,ok,lead_hand_velocity20_onset_to_latest_upward_crossing_55deg_pull_attack_direction,lead_hand_velocity20_onset,latest_upward_crossing_55deg_pull_attack_direction,55.0,136.2103409074713,35.361960926485246,-35.361960926485246,-6.3,30.0,9.996014087159473,33.320046957198244,2.3225151678807663,2.3225151678807663,2.4672,-0.14468483211923377,33.320046957198244,74.53482229151352,100.0,0.7339817678148594,0.7339817678148594,19.235470566200007,30.014998125266768,497.2000000000001,83.99729726447677,6.999774772039731,42.66615445695694,False,False,ok,11.199999999999655,6.451612903225806,8.299999999999974,-2.7999999999999137,-11.099999999999888,2.7999999999999137,11.099999999999888,21.975628046517926,27.177540307490926,5.201912260973,21.975628046517926,27.177540307490926,2.6422947131637073,26.097487814051437,28.739782527215144,60.470652929806796,72.16100048863794,81.13074006308047,96.81515065053577,14.436450033990322,14.475169137263205,16.84079819626054,5.977331832587169,22.81813002884771,6.119551746952066,109.26775442799001,5.600510213637631,57.17829021378506
478_2,137,478,R,milb,71.5881,6.0346,True,1.6222,1.437,1.5176,1.4849202171917455,1.3995128342654133,222.6871657345868,1.447919945798153,174.280054201847,1.4809959306467966,141.20406935320352,222.6871657345868,81.48309638138329,7.266608859263599,87.19930631116318,1.4639,158.3000000000001,1.5972,25.000000000000135,2618.1880470892597,ok,lead_hand_velocity20_onset_to_latest_upward_crossing_55deg_pull_attack_direction,lead_hand_velocity20_onset,latest_upward_crossing_55deg_pull_attack_direction,55.0,141.20406935320352,32.64601370007725,-32.64601370007725,-6.3,30.0,9.795210435399628,32.6507014513321,6.520516476024938,6.520516476024938,6.0346,0.48591647602493815,32.6507014513321,73.03753903751803,100.0,0.8388038835639131,0.8388038835639131,21.575553055891323,33.815710536219505,500.0,86.23550195466672,7.18629182955556,35.645819183514554,True,True,ok,22.39999999999931,12.903225806451612,19.49999999999985,0.0,-19.49999999999985,0.0,19.49999999999985,21.575553055891323,34.48968878893864,12.91413573304732,21.575553055891323,34.48968878893864,8.266966629180295,24.16441694790761,32.43138357708791,54.90630410113986,73.03753903751803,75.17545747664843,100.0,21.77189248020934,22.713105475755242,38.26110565340702,0.8388038835639131,39.099909536970934,15.798821278544288,110.76962892614495,14.262773498210477,58.86407949012734
478_3,137,478,R,milb,72.8612,6.2758,True,1.5389,1.3593,1.4324,1.4009878094410202,1.3153971632650423,223.5028367349574,1.361527120447389,177.3728795526106,1.3962892936812732,142.61070631872676,223.5028367349574,80.89213041623066,7.456800562997763,89.48160675597316,1.3778,161.10000000000002,1.5139,24.99999999999991,2553.471791304119,ok,lead_hand_velocity20_onset_to_latest_upward_crossing_55deg_pull_attack_direction,lead_hand_velocity20_onset,latest_upward_crossing_55deg_pull_attack_direction,55.0,142.61070631872676,33.71848304033698,-33.71848304033698,-6.3,30.0,9.864323526049633,32.881078420165444,6.468756697046407,6.468756697046407,6.2758,0.19295669704640694,32.67810867533548,73.09884725155567,99.38271566936963,1.479947956483429,1.479947956483429,21.25478065244141,35.75478065245707,500.0,88.34950402669747,7.362458668891456,38.911887924318016,True,True,ok,11.199999999999655,6.25,8.299999999999974,0.0,-8.299999999999974,0.0,8.299999999999974,21.25478065244141,27.59486314213705,6.340082489695639,21.25478065244141,27.59486314213705,2.266404199477517,30.510498687696998,32.776902887174515,66.14536524911837,73.09884725155567,89.9289971670495,99.38271566936963,8.524025795869488,8.581859437251248,13.972488396008597,1.479947956483429,15.452436352492025,7.219129540822251,115.28139127877385,6.262181138467462,59.45875515566979
478_4,137,478,R,milb,71.5879,8.2268,True,1.3222,1.1444,1.2232,1.1901244197615348,1.102853528279221,219.3464717207792,1.1479442082612346,174.25579173876548,1.1804987780796077,141.70122192039258,219.3464717207792,77.64524980038658,7.408167348712076,88.8980081845449,1.1583,163.89999999999992,1.2972,25.000000000000135,2639.534699610526,ok,lead_hand_velocity20_onset_to_latest_upward_crossing_55deg_pull_attack_direction,lead_hand_velocity20_onset,latest_upward_crossing_55deg_pull_attack_direction,55.0,141.70122192039236,30.171490293195326,-30.171490293195326,-6.3,30.0,9.82358124963419,32.74527083211397,8.125018793881583,8.125018793881583,8.2268,-0.10178120611841734,32.74527083211397,73.24908471750611,100.0,5.14286470137392,5.14286470137392,22.6002999625291,34.868016497975425,500.0,87.83999454871928,7.319999545726606,40.524094597428274,True,True,ok,11.199999999999655,6.451612903225806,8.399999999999963,0.0,-8.399999999999963,0.0,8.399999999999963,22.6002999625291,28.92725909264467,6.326959130115572,22.6002999625291,28.92725909264467,3.2071616048028737,26.25815523062453,29.465316835427405,66.4850526577355,73.24908471750611,90.76571115412989,100.0,13.652656619427981,13.586460049900001,17.151976975164086,5.14286470137392,22.294841676538006,7.445621957565819,109.56657152333547,6.795523355387689,57.818710161292316
478_5,137,478,R,milb,72.5252,3.7693,True,1.5972,1.4139,1.4954,1.4652774663989916,1.3799114204322471,217.28857956775283,1.4282065777635768,168.9934222364231,1.456911862849446,140.288137150554,217.28857956775283,77.00044241719883,7.444462282515582,89.333547390187,1.4417,155.49999999999997,1.5722,24.99999999999991,2657.8763347115187,ok,lead_hand_velocity20_onset_to_latest_upward_crossing_55deg_pull_attack_direction,lead_hand_velocity20_onset,latest_upward_crossing_55deg_pull_attack_direction,55.0,140.288137150554,432.14541979648493,-432.14541979648493,-6.3,30.0,9.795632941737914,32.652109805793046,3.6313246029234376,3.6313246029234376,3.7693,-0.13797539707656226,32.652109805793046,73.04068943672381,100.0,5.878730281167973,5.878730281167973,21.91488563931876,34.135358080276845,500.0,88.13529323246622,7.344607769372185,43.86920773580359,False,False,ok,11.199999999999655,1.951219512195122,8.299999999999974,-2.8000000000001357,-11.10000000000011,2.8000000000001357,11.10000000000011,24.27727784029619,29.318897637826954,5.041619797530764,24.27727784029619,29.318897637826954,2.944506936636106,24.126734158256276,27.071241094892383,54.82345188773085,66.60208778292248,75.05878204398,91.18491117286183,19.065013373882632,19.27328804766085,15.726480531797044,10.993498434205897,26.71997896600294,6.083325185460212,283.0966141847315,2.148851268666395,70.86314210731317
478_6,137,478,R,milb,74.4849,6.8898,True,1.9361,1.7491,1.825,1.7955255379208577,1.7152350701609933,220.86492983900663,1.760785038092733,175.31496190726693,1.793605290648896,142.49470935110398,220.86492983900663,78.37022048790266,7.335232772024313,88.02279326429176,1.7833,152.7999999999998,1.9111,24.99999999999991,2594.077918324141,ok,lead_hand_velocity20_onset_to_latest_upward_crossing_55deg_pull_attack_direction,lead_hand_velocity20_onset,latest_upward_crossing_55deg_pull_attack_direction,55.0,142.49470935110398,30.612638989929497,-30.612638989929497,-6.3,30.0,10.125787487185576,33.752624957285256,7.604761809627075,7.604761809627075,6.8898,0.7149618096270745,32.953417809566965,73.71469624545215,97.63216298367992,2.292750218412233,2.292750218412233,22.732845894287774,37.929696288004976,500.0,87.29602551610535,7.274668793008779,34.85506668459162,True,True,ok,19.599999999999397,11.11111111111111,16.70000000000016,0.0,-16.70000000000016,0.0,16.70000000000016,22.732845894287774,33.90494938136397,11.172103487076196,22.732845894287774,33.90494938136397,7.098987626554351,25.354143232123374,32.453130858677724,55.69872190075536,73.71469624545215,73.77072648430953,97.63216298367992,20.53751782838734,20.548396086408395,34.88500948480296,2.292750218412233,37.17775970321519,13.722223083340758,112.12507673254592,12.23831767453113,59.132358455256984
478_7,137,478,R,milb,69.9409,4.157,True,1.8,1.6167,1.7056,1.6643638423255054,1.5874568031284433,212.5431968715568,1.632111070535456,167.88892946454405,1.659775875753343,140.22412424665708,212.5431968715568,72.31907262489972,7.124750580793427,85.49700696952112,1.6361,163.89999999999992,1.775,25.000000000000135,2714.1369009513346,ok,lead_hand_velocity20_onset_to_latest_upward_crossing_55deg_pull_attack_direction,lead_hand_velocity20_onset,latest_upward_crossing_55deg_pull_attack_direction,55.0,140.22412424665708,401.9307903418332,-401.9307903418332,-6.3,30.0,9.537088077296922,31.79029359098974,4.180011227057155,4.180011227057155,4.157,0.02301122705715475,31.79029359098974,71.11286146874934,100.0,3.5601070722409163,3.5601070722409163,20.44844394452903,31.479940007533067,500.0,84.58307922997831,7.048589935831526,41.620222706538236,False,False,ok,11.199999999999655,2.0618556701030926,8.299999999999974,-2.7999999999999137,-11.099999999999888,2.7999999999999137,11.099999999999888,23.335208099012835,28.603674540713314,5.268466441700479,23.335208099012835,28.603674540713314,3.070303712039312,24.622047244121084,27.692350956160396,60.69401021886922,70.4533535643687,85.34885105915939,99.07258983711341,16.51838667128211,16.08979075165136,16.06972773596253,8.912118722931593,24.981846458894122,6.3759977714138465,283.17925130536844,2.25157660457907,75.54386951639208
490_1,128,490,L,college,68.4666,-3.4663,True,1.7028,1.5287,1.5972,1.5768597741144852,1.5000385452898397,202.7614547101606,1.536552393443822,166.24760655617797,1.5501569849286272,152.6430150713729,202.7614547101606,50.11843963878769,6.157965780317856,73.89558936381427,1.6083,94.50000000000003,1.675,27.800000000000047,2353.705588928018,ok,lead_hand_velocity20_onset_to_latest_upward_crossing_55deg_pull_attack_direction,lead_hand_velocity20_onset,latest_upward_crossing_55deg_pull_attack_direction,55.0,152.6430150713729,48.85645980470032,-48.85645980470032,-6.3,30.0,9.47969661390192,31.598988713006403,-3.06522057637242,-3.06522057637242,-3.4663,0.40107942362757987,30.33820784995076,67.86463817544454,96.01005945314732,9.103264947310093,-9.103264947310093,11.671166104249572,28.411323584582615,500.0,86.0268607285718,7.168905060714317,44.23368574052857,False,False,ok,19.599999999999397,9.722222222222223,16.69999999999994,-11.099999999999888,-27.799999999999827,11.099999999999888,27.799999999999827,20.084551931030315,29.408136482971397,9.323584551941082,20.084551931030315,29.408136482971397,5.292275965510029,-29.948443944539278,-24.65616797902925,39.41584029428751,46.380627020108236,55.762725209954546,65.61600971278845,22.78530957906944,21.63678130786915,22.04442925276642,11.61983866242405,33.66426791519047,11.329827098037825,120.05832717030631,9.43693566708299,60.23753280846403
490_2,128,490,L,college,68.2517,8.1982,True,1.5889,1.4046,1.5102,1.4534530198428748,1.3728554035286475,216.04459647135243,1.4107621052742518,178.13789472574814,1.428212115052287,160.68788494771292,216.04459647135243,55.35671152363952,6.363561057370704,76.36273268844846,1.4972,91.69999999999989,1.5639,24.99999999999991,2336.5644190352373,ok,lead_hand_velocity20_onset_to_latest_upward_crossing_55deg_pull_attack_direction,lead_hand_velocity20_onset,latest_upward_crossing_55deg_pull_attack_direction,55.0,160.68788494771292,26.456562422668696,-26.456562422668696,-6.3,30.0,9.266281185139112,30.887603950463706,8.434432768877393,8.434432768877393,8.1982,0.23623276887739308,30.37234194357835,67.94099396827647,98.33181619489905,-8.895136756726021,8.895136756726021,22.637607799049572,40.41319835024987,500.0,91.16748469343234,7.597290391119362,37.14416598260666,True,True,ok,19.599999999999397,10.44776119402985,16.69999999999994,0.0,-16.69999999999994,0.0,16.69999999999994,22.637607799049572,32.461567304122056,9.823959505072484,22.637607799049572,32.461567304122056,7.408136482947636,-28.410948631451756,-21.00281214850412,54.77796211534007,67.94099396827647,79.28080217330687,98.33181619489905,26.249373554948356,24.91716387026507,34.99367504470425,8.895136756726021,43.88881180143027,13.011223484427886,109.70895665938292,11.85976412557114,56.55418072747017
490_3,128,490,L,college,66.1493,5.034,True,1.525,1.3454,1.4528,1.4066169283497372,1.31582984103453,209.17015896547,1.360401758850573,164.59824114942688,1.374236467537673,150.76353246232688,209.17015896547,58.40662650314312,6.225558672860844,74.70670407433013,1.4333,91.69999999999989,1.5,24.99999999999991,2519.786865689574,ok,lead_hand_velocity20_onset_to_latest_upward_crossing_55deg_pull_attack_direction,lead_hand_velocity20_onset,latest_upward_crossing_55deg_pull_attack_direction,55.0,150.76353246232688,32.39510360527187,-32.39510360527187,-6.3,30.0,9.063784101930972,30.21261367310324,4.13162161743768,4.13162161743768,5.034,-0.9023783825623202,30.21261367310324,67.58369200318363,100.0,-3.118667304601119,3.118667304601119,17.716722909655424,30.878140232504286,500.0,88.48718976094267,7.3739324800785555,38.86902941659735,False,True,ok,5.599999999999827,3.0303030303030303,2.7999999999999137,-2.8000000000001357,-5.600000000000049,2.8000000000001357,5.600000000000049,20.333895763051583,22.238095238119254,1.9041994750676707,20.333895763051583,22.238095238119254,0.688226471691781,-27.391638545211432,-26.70341207351965,63.97906982777004,65.84676303778097,94.66643199184239,97.4299584501527,10.037963152285805,10.037963152285805,4.021983252504908,8.02697152603335,12.048954778538258,2.2419459524174945,113.20341489927713,1.980457881427224,56.622234720721096
490_4,128,490,L,college,68.1547,4.5283,True,2.025,1.8435,1.9426,1.895788104514631,1.8066882864396543,218.3117135603454,1.8531616867710308,171.83831322896913,1.8702487515724844,154.75124842751552,218.3117135603454,63.56046513282988,6.581149300315316,78.97379160378378,1.9333,91.69999999999989,2.0,24.99999999999991,2579.342177705537,ok,lead_hand_velocity20_onset_to_latest_upward_crossing_55deg_pull_attack_direction,lead_hand_velocity20_onset,latest_upward_crossing_55deg_pull_attack_direction,55.0,154.75124842751552,29.23133047280979,-29.23133047280979,-6.3,30.0,9.380179825438146,31.26726608479382,4.616662661202811,4.616662661202811,4.5283,0.08836266120281167,31.26726608479382,69.94288225839698,100.0,-8.226074458252613,8.226074458252613,22.63160854895583,39.233970753698166,500.0,93.43205156029612,7.786004296691343,35.864931184165485,False,False,ok,13.999999999999568,7.575757575757576,11.099999999999888,-2.8000000000001357,-13.900000000000023,2.8000000000001357,13.900000000000023,25.177915260619624,31.08492688417306,5.907011623553437,25.177915260619624,31.08492688417306,4.367641544811622,-27.42275965507274,-23.055118110261116,53.00738311632832,67.62543228440485,75.78667250299729,96.68665359624364,24.99462435854625,24.17523626549743,23.112781976802175,13.816641074280447,36.92942305108262,7.686139584857098,114.10036965087723,6.736296830917414,58.45088113992067
490_5,128,490,L,college,67.8997,10.1861,True,1.4972,1.3185,1.4232,1.3704729445167858,1.2765868642734737,220.61313572652665,1.3219200485877074,175.2799514122927,1.3389734334551715,158.22656654482836,220.61313572652665,62.38656918169829,6.704007442249746,80.44808930699695,1.3972,100.00000000000009,1.4722,25.000000000000135,2444.3008773672254,ok,lead_hand_velocity20_onset_to_latest_upward_crossing_55deg_pull_attack_direction,lead_hand_velocity20_onset,latest_upward_crossing_55deg_pull_attack_direction,55.0,158.2265665448286,391.37334203774145,-391.37334203774145,-6.3,30.0,9.314036732699623,31.046789108998748,10.36267600859631,10.36267600859631,10.1861,0.17657600859631017,31.046789108998748,69.44968930967859,100.0,-8.048890628007904,8.048890628007904,22.96906636672897,38.33520809902903,497.2000000000001,92.79762580425782,7.733135483688152,34.38937731777894,True,True,ok,19.599999999999397,3.5532994923857872,16.70000000000016,2.8000000000001357,-13.900000000000023,-2.8000000000001357,13.900000000000023,20.266591676062387,31.397825271874936,11.13123359581255,20.266591676062387,31.397825271874936,7.2189726284292455,-29.293963254624813,-22.074990626195568,57.4082970617908,69.44968930967859,82.66170465616514,100.0,21.1939688981407,21.353467986869692,36.65850431593139,3.034538377780855,39.69304269371224,13.866140114292746,278.07549218819963,4.986466087025114,73.68316460450406
490_6,128,490,L,college,68.0046,3.4328,True,1.6528,1.4769,1.5806,1.5264735996718504,1.4416310585878818,211.16894141211827,1.4801147205553922,172.6852794446079,1.490624592527151,162.17540747284897,211.16894141211827,48.9935339392693,7.110589692261289,85.32707630713547,1.5194,133.39999999999998,1.625,27.800000000000047,2330.469907460033,ok,lead_hand_velocity20_onset_to_latest_upward_crossing_55deg_pull_attack_direction,lead_hand_velocity20_onset,latest_upward_crossing_55deg_pull_attack_direction,55.0,162.17540747284897,381.3346460327134,-381.3346460327134,-6.3,30.0,9.4202374009268,31.400791336422667,3.24885453119019,3.24885453119019,3.4328,-0.18394546880980966,29.700746938160275,66.43867872709431,94.58598230838068,4.263333175205279,-4.263333175205279,15.869141357347473,33.38882639673647,500.0,89.7861996736453,7.482183306137109,36.29160291499445,False,False,ok,22.39999999999931,4.081632653061225,19.400000000000084,-2.7999999999999137,-22.199999999999996,2.7999999999999137,22.199999999999996,18.740344956900632,29.893138357737577,11.152793400836945,18.740344956900632,29.893138357737577,6.380952380959275,-32.99550056246533,-26.614548181506056,48.812832681310155,70.24156973967125,69.49279872619574,100.0,19.143716766308504,21.601104534404676,33.03761647156403,0.23555549763549347,33.273171969199524,13.479522312827923,267.3443581973767,5.042007395898055,70.36670416205577
490_7,128,490,L,college,68.0372,8.4117,True,1.4972,1.3222,1.425,1.369372783332038,1.2827164554377397,214.4835445622606,1.325020512290371,172.17948770962897,1.343628452940808,153.57154705919208,214.4835445622606,60.911997503068505,5.782056863287435,69.38468235944922,1.4222,75.00000000000017,1.4722,25.000000000000135,2441.601594892827,ok,lead_hand_velocity20_onset_to_latest_upward_crossing_55deg_pull_attack_direction,lead_hand_velocity20_onset,latest_upward_crossing_55deg_pull_attack_direction,55.0,153.57154705919208,403.6720734275019,-403.6720734275019,-6.3,30.0,9.330175776956144,31.10058592318715,7.753022326535481,7.753022326535481,8.4117,-0.6586776734645188,31.10058592318715,69.57002935573352,100.0,-5.672930399738444,5.672930399738444,21.454255718058416,37.24953130862666,497.2000000000001,91.21326534511775,7.601105445426479,38.0155107266032,True,True,ok,8.399999999999741,1.4925373134328357,5.599999999999827,0.0,-5.599999999999827,0.0,5.599999999999827,21.454255718058416,26.017622797178458,4.563367079120042,21.454255718058416,26.017622797178458,1.8672665916780602,-28.721409823803047,-26.854143232124986,66.40812104276249,69.57002935573352,95.45507118186883,100.0,11.005347183192876,11.03730333118613,10.632877418915609,5.672930399738444,16.305807818654053,5.338614670975655,280.4592552703923,1.9035259384928005,72.21747281597604
490_8,128,490,L,college,67.8641,10.0174,True,2.7,2.5232,2.6185,2.5708386721698457,2.479759836179804,220.2401638201965,2.529522829503271,170.47717049672917,2.547710867038045,152.28913296195535,220.2401638201965,67.95103085824115,6.6986040425125735,80.38324851015088,2.5972,102.80000000000022,2.675,25.000000000000355,2585.6306112662655,ok,lead_hand_velocity20_onset_to_latest_upward_crossing_55deg_pull_attack_direction,lead_hand_velocity20_onset,latest_upward_crossing_55deg_pull_attack_direction,55.0,152.28913296195535,26.904836259039833,-26.904836259039833,-6.3,30.0,9.285923439923128,30.953078133077092,10.233491478624213,10.233491478624213,10.0174,0.21609147862421274,30.953078133077092,69.2400638266756,100.0,-7.51112278055581,7.51112278055581,22.92425946759132,40.9321334833588,500.0,90.060415269069,7.50503460575575,36.441979167467785,True,True,ok,14.000000000000679,7.8125,11.099999999999888,2.8000000000001357,-8.299999999999752,-2.8000000000001357,8.299999999999752,19.92613423324237,28.685039370109724,8.758905136867355,19.92613423324237,28.685039370109724,4.205661792280505,-28.50187476568507,-24.296212973404565,65.25700936706711,69.2400638266756,94.24747142120057,100.0,13.335768589943388,13.617599859915881,22.4908881803796,1.9594184958284528,24.45030667620805,10.393072443121365,108.9074562808633,9.543031118382284,56.491188601485845
492_1,192,492,R,college,65.8519,2.2533,True,1.3611,1.1852,1.2519,1.2249398255954074,1.1610989360196136,200.0010639803864,1.188537933574459,172.56206642554096,1.2004775870596625,160.6224129403375,200.0010639803864,39.37865104004888,7.304146725249386,87.64976070299264,1.1722,188.90000000000006,1.325,36.10000000000002,2413.519129133562,ok,lead_hand_velocity20_onset_to_latest_upward_crossing_55deg_pull_attack_direction,lead_hand_velocity20_onset,latest_upward_crossing_55deg_pull_attack_direction,55.0,160.6224129403375,39.790465761289525,-39.790465761289525,-6.3,30.0,8.914142538162057,29.71380846054019,1.98419015210352,1.98419015210352,2.2533,-0.26910984789647996,29.112419941798983,65.12262871733839,97.97606382386206,1.599559748533616,1.599559748533616,17.68260217474726,25.03693288341662,500.0,86.36975750904723,7.197479792420602,45.372024248089325,False,False,ok,8.399999999999741,4.166666666666666,5.50000000000006,-2.7999999999999137,-8.299999999999974,2.7999999999999137,8.299999999999974,19.934758155252133,22.99362579680024,3.058867641548108,19.934758155252133,22.99362579680024,1.3008998875154703,28.182977127889455,29.483877015404925,54.99180792262606,62.772185937497504,82.73438878216372,94.43985626670745,10.876568552410268,10.920635938663894,8.757463930404658,6.4758028940811245,15.233266824485783,3.523094810282,110.78634520743633,3.180080364313272,55.988563929569295
492_2,192,492,R,college,66.0001,-2.8593,True,1.4472,1.2843,1.3426,1.3177541881674597,1.245323239984748,201.876760015252,1.2786995919929396,168.50040800706046,1.2892369656992289,157.9630343007712,201.876760015252,43.91372571448079,7.399558073544395,88.79469688253275,1.2694,177.79999999999995,1.4222,25.000000000000135,2478.544053182506,ok,lead_hand_velocity20_onset_to_latest_upward_crossing_55deg_pull_attack_direction,lead_hand_velocity20_onset,latest_upward_crossing_55deg_pull_attack_direction,55.0,157.9630343007712,30.725912205432635,-30.725912205432635,-6.3,30.0,8.855238514915204,29.517461716384013,-2.4668713275927847,-2.4668713275927847,-2.8593,0.39242867240721546,29.517461716384013,66.02868136270575,100.0,2.9795121345680875,2.9795121345680875,17.33314585678663,25.967004124512485,500.0,87.60516673848808,7.300430561540673,52.43108176720945,False,False,ok,8.399999999999741,4.411764705882353,5.50000000000006,-16.69999999999994,-22.199999999999996,16.69999999999994,22.199999999999996,29.75534308214688,32.940382452229066,3.185039370082187,29.75534308214688,32.940382452229066,3.5054368204012363,14.552305961770497,18.057742782171733,50.18714452903449,50.767158329300884,76.00809753166014,76.8865245853223,41.84269279804951,41.891597171197276,4.853542821099438,39.391469200925904,44.24501202202534,4.844128320908498,114.95022113728183,4.214109614563761,57.72028496444182
492_3,192,492,R,college,64.8018,-6.5014,True,1.6972,1.5324,1.5935,1.5685530476076268,1.4933190213886554,203.8809786113447,1.5310383260939042,166.1616739060958,1.5452626393236006,151.9373606763994,203.8809786113447,51.94361793494528,7.027155105698033,84.3258612683764,1.5056,191.6,1.6722,25.000000000000135,2433.4030793329107,ok,lead_hand_velocity20_onset_to_latest_upward_crossing_55deg_pull_attack_direction,lead_hand_velocity20_onset,latest_upward_crossing_55deg_pull_attack_direction,55.0,151.9373606763994,480.17956583916987,-480.17956583916987,-6.3,30.0,8.872549325772884,29.575164419242945,-6.76887399882959,-6.76887399882959,-6.5014,-0.26747399882958955,29.575164419242945,66.15775863288053,100.0,-3.473192020528262,-3.473192020528262,13.569928758919797,21.384889388849494,500.0,82.2242542160642,6.852021184672016,50.430645061567446,False,False,ok,13.999999999999568,2.2026431718061676,11.099999999999888,-8.399999999999963,-19.49999999999985,8.399999999999963,19.49999999999985,20.180727409095663,26.850956130512696,6.670228721417033,20.180727409095663,26.850956130512696,3.6014248219011513,24.37907761532442,27.98050243722557,42.24533800011404,51.3131729308152,63.85545531332137,77.56183702588807,20.39352890072799,21.51734683922581,17.184736419945395,10.997223749868795,28.18196016981419,7.669128009314115,280.015769077662,2.7388200438051373,71.74840644927137
492_4,192,492,R,college,67.2456,3.3314,True,1.5889,1.412,1.4806,1.4475052433954572,1.3837242352519796,205.1757647480204,1.415253531248141,173.6464687518593,1.4288658688398812,160.03413116011876,205.1757647480204,45.14163358790165,7.6307561491020675,91.5690737892248,1.3944,194.4999999999999,1.55,38.899999999999935,2474.571304406088,ok,lead_hand_velocity20_onset_to_latest_upward_crossing_55deg_pull_attack_direction,lead_hand_velocity20_onset,latest_upward_crossing_55deg_pull_attack_direction,55.0,160.03413116011876,382.50141946327744,-382.50141946327744,-6.3,30.0,9.10608528179348,30.35361760597827,3.920143582462064,3.920143582462064,3.3314,0.5887435824620639,29.671137418183754,66.37244411726853,97.75156886848275,8.478787778084412,8.478787778084412,22.068053993274685,30.666479190134364,500.0,89.97441088439717,7.497867573699764,48.3332571565072,False,False,ok,16.799999999999482,3.076923076923077,13.900000000000023,-2.7999999999999137,-16.69999999999994,2.7999999999999137,16.69999999999994,24.527934008275473,31.41694788154875,6.889013873273278,24.527934008275473,31.41694788154875,5.885826771659897,20.24071991003311,26.126546681693007,48.04559167450128,64.22917056594977,70.7602684496455,94.59501263581535,28.875997848187676,28.751591240681336,30.593805823703477,13.185777080929398,43.779582904632875,9.142782027072673,266.9679515001487,3.424674001391355,72.42069741290163
492_5,192,492,R,college,66.1275,-8.7632,True,1.7361,1.5667,1.6324,1.6036139082446932,1.5398771771598272,196.2228228401728,1.573137974264712,162.96202573528797,1.5765691375259343,159.53086247406566,196.2228228401728,36.69196036610714,7.226428736570601,86.71714483884722,1.5556,180.4999999999999,1.7,36.10000000000002,2361.5027872641813,ok,lead_hand_velocity20_onset_to_latest_upward_crossing_55deg_pull_attack_direction,lead_hand_velocity20_onset,latest_upward_crossing_55deg_pull_attack_direction,55.0,159.53086247406566,45.92377002023351,-45.92377002023351,-6.3,30.0,8.950924927728636,29.83641642576212,-8.716970002949564,-8.716970002949564,-8.7632,0.0462299970504354,29.24244755827936,65.41349221161266,98.00924863426326,-5.361049183360465,-5.361049183360465,10.636857892774891,17.47150356207361,500.0,85.75374211120821,7.146145175934017,53.48910306743279,False,False,ok,19.599999999999397,9.45945945945946,16.69999999999994,-13.900000000000023,-30.59999999999996,13.900000000000023,30.59999999999996,20.136670416219726,29.66891638548387,9.532245969264142,20.136670416219726,29.66891638548387,7.4497562804729895,19.071616048014597,26.521372328487587,39.561319315264996,42.78043756095357,59.274853703361046,64.09806906547826,32.92804317418653,33.399426002625745,16.739383214725123,23.284936313771652,40.024319528496775,12.16910572932325,118.05089658582807,10.308355193622598,58.32039745038172
492_6,192,492,R,college,64.2752,-0.6648,True,1.7722,1.5917,1.6694,1.630485769130127,1.5591748495450524,213.02515045494764,1.601466495430859,170.73350456914093,1.6142530034599492,157.94699654005083,213.02515045494764,55.0781539148968,7.010216721315652,84.12260065578783,1.5861,186.09999999999994,1.7472,24.99999999999991,2499.4987694240294,ok,lead_hand_velocity20_onset_to_latest_upward_crossing_55deg_pull_attack_direction,lead_hand_velocity20_onset,latest_upward_crossing_55deg_pull_attack_direction,55.0,157.94699654005083,375.3988827903936,-375.3988827903936,-6.3,30.0,9.01085206019651,30.036173533988368,-0.7718079731374172,-0.7718079731374172,-0.6648,-0.10700797313741728,30.036173533988368,67.18900665262244,100.0,-0.9235758991399337,-0.9235758991399337,15.805586801666866,22.589051368603325,500.0,82.58564767956828,6.88213730663069,43.371487051669995,False,False,ok,22.39999999999931,4.166666666666666,19.399999999999864,-5.600000000000049,-24.99999999999991,5.600000000000049,24.99999999999991,19.96606674167886,29.095613048400384,9.129546306721526,19.96606674167886,29.095613048400384,7.297900262475078,21.24128233973048,28.539182602205557,38.51622377174365,54.649436323001844,57.32518709627377,81.33687197601816,30.005936027796004,34.53029559812596,29.77444155737643,11.057048044526038,40.83148960190247,11.638175725741595,257.89454405038987,4.512765389665482,69.38526434203223
492_7,192,492,R,college,63.9486,-1.5429,True,1.6278,1.4435,1.5259,1.485656179910578,1.40126305890993,226.53694109007,1.460962496636928,166.8375033630718,1.4702081544941257,157.59184550587446,226.53694109007,68.94509558419551,2.7549312250831886,33.05917470099826,1.5972,30.59999999999996,1.6,27.799999999999827,2556.156273397689,ok,lead_hand_velocity20_onset_to_latest_upward_crossing_55deg_pull_attack_direction,lead_hand_velocity20_onset,latest_upward_crossing_55deg_pull_attack_direction,55.0,157.59184550587423,36.17928572614293,-36.17928572614293,-6.3,30.0,8.790152280915215,29.30050760305072,-0.8742513318698957,-0.8742513318698957,-1.5429,0.6686486681301043,28.647986804284887,64.08372137680041,97.77300513832091,1.1157848416337879,1.1157848416337879,15.97319085116086,23.90626171731116,500.0,83.00176671158637,6.916813892632198,49.94782438375658,False,False,ok,19.599999999999397,10.0,16.69999999999994,-8.300000000000196,-25.000000000000135,8.300000000000196,25.000000000000135,22.083427071639903,30.812898387734823,8.72947131609492,22.083427071639903,30.812898387734823,7.318710161237757,17.59786276717311,24.916572928410865,40.758239903172594,50.88184417932123,62.18514645943269,77.6308039781382,32.09985431541097,34.586803540967,26.404366995486033,16.24686325127774,42.651230246763774,11.514897435309031,108.7438086031311,10.589014292605416,55.12917135364037
492_8,192,492,R,college,64.6811,4.0412,True,1.1,0.9139,0.9991,0.9528635603914652,0.8779373004915878,222.0626995084123,0.9235667858511504,176.4332141488496,0.9410775001979212,158.92249980207885,222.0626995084123,63.14019970633345,6.809800846102338,81.71761015322805,0.925,175.00000000000006,1.075,25.000000000000135,2653.120152998423,ok,lead_hand_velocity20_onset_to_latest_upward_crossing_55deg_pull_attack_direction,lead_hand_velocity20_onset,latest_upward_crossing_55deg_pull_attack_direction,55.0,158.92249980207885,26.746605493163766,-26.746605493163766,-6.3,30.0,8.806042636261209,29.35347545420403,3.873540567411627,3.873540567411627,4.0412,-0.16765943258837313,28.652714281387137,64.09429644190028,97.61268074061557,7.866839252641256,7.866839252641256,22.096175478089112,29.466254218254548,497.2000000000001,81.2223209427607,6.768526745230059,39.78937387306523,False,False,ok,11.199999999999655,5.970149253731343,8.299999999999974,-2.7999999999999137,-11.099999999999888,2.7999999999999137,11.099999999999888,24.82189726286896,28.954255718066523,4.132358455197565,24.82189726286896,28.954255718066523,3.2429696287999086,22.84251968506404,26.08548931386395,57.0732386711978,65.66185454143701,86.91993101593069,100.0,21.90194908522467,21.084852382571203,18.127334328220314,13.655378623767978,31.78271295198829,5.4118226721080855,98.00894408100801,5.521764082709649,51.75571803530151
500_1,193,500,R,college,71.3644,6.9829,True,1.525,1.3389,1.4259,1.3938811194545762,1.3123842044927545,212.61579550724545,1.3595381273493514,165.4618726506485,1.3742782857413585,150.72171425864144,212.61579550724545,61.89408124860401,6.586060852434386,79.03273022921263,1.4333,91.69999999999989,1.5,24.99999999999991,2813.837453212385,ok,lead_hand_velocity20_onset_to_latest_upward_crossing_55deg_pull_attack_direction,lead_hand_velocity20_onset,latest_upward_crossing_55deg_pull_attack_direction,55.0,150.72171425864144,28.001430281048513,-28.001430281048513,-6.3,30.0,9.773955731788464,32.57985243929488,7.736067936912098,7.736067936912098,6.9829,0.7531679369120985,32.39768118935616,72.47154883087896,99.44084691519657,5.394825227139559,5.394825227139559,22.272028496462006,33.67754030749794,500.0,90.27571828561706,7.522976523801422,31.98539573604747,True,True,ok,25.19999999999922,13.846153846153847,22.199999999999996,0.0,-22.199999999999996,0.0,22.199999999999996,22.272028496462006,35.1250468691793,12.853018372717294,22.272028496462006,35.1250468691793,10.339332583438242,18.96587926511235,29.30521184855059,50.378986981677244,72.47154883087896,69.12683960816749,99.44084691519657,28.98166545479564,33.209667906351385,40.39057089747744,5.394825227139559,45.785396124616994,16.61288673711921,111.51746973246736,14.897115920020298,57.05136857898927
500_2,193,500,R,college,73.7808,1.9514,True,1.3528,1.1648,1.2537,1.224196318380906,1.127991572153885,224.8084278461153,1.1895287122252107,163.27128777478927,1.2020232270252906,150.77677297470936,224.8084278461153,74.03165487140595,6.3113535195761905,75.73624223491429,1.2583,94.50000000000003,1.325,27.800000000000047,2772.347017894894,ok,lead_hand_velocity20_onset_to_latest_upward_crossing_55deg_pull_attack_direction,lead_hand_velocity20_onset,latest_upward_crossing_55deg_pull_attack_direction,55.0,150.77677297470936,28.649046861697336,-28.649046861697336,-6.3,30.0,10.205186873969053,34.01728957989685,2.615105888524074,2.615105888524074,1.9514,0.6637058885240741,32.7254560958902,73.20476041492968,96.20242088667148,4.966173158746219,4.966173158746219,20.863142107259133,29.86314210726885,500.0,84.79237023033042,7.066030852527535,35.2957085735517,False,False,ok,11.199999999999655,6.153846153846154,8.299999999999974,-2.7999999999999137,-11.099999999999888,2.7999999999999137,11.099999999999888,23.725909261367963,29.16516685417474,5.439257592806776,23.725909261367963,29.16516685417474,3.5466816647957344,21.722534683188066,25.2692163479838,64.49371408693925,76.09450961859523,84.75475354292698,100.0,19.07743299071894,18.4644031420053,18.425186304072824,10.477869687396165,28.90305599146899,6.662096181038673,107.38419500620972,6.203982048432195,55.30671166110212
500_3,193,500,R,college,72.4185,-0.7518,True,1.3028,1.0732,1.2407,1.170064570304587,1.0858779001850225,216.92209981497743,1.145273937426586,157.52606257341384,1.1532536991899134,149.54630081008656,216.92209981497743,67.37579900489087,4.574822288562905,54.89786746275486,1.2472,55.59999999999987,1.275,27.800000000000047,2632.0859602473497,ok,lead_hand_velocity20_onset_to_latest_upward_crossing_55deg_pull_attack_direction,lead_hand_velocity20_onset,latest_upward_crossing_55deg_pull_attack_direction,55.0,149.54630081008656,41.057314407697554,-41.057314407697554,-6.3,30.0,10.047149417579593,33.49049805859865,-0.42257042132318334,-0.42257042132318334,-0.7518,0.3292295786768167,32.08088867132079,71.76290415023433,95.79101694811631,-11.817905797171393,-11.817905797171393,12.044056992888903,29.28421447322248,500.0,79.569517513889,6.630793126157417,32.55584904860924,False,False,ok,22.39999999999931,11.76470588235294,19.50000000000007,-8.299999999999974,-27.800000000000047,8.299999999999974,27.800000000000047,19.245031871036915,30.985564304495416,11.740532433458501,19.245031871036915,30.985564304495416,7.336707911518989,23.57142857145403,30.90813648297302,44.23624408179631,58.86761487564036,59.047705172150884,78.5780447575328,23.421753420139417,25.452017815946927,31.9439256003423,4.768347673477831,36.71227327382013,14.327443017137284,110.23244214218819,12.997483080939453,55.601799775088196
500_4,193,500,R,college,70.3438,-1.2345,True,1.275,1.0963,1.1769,1.1461427016497236,1.076552943195735,198.4470568042649,1.1168523307273643,158.14766927263557,1.1289163559713065,146.08364402869344,198.4470568042649,52.36341277557145,5.711314467037045,68.53577360444454,1.1944,80.60000000000001,1.25,24.99999999999991,2712.0412364438257,ok,lead_hand_velocity20_onset_to_latest_upward_crossing_55deg_pull_attack_direction,lead_hand_velocity20_onset,latest_upward_crossing_55deg_pull_attack_direction,55.0,146.08364402869344,387.2108247814914,-387.2108247814914,-6.3,30.0,9.551671023434661,31.83890341144887,-1.346293618215869,-1.346293618215869,-1.2345,-0.11179361821586897,31.334514074236477,70.09331172654895,98.41580807387034,-7.0776835454959794,-7.0776835454959794,13.32320959881454,22.945256842919424,499.9999999999999,81.40458793960923,6.783715661634102,39.83508318624009,False,False,ok,5.599999999999827,1.0416666666666665,2.7000000000001467,-5.600000000000049,-8.300000000000196,5.600000000000049,8.300000000000196,18.629546306731783,20.3250843644764,1.695538057744617,18.629546306731783,20.3250843644764,0.5875515560561304,28.09223847022157,28.6797900262777,64.38792190586965,69.7635675296146,90.40505018916463,97.9528246479257,5.589026595718535,5.589026595718535,3.8773374768929325,3.6503578572720694,7.527695334165002,1.9184495352780575,269.42403089117425,0.7120558359001605,71.91657292846165
500_5,193,500,R,college,74.544,9.5722,True,1.2111,1.0111,1.1074,1.0785973802170892,0.9781687675783848,232.9312324216154,1.0398812008226073,171.2187991773928,1.056801749422838,154.29825057716195,232.9312324216154,78.63298184445344,6.786975846993958,81.44371016392749,1.1111,100.00000000000009,1.1861,25.000000000000135,2709.425019442366,ok,lead_hand_velocity20_onset_to_latest_upward_crossing_55deg_pull_attack_direction,lead_hand_velocity20_onset,latest_upward_crossing_55deg_pull_attack_direction,55.0,154.29825057716195,21.838508066925,-21.838508066925,-6.3,30.0,10.11977764836672,33.7325921612224,10.668496086979058,10.668496086979058,9.5722,1.0962960869790574,32.95715746277479,73.72306161143243,97.7012300307623,13.627171072169936,13.627171072169936,26.3963254593461,39.431758530226325,497.2000000000001,89.49853588631925,7.4582113238599375,31.608984353293096,True,True,ok,25.19999999999922,14.285714285714285,22.299999999999986,2.8000000000001357,-19.49999999999985,-2.8000000000001357,19.49999999999985,23.71522309713848,36.68653918264181,12.971316085503329,23.71522309713848,36.68653918264181,12.370078740170847,14.462504686929755,26.8325834271006,55.31582199475264,75.45765963050815,73.3070999890752,100.0,32.96711862227549,35.35030611989575,44.80045456027841,7.045316656241991,51.845771216520404,18.346046748754937,104.66027141018418,17.52914119327397,55.11736033001831
500_6,193,500,R,college,69.8728,-5.0796,True,1.8806,1.7046,1.8,1.7603259836200922,1.6869549277802445,193.6450722197558,1.7294882566010017,151.11174339899836,1.7511710784564942,129.42892154350582,193.6450722197558,64.21615067624998,5.393565349763528,64.72278419716234,1.7972,83.40000000000015,1.85,30.59999999999996,2568.660864491784,ok,lead_hand_velocity20_onset_to_latest_upward_crossing_55deg_pull_attack_direction,lead_hand_velocity20_onset,latest_upward_crossing_55deg_pull_attack_direction,55.0,129.42892154350582,42.12439694953862,-42.12439694953862,-6.3,30.0,9.603463826371241,32.01154608790414,-4.8926003227347605,-4.8926003227347605,-5.0796,0.18699967726523958,32.01154608790414,71.6077892088048,100.0,-14.543059276463044,-14.543059276463044,8.946194225731446,17.769028871410264,500.0,72.9015429603374,6.0751285800281165,39.74359114238468,False,False,ok,19.599999999999397,11.29032258064516,16.600000000000172,-11.099999999999888,-27.70000000000006,11.099999999999888,27.70000000000006,18.097300337477364,29.251218597706888,11.153918260229524,18.097300337477364,29.251218597706888,6.782339707543887,19.843457067887947,26.625796775431834,44.238000750384245,47.116171516270654,61.77819653304531,65.79755084866844,23.906893509366302,24.218327166035113,23.40933400564971,11.14577052643869,34.5551045320884,13.160029796111976,106.8851008994166,12.312314518462326,55.44169478821138
500_7,193,500,R,college,71.3782,10.4617,True,1.4389,1.1982,1.3843,1.2951781752026992,1.2044936481992137,234.4063518007864,1.2559420714909788,182.9579285090213,1.2739314558135924,164.9685441864077,234.4063518007864,69.4378076143787,5.429219914081716,65.15063896898059,1.3722,66.69999999999999,1.4139,25.000000000000135,2602.5484419749664,ok,lead_hand_velocity20_onset_to_latest_upward_crossing_55deg_pull_attack_direction,lead_hand_velocity20_onset,latest_upward_crossing_55deg_pull_attack_direction,55.0,164.9685441864077,427.73851156481066,-427.73851156481066,-6.3,30.0,9.666760206227968,32.222534020759895,10.850738810755947,10.850738810755947,10.4617,0.38903881075594704,32.04080514206698,71.67323984893285,99.43601928210913,9.179732740182066,9.179732740182066,24.450131233622216,41.891076115530815,497.2000000000001,88.61937747334905,7.384948122779087,28.62344110875435,True,True,ok,27.999999999999137,4.694835680751173,25.000000000000135,2.8000000000001357,-22.199999999999996,-2.8000000000001357,22.199999999999996,21.29808773905563,36.65429321338793,15.356205474332299,21.29808773905563,36.65429321338793,13.112860892402617,15.321147356596972,28.43400824899959,55.84440433060367,72.07975577299538,77.47585120359926,100.0,31.026864552644657,32.76095653897033,49.677356905744034,2.101574844784256,51.77893175052829,21.245394414106443,320.0528913891508,6.638088574014558,87.52362204733865
500_8,193,500,R,college,73.6975,17.9926,True,1.6361,1.4398,1.5194,1.489996488082774,1.3993381322667675,236.7618677332324,1.459990894992614,176.10910500738598,1.46669879954602,169.40120045397998,236.7618677332324,67.36066727925243,6.719613847188612,80.63536616626335,1.5444,91.70000000000012,1.6,36.10000000000002,2726.932396092368,ok,lead_hand_velocity20_onset_to_latest_upward_crossing_55deg_pull_attack_direction,lead_hand_velocity20_onset,latest_upward_crossing_55deg_pull_attack_direction,55.0,169.4012004539802,13.600632710016436,-13.600632710016436,-6.3,30.0,10.020865518346747,33.40288506115583,18.70013221198278,18.70013221198278,17.9926,0.7075322119827803,31.645671310325355,70.7893506404915,94.73933539688781,19.929913483796838,19.929913483796838,28.828083989532455,39.48556430450459,500.0,94.4111130006525,7.867592750054375,26.712936324061605,True,True,ok,16.799999999999482,9.090909090909092,13.900000000000023,13.900000000000023,0.0,-13.900000000000023,0.0,13.122609673804952,28.828083989532455,15.705474315727503,13.122609673804952,28.828083989532455,5.0613048369008595,25.20659917513034,30.2679040120312,71.11743256437997,74.72012585262122,95.17841646125267,100.0,4.260017661757008,4.694470433380383,31.66457690969318,-11.734663425896342,19.929913483796838,17.227187810504148,102.69378952699634,16.775296626847556,52.11661042375334
504_1,49,504,L,college,68.4291,6.8301,True,1.15,0.9787,1.0685,1.0357371793305117,0.9467174806051204,203.28251939487944,0.983242793751714,166.75720624828594,1.002237919551991,147.76208044800887,203.28251939487944,55.52043894687057,4.600118904742239,55.20142685690686,1.0972,52.799999999999955,1.125,24.99999999999991,2641.366213290006,ok,lead_hand_velocity20_onset_to_latest_upward_crossing_55deg_pull_attack_direction,lead_hand_velocity20_onset,latest_upward_crossing_55deg_pull_attack_direction,55.0,147.76208044800887,398.30036615134134,-398.30036615134134,-6.3,30.0,9.388047910390753,31.293493034635848,6.864004815282694,6.864004815282694,6.8301,0.0339048152826944,31.293493034635848,70.0015502743285,100.0,2.4133322389755554,-2.4133322389755554,17.663292088508022,33.41919760033606,499.9999999999999,86.26700377998499,7.1889169816654155,39.867941988979695,True,True,ok,11.199999999999655,2.030456852791878,8.300000000000196,0.0,-8.300000000000196,0.0,8.300000000000196,17.663292088508022,23.629733783302616,5.966441694794593,17.663292088508022,23.629733783302616,2.2266591676064564,-29.12504686917281,-26.898387701566353,64.40575572293403,70.0015502743285,92.00618482095732,100.0,6.204236182373577,6.277797673640247,17.088013860164928,-2.4133322389755554,14.674681621189372,6.79067965114782,264.5031046917941,2.567334572144435,63.81308586433592
504_2,49,504,L,college,70.3446,8.8189,True,1.375,1.2093,1.2889,1.258591001757844,1.1661450690727475,208.85493092725227,1.2069102698963494,168.0897301036506,1.2387001139090603,136.29988609093945,208.85493092725227,72.55504483631282,4.700104336266629,56.40125203519955,1.3222,52.799999999999955,1.35,24.99999999999991,2700.2482845092877,ok,lead_hand_velocity20_onset_to_latest_upward_crossing_55deg_pull_attack_direction,lead_hand_velocity20_onset,latest_upward_crossing_55deg_pull_attack_direction,55.0,136.29988609093968,29.569166777915655,-29.569166777915655,-6.3,30.0,9.555166562252136,31.850555207507124,8.521625402481138,8.521625402481138,8.8189,-0.2972745975188609,31.43065743765633,70.30837830542299,98.68166263628639,-2.447031507867739,2.447031507867739,20.373453318357218,36.73565804278434,500.0,87.5031975584193,7.2919331298682755,41.0027284359326,True,True,ok,8.399999999999741,5.0,5.600000000000049,0.0,-5.600000000000049,0.0,5.600000000000049,20.373453318357218,25.153918260244645,4.780464941887427,20.373453318357218,25.153918260244645,1.8048368953900251,-27.235658042774066,-25.43082114738404,70.1205170795429,71.24766286575495,98.41798910886969,100.0,8.349280887041425,8.682796266591428,11.47098337879737,2.447031507867739,13.91801488666511,5.581041093027024,108.69249580055737,5.13470691046401,55.04461942263164
504_3,49,504,L,college,69.718,-1.9594,True,1.3,1.1315,1.2194,1.183037801508952,1.0902549128911223,209.7450871088776,1.1294053799109345,170.59462008906578,1.1482320081550517,151.76799184494837,209.7450871088776,57.97709526392919,7.078376161845743,84.94051394214891,1.1722,127.80000000000014,1.275,25.000000000000135,2563.0633817518865,ok,lead_hand_velocity20_onset_to_latest_upward_crossing_55deg_pull_attack_direction,lead_hand_velocity20_onset,latest_upward_crossing_55deg_pull_attack_direction,55.0,151.76799184494837,41.479641156540346,-41.479641156540346,-6.3,30.0,9.462298457557687,31.54099485852562,-2.177078241482722,-2.177078241482722,-1.9594,-0.21767824148272208,30.871879466792667,69.05842758319756,97.87858501377585,6.474117021232172,-6.474117021232172,12.432695913024302,30.55474315713836,500.0,87.92271687002852,7.326893072502377,46.72936057680204,False,False,ok,8.399999999999741,4.3478260869565215,5.499999999999838,-5.600000000000049,-11.099999999999888,5.600000000000049,11.099999999999888,17.944506936652306,20.87457817775033,2.930071241098023,17.944506936652306,20.87457817775033,1.0534308211484955,-26.894638170257764,-25.84120734910927,59.867401158155154,69.2794315794637,84.85186701873344,98.191820620116,7.875694580033937,7.630361395989761,9.079647797057145,3.458537273527451,12.538185070584596,3.6550336729366237,117.36379178183161,3.1142770844784837,56.583989501373466
504_4,49,504,L,college,72.8996,9.7756,True,1.4028,1.2315,1.3148,1.278622786255771,1.1880385221100167,214.76147788998333,1.2281189061060165,174.6810938939838,1.263303385639625,139.49661436037508,214.76147788998333,75.26486352960825,6.918059082247228,83.01670898696673,1.3083,94.50000000000003,1.375,27.800000000000047,2681.4345873121138,ok,lead_hand_velocity20_onset_to_latest_upward_crossing_55deg_pull_attack_direction,lead_hand_velocity20_onset,latest_upward_crossing_55deg_pull_attack_direction,55.0,139.49661436037508,27.3701882320041,-27.3701882320041,-6.3,30.0,10.07308928988959,33.57696429963197,10.212302407450007,10.212302407450007,9.7756,0.43670240745000655,32.16425426962723,71.94938768259483,95.79262134182802,-6.96625636249103,6.96625636249103,22.437195350605418,40.756092988420484,500.0,93.32795330519066,7.777329442099222,41.03052121154251,True,True,ok,11.199999999999655,6.666666666666667,8.300000000000196,2.8000000000001357,-5.50000000000006,-2.8000000000001357,5.50000000000006,19.010498687684578,27.068803899541805,8.058305211857228,19.010498687684578,27.068803899541805,3.3987626546718417,-27.83708286467198,-24.43832021000014,71.98192730771991,75.10953001886169,95.83594423989024,100.0,9.615493190428971,9.881568784200239,17.67431491636949,0.5122601384729591,18.18657505484245,9.349423478032847,111.71474538531825,8.369014713129861,56.425946756716385
504_5,49,504,L,college,67.6853,7.8385,True,1.1778,1.0046,1.0944,1.0567329105898655,0.9779994643668872,199.8005356331128,1.0142416921173352,163.5583078826648,1.0365135770650762,141.28642293492376,199.8005356331128,58.514112698189,6.150975244562882,73.81170293475458,1.0833,94.50000000000003,1.15,27.800000000000047,2627.460633678477,ok,lead_hand_velocity20_onset_to_latest_upward_crossing_55deg_pull_attack_direction,lead_hand_velocity20_onset,latest_upward_crossing_55deg_pull_attack_direction,55.0,141.28642293492376,31.02850529180956,-31.02850529180956,-6.3,30.0,9.383104284726171,31.277014282420573,8.20768020092308,8.20768020092308,7.8385,0.3691802009230809,30.3886459369831,67.97746496282898,97.1596766321241,-2.367055133352519,2.367055133352519,18.715598050263935,31.648668916419634,500.0,82.88474394634838,6.907061995529031,39.52403893061974,True,True,ok,11.199999999999655,6.451612903225806,8.299999999999974,0.0,-8.299999999999974,0.0,8.299999999999974,18.715598050263935,24.32095988004127,5.605361829777333,18.715598050263935,24.32095988004127,2.6651668541461113,-24.220284964405607,-21.555118110259496,63.663810528174814,69.96468835545038,90.99420296812525,100.0,10.468730146014895,10.004788822398266,17.131232672558014,2.367055133352519,19.498287805910532,6.611270027273549,103.35823353450384,6.396461898767381,52.30164979383228
504_6,49,504,L,college,68.1359,8.8643,True,1.1722,1.0037,1.0898,1.0544447835206503,0.9752623124368672,196.93768756313256,1.0070654049663097,165.1345950336902,1.031704784964977,140.49521503502294,196.93768756313256,56.44247252810962,6.368423531093622,76.42108237312347,1.0833,88.89999999999998,1.1472,24.99999999999991,2636.284062304649,ok,lead_hand_velocity20_onset_to_latest_upward_crossing_55deg_pull_attack_direction,lead_hand_velocity20_onset,latest_upward_crossing_55deg_pull_attack_direction,55.0,140.49521503502294,397.5732314652891,-397.5732314652891,-6.3,30.0,9.314998989959335,31.049996633197786,8.290843938929045,8.290843938929045,8.8643,-0.5734560610709547,31.049996633197786,69.45686433696706,100.0,-4.412528695014355,4.412528695014355,20.515185601821933,38.03880764908496,499.9999999999999,88.17492695032612,7.347910579193844,44.165690146481786,True,True,ok,8.399999999999741,1.5463917525773196,5.600000000000049,0.0,-5.600000000000049,0.0,5.600000000000049,20.515185601821933,24.717097862793857,4.201912260971923,20.515185601821933,24.717097862793857,1.7287214098256456,-23.58605174355753,-21.857330333731884,65.42412699863814,69.45686433696706,94.19389663379525,100.0,10.137816328104533,10.123703169720102,11.464688424564786,4.412528695014355,15.877217119579141,4.987613518450347,261.60883679248013,1.906515689455378,63.585301837339046
504_7,49,504,L,college,72.4951,12.5769,True,1.7778,1.6037,1.6917,1.6512819754306118,1.5703837207966844,207.4162792033156,1.606824739256094,170.9752607439059,1.636256801626805,141.54319837319497,207.4162792033156,65.87308083012064,6.6875141056394,80.25016926767279,1.6833,94.50000000000003,1.75,27.800000000000047,2771.5789941917474,ok,lead_hand_velocity20_onset_to_latest_upward_crossing_55deg_pull_attack_direction,lead_hand_velocity20_onset,latest_upward_crossing_55deg_pull_attack_direction,55.0,141.54319837319497,22.411961580330207,-22.411961580330207,-6.3,30.0,10.006531079707406,33.35510359902469,13.131160829378155,13.131160829378155,12.5769,0.5542608293781548,32.63595796383312,73.00455879526012,97.84397121401057,-9.52793077871564,9.52793077871564,24.309336332984635,40.53768278969508,500.0,89.41903065964588,7.451585888303824,38.48902782985832,True,True,ok,11.199999999999655,6.779661016949152,8.300000000000196,2.8000000000001357,-5.50000000000006,-2.8000000000001357,5.50000000000006,21.08005249346109,28.33745781780339,7.257405324342301,21.08005249346109,28.33745781780339,3.5108736407986925,-25.767529058895466,-22.256655418096774,71.49108353502248,74.61324176589265,95.8155440549463,100.0,12.15862649002171,12.413886083725053,17.642183582226686,3.0822751052050266,20.724458687431714,8.668103891036603,105.82152202079222,8.191248552759864,54.81252343462991
504_8,49,504,L,college,69.8004,10.1671,True,1.6861,1.513,1.6074,1.5607879214405418,1.4858871119930823,200.2128880069176,1.5196460691622646,166.4539308377353,1.545143974704331,140.95602529566898,200.2128880069176,59.25686271124863,5.763256137665733,69.15907365198879,1.6083,77.79999999999987,1.6611,24.99999999999991,2626.2619570257903,ok,lead_hand_velocity20_onset_to_latest_upward_crossing_55deg_pull_attack_direction,lead_hand_velocity20_onset,latest_upward_crossing_55deg_pull_attack_direction,55.0,140.95602529566898,26.77754540400823,-26.77754540400823,-6.3,30.0,9.47140429593694,31.571347653123137,9.90361844118922,9.90361844118922,10.1671,-0.2634815588107795,30.947318409277635,69.22717969147638,98.02343171820931,-4.371199939229172,4.371199939229172,19.83520809900905,36.13835770532587,500.0,84.7226587101673,7.060221559180608,40.53837681351442,True,True,ok,11.199999999999655,6.666666666666667,8.399999999999963,2.7999999999999137,-5.600000000000049,-2.7999999999999137,5.600000000000049,16.940007499080917,23.968128983902908,7.028121484821991,16.940007499080917,23.968128983902908,2.6647919010152563,-24.26246719162725,-21.597675290611992,67.25307444605922,70.24153665846913,95.22816298718321,99.45972814592794,7.644885380418953,7.731979770941775,19.00185740800994,-1.9431377141088406,17.0587196939011,8.13818270251219,102.53747817248005,7.936788428542013,51.19272590931665
509_1,222,509,R,independent,68.1541,15.9314,True,1.4222,1.2463,1.3389,1.3028960975808974,1.2233536902700606,198.8463097299393,1.2813725485370593,140.82745146294062,1.2373918308275165,184.80816917248345,198.8463097299393,58.01885826699868,7.111384026303495,85.33660831564194,1.3083,113.89999999999989,1.3972,24.99999999999991,2659.051241563541,ok,lead_hand_velocity20_onset_to_latest_upward_crossing_55deg_pull_attack_direction,lead_hand_velocity20_onset,latest_upward_crossing_55deg_pull_attack_direction,55.0,184.80816917248345,26.525731600381963,-26.525731600381963,-6.3,30.0,9.163642471382687,30.54547490460896,15.104670313313004,15.104670313313004,15.9314,-0.8267296866869955,30.45303093219118,68.12149009527369,99.69735624439798,9.554589192933815,9.554589192933815,22.825646794175384,32.4949381327685,499.9999999999999,96.04947863543346,8.004123219619455,43.432270758666384,True,True,ok,8.399999999999741,3.9473684210526314,5.499999999999838,5.499999999999838,0.0,-5.499999999999838,0.0,17.59092613425222,22.825646794175384,5.234720659923163,17.59092613425222,22.825646794175384,1.4919385076881468,23.099175103137064,24.59111361082521,67.90162482310652,68.32828137215668,99.37557839816525,100.0,4.817230895228827,4.782384832686748,9.439870532867896,0.11471866006591779,9.554589192933815,5.799577294835716,113.36818171933925,5.115701078450284,55.71128608929904
509_2,222,509,R,independent,68.1473,22.6492,True,1.55,1.3352,1.4657,1.417200617914909,1.3485826655086834,201.4173344913166,1.3953774243665689,154.62257563343118,1.3562972523968626,193.70274760313745,201.4173344913166,46.79475885788543,7.203491688249795,86.44190025899753,1.4333,116.70000000000003,1.525,25.000000000000135,2868.3695556238404,ok,lead_hand_velocity20_onset_to_latest_upward_crossing_55deg_pull_attack_direction,lead_hand_velocity20_onset,latest_upward_crossing_55deg_pull_attack_direction,55.0,193.70274760313742,21.959016808813736,-21.959016808813736,-6.3,30.0,9.296428774178603,30.988095913928678,23.857233398444478,23.857233398444478,22.6492,1.2080333984444778,30.331390415068352,67.84938800793736,97.88078137913227,21.059294023551136,21.059294023551136,28.209973753311314,40.45800524938753,500.0,96.05318696846649,8.004432247372208,37.49752642315272,False,False,ok,13.999999999999568,6.493506493506493,11.099999999999888,13.900000000000023,2.8000000000001357,-13.900000000000023,-2.8000000000001357,14.077427821537515,26.008436445472412,11.931008623934897,14.077427821537515,26.008436445472412,3.5196850393738863,21.190288713933647,24.709973753307533,67.12250017845575,69.31839637152972,96.83215955934051,100.0,4.133557764771568,4.579380740551912,21.454849552409666,-6.816807492804435,14.638042059605231,13.241667244099643,108.55274999338123,12.19837106375198,55.5871766029847
509_3,222,509,R,independent,71.4042,15.6776,True,1.2583,1.0843,1.1722,1.131452547141503,1.052521065886739,205.778934113261,1.1156351698857678,142.66483011423213,1.069383513472395,188.9164865276049,205.778934113261,63.114103999028856,7.47858959105922,89.74307509271064,1.1194,138.90000000000003,1.225,33.29999999999988,2662.2567765640533,ok,lead_hand_velocity20_onset_to_latest_upward_crossing_55deg_pull_attack_direction,lead_hand_velocity20_onset,latest_upward_crossing_55deg_pull_attack_direction,55.0,188.91648652760495,24.875437200219565,-24.875437200219565,-6.3,30.0,9.687367296899478,32.29122432299826,15.194492421290933,15.194492421290933,15.6776,-0.48310757870906684,32.214128611548304,72.06095340808041,99.76124871984166,10.702809046522791,10.702809046522791,24.256280464968082,34.181477315372504,500.0,95.0762361534574,7.923019679454783,43.72656819626137,True,True,ok,11.199999999999655,5.194805194805195,8.300000000000196,5.50000000000006,-2.8000000000001357,-5.50000000000006,2.8000000000001357,18.271091113630533,26.510311211127245,8.239220097496712,18.271091113630533,26.510311211127245,3.122047244097864,20.812898387724015,23.93494563182188,70.62192271760706,72.23341160298457,97.769053337485,100.0,8.302588801809424,8.146828713082298,16.317006187054638,0.2998457970092302,16.616851984063867,9.439715031080762,111.2819907306285,8.482697846348502,55.66272965885279
509_4,222,509,R,independent,71.9096,16.4776,True,1.2611,1.0787,1.1676,1.1306009726497257,1.0444953341432217,216.6046658567784,1.1098573804224685,151.2426195775316,1.0480694636276815,213.0305363723184,216.6046658567784,65.36204627924681,6.496081893743917,77.95298272492701,1.1722,88.9000000000002,1.2361,25.000000000000135,2570.347995037129,ok,lead_hand_velocity20_onset_to_latest_upward_crossing_55deg_pull_attack_direction,lead_hand_velocity20_onset,latest_upward_crossing_55deg_pull_attack_direction,55.0,213.0305363723186,24.813997558883692,-24.813997558883692,-6.3,30.0,9.756866561459034,32.52288853819678,17.12133290401332,17.12133290401332,16.4776,0.6437329040133228,31.57049093903088,70.62117693949276,97.07160820587215,7.5848039976992805,7.5848039976992805,24.800899887540854,36.08830146235619,497.2000000000001,99.21470998201546,8.267892498501288,38.75829627031227,True,True,ok,11.199999999999655,4.705882352941177,8.300000000000196,8.300000000000196,0.0,-8.300000000000196,0.0,15.755530558697181,24.800899887540854,9.045369328843673,15.755530558697181,24.800899887540854,1.9986876640441587,27.353580802429246,29.352268466473404,71.27478980902333,72.75162969353245,97.97002501424322,100.0,-0.1651530627455986,-0.45862684509874563,14.912966556183463,-7.328162558484183,7.5848039976992805,9.745254593287012,116.52408570066206,8.363296338854381,58.06655418079014
509_5,222,509,R,independent,69.0217,11.6402,True,1.7889,1.6296,1.7056,1.6687061135039782,1.5832004905171813,205.69950948281868,1.655172330925973,133.727669074027,1.5996075087217507,189.2924912782492,205.69950948281868,71.97184040879168,6.8223284099387875,81.86794091926545,1.6722,116.70000000000003,1.7639,24.99999999999991,2621.075260768818,ok,lead_hand_velocity20_onset_to_latest_upward_crossing_55deg_pull_attack_direction,lead_hand_velocity20_onset,latest_upward_crossing_55deg_pull_attack_direction,55.0,189.2924912782492,27.361339658978913,-27.361339658978913,-6.3,30.0,9.304621296449037,31.015404321496792,11.868770081649089,11.868770081649089,11.6402,0.22857008164908876,30.77443401085069,68.84044830630515,99.22306248808408,5.134094118925396,5.134094118925396,20.15129358832323,31.73003374581605,500.0,90.54870042733293,7.545725035611078,45.58170350106039,True,True,ok,8.399999999999741,3.8461538461538463,5.600000000000049,2.7999999999999137,-2.8000000000001357,-2.7999999999999137,2.8000000000001357,17.061679790044675,22.93532058495166,5.873640794906986,17.061679790044675,22.93532058495166,1.7630296212992427,21.49306336710233,23.256092988401573,68.56859409168706,69.23645430903923,98.83122588056115,99.79384506317868,5.001390362001048,5.134094118925396,12.161445754631107,-1.1456843937766792,11.015761360854427,6.501778576943797,110.29369063252473,5.89496873271414,54.325459317644004
509_6,222,509,R,independent,71.9226,8.933,True,1.2333,1.0824,1.1444,1.111695649010914,1.0251401844808057,208.1598155191946,1.0980752437098809,135.22475629011922,1.0187911152818694,214.50888471813067,214.50888471813067,79.28412842801146,6.638688549985078,79.66426259982094,1.1333,100.00000000000009,1.2083,25.000000000000135,2569.5945982636117,ok,lead_hand_velocity20_onset_to_latest_upward_crossing_55deg_pull_attack_direction,lead_hand_velocity20_onset,latest_upward_crossing_55deg_pull_attack_direction,55.0,214.50888471813067,30.974092037020064,-30.974092037020064,-6.3,30.0,9.781978703153493,32.60659567717831,8.313599504959024,8.313599504959024,8.933,-0.6194004950409759,32.60659567717831,72.93887723062427,100.0,-1.296241293533721,-1.296241293533721,18.728721409844002,27.7641544807199,497.2000000000001,96.62287853002294,8.05190654416858,42.25847717424364,True,True,ok,11.199999999999655,4.49438202247191,8.299999999999974,2.7000000000001467,-5.599999999999827,-2.7000000000001467,5.599999999999827,15.56749156357137,23.441132358480512,7.873640794909143,15.56749156357137,23.441132358480512,1.7860892388470795,26.161417322862903,27.947506561709982,70.53852230482285,72.93887723062427,96.70908709190601,100.0,1.647742105074473,1.4663491533070925,15.038280731443159,-5.6900053088797256,9.348275422563432,8.532122711750294,121.15890182525486,7.042093138196323,57.525121859829675
509_7,222,509,R,independent,70.3256,12.9785,True,1.675,1.4972,1.5917,1.551837426682849,1.4527055028070406,222.29449719295943,1.5334068120870052,141.5931879129948,1.4664148533241868,208.5851466758133,222.29449719295943,80.70130927996462,6.762171641605347,81.14605969926416,1.5694,105.60000000000014,1.65,25.000000000000135,2723.5817376876284,ok,lead_hand_velocity20_onset_to_latest_upward_crossing_55deg_pull_attack_direction,lead_hand_velocity20_onset,latest_upward_crossing_55deg_pull_attack_direction,55.0,208.5851466758133,33.389290547816145,-33.389290547816145,-6.3,30.0,9.545836931588974,31.819456438629917,13.218692165792794,13.218692165792794,12.9785,0.24019216579279323,31.490024718740646,70.4411791310411,98.96468464027774,-4.280283774240768,-4.280283774240768,18.17772778404663,31.016310461225853,500.0,94.48376781925624,7.873647318271353,41.7223983821557,True,True,ok,8.399999999999741,3.4090909090909087,5.600000000000049,2.8000000000001357,-2.7999999999999137,-2.8000000000001357,2.7999999999999137,14.859767529074917,21.078365204372222,6.218597675297305,14.859767529074917,21.078365204372222,0.8768278965138876,29.710161229878363,30.58698912639225,70.27668727364727,71.17809690101531,98.73358565820945,100.0,-4.1374143088815325,-4.280283774240768,11.557011068006796,-9.844485110205312,1.7125259578014833,6.656356421679995,119.84182795816798,5.554284789450528,57.26884139488752
509_8,222,509,R,independent,67.9435,17.4616,True,1.8,1.6315,1.7222,1.6686810220558947,1.5994648749808018,200.53512501919823,1.6374543366628609,162.5456633371394,1.6129682903949776,187.03170960502248,200.53512501919823,37.989461682058845,6.831917000626448,81.98300400751738,1.6944,105.60000000000014,1.775,25.000000000000135,2816.7675830615285,ok,lead_hand_velocity20_onset_to_latest_upward_crossing_55deg_pull_attack_direction,lead_hand_velocity20_onset,latest_upward_crossing_55deg_pull_attack_direction,55.0,187.03170960502246,25.41153648139849,-25.41153648139849,-6.3,30.0,9.327616496793315,31.09205498931105,16.945831774571076,16.945831774571076,17.4616,-0.5157682254289249,31.09205498931105,69.55094620014096,100.0,8.353159655618654,8.353159655618654,22.84814398202693,33.560742407235345,500.0,94.18287062770163,7.848572552308469,38.97349453526092,True,True,ok,11.199999999999655,5.194805194805195,8.299999999999974,8.299999999999974,0.0,-8.299999999999974,0.0,13.772215973018248,22.84814398202693,9.075928009008681,13.772215973018248,22.84814398202693,1.9748781402346083,24.392013498339058,26.366891638573666,68.29573571848285,69.55094620014096,98.1952646941048,100.0,-0.1634161954960387,-0.6562822404294684,16.04741961236253,-7.694259956743874,8.353159655618654,9.783450867759274,112.99494698752781,8.658308294829462,55.05136857898711
