session_swing,pelvis_onset_time,pelvis_to_contact_ms,pelvis_inflection_time,pelvis_inflection_to_contact_ms,pelvis_onset_method,torso_onset_time,torso_to_contact_ms,torso_inflection_time,torso_inflection_to_contact_ms,torso_onset_method,lead_arm_onset_time,lead_arm_to_contact_ms,lead_arm_inflection_time,lead_arm_inflection_to_contact_ms,lead_arm_onset_method,lead_hand_onset_time,lead_hand_to_contact_ms,lead_hand_inflection_time,lead_hand_inflection_to_contact_ms,lead_hand_onset_method,lead_hand_search_window_start_time,lead_hand_search_window_end_time,lead_hand_search_window_start_ms,lead_hand_search_window_end_ms,lead_hand_search_window_end_source,lead_hand_onset_strategy,detected_segment_count,detected_initiation_segment_count,composite_onset_time,latest_onset_time,composite_swing_time_ms,initiation_spread_ms,onset_qc
103_1,1.5694,183.4,1.5694,183.4,piecewise_gated_peak_signed_angular_accel_closest_to_191.7ms_among_25pct_peaks,1.6083,144.49999999999986,1.6083,144.49999999999986,piecewise_gated_peak_signed_angular_accel,1.6278,125.0,1.6278,125.0,piecewise_gated_peak_signed_angular_accel,,,,,not_detected,1.5528,1.586804347826087,-199.99999999999994,-165.995652173913,lead_elbow_back_shoulder_cross,not_detected,3,2,1.5694,1.6083,183.4,38.900000000000155,few_initiation_segments_detected
103_2,1.4972,174.99999999999983,1.4972,174.99999999999983,piecewise_gated_peak_signed_angular_accel_closest_to_191.7ms_among_25pct_peaks,1.5333,138.8999999999998,1.5333,138.8999999999998,piecewise_gated_peak_signed_angular_accel,1.55,122.19999999999986,1.55,122.19999999999986,piecewise_gated_peak_signed_angular_accel,1.4722,199.99999999999994,1.4722,199.99999999999994,lead_hand_hybrid_drift_forward_linear_accel_jump_15pct_window_200ms_to_lead_elbow_back_shoulder_cross,1.4722,1.5060758620689656,-199.99999999999994,-166.1241379310343,lead_elbow_back_shoulder_cross,drift_forward_accel_jump,4,3,1.4722,1.5333,199.99999999999994,61.10000000000015,ok
103_3,1.5111,183.29999999999978,1.5111,183.29999999999978,piecewise_gated_peak_signed_angular_accel_closest_to_191.7ms_among_25pct_peaks,1.5389,155.49999999999997,1.5389,155.49999999999997,piecewise_gated_peak_signed_angular_accel,1.5556,138.7999999999998,1.5556,138.7999999999998,piecewise_gated_peak_signed_angular_accel,,,,,not_detected,1.4944,1.6094738056897477,-199.99999999999994,-84.92619431025217,lead_wrist_back_shoulder_cross,not_detected,3,2,1.5111,1.5389,183.29999999999978,27.799999999999827,few_initiation_segments_detected
103_4,1.3056,188.79999999999987,1.3056,188.79999999999987,piecewise_gated_peak_signed_angular_accel_closest_to_191.7ms_among_25pct_peaks,1.3528,141.59999999999994,1.3528,141.59999999999994,piecewise_gated_peak_signed_angular_accel,1.4667,27.70000000000006,1.4667,27.70000000000006,piecewise_gated_peak_signed_angular_accel,,,,,not_detected,1.2944,1.3487558823529413,-199.99999999999994,-145.64411764705864,lead_elbow_back_shoulder_cross,not_detected,3,2,1.3056,1.3528,188.79999999999987,47.19999999999991,few_initiation_segments_detected
103_5,1.5833,186.10000000000016,1.5833,186.10000000000016,piecewise_gated_peak_signed_angular_accel_closest_to_191.7ms_among_25pct_peaks,1.6222,147.2,1.6222,147.2,piecewise_gated_peak_signed_angular_accel,1.6361,133.29999999999998,1.6361,133.29999999999998,piecewise_gated_peak_signed_angular_accel,,,,,not_detected,1.5694000000000001,1.6074614906832299,-199.99999999999994,-161.93850931677022,lead_elbow_back_shoulder_cross,not_detected,3,2,1.5833,1.6222,186.10000000000016,38.900000000000155,few_initiation_segments_detected
111_1,1.4306,213.79999999999998,1.4306,213.79999999999998,piecewise_gated_peak_signed_angular_accel_closest_to_191.7ms_among_25pct_peaks,1.5139,130.50000000000006,1.5139,130.50000000000006,piecewise_gated_peak_signed_angular_accel,1.5361,108.30000000000007,1.5361,108.30000000000007,piecewise_gated_peak_signed_angular_accel,1.4472,197.20000000000005,1.4472,197.20000000000005,lead_hand_hybrid_drift_forward_linear_accel_jump_15pct_window_200ms_to_lead_elbow_back_shoulder_cross,1.4444000000000001,1.4846766666666666,-199.99999999999994,-159.72333333333344,lead_elbow_back_shoulder_cross,drift_forward_accel_jump,4,3,1.4306,1.5139,213.79999999999998,83.29999999999993,ok
111_2,1.25,177.79999999999995,1.25,177.79999999999995,piecewise_gated_peak_signed_angular_accel_closest_to_191.7ms_among_25pct_peaks,1.3083,119.49999999999994,1.3083,119.49999999999994,piecewise_gated_peak_signed_angular_accel,1.3833,44.499999999999986,1.3833,44.499999999999986,piecewise_gated_peak_signed_angular_accel,1.2639,163.89999999999992,1.2639,163.89999999999992,lead_hand_hybrid_drift_forward_linear_accel_jump_15pct_window_200ms_to_lead_elbow_back_shoulder_cross,1.2278,1.2843834645669292,-199.99999999999994,-143.41653543307075,lead_elbow_back_shoulder_cross,drift_forward_accel_jump,4,3,1.25,1.3083,177.79999999999995,58.30000000000002,ok
111_3,1.0917,205.50000000000003,1.0917,205.50000000000003,piecewise_gated_peak_signed_angular_accel_closest_to_191.7ms_among_25pct_peaks,1.1694,127.79999999999991,1.1694,127.79999999999991,piecewise_gated_peak_signed_angular_accel,1.2556,41.59999999999986,1.2556,41.59999999999986,piecewise_gated_peak_signed_angular_accel,1.1,197.19999999999982,1.1,197.19999999999982,lead_hand_hybrid_drift_forward_linear_accel_jump_15pct_window_200ms_to_lead_elbow_back_shoulder_cross,1.0972,1.133172440944882,-199.99999999999994,-164.0275590551179,lead_elbow_back_shoulder_cross,drift_forward_accel_jump,4,3,1.0917,1.1694,205.50000000000003,77.7000000000001,ok
111_4,1.0972,197.20000000000005,1.0972,197.20000000000005,piecewise_gated_peak_signed_angular_accel_closest_to_191.7ms_among_25pct_peaks,1.1583,136.09999999999988,1.1583,136.09999999999988,piecewise_gated_peak_signed_angular_accel,1.1806,113.7999999999999,1.1806,113.7999999999999,piecewise_gated_peak_signed_angular_accel,1.1083,186.09999999999994,1.1083,186.09999999999994,lead_hand_hybrid_drift_forward_linear_accel_jump_15pct_window_200ms_to_lead_elbow_back_shoulder_cross,1.0944,1.14628073196986,-199.99999999999994,-148.11926803013998,lead_elbow_back_shoulder_cross,drift_forward_accel_jump,4,3,1.0972,1.1583,197.20000000000005,61.10000000000015,ok
111_5,1.0306,202.7000000000001,1.0306,202.7000000000001,piecewise_gated_peak_signed_angular_accel_closest_to_191.7ms_among_25pct_peaks,1.1056,127.70000000000014,1.1056,127.70000000000014,piecewise_gated_peak_signed_angular_accel,1.1889,44.39999999999999,1.1889,44.39999999999999,piecewise_gated_peak_signed_angular_accel,,,,,not_detected,1.0333,1.0537882352941177,-199.99999999999994,-179.51176470588237,lead_elbow_back_shoulder_cross,not_detected,3,2,1.0306,1.1056,202.7000000000001,74.99999999999996,few_initiation_segments_detected
111_6,1.0778,202.79999999999987,1.0778,202.79999999999987,piecewise_gated_peak_signed_angular_accel_closest_to_191.7ms_among_25pct_peaks,1.1583,122.29999999999986,1.1583,122.29999999999986,piecewise_gated_peak_signed_angular_accel,1.1528,127.79999999999991,1.1528,127.79999999999991,piecewise_gated_peak_signed_angular_accel,1.0972,183.4,1.0972,183.4,lead_hand_hybrid_drift_forward_linear_accel_jump_15pct_window_200ms_to_lead_elbow_back_shoulder_cross,1.0806,1.1261252336448597,-199.99999999999994,-154.47476635514025,lead_elbow_back_shoulder_cross,drift_forward_accel_jump,4,3,1.0778,1.1583,202.79999999999987,80.50000000000001,ok
111_7,1.15,205.6,1.15,205.6,piecewise_gated_peak_signed_angular_accel_closest_to_191.7ms_among_25pct_peaks,1.225,130.59999999999982,1.225,130.59999999999982,piecewise_gated_peak_signed_angular_accel,1.2611,94.4999999999998,1.2611,94.4999999999998,piecewise_gated_peak_signed_angular_accel,1.1556,199.99999999999994,1.1556,199.99999999999994,lead_hand_hybrid_drift_forward_linear_accel_jump_15pct_window_200ms_to_lead_elbow_back_shoulder_cross,1.1556,1.202062905982906,-199.99999999999994,-153.53709401709392,lead_elbow_back_shoulder_cross,drift_forward_accel_jump,4,3,1.15,1.225,205.6,75.00000000000017,ok
111_8,1.1028,188.90000000000006,1.1028,188.90000000000006,piecewise_gated_peak_signed_angular_accel_closest_to_191.7ms_among_25pct_peaks,1.1639,127.80000000000014,1.1639,127.80000000000014,piecewise_gated_peak_signed_angular_accel,1.2667,25.000000000000135,1.2667,25.000000000000135,piecewise_gated_peak_signed_angular_accel,1.0944,197.30000000000004,1.0944,197.30000000000004,lead_hand_hybrid_drift_forward_linear_accel_jump_15pct_window_200ms_to_lead_elbow_back_shoulder_cross,1.0917000000000001,1.1324541592920354,-199.99999999999994,-159.24584070796465,lead_elbow_back_shoulder_cross,drift_forward_accel_jump,4,3,1.0944,1.1639,197.30000000000004,69.4999999999999,ok
121_1,1.2333,236.09999999999997,1.2333,236.09999999999997,piecewise_gated_peak_signed_angular_accel_closest_to_191.7ms_among_25pct_peaks,1.3333,136.1000000000001,1.3333,136.1000000000001,piecewise_gated_peak_signed_angular_accel,1.4333,36.10000000000002,1.4333,36.10000000000002,piecewise_gated_peak_signed_angular_accel,,,,,not_detected,1.2694,1.3211686274509804,-199.99999999999994,-148.23137254901962,lead_elbow_back_shoulder_cross,not_detected,3,2,1.2333,1.3333,236.09999999999997,99.99999999999987,few_initiation_segments_detected
121_2,1.3056,213.79999999999998,1.3056,213.79999999999998,piecewise_gated_peak_signed_angular_accel_closest_to_191.7ms_among_25pct_peaks,1.3778,141.60000000000016,1.3778,141.60000000000016,piecewise_gated_peak_signed_angular_accel,1.475,44.39999999999999,1.475,44.39999999999999,piecewise_gated_peak_signed_angular_accel,1.3722,147.2,1.3722,147.2,lead_hand_hybrid_drift_forward_linear_accel_jump_15pct_window_200ms_to_lead_elbow_back_shoulder_cross,1.3194000000000001,1.3747578947368422,-199.99999999999994,-144.6421052631579,lead_elbow_back_shoulder_cross,drift_forward_accel_jump,4,3,1.3056,1.3778,213.79999999999998,72.19999999999982,ok
121_3,1.2111,197.20000000000005,1.2111,197.20000000000005,piecewise_gated_peak_signed_angular_accel_closest_to_191.7ms_among_25pct_peaks,1.2917,116.60000000000004,1.2917,116.60000000000004,piecewise_gated_peak_signed_angular_accel,1.3694,38.900000000000155,1.3694,38.900000000000155,piecewise_gated_peak_signed_angular_accel,1.2333,175.00000000000006,1.2333,175.00000000000006,lead_hand_hybrid_drift_forward_linear_accel_jump_15pct_window_200ms_to_lead_elbow_back_shoulder_cross,1.2083000000000002,1.2716378210116732,-199.99999999999994,-136.6621789883269,lead_elbow_back_shoulder_cross,drift_forward_accel_jump,4,3,1.2111,1.2917,197.20000000000005,80.60000000000001,ok
121_4,1.5417,205.50000000000003,1.5417,205.50000000000003,piecewise_gated_peak_signed_angular_accel_closest_to_191.7ms_among_25pct_peaks,1.6306,116.60000000000004,1.6306,116.60000000000004,piecewise_gated_peak_signed_angular_accel,1.7139,33.30000000000011,1.7139,33.30000000000011,piecewise_gated_peak_signed_angular_accel,,,,,not_detected,1.5472000000000001,1.6105370946822308,-199.99999999999994,-136.66290531776926,lead_elbow_back_shoulder_cross,not_detected,3,2,1.5417,1.6306,205.50000000000003,88.89999999999998,few_initiation_segments_detected
121_5,1.1056,211.10000000000008,1.1056,211.10000000000008,piecewise_gated_peak_signed_angular_accel_closest_to_191.7ms_among_25pct_peaks,1.1972,119.49999999999994,1.1972,119.49999999999994,piecewise_gated_peak_signed_angular_accel,1.2694,47.2999999999999,1.2694,47.2999999999999,piecewise_gated_peak_signed_angular_accel,1.1167,199.99999999999994,1.1167,199.99999999999994,lead_hand_hybrid_drift_forward_linear_accel_jump_15pct_window_200ms_to_lead_elbow_back_shoulder_cross,1.1167,1.173164909520063,-199.99999999999994,-143.53509047993705,lead_elbow_back_shoulder_cross,drift_forward_accel_jump,4,3,1.1056,1.1972,211.10000000000008,91.60000000000012,ok
121_6,1.0917,211.10000000000008,1.0917,211.10000000000008,piecewise_gated_peak_signed_angular_accel_closest_to_191.7ms_among_25pct_peaks,1.1833,119.49999999999994,1.1833,119.49999999999994,piecewise_gated_peak_signed_angular_accel,1.2639,38.899999999999935,1.2639,38.899999999999935,piecewise_gated_peak_signed_angular_accel,,,,,not_detected,1.1028,1.1627256345177666,-199.99999999999994,-140.0743654822334,lead_elbow_back_shoulder_cross,not_detected,3,2,1.0917,1.1833,211.10000000000008,91.60000000000012,few_initiation_segments_detected
121_7,1.2694,211.19999999999982,1.2694,211.19999999999982,piecewise_gated_peak_signed_angular_accel_closest_to_191.7ms_among_25pct_peaks,1.3528,127.79999999999991,1.3528,127.79999999999991,piecewise_gated_peak_signed_angular_accel,1.4444,36.20000000000001,1.4444,36.20000000000001,piecewise_gated_peak_signed_angular_accel,1.2806,199.99999999999994,1.2806,199.99999999999994,lead_hand_hybrid_drift_forward_linear_accel_jump_15pct_window_200ms_to_lead_elbow_back_shoulder_cross,1.2806,1.3365504201680674,-199.99999999999994,-144.04957983193256,lead_elbow_back_shoulder_cross,drift_forward_accel_jump,4,3,1.2694,1.3528,211.19999999999982,83.39999999999992,ok
121_8,1.4083,197.2999999999998,1.4083,197.2999999999998,piecewise_gated_peak_signed_angular_accel_closest_to_191.7ms_among_25pct_peaks,1.4972,108.39999999999984,1.4972,108.39999999999984,piecewise_gated_peak_signed_angular_accel,1.5667,38.899999999999935,1.5667,38.899999999999935,piecewise_gated_peak_signed_angular_accel,1.4222,183.4,1.4222,183.4,lead_hand_hybrid_drift_forward_linear_accel_jump_15pct_window_200ms_to_lead_elbow_back_shoulder_cross,1.4056,1.466937162162162,-199.99999999999994,-138.66283783783783,lead_elbow_back_shoulder_cross,drift_forward_accel_jump,4,3,1.4083,1.4972,197.2999999999998,88.89999999999998,ok
123_1,0.8972,250.0,0.8972,250.0,piecewise_gated_peak_signed_angular_accel_closest_to_191.7ms_among_25pct_peaks,0.9917,155.49999999999997,0.9917,155.49999999999997,piecewise_gated_peak_signed_angular_accel,1.0944,52.799999999999955,1.0944,52.799999999999955,piecewise_gated_peak_signed_angular_accel,,,,,not_detected,0.9472,1.0032445894507884,-199.99999999999994,-143.95541054921156,lead_elbow_back_shoulder_cross,not_detected,3,2,0.8972,0.9917,250.0,94.50000000000003,few_initiation_segments_detected
123_2,1.0306,138.80000000000004,1.0306,138.80000000000004,piecewise_gated_peak_signed_angular_accel_closest_to_191.7ms_among_25pct_peaks,1.0139,155.49999999999997,1.0139,155.49999999999997,piecewise_gated_peak_signed_angular_accel,1.1139,55.50000000000011,1.1139,55.50000000000011,piecewise_gated_peak_signed_angular_accel,,,,,not_detected,0.9694,1.0192903810118676,-199.99999999999994,-150.10961898813235,lead_elbow_back_shoulder_cross,not_detected,3,2,1.0139,1.0306,155.49999999999997,16.69999999999994,few_initiation_segments_detected
123_3,1.0694,150.00000000000014,1.0694,150.00000000000014,piecewise_gated_peak_signed_angular_accel_closest_to_191.7ms_among_25pct_peaks,1.0556,163.79999999999995,1.0556,163.79999999999995,piecewise_gated_peak_signed_angular_accel,1.1639,55.50000000000011,1.1639,55.50000000000011,piecewise_gated_peak_signed_angular_accel,,,,,not_detected,1.0194,1.060294628975265,-199.99999999999994,-159.10537102473498,lead_elbow_back_shoulder_cross,not_detected,3,2,1.0556,1.0694,163.79999999999995,13.799999999999812,few_initiation_segments_detected
123_4,0.7667,249.9999999999999,0.7667,249.9999999999999,piecewise_gated_peak_signed_angular_accel_closest_to_191.7ms_among_25pct_peaks,0.8583,158.39999999999998,0.8583,158.39999999999998,piecewise_gated_peak_signed_angular_accel,0.9611,55.59999999999998,0.9611,55.59999999999998,piecewise_gated_peak_signed_angular_accel,,,,,not_detected,0.8167,0.855192027491409,-199.99999999999994,-161.50797250859094,lead_elbow_back_shoulder_cross,not_detected,3,2,0.7667,0.8583,249.9999999999999,91.59999999999991,few_initiation_segments_detected
123_5,0.9361,236.09999999999985,0.9361,236.09999999999985,piecewise_gated_peak_signed_angular_accel_closest_to_191.7ms_among_25pct_peaks,1.0306,141.59999999999994,1.0306,141.59999999999994,piecewise_gated_peak_signed_angular_accel,1.1278,44.39999999999999,1.1278,44.39999999999999,piecewise_gated_peak_signed_angular_accel,,,,,not_detected,0.9722,1.013222891566265,-199.99999999999994,-158.9771084337348,lead_elbow_back_shoulder_cross,not_detected,3,2,0.9361,1.0306,236.09999999999985,94.49999999999991,few_initiation_segments_detected
123_6,0.9194,238.90000000000012,0.9194,238.90000000000012,piecewise_gated_peak_signed_angular_accel_closest_to_191.7ms_among_25pct_peaks,1.0056,152.70000000000005,1.0056,152.70000000000005,piecewise_gated_peak_signed_angular_accel,1.1167,41.60000000000008,1.1167,41.60000000000008,piecewise_gated_peak_signed_angular_accel,,,,,not_detected,0.9583000000000002,1.0016438140267927,-199.99999999999994,-156.6561859732074,lead_elbow_back_shoulder_cross,not_detected,3,2,0.9194,1.0056,238.90000000000012,86.20000000000006,few_initiation_segments_detected
123_7,1.2417,230.49999999999991,1.2417,230.49999999999991,piecewise_gated_peak_signed_angular_accel_closest_to_191.7ms_among_25pct_peaks,1.3306,141.59999999999994,1.3306,141.59999999999994,piecewise_gated_peak_signed_angular_accel,1.4306,41.59999999999986,1.4306,41.59999999999986,piecewise_gated_peak_signed_angular_accel,,,,,not_detected,1.2722,1.3301813882532418,-199.99999999999994,-142.01861174675813,lead_elbow_back_shoulder_cross,not_detected,3,2,1.2417,1.3306,230.49999999999991,88.89999999999998,few_initiation_segments_detected
123_8,1.0806,138.80000000000004,1.0806,138.80000000000004,piecewise_gated_peak_signed_angular_accel_closest_to_191.7ms_among_25pct_peaks,1.0556,163.79999999999995,1.0556,163.79999999999995,piecewise_gated_peak_signed_angular_accel,1.1528,66.6,1.1528,66.6,piecewise_gated_peak_signed_angular_accel,,,,,not_detected,1.0194,1.0563553571428572,-199.99999999999994,-163.04464285714283,lead_elbow_back_shoulder_cross,not_detected,3,2,1.0556,1.0806,163.79999999999995,24.99999999999991,few_initiation_segments_detected
123_9,1.7167,233.30000000000007,1.7167,233.30000000000007,piecewise_gated_peak_signed_angular_accel_closest_to_191.7ms_among_25pct_peaks,1.8083,141.69999999999993,1.8083,141.69999999999993,piecewise_gated_peak_signed_angular_accel,1.7889,161.10000000000002,1.7889,161.10000000000002,piecewise_gated_peak_signed_angular_accel,,,,,not_detected,1.75,1.810776243868255,-199.99999999999994,-139.22375613174486,lead_elbow_back_shoulder_cross,not_detected,3,2,1.7167,1.8083,233.30000000000007,91.60000000000012,few_initiation_segments_detected
125_1,1.0556,216.5999999999999,1.0556,216.5999999999999,piecewise_gated_peak_signed_angular_accel_closest_to_191.7ms_among_25pct_peaks,1.1111,161.10000000000002,1.1111,161.10000000000002,piecewise_gated_peak_signed_angular_accel,1.2278,44.39999999999999,1.2278,44.39999999999999,piecewise_gated_peak_signed_angular_accel,1.0833,188.90000000000006,1.0833,188.90000000000006,lead_hand_hybrid_drift_forward_linear_accel_jump_15pct_window_200ms_to_lead_elbow_back_shoulder_cross,1.0722,1.1075476234855546,-199.99999999999994,-164.65237651444542,lead_elbow_back_shoulder_cross,drift_forward_accel_jump,4,3,1.0556,1.1111,216.5999999999999,55.499999999999886,ok
125_2,1.4639,213.89999999999998,1.4639,213.89999999999998,piecewise_gated_peak_signed_angular_accel_closest_to_191.7ms_among_25pct_peaks,1.5306,147.2,1.5306,147.2,piecewise_gated_peak_signed_angular_accel,1.6417,36.10000000000002,1.6417,36.10000000000002,piecewise_gated_peak_signed_angular_accel,,,,,not_detected,1.4778,1.5219563055062166,-199.99999999999994,-155.84369449378332,lead_elbow_back_shoulder_cross,not_detected,3,2,1.4639,1.5306,213.89999999999998,66.69999999999999,few_initiation_segments_detected
125_3,1.1167,216.5999999999999,1.1167,216.5999999999999,piecewise_gated_peak_signed_angular_accel_closest_to_191.7ms_among_25pct_peaks,1.1972,136.09999999999988,1.1972,136.09999999999988,piecewise_gated_peak_signed_angular_accel,1.2972,36.10000000000002,1.2972,36.10000000000002,piecewise_gated_peak_signed_angular_accel,1.1472,186.09999999999994,1.1472,186.09999999999994,lead_hand_hybrid_drift_forward_linear_accel_jump_15pct_window_200ms_to_lead_elbow_back_shoulder_cross,1.1333,1.1708207715133532,-199.99999999999994,-162.47922848664675,lead_elbow_back_shoulder_cross,drift_forward_accel_jump,4,3,1.1167,1.1972,216.5999999999999,80.50000000000001,ok
125_4,1.0806,216.5999999999999,1.0806,216.5999999999999,piecewise_gated_peak_signed_angular_accel_closest_to_191.7ms_among_25pct_peaks,1.1389,158.2999999999999,1.1389,158.2999999999999,piecewise_gated_peak_signed_angular_accel,1.2111,86.09999999999984,1.2111,86.09999999999984,piecewise_gated_peak_signed_angular_accel,,,,,not_detected,1.0972,1.1423883908890522,-199.99999999999994,-154.8116091109477,lead_elbow_back_shoulder_cross,not_detected,3,2,1.0806,1.1389,216.5999999999999,58.30000000000002,few_initiation_segments_detected
125_5,0.8778,208.30000000000004,0.8778,208.30000000000004,piecewise_gated_peak_signed_angular_accel_closest_to_191.7ms_among_25pct_peaks,0.9333,152.80000000000004,0.9333,152.80000000000004,piecewise_gated_peak_signed_angular_accel,1.05,36.10000000000002,1.05,36.10000000000002,piecewise_gated_peak_signed_angular_accel,0.8917,194.4,0.8917,194.4,lead_hand_hybrid_drift_forward_linear_accel_jump_15pct_window_200ms_to_lead_elbow_back_shoulder_cross,0.8861000000000001,0.9400178707224335,-199.99999999999994,-146.0821292775666,lead_elbow_back_shoulder_cross,drift_forward_accel_jump,4,3,0.8778,0.9333,208.30000000000004,55.49999999999999,ok
125_6,0.9611,230.60000000000002,0.9611,230.60000000000002,piecewise_gated_peak_signed_angular_accel_closest_to_191.7ms_among_25pct_peaks,1.0306,161.10000000000002,1.0306,161.10000000000002,piecewise_gated_peak_signed_angular_accel,1.1472,44.499999999999986,1.1472,44.499999999999986,piecewise_gated_peak_signed_angular_accel,0.9917,199.99999999999994,0.9917,199.99999999999994,lead_hand_hybrid_drift_forward_linear_accel_jump_15pct_window_200ms_to_lead_elbow_back_shoulder_cross,0.9917,1.0220709016393443,-199.99999999999994,-169.62909836065566,lead_elbow_back_shoulder_cross,drift_forward_accel_jump,4,3,0.9611,1.0306,230.60000000000002,69.5,ok
125_7,1.0111,230.5999999999999,1.0111,230.5999999999999,piecewise_gated_peak_signed_angular_accel_closest_to_191.7ms_among_25pct_peaks,1.1056,136.1000000000001,1.1056,136.1000000000001,piecewise_gated_peak_signed_angular_accel,1.2,41.700000000000074,1.2,41.700000000000074,piecewise_gated_peak_signed_angular_accel,1.0417,199.99999999999994,1.0417,199.99999999999994,lead_hand_hybrid_drift_forward_linear_accel_jump_15pct_window_200ms_to_lead_elbow_back_shoulder_cross,1.0417,1.0861535790219703,-199.99999999999994,-155.54642097802974,lead_elbow_back_shoulder_cross,drift_forward_accel_jump,4,3,1.0111,1.1056,230.5999999999999,94.4999999999998,ok
140_1,1.1917,177.69999999999996,1.1917,177.69999999999996,piecewise_gated_peak_signed_angular_accel_closest_to_191.7ms_among_25pct_peaks,1.2806,88.79999999999998,1.2806,88.79999999999998,piecewise_gated_peak_signed_angular_accel,1.3194,50.00000000000004,1.3194,50.00000000000004,piecewise_gated_peak_signed_angular_accel,,,,,not_detected,1.1694,1.283195438898451,-199.99999999999994,-86.20456110154895,lead_wrist_back_shoulder_cross,not_detected,3,2,1.1917,1.2806,177.69999999999996,88.89999999999998,few_initiation_segments_detected
140_2,0.9944,186.20000000000013,0.9944,186.20000000000013,piecewise_gated_peak_signed_angular_accel_closest_to_191.7ms_among_25pct_peaks,1.0639,116.70000000000003,1.0639,116.70000000000003,piecewise_gated_peak_signed_angular_accel,1.1306,50.00000000000004,1.1306,50.00000000000004,piecewise_gated_peak_signed_angular_accel,1.0278,152.80000000000004,1.0278,152.80000000000004,lead_hand_hybrid_drift_forward_linear_accel_jump_15pct_window_200ms_to_lead_wrist_back_shoulder_cross,0.9806000000000001,1.0954660480349345,-199.99999999999994,-85.13395196506556,lead_wrist_back_shoulder_cross,drift_forward_accel_jump,4,3,0.9944,1.0639,186.20000000000013,69.50000000000011,ok
140_3,1.1389,180.4999999999999,1.1389,180.4999999999999,piecewise_gated_peak_signed_angular_accel_closest_to_191.7ms_among_25pct_peaks,1.2028,116.59999999999981,1.2028,116.59999999999981,piecewise_gated_peak_signed_angular_accel,1.275,44.39999999999999,1.275,44.39999999999999,piecewise_gated_peak_signed_angular_accel,,,,,not_detected,1.1194,1.2387834654586636,-199.99999999999994,-80.61653454133632,lead_wrist_back_shoulder_cross,not_detected,3,2,1.1389,1.2028,180.4999999999999,63.90000000000007,few_initiation_segments_detected
140_4,1.1194,186.20000000000013,1.1194,186.20000000000013,piecewise_gated_peak_signed_angular_accel_closest_to_191.7ms_among_25pct_peaks,1.1944,111.20000000000019,1.1944,111.20000000000019,piecewise_gated_peak_signed_angular_accel,1.2556,50.00000000000004,1.2556,50.00000000000004,piecewise_gated_peak_signed_angular_accel,,,,,not_detected,1.1056000000000001,1.2241339015672257,-199.99999999999994,-81.46609843277442,lead_wrist_back_shoulder_cross,not_detected,3,2,1.1194,1.1944,186.20000000000013,74.99999999999996,few_initiation_segments_detected
140_5,1.1806,188.79999999999987,1.1806,188.79999999999987,piecewise_gated_peak_signed_angular_accel_closest_to_191.7ms_among_25pct_peaks,1.3028,66.6,1.3028,66.6,piecewise_gated_peak_signed_angular_accel,1.2806,88.79999999999998,1.2806,88.79999999999998,piecewise_gated_peak_signed_angular_accel,,,,,not_detected,1.1694,1.2858712653527564,-199.99999999999994,-83.52873464724352,lead_wrist_back_shoulder_cross,not_detected,3,2,1.1806,1.3028,188.79999999999987,122.19999999999986,few_initiation_segments_detected
140_6,1.0611,188.90000000000006,1.0611,188.90000000000006,piecewise_gated_peak_signed_angular_accel_closest_to_191.7ms_among_25pct_peaks,1.1361,113.89999999999989,1.1361,113.89999999999989,piecewise_gated_peak_signed_angular_accel,1.1417,108.30000000000007,1.1417,108.30000000000007,piecewise_gated_peak_signed_angular_accel,,,,,not_detected,1.05,1.1709675647668394,-199.99999999999994,-79.03243523316061,lead_wrist_back_shoulder_cross,not_detected,3,2,1.0611,1.1361,188.90000000000006,75.00000000000017,few_initiation_segments_detected
140_7,1.2472,186.09999999999994,1.2472,186.09999999999994,piecewise_gated_peak_signed_angular_accel_closest_to_191.7ms_among_25pct_peaks,1.3444,88.89999999999998,1.3444,88.89999999999998,piecewise_gated_peak_signed_angular_accel,1.3806,52.69999999999997,1.3806,52.69999999999997,piecewise_gated_peak_signed_angular_accel,,,,,not_detected,1.2333,1.3470569455951393,-199.99999999999994,-86.24305440486069,lead_wrist_back_shoulder_cross,not_detected,3,2,1.2472,1.3444,186.09999999999994,97.19999999999996,few_initiation_segments_detected
140_8,1.3417,194.40000000000012,1.3417,194.40000000000012,piecewise_gated_peak_signed_angular_accel_closest_to_191.7ms_among_25pct_peaks,1.4361,100.00000000000009,1.4361,100.00000000000009,piecewise_gated_peak_signed_angular_accel,1.5111,24.99999999999991,1.5111,24.99999999999991,piecewise_gated_peak_signed_angular_accel,,,,,not_detected,1.3361,1.347071129707113,-199.99999999999994,-189.02887029288706,lead_elbow_back_shoulder_cross,not_detected,3,2,1.3417,1.4361,194.40000000000012,94.40000000000003,few_initiation_segments_detected
160_1,1.0583,186.09999999999994,1.0583,186.09999999999994,piecewise_gated_peak_signed_angular_accel_closest_to_191.7ms_among_25pct_peaks,1.1167,127.69999999999993,1.1167,127.69999999999993,piecewise_gated_peak_signed_angular_accel,1.1222,122.19999999999986,1.1222,122.19999999999986,piecewise_gated_peak_signed_angular_accel,1.0444,199.99999999999994,1.0444,199.99999999999994,lead_hand_hybrid_drift_forward_linear_accel_jump_15pct_window_200ms_to_lead_wrist_back_shoulder_cross,1.0444,1.1433706744868035,-199.99999999999994,-101.02932551319643,lead_wrist_back_shoulder_cross,drift_forward_accel_jump,4,3,1.0444,1.1167,199.99999999999994,72.30000000000003,ok
160_2,1.1917,199.99999999999994,1.1917,199.99999999999994,piecewise_gated_peak_signed_angular_accel_closest_to_191.7ms_among_25pct_peaks,1.2444,147.29999999999998,1.2444,147.29999999999998,piecewise_gated_peak_signed_angular_accel,1.2667,125.0,1.2667,125.0,piecewise_gated_peak_signed_angular_accel,1.1917,199.99999999999994,1.1917,199.99999999999994,lead_hand_hybrid_drift_forward_linear_accel_jump_15pct_window_200ms_to_lead_wrist_back_shoulder_cross,1.1917,1.2826813065326634,-199.99999999999994,-109.0186934673365,lead_wrist_back_shoulder_cross,drift_forward_accel_jump,4,3,1.1917,1.2444,199.99999999999994,52.69999999999997,ok
160_3,1.2083,202.8000000000001,1.2083,202.8000000000001,piecewise_gated_peak_signed_angular_accel_closest_to_191.7ms_among_25pct_peaks,1.2806,130.50000000000006,1.2806,130.50000000000006,piecewise_gated_peak_signed_angular_accel,1.2917,119.39999999999995,1.2917,119.39999999999995,piecewise_gated_peak_signed_angular_accel,,,,,not_detected,1.2111,1.3109983138780803,-199.99999999999994,-100.10168612191973,lead_wrist_back_shoulder_cross,not_detected,3,2,1.2083,1.2806,202.8000000000001,72.30000000000003,few_initiation_segments_detected
160_4,0.9722,175.00000000000006,0.9722,175.00000000000006,piecewise_gated_peak_signed_angular_accel_closest_to_191.7ms_among_25pct_peaks,1.0306,116.60000000000004,1.0306,116.60000000000004,piecewise_gated_peak_signed_angular_accel,0.9694,177.79999999999995,0.9694,177.79999999999995,piecewise_gated_peak_signed_angular_accel,0.9611,186.10000000000005,0.9611,186.10000000000005,lead_hand_hybrid_drift_forward_linear_accel_jump_15pct_window_200ms_to_lead_wrist_back_shoulder_cross,0.9472,1.0587374704091985,-199.99999999999994,-88.46252959080148,lead_wrist_back_shoulder_cross,drift_forward_accel_jump,4,3,0.9611,1.0306,186.10000000000005,69.5,ok
160_5,1.3306,180.5000000000001,1.3306,180.5000000000001,piecewise_gated_peak_signed_angular_accel_closest_to_191.7ms_among_25pct_peaks,1.3861,125.0,1.3861,125.0,piecewise_gated_peak_signed_angular_accel,1.3889,122.20000000000009,1.3889,122.20000000000009,piecewise_gated_peak_signed_angular_accel,,,,,not_detected,1.3111000000000002,1.4152150997150996,-199.99999999999994,-95.88490028490048,lead_wrist_back_shoulder_cross,not_detected,3,2,1.3306,1.3861,180.5000000000001,55.50000000000011,few_initiation_segments_detected
160_6,1.3611,180.60000000000008,1.3611,180.60000000000008,piecewise_gated_peak_signed_angular_accel_closest_to_191.7ms_among_25pct_peaks,1.4472,94.50000000000003,1.4472,94.50000000000003,piecewise_gated_peak_signed_angular_accel,1.4861,55.600000000000094,1.4861,55.600000000000094,piecewise_gated_peak_signed_angular_accel,,,,,not_detected,1.3417000000000001,1.447627625489498,-199.99999999999994,-94.0723745105021,lead_wrist_back_shoulder_cross,not_detected,3,2,1.3611,1.4472,180.60000000000008,86.10000000000007,few_initiation_segments_detected
160_7,1.0944,205.6,1.0944,205.6,piecewise_gated_peak_signed_angular_accel_closest_to_191.7ms_among_25pct_peaks,1.1611,138.90000000000003,1.1611,138.90000000000003,piecewise_gated_peak_signed_angular_accel,1.1917,108.30000000000007,1.1917,108.30000000000007,piecewise_gated_peak_signed_angular_accel,,,,,not_detected,1.1,1.2038645564961354,-199.99999999999994,-96.13544350386461,lead_wrist_back_shoulder_cross,not_detected,3,2,1.0944,1.1611,205.6,66.69999999999999,few_initiation_segments_detected
160_8,1.5278,186.09999999999994,1.5278,186.09999999999994,piecewise_gated_peak_signed_angular_accel_closest_to_191.7ms_among_25pct_peaks,1.5722,141.69999999999993,1.5722,141.69999999999993,piecewise_gated_peak_signed_angular_accel,1.6111,102.8,1.6111,102.8,piecewise_gated_peak_signed_angular_accel,1.5222,191.7,1.5222,191.7,lead_hand_hybrid_drift_forward_linear_accel_jump_15pct_window_200ms_to_lead_wrist_back_shoulder_cross,1.5139,1.6171979166666668,-199.99999999999994,-96.70208333333319,lead_wrist_back_shoulder_cross,drift_forward_accel_jump,4,3,1.5222,1.5722,191.7,50.00000000000004,ok
164_1,1.5278,180.4999999999999,1.5278,180.4999999999999,piecewise_gated_peak_signed_angular_accel_closest_to_191.7ms_among_25pct_peaks,1.5278,180.4999999999999,1.5278,180.4999999999999,piecewise_gated_peak_signed_angular_accel,1.6222,86.09999999999984,1.6222,86.09999999999984,piecewise_gated_peak_signed_angular_accel,1.5083,199.99999999999994,1.5083,199.99999999999994,lead_hand_hybrid_drift_forward_linear_accel_jump_15pct_window_200ms_to_lead_wrist_back_shoulder_cross,1.5083,1.6162437167032278,-199.99999999999994,-92.05628329677218,lead_wrist_back_shoulder_cross,drift_forward_accel_jump,4,3,1.5083,1.5278,199.99999999999994,19.50000000000007,ok
164_2,0.4889,191.7,0.4889,191.7,piecewise_gated_peak_signed_angular_accel_closest_to_191.7ms_among_25pct_peaks,0.5,180.6,0.5,180.6,piecewise_gated_peak_signed_angular_accel,0.6167,63.899999999999956,0.6167,63.899999999999956,piecewise_gated_peak_signed_angular_accel,0.5528,127.80000000000003,0.5528,127.80000000000003,lead_hand_hybrid_load_back_first_forward_move_window_200ms_to_lead_wrist_back_shoulder_cross,0.48059999999999997,0.5932459949937422,-200.0,-87.35400500625778,lead_wrist_back_shoulder_cross,load_back_first_forward_move,4,3,0.4889,0.5528,191.7,63.899999999999956,ok
164_3,0.9417,188.90000000000006,0.9417,188.90000000000006,piecewise_gated_peak_signed_angular_accel_closest_to_191.7ms_among_25pct_peaks,1.0167,113.90000000000012,1.0167,113.90000000000012,piecewise_gated_peak_signed_angular_accel,1.0722,58.400000000000006,1.0722,58.400000000000006,piecewise_gated_peak_signed_angular_accel,0.9333,197.30000000000004,0.9333,197.30000000000004,lead_hand_hybrid_drift_forward_linear_accel_jump_15pct_window_200ms_to_lead_wrist_back_shoulder_cross,0.9306000000000001,1.047483280085197,-199.99999999999994,-83.11671991480307,lead_wrist_back_shoulder_cross,drift_forward_accel_jump,4,3,0.9333,1.0167,197.30000000000004,83.39999999999992,ok
164_4,1.0194,186.19999999999993,1.0194,186.19999999999993,piecewise_gated_peak_signed_angular_accel_closest_to_191.7ms_among_25pct_peaks,1.0944,111.19999999999996,1.0944,111.19999999999996,piecewise_gated_peak_signed_angular_accel,1.1444,61.19999999999992,1.1444,61.19999999999992,piecewise_gated_peak_signed_angular_accel,1.0722,133.39999999999998,1.0722,133.39999999999998,lead_hand_hybrid_drift_forward_linear_accel_jump_15pct_window_200ms_to_lead_wrist_back_shoulder_cross,1.0056,1.1205528459982663,-199.99999999999994,-85.04715400173369,lead_wrist_back_shoulder_cross,drift_forward_accel_jump,4,3,1.0194,1.0944,186.19999999999993,74.99999999999996,ok
164_5,0.9389,191.7000000000001,0.9389,191.7000000000001,piecewise_gated_peak_signed_angular_accel_closest_to_191.7ms_among_25pct_peaks,1.0194,111.19999999999996,1.0194,111.19999999999996,piecewise_gated_peak_signed_angular_accel,1.0667,63.90000000000007,1.0667,63.90000000000007,piecewise_gated_peak_signed_angular_accel,0.9333,197.30000000000004,0.9333,197.30000000000004,lead_hand_hybrid_drift_forward_linear_accel_jump_15pct_window_200ms_to_lead_wrist_back_shoulder_cross,0.9306000000000001,1.0485015410479126,-199.99999999999994,-82.09845895208746,lead_wrist_back_shoulder_cross,drift_forward_accel_jump,4,3,0.9333,1.0194,197.30000000000004,86.10000000000007,ok
164_6,0.8028,191.6,0.8028,191.6,piecewise_gated_peak_signed_angular_accel_closest_to_191.7ms_among_25pct_peaks,0.8806,113.7999999999999,0.8806,113.7999999999999,piecewise_gated_peak_signed_angular_accel,0.8278,166.59999999999997,0.8278,166.59999999999997,piecewise_gated_peak_signed_angular_accel,0.875,119.39999999999995,0.875,119.39999999999995,lead_hand_hybrid_load_back_first_forward_move_window_200ms_to_lead_wrist_back_shoulder_cross,0.7944,0.9072770348837209,-199.99999999999994,-87.12296511627903,lead_wrist_back_shoulder_cross,load_back_first_forward_move,4,3,0.8028,0.8806,191.6,77.8000000000001,ok
164_7,0.8056,188.79999999999995,0.8056,188.79999999999995,piecewise_gated_peak_signed_angular_accel_closest_to_191.7ms_among_25pct_peaks,0.8139,180.5,0.8139,180.5,piecewise_gated_peak_signed_angular_accel,0.9333,61.09999999999993,0.9333,61.09999999999993,piecewise_gated_peak_signed_angular_accel,0.8528,141.59999999999994,0.8528,141.59999999999994,lead_hand_hybrid_drift_forward_linear_accel_jump_15pct_window_200ms_to_lead_wrist_back_shoulder_cross,0.7944,0.9041970473034047,-199.99999999999994,-90.20295269659529,lead_wrist_back_shoulder_cross,drift_forward_accel_jump,4,3,0.8056,0.8528,188.79999999999995,47.20000000000002,ok
164_8,1.1333,208.39999999999992,1.1333,208.39999999999992,piecewise_gated_peak_signed_angular_accel_closest_to_191.7ms_among_25pct_peaks,1.1444,197.2999999999998,1.1444,197.2999999999998,piecewise_gated_peak_signed_angular_accel,1.2167,125.0,1.2167,125.0,piecewise_gated_peak_signed_angular_accel,1.1417,199.99999999999994,1.1417,199.99999999999994,lead_hand_hybrid_drift_forward_linear_accel_jump_15pct_window_200ms_to_lead_wrist_back_shoulder_cross,1.1417,1.2490583843329253,-199.99999999999994,-92.64161566707463,lead_wrist_back_shoulder_cross,drift_forward_accel_jump,4,3,1.1333,1.1444,208.39999999999992,11.10000000000011,ok
164_9,0.7861,186.09999999999994,0.7861,186.09999999999994,piecewise_gated_peak_signed_angular_accel_closest_to_191.7ms_among_25pct_peaks,0.8861,86.09999999999995,0.8861,86.09999999999995,piecewise_gated_peak_signed_angular_accel,0.8528,119.39999999999995,0.8528,119.39999999999995,piecewise_gated_peak_signed_angular_accel,0.7722,199.99999999999994,0.7722,199.99999999999994,lead_hand_hybrid_drift_forward_linear_accel_jump_15pct_window_200ms_to_lead_wrist_back_shoulder_cross,0.7722,0.8918946008783261,-199.99999999999994,-80.30539912167389,lead_wrist_back_shoulder_cross,drift_forward_accel_jump,4,3,0.7722,0.8861,199.99999999999994,113.9,ok
167_1,0.5528,211.10000000000008,0.5528,211.10000000000008,piecewise_gated_peak_signed_angular_accel_closest_to_191.7ms_among_25pct_peaks,0.6556,108.30000000000007,0.6556,108.30000000000007,piecewise_gated_peak_signed_angular_accel,0.7222,41.700000000000074,0.7222,41.700000000000074,piecewise_gated_peak_signed_angular_accel,0.5889,175.00000000000006,0.5889,175.00000000000006,lead_hand_hybrid_drift_forward_linear_accel_jump_15pct_window_200ms_to_lead_elbow_back_shoulder_cross,0.5639000000000001,0.6123946236559139,-199.99999999999994,-151.50537634408613,lead_elbow_back_shoulder_cross,drift_forward_accel_jump,4,3,0.5528,0.6556,211.10000000000008,102.8,ok
167_2,0.9944,188.90000000000006,0.9944,188.90000000000006,piecewise_gated_peak_signed_angular_accel_closest_to_191.7ms_among_25pct_peaks,1.0722,111.09999999999998,1.0722,111.09999999999998,piecewise_gated_peak_signed_angular_accel,1.1472,36.10000000000002,1.1472,36.10000000000002,piecewise_gated_peak_signed_angular_accel,1.0056,177.69999999999996,1.0056,177.69999999999996,lead_hand_hybrid_drift_forward_linear_accel_jump_15pct_window_200ms_to_lead_elbow_back_shoulder_cross,0.9833000000000001,1.046490948275862,-199.99999999999994,-136.80905172413804,lead_elbow_back_shoulder_cross,drift_forward_accel_jump,4,3,0.9944,1.0722,188.90000000000006,77.8000000000001,ok
167_3,0.9194,202.8000000000001,0.9194,202.8000000000001,piecewise_gated_peak_signed_angular_accel_closest_to_191.7ms_among_25pct_peaks,1.0083,113.90000000000012,1.0083,113.90000000000012,piecewise_gated_peak_signed_angular_accel,1.075,47.20000000000013,1.075,47.20000000000013,piecewise_gated_peak_signed_angular_accel,0.95,172.20000000000013,0.95,172.20000000000013,lead_hand_hybrid_drift_forward_linear_accel_jump_15pct_window_200ms_to_lead_elbow_back_shoulder_cross,0.9222000000000001,0.9896485148514851,-199.99999999999994,-132.551485148515,lead_elbow_back_shoulder_cross,drift_forward_accel_jump,4,3,0.9194,1.0083,202.8000000000001,88.89999999999998,ok
167_4,1.2028,208.29999999999993,1.2028,208.29999999999993,piecewise_gated_peak_signed_angular_accel_closest_to_191.7ms_among_25pct_peaks,1.2944,116.70000000000003,1.2944,116.70000000000003,piecewise_gated_peak_signed_angular_accel,1.3556,55.50000000000011,1.3556,55.50000000000011,piecewise_gated_peak_signed_angular_accel,1.225,186.09999999999994,1.225,186.09999999999994,lead_hand_hybrid_drift_forward_linear_accel_jump_15pct_window_200ms_to_lead_elbow_back_shoulder_cross,1.2111,1.2722,-199.99999999999994,-138.90000000000003,lead_elbow_back_shoulder_cross,drift_forward_accel_jump,4,3,1.2028,1.2944,208.29999999999993,91.59999999999991,ok
167_5,0.9556,125.0,0.9556,125.0,piecewise_gated_peak_signed_angular_accel_closest_to_191.7ms_among_25pct_peaks,0.9667,113.9,0.9667,113.9,piecewise_gated_peak_signed_angular_accel,1.0333,47.2999999999999,1.0333,47.2999999999999,piecewise_gated_peak_signed_angular_accel,0.8806,199.99999999999994,0.8806,199.99999999999994,lead_hand_hybrid_drift_forward_linear_accel_jump_15pct_window_200ms_to_lead_elbow_back_shoulder_cross,0.8806,0.9405511700468018,-199.99999999999994,-140.04882995319824,lead_elbow_back_shoulder_cross,drift_forward_accel_jump,4,3,0.8806,0.9667,199.99999999999994,86.09999999999995,ok
167_6,0.9944,194.5000000000001,0.9944,194.5000000000001,piecewise_gated_peak_signed_angular_accel_closest_to_191.7ms_among_25pct_peaks,1.0806,108.30000000000007,1.0806,108.30000000000007,piecewise_gated_peak_signed_angular_accel,1.1417,47.20000000000013,1.1417,47.20000000000013,piecewise_gated_peak_signed_angular_accel,1.0361,152.80000000000004,1.0361,152.80000000000004,lead_hand_hybrid_drift_forward_linear_accel_jump_15pct_window_200ms_to_lead_wrist_back_shoulder_cross,0.9889000000000001,1.1020749668874172,-199.99999999999994,-86.82503311258283,lead_wrist_back_shoulder_cross,drift_forward_accel_jump,4,3,0.9944,1.0806,194.5000000000001,86.20000000000006,ok
167_7,0.9972,213.9000000000001,0.9972,213.9000000000001,piecewise_gated_peak_signed_angular_accel_closest_to_191.7ms_among_25pct_peaks,1.0972,113.90000000000012,1.0972,113.90000000000012,piecewise_gated_peak_signed_angular_accel,1.1639,47.20000000000013,1.1639,47.20000000000013,piecewise_gated_peak_signed_angular_accel,1.025,186.10000000000016,1.025,186.10000000000016,lead_hand_hybrid_drift_forward_linear_accel_jump_15pct_window_200ms_to_lead_elbow_back_shoulder_cross,1.0111,1.0669312749003983,-199.99999999999994,-144.16872509960177,lead_elbow_back_shoulder_cross,drift_forward_accel_jump,4,3,0.9972,1.0972,213.9000000000001,99.99999999999997,ok
167_8,0.8611,208.29999999999993,0.8611,208.29999999999993,piecewise_gated_peak_signed_angular_accel_closest_to_191.7ms_among_25pct_peaks,0.9611,108.29999999999995,0.9611,108.29999999999995,piecewise_gated_peak_signed_angular_accel,1.0194,49.99999999999982,1.0194,49.99999999999982,piecewise_gated_peak_signed_angular_accel,0.8889,180.4999999999999,0.8889,180.4999999999999,lead_hand_hybrid_drift_forward_linear_accel_jump_15pct_window_200ms_to_lead_elbow_back_shoulder_cross,0.8694,0.9265484098939929,-199.99999999999994,-142.851590106007,lead_elbow_back_shoulder_cross,drift_forward_accel_jump,4,3,0.8611,0.9611,208.29999999999993,99.99999999999997,ok
17_1,0.9167,191.6000000000001,0.9167,191.6000000000001,piecewise_gated_peak_signed_angular_accel_closest_to_191.7ms_among_25pct_peaks,1.0056,102.70000000000002,1.0056,102.70000000000002,piecewise_gated_peak_signed_angular_accel,1.0778,30.49999999999997,1.0778,30.49999999999997,piecewise_gated_peak_signed_angular_accel,,,,,not_detected,0.9083000000000001,1.0123884639898024,-199.99999999999994,-95.91153601019764,lead_wrist_back_shoulder_cross,not_detected,3,2,0.9167,1.0056,191.6000000000001,88.90000000000009,few_initiation_segments_detected
17_2,1.0056,186.09999999999994,1.0056,186.09999999999994,piecewise_gated_peak_signed_angular_accel_closest_to_191.7ms_among_25pct_peaks,1.0806,111.09999999999998,1.0806,111.09999999999998,piecewise_gated_peak_signed_angular_accel,1.1583,33.39999999999988,1.1583,33.39999999999988,piecewise_gated_peak_signed_angular_accel,,,,,not_detected,0.9917,1.0827456703910614,-199.99999999999994,-108.95432960893858,lead_wrist_back_shoulder_cross,not_detected,3,2,1.0056,1.0806,186.09999999999994,74.99999999999996,few_initiation_segments_detected
17_3,1.1944,188.90000000000006,1.1944,188.90000000000006,piecewise_gated_peak_signed_angular_accel_closest_to_191.7ms_among_25pct_peaks,1.2861,97.19999999999996,1.2861,97.19999999999996,piecewise_gated_peak_signed_angular_accel,1.3528,30.49999999999997,1.3528,30.49999999999997,piecewise_gated_peak_signed_angular_accel,,,,,not_detected,1.1833,1.2870501625775939,-199.99999999999994,-96.24983742240612,lead_wrist_back_shoulder_cross,not_detected,3,2,1.1944,1.2861,188.90000000000006,91.70000000000012,few_initiation_segments_detected
17_4,1.1556,199.99999999999994,1.1556,199.99999999999994,piecewise_gated_peak_signed_angular_accel_closest_to_191.7ms_among_25pct_peaks,1.2556,99.99999999999987,1.2556,99.99999999999987,piecewise_gated_peak_signed_angular_accel,1.325,30.59999999999996,1.325,30.59999999999996,piecewise_gated_peak_signed_angular_accel,,,,,not_detected,1.1556,1.2520175392670156,-199.99999999999994,-103.58246073298427,lead_wrist_back_shoulder_cross,not_detected,3,2,1.1556,1.2556,199.99999999999994,100.00000000000009,few_initiation_segments_detected
17_5,1.0444,197.30000000000004,1.0444,197.30000000000004,piecewise_gated_peak_signed_angular_accel_closest_to_191.7ms_among_25pct_peaks,1.1111,130.60000000000005,1.1111,130.60000000000005,piecewise_gated_peak_signed_angular_accel,1.2139,27.800000000000047,1.2139,27.800000000000047,piecewise_gated_peak_signed_angular_accel,1.0417,199.99999999999994,1.0417,199.99999999999994,lead_hand_hybrid_drift_forward_linear_accel_jump_15pct_window_200ms_to_lead_wrist_back_shoulder_cross,1.0417,1.1333340736233648,-199.99999999999994,-108.36592637663523,lead_wrist_back_shoulder_cross,drift_forward_accel_jump,4,3,1.0417,1.1111,199.99999999999994,69.3999999999999,ok
174_1,0.9194,177.79999999999995,0.9194,177.79999999999995,piecewise_gated_peak_signed_angular_accel_closest_to_191.7ms_among_25pct_peaks,0.9806,116.59999999999992,0.9806,116.59999999999992,piecewise_gated_peak_signed_angular_accel,1.0694,27.800000000000047,1.0694,27.800000000000047,piecewise_gated_peak_signed_angular_accel,,,,,not_detected,0.8972,0.9488407914764079,-199.99999999999994,-148.3592085235921,lead_elbow_back_shoulder_cross,not_detected,3,2,0.9194,0.9806,177.79999999999995,61.20000000000003,few_initiation_segments_detected
174_2,0.8556,177.70000000000007,0.8556,177.70000000000007,piecewise_gated_peak_signed_angular_accel_closest_to_191.7ms_among_25pct_peaks,0.9306,102.70000000000013,0.9306,102.70000000000013,piecewise_gated_peak_signed_angular_accel,0.8833,150.00000000000014,0.8833,150.00000000000014,piecewise_gated_peak_signed_angular_accel,,,,,not_detected,0.8333000000000002,0.896057946554149,-199.99999999999994,-137.24205344585104,lead_elbow_back_shoulder_cross,not_detected,3,2,0.8556,0.9306,177.70000000000007,74.99999999999996,few_initiation_segments_detected
174_3,0.9861,180.60000000000008,0.9861,180.60000000000008,piecewise_gated_peak_signed_angular_accel_closest_to_191.7ms_among_25pct_peaks,1.0056,161.10000000000002,1.0056,161.10000000000002,piecewise_gated_peak_signed_angular_accel,1.1278,38.900000000000155,1.1278,38.900000000000155,piecewise_gated_peak_signed_angular_accel,,,,,not_detected,0.9667000000000001,1.0014,-199.99999999999994,-165.3,lead_elbow_back_shoulder_cross,not_detected,3,2,0.9861,1.0056,180.60000000000008,19.50000000000007,few_initiation_segments_detected
174_4,0.7972,183.4,0.7972,183.4,piecewise_gated_peak_signed_angular_accel_closest_to_191.7ms_among_25pct_peaks,0.8556,125.0,0.8556,125.0,piecewise_gated_peak_signed_angular_accel,0.95,30.600000000000072,0.95,30.600000000000072,piecewise_gated_peak_signed_angular_accel,0.7806,200.00000000000006,0.7806,200.00000000000006,lead_hand_hybrid_drift_forward_linear_accel_jump_15pct_window_200ms_to_lead_elbow_back_shoulder_cross,0.7806,0.8440053846153847,-200.00000000000006,-136.59461538461537,lead_elbow_back_shoulder_cross,drift_forward_accel_jump,4,3,0.7806,0.8556,200.00000000000006,75.00000000000007,ok
174_5,0.6889,191.7000000000001,0.6889,191.7000000000001,piecewise_gated_peak_signed_angular_accel_closest_to_191.7ms_among_25pct_peaks,0.7361,144.50000000000009,0.7361,144.50000000000009,piecewise_gated_peak_signed_angular_accel,0.7139,166.70000000000007,0.7139,166.70000000000007,piecewise_gated_peak_signed_angular_accel,,,,,not_detected,0.6806000000000001,0.7264640677966101,-199.99999999999994,-154.13593220338996,lead_elbow_back_shoulder_cross,not_detected,3,2,0.6889,0.7361,191.7000000000001,47.20000000000002,few_initiation_segments_detected
174_6,0.7917,188.90000000000006,0.7917,188.90000000000006,piecewise_gated_peak_signed_angular_accel_closest_to_191.7ms_among_25pct_peaks,0.8722,108.40000000000005,0.8722,108.40000000000005,piecewise_gated_peak_signed_angular_accel,0.9417,38.90000000000005,0.9417,38.90000000000005,piecewise_gated_peak_signed_angular_accel,0.7806,200.00000000000006,0.7806,200.00000000000006,lead_hand_hybrid_drift_forward_linear_accel_jump_15pct_window_200ms_to_lead_elbow_back_shoulder_cross,0.7806,0.8439528125000001,-200.00000000000006,-136.64718749999994,lead_elbow_back_shoulder_cross,drift_forward_accel_jump,4,3,0.7806,0.8722,200.00000000000006,91.60000000000001,ok
174_7,1.3194,191.70000000000022,1.3194,191.70000000000022,piecewise_gated_peak_signed_angular_accel_closest_to_191.7ms_among_25pct_peaks,1.4028,108.30000000000007,1.4028,108.30000000000007,piecewise_gated_peak_signed_angular_accel,1.475,36.10000000000002,1.475,36.10000000000002,piecewise_gated_peak_signed_angular_accel,1.3194,191.70000000000022,1.3194,191.70000000000022,lead_hand_hybrid_drift_forward_linear_accel_jump_15pct_window_200ms_to_lead_elbow_back_shoulder_cross,1.3111000000000002,1.3767300343642612,-199.99999999999994,-134.36996563573888,lead_elbow_back_shoulder_cross,drift_forward_accel_jump,4,3,1.3194,1.4028,191.70000000000022,83.40000000000015,ok
174_8,0.7806,211.10000000000008,0.7806,211.10000000000008,piecewise_gated_peak_signed_angular_accel_closest_to_191.7ms_among_25pct_peaks,0.8694,122.30000000000007,0.8694,122.30000000000007,piecewise_gated_peak_signed_angular_accel,0.9139,77.79999999999998,0.9139,77.79999999999998,piecewise_gated_peak_signed_angular_accel,,,,,not_detected,0.7917000000000001,0.8458188739095955,-199.99999999999994,-145.88112609040448,lead_elbow_back_shoulder_cross,not_detected,3,2,0.7806,0.8694,211.10000000000008,88.79999999999998,few_initiation_segments_detected
178_1,1.0361,202.79999999999987,1.0361,202.79999999999987,piecewise_gated_peak_signed_angular_accel_closest_to_191.7ms_among_25pct_peaks,1.125,113.89999999999989,1.125,113.89999999999989,piecewise_gated_peak_signed_angular_accel,1.1806,58.2999999999998,1.1806,58.2999999999998,piecewise_gated_peak_signed_angular_accel,,,,,not_detected,1.0389,1.1518436153441933,-199.99999999999994,-87.05638465580657,lead_wrist_back_shoulder_cross,not_detected,3,2,1.0361,1.125,202.79999999999987,88.89999999999998,few_initiation_segments_detected
178_2,1.1444,191.7,1.1444,191.7,piecewise_gated_peak_signed_angular_accel_closest_to_191.7ms_among_25pct_peaks,1.2167,119.40000000000018,1.2167,119.40000000000018,piecewise_gated_peak_signed_angular_accel,1.275,61.10000000000015,1.275,61.10000000000015,piecewise_gated_peak_signed_angular_accel,,,,,not_detected,1.1361,1.2373127562642368,-199.99999999999994,-98.78724373576331,lead_wrist_back_shoulder_cross,not_detected,3,2,1.1444,1.2167,191.7,72.29999999999981,few_initiation_segments_detected
178_3,1.0972,205.6,1.0972,205.6,piecewise_gated_peak_signed_angular_accel_closest_to_191.7ms_among_25pct_peaks,1.1889,113.89999999999989,1.1889,113.89999999999989,piecewise_gated_peak_signed_angular_accel,1.2389,63.90000000000007,1.2389,63.90000000000007,piecewise_gated_peak_signed_angular_accel,,,,,not_detected,1.1028,1.2128659813084113,-199.99999999999994,-89.93401869158868,lead_wrist_back_shoulder_cross,not_detected,3,2,1.0972,1.1889,205.6,91.70000000000012,few_initiation_segments_detected
178_4,1.3722,208.39999999999992,1.3722,208.39999999999992,piecewise_gated_peak_signed_angular_accel_closest_to_191.7ms_among_25pct_peaks,1.4639,116.70000000000003,1.4639,116.70000000000003,piecewise_gated_peak_signed_angular_accel,1.5111,69.4999999999999,1.5111,69.4999999999999,piecewise_gated_peak_signed_angular_accel,1.3972,183.4,1.3972,183.4,lead_hand_hybrid_drift_forward_linear_accel_jump_15pct_window_200ms_to_lead_wrist_back_shoulder_cross,1.3806,1.490434522040614,-199.99999999999994,-90.1654779593859,lead_wrist_back_shoulder_cross,drift_forward_accel_jump,4,3,1.3722,1.4639,208.39999999999992,91.69999999999989,ok
178_5,1.1806,194.39999999999992,1.1806,194.39999999999992,piecewise_gated_peak_signed_angular_accel_closest_to_191.7ms_among_25pct_peaks,1.2222,152.80000000000004,1.2222,152.80000000000004,piecewise_gated_peak_signed_angular_accel,1.2889,86.10000000000007,1.2889,86.10000000000007,piecewise_gated_peak_signed_angular_accel,,,,,not_detected,1.175,1.2825663660955817,-199.99999999999994,-92.43363390441827,lead_wrist_back_shoulder_cross,not_detected,3,2,1.1806,1.2222,194.39999999999992,41.59999999999986,few_initiation_segments_detected
178_6,1.0778,208.29999999999993,1.0778,208.29999999999993,piecewise_gated_peak_signed_angular_accel_closest_to_191.7ms_among_25pct_peaks,1.1722,113.90000000000012,1.1722,113.90000000000012,piecewise_gated_peak_signed_angular_accel,1.225,61.09999999999993,1.225,61.09999999999993,piecewise_gated_peak_signed_angular_accel,,,,,not_detected,1.0861,1.1955996889580094,-199.99999999999994,-90.50031104199063,lead_wrist_back_shoulder_cross,not_detected,3,2,1.0778,1.1722,208.29999999999993,94.39999999999982,few_initiation_segments_detected
178_7,1.4361,216.7000000000001,1.4361,216.7000000000001,piecewise_gated_peak_signed_angular_accel_closest_to_191.7ms_among_25pct_peaks,1.5333,119.49999999999994,1.5333,119.49999999999994,piecewise_gated_peak_signed_angular_accel,1.5667,86.10000000000007,1.5667,86.10000000000007,piecewise_gated_peak_signed_angular_accel,1.4556,197.20000000000005,1.4556,197.20000000000005,lead_hand_hybrid_drift_forward_linear_accel_jump_15pct_window_200ms_to_lead_wrist_back_shoulder_cross,1.4528,1.5518263245956498,-199.99999999999994,-100.9736754043502,lead_wrist_back_shoulder_cross,drift_forward_accel_jump,4,3,1.4361,1.5333,216.7000000000001,97.20000000000017,ok
178_8,1.6194,191.7,1.6194,191.7,piecewise_gated_peak_signed_angular_accel_closest_to_191.7ms_among_25pct_peaks,1.6639,147.2,1.6639,147.2,piecewise_gated_peak_signed_angular_accel,1.7389,72.20000000000005,1.7389,72.20000000000005,piecewise_gated_peak_signed_angular_accel,1.6111,199.99999999999994,1.6111,199.99999999999994,lead_hand_hybrid_drift_forward_linear_accel_jump_15pct_window_200ms_to_lead_wrist_back_shoulder_cross,1.6111,1.7114978761061947,-199.99999999999994,-99.60212389380519,lead_wrist_back_shoulder_cross,drift_forward_accel_jump,4,3,1.6111,1.6639,199.99999999999994,52.799999999999955,ok
179_1,1.7222,202.8000000000001,1.7222,202.8000000000001,piecewise_gated_peak_signed_angular_accel_closest_to_191.7ms_among_25pct_peaks,1.7806,144.4000000000001,1.7806,144.4000000000001,piecewise_gated_peak_signed_angular_accel,1.8917,33.30000000000011,1.8917,33.30000000000011,piecewise_gated_peak_signed_angular_accel,1.725,199.99999999999994,1.725,199.99999999999994,lead_hand_hybrid_drift_forward_linear_accel_jump_15pct_window_200ms_to_lead_elbow_back_shoulder_cross,1.725,1.7976556140350877,-199.99999999999994,-127.34438596491238,lead_elbow_back_shoulder_cross,drift_forward_accel_jump,4,3,1.7222,1.7806,202.8000000000001,58.400000000000006,ok
179_2,0.8917,194.4,0.8917,194.4,piecewise_gated_peak_signed_angular_accel_closest_to_191.7ms_among_25pct_peaks,0.95,136.1000000000001,0.95,136.1000000000001,piecewise_gated_peak_signed_angular_accel,1.0,86.10000000000007,1.0,86.10000000000007,piecewise_gated_peak_signed_angular_accel,0.8917,194.4,0.8917,194.4,lead_hand_hybrid_drift_forward_linear_accel_jump_15pct_window_200ms_to_lead_elbow_back_shoulder_cross,0.8861000000000001,0.9631697406340057,-199.99999999999994,-122.93025936599433,lead_elbow_back_shoulder_cross,drift_forward_accel_jump,4,3,0.8917,0.95,194.4,58.299999999999905,ok
179_3,1.1333,183.4,1.1333,183.4,piecewise_gated_peak_signed_angular_accel_closest_to_191.7ms_among_25pct_peaks,1.1667,149.99999999999991,1.1667,149.99999999999991,piecewise_gated_peak_signed_angular_accel,1.2778,38.899999999999935,1.2778,38.899999999999935,piecewise_gated_peak_signed_angular_accel,1.1167,199.99999999999994,1.1167,199.99999999999994,lead_hand_hybrid_drift_forward_linear_accel_jump_15pct_window_200ms_to_lead_elbow_back_shoulder_cross,1.1167,1.1825625550660794,-199.99999999999994,-134.13744493392053,lead_elbow_back_shoulder_cross,drift_forward_accel_jump,4,3,1.1167,1.1667,199.99999999999994,50.00000000000004,ok
179_4,0.7806,213.79999999999998,0.7806,213.79999999999998,piecewise_gated_peak_signed_angular_accel_closest_to_191.7ms_among_25pct_peaks,0.8556,138.79999999999993,0.8556,138.79999999999993,piecewise_gated_peak_signed_angular_accel,0.9111,83.29999999999993,0.9111,83.29999999999993,piecewise_gated_peak_signed_angular_accel,0.7944,199.99999999999994,0.7944,199.99999999999994,lead_hand_hybrid_drift_forward_linear_accel_jump_15pct_window_200ms_to_lead_elbow_back_shoulder_cross,0.7944,0.875016231884058,-199.99999999999994,-119.38376811594198,lead_elbow_back_shoulder_cross,drift_forward_accel_jump,4,3,0.7806,0.8556,213.79999999999998,75.00000000000007,ok
179_5,1.2083,211.10000000000008,1.2083,211.10000000000008,piecewise_gated_peak_signed_angular_accel_closest_to_191.7ms_among_25pct_peaks,1.2667,152.70000000000005,1.2667,152.70000000000005,piecewise_gated_peak_signed_angular_accel,1.325,94.40000000000003,1.325,94.40000000000003,piecewise_gated_peak_signed_angular_accel,1.2306,188.80000000000007,1.2306,188.80000000000007,lead_hand_hybrid_drift_forward_linear_accel_jump_15pct_window_200ms_to_lead_elbow_back_shoulder_cross,1.2194,1.2830069118298628,-199.99999999999994,-136.3930881701372,lead_elbow_back_shoulder_cross,drift_forward_accel_jump,4,3,1.2083,1.2667,211.10000000000008,58.400000000000006,ok
179_6,1.1667,169.4,1.1667,169.4,piecewise_gated_peak_signed_angular_accel_closest_to_191.7ms_among_25pct_peaks,1.1833,152.80000000000004,1.1833,152.80000000000004,piecewise_gated_peak_signed_angular_accel,1.2972,38.900000000000155,1.2972,38.900000000000155,piecewise_gated_peak_signed_angular_accel,1.1389,197.20000000000005,1.1389,197.20000000000005,lead_hand_hybrid_drift_forward_linear_accel_jump_15pct_window_200ms_to_lead_elbow_back_shoulder_cross,1.1361,1.1982069634200088,-199.99999999999994,-137.8930365799913,lead_elbow_back_shoulder_cross,drift_forward_accel_jump,4,3,1.1389,1.1833,197.20000000000005,44.39999999999999,ok
179_7,0.6417,222.19999999999996,0.6417,222.19999999999996,piecewise_gated_peak_signed_angular_accel_closest_to_191.7ms_among_25pct_peaks,0.7278,136.1,0.7278,136.1,piecewise_gated_peak_signed_angular_accel,0.8278,36.10000000000002,0.8278,36.10000000000002,piecewise_gated_peak_signed_angular_accel,0.6667,197.20000000000005,0.6667,197.20000000000005,lead_hand_hybrid_drift_forward_linear_accel_jump_15pct_window_200ms_to_lead_elbow_back_shoulder_cross,0.6638999999999999,0.7374128113879004,-200.00000000000006,-126.48718861209962,lead_elbow_back_shoulder_cross,drift_forward_accel_jump,4,3,0.6417,0.7278,222.19999999999996,86.09999999999995,ok
180_1,1.0361,163.89999999999992,1.0361,163.89999999999992,piecewise_gated_peak_signed_angular_accel_closest_to_191.7ms_among_25pct_peaks,1.0917,108.30000000000007,1.0917,108.30000000000007,piecewise_gated_peak_signed_angular_accel,1.0667,133.29999999999998,1.0667,133.29999999999998,piecewise_gated_peak_signed_angular_accel,1.0028,197.20000000000005,1.0028,197.20000000000005,lead_hand_hybrid_drift_forward_linear_accel_jump_15pct_window_200ms_to_lead_elbow_back_shoulder_cross,1.0,1.0603458112407211,-199.99999999999994,-139.6541887592788,lead_elbow_back_shoulder_cross,drift_forward_accel_jump,4,3,1.0028,1.0917,197.20000000000005,88.89999999999998,ok
180_2,0.7694,213.89999999999998,0.7694,213.89999999999998,piecewise_gated_peak_signed_angular_accel_closest_to_191.7ms_among_25pct_peaks,0.8694,113.9,0.8694,113.9,piecewise_gated_peak_signed_angular_accel,0.8556,127.69999999999993,0.8556,127.69999999999993,piecewise_gated_peak_signed_angular_accel,0.7833,199.99999999999994,0.7833,199.99999999999994,lead_hand_hybrid_drift_forward_linear_accel_jump_15pct_window_200ms_to_lead_elbow_back_shoulder_cross,0.7832999999999999,0.8572944333996023,-200.00000000000006,-126.00556660039763,lead_elbow_back_shoulder_cross,drift_forward_accel_jump,4,3,0.7694,0.8694,213.89999999999998,99.99999999999997,ok
180_3,1.1222,202.79999999999987,1.1222,202.79999999999987,piecewise_gated_peak_signed_angular_accel_closest_to_191.7ms_among_25pct_peaks,1.2056,119.39999999999995,1.2056,119.39999999999995,piecewise_gated_peak_signed_angular_accel,1.1944,130.60000000000005,1.1944,130.60000000000005,piecewise_gated_peak_signed_angular_accel,1.125,199.99999999999994,1.125,199.99999999999994,lead_hand_hybrid_drift_forward_linear_accel_jump_15pct_window_200ms_to_lead_elbow_back_shoulder_cross,1.125,1.1942171213546566,-199.99999999999994,-130.78287864534332,lead_elbow_back_shoulder_cross,drift_forward_accel_jump,4,3,1.1222,1.2056,202.79999999999987,83.39999999999992,ok
180_4,1.0806,202.7000000000001,1.0806,202.7000000000001,piecewise_gated_peak_signed_angular_accel_closest_to_191.7ms_among_25pct_peaks,1.1694,113.90000000000012,1.1694,113.90000000000012,piecewise_gated_peak_signed_angular_accel,1.1556,127.70000000000014,1.1556,127.70000000000014,piecewise_gated_peak_signed_angular_accel,1.0861,197.20000000000005,1.0861,197.20000000000005,lead_hand_hybrid_drift_forward_linear_accel_jump_15pct_window_200ms_to_lead_elbow_back_shoulder_cross,1.0833000000000002,1.157397313432836,-199.99999999999994,-125.9026865671642,lead_elbow_back_shoulder_cross,drift_forward_accel_jump,4,3,1.0806,1.1694,202.7000000000001,88.79999999999998,ok
180_5,1.1111,213.89999999999998,1.1111,213.89999999999998,piecewise_gated_peak_signed_angular_accel_closest_to_191.7ms_among_25pct_peaks,1.2028,122.19999999999986,1.2028,122.19999999999986,piecewise_gated_peak_signed_angular_accel,1.1917,133.29999999999998,1.1917,133.29999999999998,piecewise_gated_peak_signed_angular_accel,1.125,199.99999999999994,1.125,199.99999999999994,lead_hand_hybrid_drift_forward_linear_accel_jump_15pct_window_200ms_to_lead_elbow_back_shoulder_cross,1.125,1.1951892753623188,-199.99999999999994,-129.81072463768118,lead_elbow_back_shoulder_cross,drift_forward_accel_jump,4,3,1.1111,1.2028,213.89999999999998,91.70000000000012,ok
180_6,0.8611,208.29999999999993,0.8611,208.29999999999993,piecewise_gated_peak_signed_angular_accel_closest_to_191.7ms_among_25pct_peaks,0.9528,116.59999999999992,0.9528,116.59999999999992,piecewise_gated_peak_signed_angular_accel,0.9333,136.09999999999988,0.9333,136.09999999999988,piecewise_gated_peak_signed_angular_accel,0.8694,199.99999999999994,0.8694,199.99999999999994,lead_hand_hybrid_drift_forward_linear_accel_jump_15pct_window_200ms_to_lead_elbow_back_shoulder_cross,0.8694,0.9515001544004117,-199.99999999999994,-117.89984559958822,lead_elbow_back_shoulder_cross,drift_forward_accel_jump,4,3,0.8611,0.9528,208.29999999999993,91.7,ok
180_7,0.8861,158.29999999999998,0.8861,158.29999999999998,piecewise_gated_peak_signed_angular_accel_closest_to_191.7ms_among_25pct_peaks,0.9167,127.70000000000003,0.9167,127.70000000000003,piecewise_gated_peak_signed_angular_accel,0.9056,138.80000000000004,0.9056,138.80000000000004,piecewise_gated_peak_signed_angular_accel,0.8444,199.99999999999994,0.8444,199.99999999999994,lead_hand_hybrid_drift_forward_linear_accel_jump_15pct_window_200ms_to_lead_elbow_back_shoulder_cross,0.8444,0.9116444945267225,-199.99999999999994,-132.75550547327754,lead_elbow_back_shoulder_cross,drift_forward_accel_jump,4,3,0.8444,0.9167,199.99999999999994,72.29999999999993,ok
180_8,0.75,211.09999999999997,0.75,211.09999999999997,piecewise_gated_peak_signed_angular_accel_closest_to_191.7ms_among_25pct_peaks,0.8417,119.39999999999995,0.8417,119.39999999999995,piecewise_gated_peak_signed_angular_accel,0.8222,138.89999999999992,0.8222,138.89999999999992,piecewise_gated_peak_signed_angular_accel,0.7611,199.99999999999994,0.7611,199.99999999999994,lead_hand_hybrid_drift_forward_linear_accel_jump_15pct_window_200ms_to_lead_elbow_back_shoulder_cross,0.7610999999999999,0.8379813519813519,-200.00000000000006,-123.11864801864803,lead_elbow_back_shoulder_cross,drift_forward_accel_jump,4,3,0.75,0.8417,211.09999999999997,91.7,ok
181_1,1.0139,202.79999999999987,1.0139,202.79999999999987,piecewise_gated_peak_signed_angular_accel_closest_to_191.7ms_among_25pct_peaks,1.0833,133.39999999999998,1.0833,133.39999999999998,piecewise_gated_peak_signed_angular_accel,1.1778,38.899999999999935,1.1778,38.899999999999935,piecewise_gated_peak_signed_angular_accel,,,,,not_detected,1.0167,1.0857025628388368,-199.99999999999994,-130.99743716116308,lead_elbow_back_shoulder_cross,not_detected,3,2,1.0139,1.0833,202.79999999999987,69.3999999999999,few_initiation_segments_detected
181_2,0.6944,202.79999999999998,0.6944,202.79999999999998,piecewise_gated_peak_signed_angular_accel_closest_to_191.7ms_among_25pct_peaks,0.7639,133.29999999999998,0.7639,133.29999999999998,piecewise_gated_peak_signed_angular_accel,0.8639,33.3,0.8639,33.3,piecewise_gated_peak_signed_angular_accel,,,,,not_detected,0.6972,0.764141134751773,-199.99999999999994,-133.05886524822697,lead_elbow_back_shoulder_cross,not_detected,3,2,0.6944,0.7639,202.79999999999998,69.5,few_initiation_segments_detected
181_3,0.6694,208.40000000000003,0.6694,208.40000000000003,piecewise_gated_peak_signed_angular_accel_closest_to_191.7ms_among_25pct_peaks,0.7444,133.40000000000006,0.7444,133.40000000000006,piecewise_gated_peak_signed_angular_accel,0.7472,130.60000000000005,0.7472,130.60000000000005,piecewise_gated_peak_signed_angular_accel,,,,,not_detected,0.6778,0.7466331288343558,-200.00000000000006,-131.16687116564418,lead_elbow_back_shoulder_cross,not_detected,3,2,0.6694,0.7444,208.40000000000003,74.99999999999996,few_initiation_segments_detected
181_4,0.7583,205.6,0.7583,205.6,piecewise_gated_peak_signed_angular_accel_closest_to_191.7ms_among_25pct_peaks,0.8028,161.10000000000002,0.8028,161.10000000000002,piecewise_gated_peak_signed_angular_accel,0.9278,36.10000000000002,0.9278,36.10000000000002,piecewise_gated_peak_signed_angular_accel,,,,,not_detected,0.7639,0.8356728813559322,-199.99999999999994,-128.2271186440678,lead_elbow_back_shoulder_cross,not_detected,3,2,0.7583,0.8028,205.6,44.499999999999986,few_initiation_segments_detected
181_5,0.7556,205.49999999999991,0.7556,205.49999999999991,piecewise_gated_peak_signed_angular_accel_closest_to_191.7ms_among_25pct_peaks,0.8056,155.49999999999997,0.8056,155.49999999999997,piecewise_gated_peak_signed_angular_accel,0.9278,33.3,0.9278,33.3,piecewise_gated_peak_signed_angular_accel,,,,,not_detected,0.7610999999999999,0.83189715750233,-200.00000000000006,-129.20284249767,lead_elbow_back_shoulder_cross,not_detected,3,2,0.7556,0.8056,205.49999999999991,49.999999999999936,few_initiation_segments_detected
181_6,1.2222,166.70000000000007,1.2222,166.70000000000007,piecewise_gated_peak_signed_angular_accel_closest_to_191.7ms_among_25pct_peaks,1.2194,169.49999999999997,1.2194,169.49999999999997,piecewise_gated_peak_signed_angular_accel,1.3028,86.10000000000007,1.3028,86.10000000000007,piecewise_gated_peak_signed_angular_accel,,,,,not_detected,1.1889,1.262673253493014,-199.99999999999994,-126.22674650698596,lead_elbow_back_shoulder_cross,not_detected,3,2,1.2194,1.2222,169.49999999999997,2.7999999999999137,few_initiation_segments_detected
181_7,1.0556,205.50000000000003,1.0556,205.50000000000003,piecewise_gated_peak_signed_angular_accel_closest_to_191.7ms_among_25pct_peaks,1.1,161.10000000000002,1.1,161.10000000000002,piecewise_gated_peak_signed_angular_accel,1.1806,80.50000000000001,1.1806,80.50000000000001,piecewise_gated_peak_signed_angular_accel,,,,,not_detected,1.0611000000000002,1.125918525431638,-199.99999999999994,-135.18147456836215,lead_elbow_back_shoulder_cross,not_detected,3,2,1.0556,1.1,205.50000000000003,44.39999999999999,few_initiation_segments_detected
181_8,0.8083,205.6,0.8083,205.6,piecewise_gated_peak_signed_angular_accel_closest_to_191.7ms_among_25pct_peaks,0.85,163.90000000000003,0.85,163.90000000000003,piecewise_gated_peak_signed_angular_accel,0.9361,77.79999999999998,0.9361,77.79999999999998,piecewise_gated_peak_signed_angular_accel,,,,,not_detected,0.8139000000000001,0.8929608551068884,-199.99999999999994,-120.93914489311163,lead_elbow_back_shoulder_cross,not_detected,3,2,0.8083,0.85,205.6,41.69999999999996,few_initiation_segments_detected
185_1,0.8722,177.80000000000007,0.8722,177.80000000000007,piecewise_gated_peak_signed_angular_accel_closest_to_191.7ms_among_25pct_peaks,0.9306,119.40000000000006,0.9306,119.40000000000006,piecewise_gated_peak_signed_angular_accel,0.9333,116.70000000000003,0.9333,116.70000000000003,piecewise_gated_peak_signed_angular_accel,0.8583,191.7000000000001,0.8583,191.7000000000001,lead_hand_hybrid_drift_forward_linear_accel_jump_15pct_window_200ms_to_lead_wrist_back_shoulder_cross,0.8500000000000001,0.9515404814004376,-199.99999999999994,-98.45951859956247,lead_wrist_back_shoulder_cross,drift_forward_accel_jump,4,3,0.8583,0.9306,191.7000000000001,72.30000000000003,ok
185_2,0.8333,188.89999999999995,0.8333,188.89999999999995,piecewise_gated_peak_signed_angular_accel_closest_to_191.7ms_among_25pct_peaks,0.8972,125.0,0.8972,125.0,piecewise_gated_peak_signed_angular_accel,0.9417,80.50000000000001,0.9417,80.50000000000001,piecewise_gated_peak_signed_angular_accel,,,,,not_detected,0.8222,0.9295020396437805,-199.99999999999994,-92.69796035621947,lead_wrist_back_shoulder_cross,not_detected,3,2,0.8333,0.8972,188.89999999999995,63.899999999999956,few_initiation_segments_detected
185_3,1.0139,186.09999999999994,1.0139,186.09999999999994,piecewise_gated_peak_signed_angular_accel_closest_to_191.7ms_among_25pct_peaks,1.0722,127.79999999999991,1.0722,127.79999999999991,piecewise_gated_peak_signed_angular_accel,1.0833,116.70000000000003,1.0833,116.70000000000003,piecewise_gated_peak_signed_angular_accel,,,,,not_detected,1.0,1.0990450771055753,-199.99999999999994,-100.95492289442464,lead_wrist_back_shoulder_cross,not_detected,3,2,1.0139,1.0722,186.09999999999994,58.30000000000002,few_initiation_segments_detected
185_4,1.1444,194.4999999999999,1.1444,194.4999999999999,piecewise_gated_peak_signed_angular_accel_closest_to_191.7ms_among_25pct_peaks,1.1917,147.2,1.1917,147.2,piecewise_gated_peak_signed_angular_accel,1.2611,77.79999999999987,1.2611,77.79999999999987,piecewise_gated_peak_signed_angular_accel,1.1417,197.20000000000005,1.1417,197.20000000000005,lead_hand_hybrid_drift_forward_linear_accel_jump_15pct_window_200ms_to_lead_elbow_back_shoulder_cross,1.1389,1.1836557377049182,-199.99999999999994,-155.24426229508182,lead_elbow_back_shoulder_cross,drift_forward_accel_jump,4,3,1.1417,1.1917,197.20000000000005,50.00000000000004,ok
185_5,1.0889,180.5000000000001,1.0889,180.5000000000001,piecewise_gated_peak_signed_angular_accel_closest_to_191.7ms_among_25pct_peaks,1.1111,158.3000000000001,1.1111,158.3000000000001,piecewise_gated_peak_signed_angular_accel,1.1583,111.09999999999998,1.1583,111.09999999999998,piecewise_gated_peak_signed_angular_accel,1.1,169.4,1.1,169.4,lead_hand_hybrid_drift_forward_linear_accel_jump_15pct_window_200ms_to_lead_wrist_back_shoulder_cross,1.0694000000000001,1.1812515337423313,-199.99999999999994,-88.14846625766882,lead_wrist_back_shoulder_cross,drift_forward_accel_jump,4,3,1.0889,1.1111,180.5000000000001,22.199999999999996,ok
185_6,0.8639,188.89999999999995,0.8639,188.89999999999995,piecewise_gated_peak_signed_angular_accel_closest_to_191.7ms_among_25pct_peaks,0.9306,122.19999999999997,0.9306,122.19999999999997,piecewise_gated_peak_signed_angular_accel,0.9361,116.69999999999992,0.9361,116.69999999999992,piecewise_gated_peak_signed_angular_accel,,,,,not_detected,0.8528,0.9556240379092475,-199.99999999999994,-97.1759620907524,lead_wrist_back_shoulder_cross,not_detected,3,2,0.8639,0.9306,188.89999999999995,66.69999999999999,few_initiation_segments_detected
190_1,1.1694,169.49999999999997,1.1694,169.49999999999997,piecewise_gated_peak_signed_angular_accel_closest_to_191.7ms_among_25pct_peaks,1.2417,97.19999999999996,1.2417,97.19999999999996,piecewise_gated_peak_signed_angular_accel,1.3111,27.800000000000047,1.3111,27.800000000000047,piecewise_gated_peak_signed_angular_accel,,,,,not_detected,1.1389,1.2405986666666666,-199.99999999999994,-98.30133333333335,lead_wrist_back_shoulder_cross,not_detected,3,2,1.1694,1.2417,169.49999999999997,72.30000000000003,few_initiation_segments_detected
190_2,1.2028,177.79999999999995,1.2028,177.79999999999995,piecewise_gated_peak_signed_angular_accel_closest_to_191.7ms_among_25pct_peaks,1.2722,108.40000000000005,1.2722,108.40000000000005,piecewise_gated_peak_signed_angular_accel,1.2583,122.30000000000007,1.2583,122.30000000000007,piecewise_gated_peak_signed_angular_accel,,,,,not_detected,1.1806,1.2781331831831833,-199.99999999999994,-102.4668168168168,lead_wrist_back_shoulder_cross,not_detected,3,2,1.2028,1.2722,177.79999999999995,69.3999999999999,few_initiation_segments_detected
190_3,1.2333,177.79999999999995,1.2333,177.79999999999995,piecewise_gated_peak_signed_angular_accel_closest_to_191.7ms_among_25pct_peaks,1.2944,116.70000000000003,1.2944,116.70000000000003,piecewise_gated_peak_signed_angular_accel,1.375,36.10000000000002,1.375,36.10000000000002,piecewise_gated_peak_signed_angular_accel,,,,,not_detected,1.2111,1.3102651509892398,-199.99999999999994,-100.83484901076022,lead_wrist_back_shoulder_cross,not_detected,3,2,1.2333,1.2944,177.79999999999995,61.09999999999993,few_initiation_segments_detected
190_4,1.0194,169.49999999999997,1.0194,169.49999999999997,piecewise_gated_peak_signed_angular_accel_closest_to_191.7ms_among_25pct_peaks,1.0778,111.09999999999998,1.0778,111.09999999999998,piecewise_gated_peak_signed_angular_accel,1.1556,33.30000000000011,1.1556,33.30000000000011,piecewise_gated_peak_signed_angular_accel,0.9917,197.20000000000005,0.9917,197.20000000000005,lead_hand_hybrid_drift_forward_linear_accel_jump_15pct_window_200ms_to_lead_wrist_back_shoulder_cross,0.9889000000000001,1.0947564136125654,-199.99999999999994,-94.1435863874347,lead_wrist_back_shoulder_cross,drift_forward_accel_jump,4,3,0.9917,1.0778,197.20000000000005,86.10000000000007,ok
190_5,1.3194,172.30000000000013,1.3194,172.30000000000013,piecewise_gated_peak_signed_angular_accel_closest_to_191.7ms_among_25pct_peaks,1.3472,144.50000000000009,1.3472,144.50000000000009,piecewise_gated_peak_signed_angular_accel,1.3917,100.00000000000009,1.3917,100.00000000000009,piecewise_gated_peak_signed_angular_accel,1.2917,199.99999999999994,1.2917,199.99999999999994,lead_hand_hybrid_drift_forward_linear_accel_jump_15pct_window_200ms_to_lead_wrist_back_shoulder_cross,1.2917,1.3903248226950355,-199.99999999999994,-101.37517730496448,lead_wrist_back_shoulder_cross,drift_forward_accel_jump,4,3,1.2917,1.3472,199.99999999999994,55.499999999999886,ok
190_6,1.7778,158.2999999999999,1.7778,158.2999999999999,piecewise_gated_peak_signed_angular_accel_closest_to_191.7ms_among_25pct_peaks,1.7972,138.90000000000003,1.7972,138.90000000000003,piecewise_gated_peak_signed_angular_accel,1.9,36.10000000000002,1.9,36.10000000000002,piecewise_gated_peak_signed_angular_accel,,,,,not_detected,1.7361,1.8401082618366698,-199.99999999999994,-95.99173816333018,lead_wrist_back_shoulder_cross,not_detected,3,2,1.7778,1.7972,158.2999999999999,19.399999999999864,few_initiation_segments_detected
190_7,1.2056,183.3,1.2056,183.3,piecewise_gated_peak_signed_angular_accel_closest_to_191.7ms_among_25pct_peaks,1.2778,111.09999999999998,1.2778,111.09999999999998,piecewise_gated_peak_signed_angular_accel,1.3556,33.30000000000011,1.3556,33.30000000000011,piecewise_gated_peak_signed_angular_accel,,,,,not_detected,1.1889,1.2922710227272727,-199.99999999999994,-96.62897727272734,lead_wrist_back_shoulder_cross,not_detected,3,2,1.2056,1.2778,183.3,72.20000000000005,few_initiation_segments_detected
190_8,1.2,199.99999999999994,1.2,199.99999999999994,piecewise_gated_peak_signed_angular_accel_closest_to_191.7ms_among_25pct_peaks,1.2972,102.8,1.2972,102.8,piecewise_gated_peak_signed_angular_accel,1.3667,33.29999999999988,1.3667,33.29999999999988,piecewise_gated_peak_signed_angular_accel,,,,,not_detected,1.2,1.307123743315508,-199.99999999999994,-92.87625668449184,lead_wrist_back_shoulder_cross,not_detected,3,2,1.2,1.2972,199.99999999999994,97.19999999999996,few_initiation_segments_detected
198_1,0.9306,194.4,0.9306,194.4,piecewise_gated_peak_signed_angular_accel_closest_to_191.7ms_among_25pct_peaks,0.9861,138.90000000000003,0.9861,138.90000000000003,piecewise_gated_peak_signed_angular_accel,1.0889,36.10000000000002,1.0889,36.10000000000002,piecewise_gated_peak_signed_angular_accel,0.9611,163.90000000000003,0.9611,163.90000000000003,lead_hand_hybrid_drift_forward_linear_accel_jump_15pct_window_200ms_to_lead_elbow_back_shoulder_cross,0.925,0.9637218934911242,-199.99999999999994,-161.27810650887574,lead_elbow_back_shoulder_cross,drift_forward_accel_jump,4,3,0.9306,0.9861,194.4,55.49999999999999,ok
198_2,1.2056,186.09999999999994,1.2056,186.09999999999994,piecewise_gated_peak_signed_angular_accel_closest_to_191.7ms_among_25pct_peaks,1.2556,136.09999999999988,1.2556,136.09999999999988,piecewise_gated_peak_signed_angular_accel,1.3611,30.59999999999996,1.3611,30.59999999999996,piecewise_gated_peak_signed_angular_accel,1.1917,199.99999999999994,1.1917,199.99999999999994,lead_hand_hybrid_drift_forward_linear_accel_jump_15pct_window_200ms_to_lead_elbow_back_shoulder_cross,1.1917,1.221592,-199.99999999999994,-170.10799999999992,lead_elbow_back_shoulder_cross,drift_forward_accel_jump,4,3,1.1917,1.2556,199.99999999999994,63.90000000000007,ok
198_3,1.1944,177.80000000000018,1.1944,177.80000000000018,piecewise_gated_peak_signed_angular_accel_closest_to_191.7ms_among_25pct_peaks,1.2333,138.90000000000003,1.2333,138.90000000000003,piecewise_gated_peak_signed_angular_accel,1.3306,41.60000000000008,1.3306,41.60000000000008,piecewise_gated_peak_signed_angular_accel,1.1972,175.00000000000006,1.1972,175.00000000000006,lead_hand_hybrid_drift_forward_linear_accel_jump_15pct_window_200ms_to_lead_elbow_back_shoulder_cross,1.1722000000000001,1.2097838323353294,-199.99999999999994,-162.4161676646707,lead_elbow_back_shoulder_cross,drift_forward_accel_jump,4,3,1.1944,1.2333,177.80000000000018,38.900000000000155,ok
198_4,0.9694,188.90000000000006,0.9694,188.90000000000006,piecewise_gated_peak_signed_angular_accel_closest_to_191.7ms_among_25pct_peaks,1.0194,138.90000000000003,1.0194,138.90000000000003,piecewise_gated_peak_signed_angular_accel,1.1278,30.500000000000192,1.1278,30.500000000000192,piecewise_gated_peak_signed_angular_accel,0.9639,194.40000000000012,0.9639,194.40000000000012,lead_hand_hybrid_drift_forward_linear_accel_jump_15pct_window_200ms_to_lead_elbow_back_shoulder_cross,0.9583000000000002,1.0069912087912087,-199.99999999999994,-151.30879120879138,lead_elbow_back_shoulder_cross,drift_forward_accel_jump,4,3,0.9639,1.0194,194.40000000000012,55.50000000000011,ok
198_5,1.3306,202.7000000000001,1.3306,202.7000000000001,piecewise_gated_peak_signed_angular_accel_closest_to_191.7ms_among_25pct_peaks,1.3917,141.60000000000016,1.3917,141.60000000000016,piecewise_gated_peak_signed_angular_accel,1.5028,30.500000000000192,1.5028,30.500000000000192,piecewise_gated_peak_signed_angular_accel,1.3417,191.60000000000022,1.3417,191.60000000000022,lead_hand_hybrid_drift_forward_linear_accel_jump_15pct_window_200ms_to_lead_elbow_back_shoulder_cross,1.3333000000000002,1.3706583747927032,-199.99999999999994,-162.64162520729687,lead_elbow_back_shoulder_cross,drift_forward_accel_jump,4,3,1.3306,1.3917,202.7000000000001,61.09999999999993,ok
198_6,0.8556,194.4,0.8556,194.4,piecewise_gated_peak_signed_angular_accel_closest_to_191.7ms_among_25pct_peaks,0.9194,130.60000000000005,0.9194,130.60000000000005,piecewise_gated_peak_signed_angular_accel,1.0139,36.10000000000002,1.0139,36.10000000000002,piecewise_gated_peak_signed_angular_accel,,,,,not_detected,0.8500000000000001,0.8951292479108635,-199.99999999999994,-154.8707520891366,lead_elbow_back_shoulder_cross,not_detected,3,2,0.8556,0.9194,194.4,63.79999999999997,few_initiation_segments_detected
198_7,1.3056,205.50000000000003,1.3056,205.50000000000003,piecewise_gated_peak_signed_angular_accel_closest_to_191.7ms_among_25pct_peaks,1.3694,141.70000000000016,1.3694,141.70000000000016,piecewise_gated_peak_signed_angular_accel,1.4778,33.30000000000011,1.4778,33.30000000000011,piecewise_gated_peak_signed_angular_accel,1.3167,194.40000000000012,1.3167,194.40000000000012,lead_hand_hybrid_drift_forward_linear_accel_jump_15pct_window_200ms_to_lead_elbow_back_shoulder_cross,1.3111000000000002,1.35835198019802,-199.99999999999994,-152.74801980198015,lead_elbow_back_shoulder_cross,drift_forward_accel_jump,4,3,1.3056,1.3694,205.50000000000003,63.799999999999855,ok
199_1,0.7167,161.10000000000002,0.7167,161.10000000000002,piecewise_gated_peak_signed_angular_accel_closest_to_191.7ms_among_25pct_peaks,0.7556,122.19999999999997,0.7556,122.19999999999997,piecewise_gated_peak_signed_angular_accel,0.8361,41.700000000000074,0.8361,41.700000000000074,piecewise_gated_peak_signed_angular_accel,,,,,not_detected,0.6778,0.7504999216914644,-200.00000000000006,-127.30007830853563,lead_elbow_back_shoulder_cross,not_detected,3,2,0.7167,0.7556,161.10000000000002,38.90000000000005,few_initiation_segments_detected
199_2,1.1056,155.5000000000002,1.1056,155.5000000000002,piecewise_gated_peak_signed_angular_accel_closest_to_191.7ms_among_25pct_peaks,1.1389,122.20000000000009,1.1389,122.20000000000009,piecewise_gated_peak_signed_angular_accel,1.2194,41.700000000000074,1.2194,41.700000000000074,piecewise_gated_peak_signed_angular_accel,1.0861,175.00000000000006,1.0861,175.00000000000006,lead_hand_hybrid_drift_forward_linear_accel_jump_15pct_window_200ms_to_lead_elbow_back_shoulder_cross,1.0611000000000002,1.1367776094276094,-199.99999999999994,-124.3223905723907,lead_elbow_back_shoulder_cross,drift_forward_accel_jump,4,3,1.0861,1.1389,175.00000000000006,52.799999999999955,ok
199_3,0.8194,194.5,0.8194,194.5,piecewise_gated_peak_signed_angular_accel_closest_to_191.7ms_among_25pct_peaks,0.8944,119.50000000000006,0.8944,119.50000000000006,piecewise_gated_peak_signed_angular_accel,0.9278,86.10000000000007,0.9278,86.10000000000007,piecewise_gated_peak_signed_angular_accel,0.8167,197.20000000000005,0.8167,197.20000000000005,lead_hand_hybrid_drift_forward_linear_accel_jump_15pct_window_200ms_to_lead_elbow_back_shoulder_cross,0.8139000000000001,0.8850999153618282,-199.99999999999994,-128.80008463817182,lead_elbow_back_shoulder_cross,drift_forward_accel_jump,4,3,0.8167,0.8944,197.20000000000005,77.69999999999999,ok
199_4,0.8167,191.6,0.8167,191.6,piecewise_gated_peak_signed_angular_accel_closest_to_191.7ms_among_25pct_peaks,0.8944,113.9,0.8944,113.9,piecewise_gated_peak_signed_angular_accel,0.9722,36.10000000000002,0.9722,36.10000000000002,piecewise_gated_peak_signed_angular_accel,0.8611,147.2,0.8611,147.2,lead_hand_hybrid_drift_forward_linear_accel_jump_15pct_window_200ms_to_lead_elbow_back_shoulder_cross,0.8083,0.893666078697422,-199.99999999999994,-114.63392130257799,lead_elbow_back_shoulder_cross,drift_forward_accel_jump,4,3,0.8167,0.8944,191.6,77.69999999999999,ok
199_5,1.0444,205.6,1.0444,205.6,piecewise_gated_peak_signed_angular_accel_closest_to_191.7ms_among_25pct_peaks,1.1306,119.39999999999995,1.1306,119.39999999999995,piecewise_gated_peak_signed_angular_accel,1.1111,138.90000000000003,1.1111,138.90000000000003,piecewise_gated_peak_signed_angular_accel,,,,,not_detected,1.05,1.1270227758007116,-199.99999999999994,-122.97722419928836,lead_elbow_back_shoulder_cross,not_detected,3,2,1.0444,1.1306,205.6,86.20000000000006,few_initiation_segments_detected
199_6,1.1222,158.39999999999986,1.1222,158.39999999999986,piecewise_gated_peak_signed_angular_accel_closest_to_191.7ms_among_25pct_peaks,1.1583,122.29999999999986,1.1583,122.29999999999986,piecewise_gated_peak_signed_angular_accel,1.2417,38.899999999999935,1.2417,38.899999999999935,piecewise_gated_peak_signed_angular_accel,,,,,not_detected,1.0806,1.1577153846153847,-199.99999999999994,-122.88461538461526,lead_elbow_back_shoulder_cross,not_detected,3,2,1.1222,1.1583,158.39999999999986,36.10000000000002,few_initiation_segments_detected
199_7,1.2556,199.99999999999994,1.2556,199.99999999999994,piecewise_gated_peak_signed_angular_accel_closest_to_191.7ms_among_25pct_peaks,1.3389,116.70000000000003,1.3389,116.70000000000003,piecewise_gated_peak_signed_angular_accel,1.4167,38.899999999999935,1.4167,38.899999999999935,piecewise_gated_peak_signed_angular_accel,1.2694,186.19999999999993,1.2694,186.19999999999993,lead_hand_hybrid_drift_forward_linear_accel_jump_15pct_window_200ms_to_lead_elbow_back_shoulder_cross,1.2556,1.3335920245398771,-199.99999999999994,-122.00797546012288,lead_elbow_back_shoulder_cross,drift_forward_accel_jump,4,3,1.2556,1.3389,199.99999999999994,83.29999999999993,ok
199_8,1.1667,199.99999999999994,1.1667,199.99999999999994,piecewise_gated_peak_signed_angular_accel_closest_to_191.7ms_among_25pct_peaks,1.2556,111.09999999999998,1.2556,111.09999999999998,piecewise_gated_peak_signed_angular_accel,1.3306,36.10000000000002,1.3306,36.10000000000002,piecewise_gated_peak_signed_angular_accel,,,,,not_detected,1.1667,1.2502259436008676,-199.99999999999994,-116.47405639913244,lead_elbow_back_shoulder_cross,not_detected,3,2,1.1667,1.2556,199.99999999999994,88.89999999999998,few_initiation_segments_detected
200_1,1.1056,188.80000000000007,1.1056,188.80000000000007,piecewise_gated_peak_signed_angular_accel_closest_to_191.7ms_among_25pct_peaks,1.1806,113.7999999999999,1.1806,113.7999999999999,piecewise_gated_peak_signed_angular_accel,1.2639,30.49999999999997,1.2639,30.49999999999997,piecewise_gated_peak_signed_angular_accel,,,,,not_detected,1.0944,1.2047275471698113,-199.99999999999994,-89.67245283018866,lead_wrist_back_shoulder_cross,not_detected,3,2,1.1056,1.1806,188.80000000000007,75.00000000000017,few_initiation_segments_detected
200_2,0.9667,183.2999999999999,0.9667,183.2999999999999,piecewise_gated_peak_signed_angular_accel_closest_to_191.7ms_among_25pct_peaks,1.0389,111.09999999999998,1.0389,111.09999999999998,piecewise_gated_peak_signed_angular_accel,1.1167,33.29999999999988,1.1167,33.29999999999988,piecewise_gated_peak_signed_angular_accel,,,,,not_detected,0.95,1.0574753293084522,-199.99999999999994,-92.52467069154768,lead_wrist_back_shoulder_cross,not_detected,3,2,0.9667,1.0389,183.2999999999999,72.19999999999993,few_initiation_segments_detected
200_3,0.7694,191.7,0.7694,191.7,piecewise_gated_peak_signed_angular_accel_closest_to_191.7ms_among_25pct_peaks,0.85,111.09999999999998,0.85,111.09999999999998,piecewise_gated_peak_signed_angular_accel,0.9278,33.3,0.9278,33.3,piecewise_gated_peak_signed_angular_accel,,,,,not_detected,0.7610999999999999,0.8694029419490412,-200.00000000000006,-91.69705805095873,lead_wrist_back_shoulder_cross,not_detected,3,2,0.7694,0.85,191.7,80.60000000000001,few_initiation_segments_detected
200_4,0.8667,194.39999999999992,0.8667,194.39999999999992,piecewise_gated_peak_signed_angular_accel_closest_to_191.7ms_among_25pct_peaks,0.9556,105.49999999999993,0.9556,105.49999999999993,piecewise_gated_peak_signed_angular_accel,1.0306,30.49999999999997,1.0306,30.49999999999997,piecewise_gated_peak_signed_angular_accel,,,,,not_detected,0.8611,0.9722221694378463,-199.99999999999994,-88.87783056215359,lead_wrist_back_shoulder_cross,not_detected,3,2,0.8667,0.9556,194.39999999999992,88.89999999999998,few_initiation_segments_detected
200_5,1.0139,188.90000000000006,1.0139,188.90000000000006,piecewise_gated_peak_signed_angular_accel_closest_to_191.7ms_among_25pct_peaks,1.0944,108.40000000000005,1.0944,108.40000000000005,piecewise_gated_peak_signed_angular_accel,1.1778,25.000000000000135,1.1778,25.000000000000135,piecewise_gated_peak_signed_angular_accel,1.0056,197.20000000000005,1.0056,197.20000000000005,lead_hand_hybrid_drift_forward_linear_accel_jump_15pct_window_200ms_to_lead_wrist_back_shoulder_cross,1.0028000000000001,1.1187768695203713,-199.99999999999994,-84.02313047962883,lead_wrist_back_shoulder_cross,drift_forward_accel_jump,4,3,1.0056,1.0944,197.20000000000005,88.79999999999998,ok
200_6,0.9556,180.5000000000001,0.9556,180.5000000000001,piecewise_gated_peak_signed_angular_accel_closest_to_191.7ms_among_25pct_peaks,1.0056,130.50000000000006,1.0056,130.50000000000006,piecewise_gated_peak_signed_angular_accel,1.1,36.10000000000002,1.1,36.10000000000002,piecewise_gated_peak_signed_angular_accel,,,,,not_detected,0.9361000000000002,1.0348204256577003,-199.99999999999994,-101.27957434229984,lead_wrist_back_shoulder_cross,not_detected,3,2,0.9556,1.0056,180.5000000000001,50.00000000000004,few_initiation_segments_detected
200_7,1.0972,188.90000000000006,1.0972,188.90000000000006,piecewise_gated_peak_signed_angular_accel_closest_to_191.7ms_among_25pct_peaks,1.1722,113.90000000000012,1.1722,113.90000000000012,piecewise_gated_peak_signed_angular_accel,1.2611,24.99999999999991,1.2611,24.99999999999991,piecewise_gated_peak_signed_angular_accel,1.1083,177.79999999999995,1.1083,177.79999999999995,lead_hand_hybrid_drift_forward_linear_accel_jump_15pct_window_200ms_to_lead_wrist_back_shoulder_cross,1.0861,1.1950172878667724,-199.99999999999994,-91.0827121332276,lead_wrist_back_shoulder_cross,drift_forward_accel_jump,4,3,1.0972,1.1722,188.90000000000006,74.99999999999996,ok
200_8,1.0417,194.39999999999992,1.0417,194.39999999999992,piecewise_gated_peak_signed_angular_accel_closest_to_191.7ms_among_25pct_peaks,1.125,111.09999999999998,1.125,111.09999999999998,piecewise_gated_peak_signed_angular_accel,1.2111,24.99999999999991,1.2111,24.99999999999991,piecewise_gated_peak_signed_angular_accel,,,,,not_detected,1.0361,1.1522561524212755,-199.99999999999994,-83.84384757872442,lead_wrist_back_shoulder_cross,not_detected,3,2,1.0417,1.125,194.39999999999992,83.29999999999993,few_initiation_segments_detected
201_1,1.7306,180.5000000000001,1.7306,180.5000000000001,piecewise_gated_peak_signed_angular_accel_closest_to_191.7ms_among_25pct_peaks,1.8167,94.40000000000003,1.8167,94.40000000000003,piecewise_gated_peak_signed_angular_accel,1.8833,27.800000000000047,1.8833,27.800000000000047,piecewise_gated_peak_signed_angular_accel,,,,,not_detected,1.7111,1.7315113718411552,-199.99999999999994,-179.5886281588448,lead_elbow_back_shoulder_cross,not_detected,3,2,1.7306,1.8167,180.5000000000001,86.10000000000007,few_initiation_segments_detected
201_2,1.3056,213.79999999999998,1.3056,213.79999999999998,piecewise_gated_peak_signed_angular_accel_closest_to_191.7ms_among_25pct_peaks,1.4222,97.20000000000017,1.4222,97.20000000000017,piecewise_gated_peak_signed_angular_accel,1.4889,30.500000000000192,1.4889,30.500000000000192,piecewise_gated_peak_signed_angular_accel,,,,,not_detected,1.3194000000000001,1.430548069644209,-199.99999999999994,-88.85193035579108,lead_wrist_back_shoulder_cross,not_detected,3,2,1.3056,1.4222,213.79999999999998,116.59999999999981,few_initiation_segments_detected
201_3,1.2806,188.80000000000007,1.2806,188.80000000000007,piecewise_gated_peak_signed_angular_accel_closest_to_191.7ms_among_25pct_peaks,1.3583,111.09999999999998,1.3583,111.09999999999998,piecewise_gated_peak_signed_angular_accel,1.4389,30.49999999999997,1.4389,30.49999999999997,piecewise_gated_peak_signed_angular_accel,,,,,not_detected,1.2694,1.2738949832775919,-199.99999999999994,-195.50501672240816,lead_elbow_back_shoulder_cross,not_detected,3,2,1.2806,1.3583,188.80000000000007,77.7000000000001,few_initiation_segments_detected
201_5,1.2972,188.90000000000006,1.2972,188.90000000000006,piecewise_gated_peak_signed_angular_accel_closest_to_191.7ms_among_25pct_peaks,1.3667,119.39999999999995,1.3667,119.39999999999995,piecewise_gated_peak_signed_angular_accel,1.4556,30.49999999999997,1.4556,30.49999999999997,piecewise_gated_peak_signed_angular_accel,,,,,not_detected,1.2861,1.2936958772770855,-199.99999999999994,-192.4041227229145,lead_elbow_back_shoulder_cross,not_detected,3,2,1.2972,1.3667,188.90000000000006,69.50000000000011,few_initiation_segments_detected
201_6,1.4667,194.40000000000012,1.4667,194.40000000000012,piecewise_gated_peak_signed_angular_accel_closest_to_191.7ms_among_25pct_peaks,1.5417,119.39999999999995,1.5417,119.39999999999995,piecewise_gated_peak_signed_angular_accel,1.6278,33.30000000000011,1.6278,33.30000000000011,piecewise_gated_peak_signed_angular_accel,,,,,not_detected,1.4611,1.4692806030150753,-199.99999999999994,-191.81939698492468,lead_elbow_back_shoulder_cross,not_detected,3,2,1.4667,1.5417,194.40000000000012,75.00000000000017,few_initiation_segments_detected
201_7,1.4028,194.39999999999992,1.4028,194.39999999999992,piecewise_gated_peak_signed_angular_accel_closest_to_191.7ms_among_25pct_peaks,1.4611,136.09999999999988,1.4611,136.09999999999988,piecewise_gated_peak_signed_angular_accel,1.5639,33.29999999999988,1.5639,33.29999999999988,piecewise_gated_peak_signed_angular_accel,,,,,not_detected,1.3972,1.4913082901554404,-199.99999999999994,-105.89170984455953,lead_wrist_back_shoulder_cross,not_detected,3,2,1.4028,1.4611,194.39999999999992,58.30000000000002,few_initiation_segments_detected
201_8,1.6028,208.29999999999993,1.6028,208.29999999999993,piecewise_gated_peak_signed_angular_accel_closest_to_191.7ms_among_25pct_peaks,1.7056,105.49999999999993,1.7056,105.49999999999993,piecewise_gated_peak_signed_angular_accel,1.6944,116.70000000000003,1.6944,116.70000000000003,piecewise_gated_peak_signed_angular_accel,,,,,not_detected,1.6111,1.718561515601783,-199.99999999999994,-92.53848439821688,lead_wrist_back_shoulder_cross,not_detected,3,2,1.6028,1.7056,208.29999999999993,102.8,few_initiation_segments_detected
203_1,1.0944,197.30000000000004,1.0944,197.30000000000004,piecewise_gated_peak_signed_angular_accel_closest_to_191.7ms_among_25pct_peaks,1.1667,125.0,1.1667,125.0,piecewise_gated_peak_signed_angular_accel,1.1944,97.30000000000017,1.1944,97.30000000000017,piecewise_gated_peak_signed_angular_accel,1.0944,197.30000000000004,1.0944,197.30000000000004,lead_hand_hybrid_drift_forward_linear_accel_jump_15pct_window_200ms_to_lead_wrist_back_shoulder_cross,1.0917000000000001,1.2083560162365903,-199.99999999999994,-83.3439837634098,lead_wrist_back_shoulder_cross,drift_forward_accel_jump,4,3,1.0944,1.1667,197.30000000000004,72.30000000000003,ok
203_2,1.2972,191.7,1.2972,191.7,piecewise_gated_peak_signed_angular_accel_closest_to_191.7ms_among_25pct_peaks,1.3167,172.1999999999999,1.3167,172.1999999999999,piecewise_gated_peak_signed_angular_accel,1.3917,97.19999999999996,1.3917,97.19999999999996,piecewise_gated_peak_signed_angular_accel,1.2917,197.19999999999982,1.2917,197.19999999999982,lead_hand_hybrid_drift_forward_linear_accel_jump_15pct_window_200ms_to_lead_wrist_back_shoulder_cross,1.2889,1.4082286445012788,-199.99999999999994,-80.67135549872107,lead_wrist_back_shoulder_cross,drift_forward_accel_jump,4,3,1.2917,1.3167,197.19999999999982,24.99999999999991,ok
203_3,1.3083,205.6,1.3083,205.6,piecewise_gated_peak_signed_angular_accel_closest_to_191.7ms_among_25pct_peaks,1.4028,111.09999999999998,1.4028,111.09999999999998,piecewise_gated_peak_signed_angular_accel,1.4833,30.59999999999996,1.4833,30.59999999999996,piecewise_gated_peak_signed_angular_accel,1.3194,194.5000000000001,1.3194,194.5000000000001,lead_hand_hybrid_drift_forward_linear_accel_jump_15pct_window_200ms_to_lead_wrist_back_shoulder_cross,1.3139,1.4251230215827337,-199.99999999999994,-88.77697841726628,lead_wrist_back_shoulder_cross,drift_forward_accel_jump,4,3,1.3083,1.4028,205.6,94.50000000000003,ok
203_4,1.1389,213.89999999999998,1.1389,213.89999999999998,piecewise_gated_peak_signed_angular_accel_closest_to_191.7ms_among_25pct_peaks,1.2556,97.19999999999996,1.2556,97.19999999999996,piecewise_gated_peak_signed_angular_accel,1.2528,100.00000000000009,1.2528,100.00000000000009,piecewise_gated_peak_signed_angular_accel,1.1611,191.7,1.1611,191.7,lead_hand_hybrid_drift_forward_linear_accel_jump_15pct_window_200ms_to_lead_wrist_back_shoulder_cross,1.1528,1.2728314647377938,-199.99999999999994,-79.96853526220616,lead_wrist_back_shoulder_cross,drift_forward_accel_jump,4,3,1.1389,1.2556,213.89999999999998,116.70000000000003,ok
204_1,0.7194,205.6,0.7194,205.6,piecewise_gated_peak_signed_angular_accel_closest_to_191.7ms_among_25pct_peaks,0.7917,133.3000000000001,0.7917,133.3000000000001,piecewise_gated_peak_signed_angular_accel,0.8944,30.600000000000072,0.8944,30.600000000000072,piecewise_gated_peak_signed_angular_accel,,,,,not_detected,0.7250000000000001,0.8288526930220217,-199.99999999999994,-96.14730697797836,lead_wrist_back_shoulder_cross,not_detected,3,2,0.7194,0.7917,205.6,72.29999999999993,few_initiation_segments_detected
204_2,0.6889,213.9000000000001,0.6889,213.9000000000001,piecewise_gated_peak_signed_angular_accel_closest_to_191.7ms_among_25pct_peaks,0.7694,133.40000000000006,0.7694,133.40000000000006,piecewise_gated_peak_signed_angular_accel,0.875,27.800000000000047,0.875,27.800000000000047,piecewise_gated_peak_signed_angular_accel,,,,,not_detected,0.7028000000000001,0.8063211905367591,-199.99999999999994,-96.47880946324095,lead_wrist_back_shoulder_cross,not_detected,3,2,0.6889,0.7694,213.9000000000001,80.50000000000001,few_initiation_segments_detected
204_3,0.7389,224.99999999999997,0.7389,224.99999999999997,piecewise_gated_peak_signed_angular_accel_closest_to_191.7ms_among_25pct_peaks,0.8194,144.49999999999997,0.8194,144.49999999999997,piecewise_gated_peak_signed_angular_accel,0.9333,30.59999999999996,0.9333,30.59999999999996,piecewise_gated_peak_signed_angular_accel,,,,,not_detected,0.7639,0.8580270643549809,-199.99999999999994,-105.8729356450191,lead_wrist_back_shoulder_cross,not_detected,3,2,0.7389,0.8194,224.99999999999997,80.50000000000001,few_initiation_segments_detected
204_4,0.5167,197.19999999999993,0.5167,197.19999999999993,piecewise_gated_peak_signed_angular_accel_closest_to_191.7ms_among_25pct_peaks,0.5833,130.59999999999994,0.5833,130.59999999999994,piecewise_gated_peak_signed_angular_accel,0.6861,27.799999999999937,0.6861,27.799999999999937,piecewise_gated_peak_signed_angular_accel,,,,,not_detected,0.5139,0.6212528585757271,-199.99999999999994,-92.64714142427289,lead_wrist_back_shoulder_cross,not_detected,3,2,0.5167,0.5833,197.19999999999993,66.6,few_initiation_segments_detected
204_5,1.3306,199.99999999999994,1.3306,199.99999999999994,piecewise_gated_peak_signed_angular_accel_closest_to_191.7ms_among_25pct_peaks,1.3972,133.39999999999998,1.3972,133.39999999999998,piecewise_gated_peak_signed_angular_accel,1.5028,27.800000000000047,1.5028,27.800000000000047,piecewise_gated_peak_signed_angular_accel,1.3306,199.99999999999994,1.3306,199.99999999999994,lead_hand_hybrid_drift_forward_linear_accel_jump_15pct_window_200ms_to_lead_wrist_back_shoulder_cross,1.3306,1.4355860077021823,-199.99999999999994,-95.01399229781771,lead_wrist_back_shoulder_cross,drift_forward_accel_jump,4,3,1.3306,1.3972,199.99999999999994,66.6,ok
204_6,0.8083,205.6,0.8083,205.6,piecewise_gated_peak_signed_angular_accel_closest_to_191.7ms_among_25pct_peaks,0.8806,133.29999999999998,0.8806,133.29999999999998,piecewise_gated_peak_signed_angular_accel,0.9889,25.00000000000002,0.9889,25.00000000000002,piecewise_gated_peak_signed_angular_accel,0.8167,197.20000000000005,0.8167,197.20000000000005,lead_hand_hybrid_drift_forward_linear_accel_jump_15pct_window_200ms_to_lead_wrist_back_shoulder_cross,0.8139000000000001,0.9171624667021843,-199.99999999999994,-96.73753329781576,lead_wrist_back_shoulder_cross,drift_forward_accel_jump,4,3,0.8083,0.8806,205.6,72.30000000000003,ok
204_7,0.9722,213.89999999999998,0.9722,213.89999999999998,piecewise_gated_peak_signed_angular_accel_closest_to_191.7ms_among_25pct_peaks,1.0444,141.69999999999993,1.0444,141.69999999999993,piecewise_gated_peak_signed_angular_accel,1.1556,30.49999999999997,1.1556,30.49999999999997,piecewise_gated_peak_signed_angular_accel,,,,,not_detected,0.9861,1.0831446095649824,-199.99999999999994,-102.95539043501756,lead_wrist_back_shoulder_cross,not_detected,3,2,0.9722,1.0444,213.89999999999998,72.20000000000005,few_initiation_segments_detected
204_8,0.7111,227.8,0.7111,227.8,piecewise_gated_peak_signed_angular_accel_closest_to_191.7ms_among_25pct_peaks,0.7944,144.49999999999997,0.7944,144.49999999999997,piecewise_gated_peak_signed_angular_accel,0.9056,33.3,0.9056,33.3,piecewise_gated_peak_signed_angular_accel,,,,,not_detected,0.7388999999999999,0.83482265625,-200.00000000000006,-104.07734375,lead_wrist_back_shoulder_cross,not_detected,3,2,0.7111,0.7944,227.8,83.30000000000004,few_initiation_segments_detected
21_1,0.6139,188.89999999999995,0.6139,188.89999999999995,piecewise_gated_peak_signed_angular_accel_closest_to_191.7ms_among_25pct_peaks,0.6944,108.39999999999993,0.6944,108.39999999999993,piecewise_gated_peak_signed_angular_accel,0.7556,47.19999999999991,0.7556,47.19999999999991,piecewise_gated_peak_signed_angular_accel,,,,,not_detected,0.6028,0.6171364383561644,-199.99999999999994,-185.66356164383558,lead_elbow_back_shoulder_cross,not_detected,3,2,0.6139,0.6944,188.89999999999995,80.50000000000001,few_initiation_segments_detected
21_2,0.5444,205.6,0.5444,205.6,piecewise_gated_peak_signed_angular_accel_closest_to_191.7ms_among_25pct_peaks,0.6389,111.09999999999998,0.6389,111.09999999999998,piecewise_gated_peak_signed_angular_accel,0.6806,69.40000000000002,0.6806,69.40000000000002,piecewise_gated_peak_signed_angular_accel,,,,,not_detected,0.55,0.6496196347031964,-199.99999999999994,-100.3803652968036,lead_wrist_back_shoulder_cross,not_detected,3,2,0.5444,0.6389,205.6,94.50000000000003,few_initiation_segments_detected
21_3,0.4778,177.79999999999995,0.4778,177.79999999999995,piecewise_gated_peak_signed_angular_accel_closest_to_191.7ms_among_25pct_peaks,0.5667,88.89999999999998,0.5667,88.89999999999998,piecewise_gated_peak_signed_angular_accel,0.6167,38.899999999999935,0.6167,38.899999999999935,piecewise_gated_peak_signed_angular_accel,0.4556,199.99999999999994,0.4556,199.99999999999994,lead_hand_hybrid_drift_forward_linear_accel_jump_15pct_window_200ms_to_lead_wrist_back_shoulder_cross,0.45559999999999995,0.5526365428354814,-200.0,-102.9634571645186,lead_wrist_back_shoulder_cross,drift_forward_accel_jump,4,3,0.4556,0.5667,199.99999999999994,111.09999999999998,ok
21_4,0.4667,199.99999999999994,0.4667,199.99999999999994,piecewise_gated_peak_signed_angular_accel_closest_to_191.7ms_among_25pct_peaks,0.5028,163.89999999999992,0.5028,163.89999999999992,piecewise_gated_peak_signed_angular_accel,0.6306,36.09999999999991,0.6306,36.09999999999991,piecewise_gated_peak_signed_angular_accel,0.4667,199.99999999999994,0.4667,199.99999999999994,lead_hand_hybrid_drift_forward_linear_accel_jump_15pct_window_200ms_to_lead_wrist_back_shoulder_cross,0.46669999999999995,0.5658387024608501,-200.0,-100.86129753914986,lead_wrist_back_shoulder_cross,drift_forward_accel_jump,4,3,0.4667,0.5028,199.99999999999994,36.10000000000002,ok
21_5,0.3583,230.59999999999997,0.3583,230.59999999999997,piecewise_gated_peak_signed_angular_accel_closest_to_191.7ms_among_25pct_peaks,0.5028,86.09999999999995,0.5028,86.09999999999995,piecewise_gated_peak_signed_angular_accel,0.5472,41.69999999999996,0.5472,41.69999999999996,piecewise_gated_peak_signed_angular_accel,,,,,not_detected,0.38889999999999997,0.49070667613636365,-200.0,-98.19332386363632,lead_wrist_back_shoulder_cross,not_detected,3,2,0.3583,0.5028,230.59999999999997,144.50000000000003,few_initiation_segments_detected
215_1,1.4861,188.90000000000006,1.4861,188.90000000000006,piecewise_gated_peak_signed_angular_accel_closest_to_191.7ms_among_25pct_peaks,1.5444,130.60000000000005,1.5444,130.60000000000005,piecewise_gated_peak_signed_angular_accel,1.5306,144.4000000000001,1.5306,144.4000000000001,piecewise_gated_peak_signed_angular_accel,,,,,not_detected,1.475,1.523265806451613,-199.99999999999994,-151.73419354838714,lead_elbow_back_shoulder_cross,not_detected,3,2,1.4861,1.5444,188.90000000000006,58.30000000000002,few_initiation_segments_detected
215_2,2.6528,108.29999999999984,2.6528,108.29999999999984,piecewise_gated_peak_signed_angular_accel_closest_to_191.7ms_among_25pct_peaks,2.6306,130.50000000000006,2.6306,130.50000000000006,piecewise_gated_peak_signed_angular_accel,2.6167,144.4000000000001,2.6167,144.4000000000001,piecewise_gated_peak_signed_angular_accel,,,,,not_detected,2.5610999999999997,2.6228299089726916,-200.00000000000017,-138.27009102730824,lead_elbow_back_shoulder_cross,not_detected,3,2,2.6306,2.6528,130.50000000000006,22.20000000000022,few_initiation_segments_detected
215_4,1.5444,202.8000000000001,1.5444,202.8000000000001,piecewise_gated_peak_signed_angular_accel_closest_to_191.7ms_among_25pct_peaks,1.6167,130.50000000000006,1.6167,130.50000000000006,piecewise_gated_peak_signed_angular_accel,1.65,97.20000000000017,1.65,97.20000000000017,piecewise_gated_peak_signed_angular_accel,,,,,not_detected,1.5472000000000001,1.6140811188811188,-199.99999999999994,-133.11888111888126,lead_elbow_back_shoulder_cross,not_detected,3,2,1.5444,1.6167,202.8000000000001,72.30000000000003,few_initiation_segments_detected
215_5,1.7306,194.40000000000012,1.7306,194.40000000000012,piecewise_gated_peak_signed_angular_accel_closest_to_191.7ms_among_25pct_peaks,1.7917,133.29999999999998,1.7917,133.29999999999998,piecewise_gated_peak_signed_angular_accel,1.8333,91.70000000000012,1.8333,91.70000000000012,piecewise_gated_peak_signed_angular_accel,,,,,not_detected,1.725,1.7895181163767246,-199.99999999999994,-135.4818836232754,lead_elbow_back_shoulder_cross,not_detected,3,2,1.7306,1.7917,194.40000000000012,61.10000000000015,few_initiation_segments_detected
219_1,1.1583,205.5999999999998,1.1583,205.5999999999998,piecewise_gated_peak_signed_angular_accel_closest_to_191.7ms_among_25pct_peaks,1.2389,125.0,1.2389,125.0,piecewise_gated_peak_signed_angular_accel,1.2306,133.29999999999998,1.2306,133.29999999999998,piecewise_gated_peak_signed_angular_accel,1.1694,194.4999999999999,1.1694,194.4999999999999,lead_hand_hybrid_drift_forward_linear_accel_jump_15pct_window_200ms_to_lead_elbow_back_shoulder_cross,1.1639,1.228970635631155,-199.99999999999994,-134.92936436884494,lead_elbow_back_shoulder_cross,drift_forward_accel_jump,4,3,1.1583,1.2389,205.5999999999998,80.59999999999978,ok
219_2,0.9944,227.8,0.9944,227.8,piecewise_gated_peak_signed_angular_accel_closest_to_191.7ms_among_25pct_peaks,1.0944,127.79999999999991,1.0944,127.79999999999991,piecewise_gated_peak_signed_angular_accel,1.0861,136.09999999999988,1.0861,136.09999999999988,piecewise_gated_peak_signed_angular_accel,1.0222,199.99999999999994,1.0222,199.99999999999994,lead_hand_hybrid_drift_forward_linear_accel_jump_15pct_window_200ms_to_lead_elbow_back_shoulder_cross,1.0222,1.0839588235294118,-199.99999999999994,-138.2411764705882,lead_elbow_back_shoulder_cross,drift_forward_accel_jump,4,3,0.9944,1.0944,227.8,100.00000000000009,ok
219_3,1.1028,211.10000000000008,1.1028,211.10000000000008,piecewise_gated_peak_signed_angular_accel_closest_to_191.7ms_among_25pct_peaks,1.1889,125.0,1.1889,125.0,piecewise_gated_peak_signed_angular_accel,1.2167,97.20000000000017,1.2167,97.20000000000017,piecewise_gated_peak_signed_angular_accel,1.1167,197.20000000000005,1.1167,197.20000000000005,lead_hand_hybrid_drift_forward_linear_accel_jump_15pct_window_200ms_to_lead_elbow_back_shoulder_cross,1.1139000000000001,1.1718341085271318,-199.99999999999994,-142.0658914728683,lead_elbow_back_shoulder_cross,drift_forward_accel_jump,4,3,1.1028,1.1889,211.10000000000008,86.10000000000007,ok
219_4,1.6389,205.50000000000003,1.6389,205.50000000000003,piecewise_gated_peak_signed_angular_accel_closest_to_191.7ms_among_25pct_peaks,1.7111,133.29999999999998,1.7111,133.29999999999998,piecewise_gated_peak_signed_angular_accel,1.7111,133.29999999999998,1.7111,133.29999999999998,piecewise_gated_peak_signed_angular_accel,1.6444,199.99999999999994,1.6444,199.99999999999994,lead_hand_hybrid_drift_forward_linear_accel_jump_15pct_window_200ms_to_lead_elbow_back_shoulder_cross,1.6444,1.7091158815612382,-199.99999999999994,-135.28411843876188,lead_elbow_back_shoulder_cross,drift_forward_accel_jump,4,3,1.6389,1.7111,205.50000000000003,72.20000000000005,ok
219_5,1.3556,205.50000000000003,1.3556,205.50000000000003,piecewise_gated_peak_signed_angular_accel_closest_to_191.7ms_among_25pct_peaks,1.4333,127.79999999999991,1.4333,127.79999999999991,piecewise_gated_peak_signed_angular_accel,1.4778,83.29999999999993,1.4778,83.29999999999993,piecewise_gated_peak_signed_angular_accel,1.3667,194.39999999999992,1.3667,194.39999999999992,lead_hand_hybrid_drift_forward_linear_accel_jump_15pct_window_200ms_to_lead_elbow_back_shoulder_cross,1.3611,1.4257700987306066,-199.99999999999994,-135.32990126939336,lead_elbow_back_shoulder_cross,drift_forward_accel_jump,4,3,1.3556,1.4333,205.50000000000003,77.7000000000001,ok
219_6,0.9694,208.39999999999992,0.9694,208.39999999999992,piecewise_gated_peak_signed_angular_accel_closest_to_191.7ms_among_25pct_peaks,1.0556,122.19999999999986,1.0556,122.19999999999986,piecewise_gated_peak_signed_angular_accel,1.0472,130.60000000000005,1.0472,130.60000000000005,piecewise_gated_peak_signed_angular_accel,0.9833,194.5,0.9833,194.5,lead_hand_hybrid_drift_forward_linear_accel_jump_15pct_window_200ms_to_lead_elbow_back_shoulder_cross,0.9778,1.0517777181208054,-199.99999999999994,-126.02228187919451,lead_elbow_back_shoulder_cross,drift_forward_accel_jump,4,3,0.9694,1.0556,208.39999999999992,86.20000000000006,ok
219_7,1.2972,197.20000000000005,1.2972,197.20000000000005,piecewise_gated_peak_signed_angular_accel_closest_to_191.7ms_among_25pct_peaks,1.3639,130.50000000000006,1.3639,130.50000000000006,piecewise_gated_peak_signed_angular_accel,1.3611,133.29999999999998,1.3611,133.29999999999998,piecewise_gated_peak_signed_angular_accel,1.2944,199.99999999999994,1.2944,199.99999999999994,lead_hand_hybrid_drift_forward_linear_accel_jump_15pct_window_200ms_to_lead_elbow_back_shoulder_cross,1.2944,1.3596174041297935,-199.99999999999994,-134.78259587020648,lead_elbow_back_shoulder_cross,drift_forward_accel_jump,4,3,1.2944,1.3639,199.99999999999994,69.4999999999999,ok
219_8,0.9944,216.7000000000001,0.9944,216.7000000000001,piecewise_gated_peak_signed_angular_accel_closest_to_191.7ms_among_25pct_peaks,1.0889,122.20000000000009,1.0889,122.20000000000009,piecewise_gated_peak_signed_angular_accel,1.0778,133.29999999999998,1.0778,133.29999999999998,piecewise_gated_peak_signed_angular_accel,1.0139,197.20000000000005,1.0139,197.20000000000005,lead_hand_hybrid_drift_forward_linear_accel_jump_15pct_window_200ms_to_lead_elbow_back_shoulder_cross,1.0111,1.0775997080291972,-199.99999999999994,-133.50029197080283,lead_elbow_back_shoulder_cross,drift_forward_accel_jump,4,3,0.9944,1.0889,216.7000000000001,94.50000000000003,ok
23_1,1.1556,136.1000000000001,1.1556,136.1000000000001,piecewise_gated_peak_signed_angular_accel_closest_to_191.7ms_among_25pct_peaks,1.1639,127.80000000000014,1.1639,127.80000000000014,piecewise_gated_peak_signed_angular_accel,1.2556,36.10000000000002,1.2556,36.10000000000002,piecewise_gated_peak_signed_angular_accel,,,,,not_detected,1.0917000000000001,1.2031726779444623,-199.99999999999994,-88.52732205553781,lead_wrist_back_shoulder_cross,not_detected,3,2,1.1556,1.1639,136.1000000000001,8.299999999999974,few_initiation_segments_detected
23_2,1.3806,177.69999999999996,1.3806,177.69999999999996,piecewise_gated_peak_signed_angular_accel_closest_to_191.7ms_among_25pct_peaks,1.4333,125.0,1.4333,125.0,piecewise_gated_peak_signed_angular_accel,1.5111,47.19999999999991,1.5111,47.19999999999991,piecewise_gated_peak_signed_angular_accel,,,,,not_detected,1.3583,1.4681319461827285,-199.99999999999994,-90.16805381727156,lead_wrist_back_shoulder_cross,not_detected,3,2,1.3806,1.4333,177.69999999999996,52.69999999999997,few_initiation_segments_detected
23_3,1.1944,211.20000000000005,1.1944,211.20000000000005,piecewise_gated_peak_signed_angular_accel_closest_to_191.7ms_among_25pct_peaks,1.2556,149.99999999999991,1.2556,149.99999999999991,piecewise_gated_peak_signed_angular_accel,1.3667,38.899999999999935,1.3667,38.899999999999935,piecewise_gated_peak_signed_angular_accel,1.2056,199.99999999999994,1.2056,199.99999999999994,lead_hand_hybrid_drift_forward_linear_accel_jump_15pct_window_200ms_to_lead_wrist_back_shoulder_cross,1.2056,1.3218896930533117,-199.99999999999994,-83.71030694668823,lead_wrist_back_shoulder_cross,drift_forward_accel_jump,4,3,1.1944,1.2556,211.20000000000005,61.200000000000145,ok
23_4,1.3944,199.99999999999994,1.3944,199.99999999999994,piecewise_gated_peak_signed_angular_accel_closest_to_191.7ms_among_25pct_peaks,1.4417,152.70000000000005,1.4417,152.70000000000005,piecewise_gated_peak_signed_angular_accel,1.5528,41.60000000000008,1.5528,41.60000000000008,piecewise_gated_peak_signed_angular_accel,,,,,not_detected,1.3944,1.5037092550790068,-199.99999999999994,-90.69074492099327,lead_wrist_back_shoulder_cross,not_detected,3,2,1.3944,1.4417,199.99999999999994,47.2999999999999,few_initiation_segments_detected
23_5,1.3722,133.39999999999998,1.3722,133.39999999999998,piecewise_gated_peak_signed_angular_accel_closest_to_191.7ms_among_25pct_peaks,1.3667,138.90000000000003,1.3667,138.90000000000003,piecewise_gated_peak_signed_angular_accel,1.4667,38.900000000000155,1.4667,38.900000000000155,piecewise_gated_peak_signed_angular_accel,1.3056,199.99999999999994,1.3056,199.99999999999994,lead_hand_hybrid_drift_forward_linear_accel_jump_15pct_window_200ms_to_lead_wrist_back_shoulder_cross,1.3056,1.4269316455696202,-199.99999999999994,-78.66835443037989,lead_wrist_back_shoulder_cross,drift_forward_accel_jump,4,3,1.3056,1.3722,199.99999999999994,66.6,ok
236_1,1.1556,150.00000000000014,1.1556,150.00000000000014,piecewise_gated_peak_signed_angular_accel_closest_to_191.7ms_among_25pct_peaks,1.1833,122.30000000000007,1.1833,122.30000000000007,piecewise_gated_peak_signed_angular_accel,1.2139,91.70000000000012,1.2139,91.70000000000012,piecewise_gated_peak_signed_angular_accel,,,,,not_detected,1.1056000000000001,1.1977251118210863,-199.99999999999994,-107.87488817891378,lead_wrist_back_shoulder_cross,not_detected,3,2,1.1556,1.1833,150.00000000000014,27.70000000000006,few_initiation_segments_detected
236_2,1.6111,169.49999999999997,1.6111,169.49999999999997,piecewise_gated_peak_signed_angular_accel_closest_to_191.7ms_among_25pct_peaks,1.6556,125.0,1.6556,125.0,piecewise_gated_peak_signed_angular_accel,1.6889,91.69999999999989,1.6889,91.69999999999989,piecewise_gated_peak_signed_angular_accel,1.5806,199.99999999999994,1.5806,199.99999999999994,lead_hand_hybrid_drift_forward_linear_accel_jump_15pct_window_200ms_to_lead_wrist_back_shoulder_cross,1.5806,1.6782182638105976,-199.99999999999994,-102.38173618940239,lead_wrist_back_shoulder_cross,drift_forward_accel_jump,4,3,1.5806,1.6556,199.99999999999994,74.99999999999996,ok
236_3,1.5361,155.59999999999997,1.5361,155.59999999999997,piecewise_gated_peak_signed_angular_accel_closest_to_191.7ms_among_25pct_peaks,1.5806,111.09999999999998,1.5806,111.09999999999998,piecewise_gated_peak_signed_angular_accel,1.5583,133.39999999999998,1.5583,133.39999999999998,piecewise_gated_peak_signed_angular_accel,1.4917,199.99999999999994,1.4917,199.99999999999994,lead_hand_hybrid_drift_forward_linear_accel_jump_15pct_window_200ms_to_lead_wrist_back_shoulder_cross,1.4917,1.603031995412844,-199.99999999999994,-88.66800458715596,lead_wrist_back_shoulder_cross,drift_forward_accel_jump,4,3,1.4917,1.5806,199.99999999999994,88.89999999999998,ok
236_4,1.275,169.4,1.275,169.4,piecewise_gated_peak_signed_angular_accel_closest_to_191.7ms_among_25pct_peaks,1.3278,116.59999999999981,1.3278,116.59999999999981,piecewise_gated_peak_signed_angular_accel,1.35,94.39999999999982,1.35,94.39999999999982,piecewise_gated_peak_signed_angular_accel,,,,,not_detected,1.2444,1.3487827433628319,-199.99999999999994,-95.61725663716803,lead_wrist_back_shoulder_cross,not_detected,3,2,1.275,1.3278,169.4,52.80000000000018,few_initiation_segments_detected
24_1,1.5806,202.7000000000001,1.5806,202.7000000000001,piecewise_gated_peak_signed_angular_accel_closest_to_191.7ms_among_25pct_peaks,1.6583,125.0,1.6583,125.0,piecewise_gated_peak_signed_angular_accel,1.7417,41.60000000000008,1.7417,41.60000000000008,piecewise_gated_peak_signed_angular_accel,,,,,not_detected,1.5833000000000002,1.6289817204301076,-199.99999999999994,-154.31827956989252,lead_elbow_back_shoulder_cross,not_detected,3,2,1.5806,1.6583,202.7000000000001,77.7000000000001,few_initiation_segments_detected
24_2,1.0028,241.60000000000002,1.0028,241.60000000000002,piecewise_gated_peak_signed_angular_accel_closest_to_191.7ms_among_25pct_peaks,1.1194,125.0,1.1194,125.0,piecewise_gated_peak_signed_angular_accel,1.1972,47.19999999999991,1.1972,47.19999999999991,piecewise_gated_peak_signed_angular_accel,,,,,not_detected,1.0444,1.0904698744769874,-199.99999999999994,-153.93012552301255,lead_elbow_back_shoulder_cross,not_detected,3,2,1.0028,1.1194,241.60000000000002,116.60000000000004,few_initiation_segments_detected
24_3,1.0722,197.20000000000005,1.0722,197.20000000000005,piecewise_gated_peak_signed_angular_accel_closest_to_191.7ms_among_25pct_peaks,1.1417,127.70000000000014,1.1417,127.70000000000014,piecewise_gated_peak_signed_angular_accel,1.2194,50.00000000000004,1.2194,50.00000000000004,piecewise_gated_peak_signed_angular_accel,,,,,not_detected,1.0694000000000001,1.0957548387096774,-199.99999999999994,-173.6451612903227,lead_elbow_back_shoulder_cross,not_detected,3,2,1.0722,1.1417,197.20000000000005,69.4999999999999,few_initiation_segments_detected
24_4,2.1528,233.29999999999984,2.1528,233.29999999999984,piecewise_gated_peak_signed_angular_accel_closest_to_191.7ms_among_25pct_peaks,2.2639,122.19999999999986,2.2639,122.19999999999986,piecewise_gated_peak_signed_angular_accel,2.35,36.099999999999795,2.35,36.099999999999795,piecewise_gated_peak_signed_angular_accel,,,,,not_detected,2.1860999999999997,2.241861951656222,-200.00000000000017,-144.23804834377796,lead_elbow_back_shoulder_cross,not_detected,3,2,2.1528,2.2639,233.29999999999984,111.09999999999998,few_initiation_segments_detected
24_5,1.0806,202.7000000000001,1.0806,202.7000000000001,piecewise_gated_peak_signed_angular_accel_closest_to_191.7ms_among_25pct_peaks,1.1306,152.70000000000005,1.1306,152.70000000000005,piecewise_gated_peak_signed_angular_accel,1.2389,44.40000000000022,1.2389,44.40000000000022,piecewise_gated_peak_signed_angular_accel,,,,,not_detected,1.0833000000000002,1.1368650975889782,-199.99999999999994,-146.43490241102185,lead_elbow_back_shoulder_cross,not_detected,3,2,1.0806,1.1306,202.7000000000001,50.00000000000004,few_initiation_segments_detected
244_1,0.6944,211.19999999999993,0.6944,211.19999999999993,piecewise_gated_peak_signed_angular_accel_closest_to_191.7ms_among_25pct_peaks,0.7694,136.2,0.7694,136.2,piecewise_gated_peak_signed_angular_accel,0.8583,47.30000000000001,0.8583,47.30000000000001,piecewise_gated_peak_signed_angular_accel,0.7056,199.99999999999994,0.7056,199.99999999999994,lead_hand_hybrid_drift_forward_linear_accel_jump_15pct_window_200ms_to_lead_elbow_back_shoulder_cross,0.7056,0.7626489959839358,-199.99999999999994,-142.9510040160642,lead_elbow_back_shoulder_cross,drift_forward_accel_jump,4,3,0.6944,0.7694,211.19999999999993,74.99999999999996,ok
244_2,0.725,205.6,0.725,205.6,piecewise_gated_peak_signed_angular_accel_closest_to_191.7ms_among_25pct_peaks,0.8056,125.0,0.8056,125.0,piecewise_gated_peak_signed_angular_accel,0.8861,44.499999999999986,0.8861,44.499999999999986,piecewise_gated_peak_signed_angular_accel,0.7306,199.99999999999994,0.7306,199.99999999999994,lead_hand_hybrid_drift_forward_linear_accel_jump_15pct_window_200ms_to_lead_elbow_back_shoulder_cross,0.7305999999999999,0.7929433895297249,-200.00000000000006,-137.6566104702751,lead_elbow_back_shoulder_cross,drift_forward_accel_jump,4,3,0.725,0.8056,205.6,80.60000000000001,ok
244_3,0.8306,211.10000000000008,0.8306,211.10000000000008,piecewise_gated_peak_signed_angular_accel_closest_to_191.7ms_among_25pct_peaks,0.9056,136.1000000000001,0.9056,136.1000000000001,piecewise_gated_peak_signed_angular_accel,0.9944,47.30000000000012,0.9944,47.30000000000012,piecewise_gated_peak_signed_angular_accel,0.8556,186.10000000000005,0.8556,186.10000000000005,lead_hand_hybrid_drift_forward_linear_accel_jump_15pct_window_200ms_to_lead_elbow_back_shoulder_cross,0.8417000000000001,0.9026328828828829,-199.99999999999994,-139.06711711711716,lead_elbow_back_shoulder_cross,drift_forward_accel_jump,4,3,0.8306,0.9056,211.10000000000008,74.99999999999996,ok
244_4,0.9306,202.7,0.9306,202.7,piecewise_gated_peak_signed_angular_accel_closest_to_191.7ms_among_25pct_peaks,1.0083,125.0,1.0083,125.0,piecewise_gated_peak_signed_angular_accel,1.0944,38.899999999999935,1.0944,38.899999999999935,piecewise_gated_peak_signed_angular_accel,,,,,not_detected,0.9333,1.0069761410788383,-199.99999999999994,-126.32385892116172,lead_elbow_back_shoulder_cross,not_detected,3,2,0.9306,1.0083,202.7,77.69999999999999,few_initiation_segments_detected
244_5,0.9056,213.79999999999998,0.9056,213.79999999999998,piecewise_gated_peak_signed_angular_accel_closest_to_191.7ms_among_25pct_peaks,0.9889,130.49999999999994,0.9889,130.49999999999994,piecewise_gated_peak_signed_angular_accel,1.075,44.39999999999999,1.075,44.39999999999999,piecewise_gated_peak_signed_angular_accel,0.9194,199.99999999999994,0.9194,199.99999999999994,lead_hand_hybrid_drift_forward_linear_accel_jump_15pct_window_200ms_to_lead_elbow_back_shoulder_cross,0.9194,0.9845302008032129,-199.99999999999994,-134.86979919678708,lead_elbow_back_shoulder_cross,drift_forward_accel_jump,4,3,0.9056,0.9889,213.79999999999998,83.30000000000004,ok
244_6,0.9333,205.6,0.9333,205.6,piecewise_gated_peak_signed_angular_accel_closest_to_191.7ms_among_25pct_peaks,1.0056,133.29999999999998,1.0056,133.29999999999998,piecewise_gated_peak_signed_angular_accel,1.0194,119.49999999999994,1.0194,119.49999999999994,piecewise_gated_peak_signed_angular_accel,0.9417,197.20000000000005,0.9417,197.20000000000005,lead_hand_hybrid_drift_forward_linear_accel_jump_15pct_window_200ms_to_lead_elbow_back_shoulder_cross,0.9389000000000001,1.0110006211180125,-199.99999999999994,-127.89937888198754,lead_elbow_back_shoulder_cross,drift_forward_accel_jump,4,3,0.9333,1.0056,205.6,72.30000000000003,ok
244_7,1.0361,211.10000000000008,1.0361,211.10000000000008,piecewise_gated_peak_signed_angular_accel_closest_to_191.7ms_among_25pct_peaks,1.1167,130.50000000000006,1.1167,130.50000000000006,piecewise_gated_peak_signed_angular_accel,1.2028,44.39999999999999,1.2028,44.39999999999999,piecewise_gated_peak_signed_angular_accel,1.0528,194.40000000000012,1.0528,194.40000000000012,lead_hand_hybrid_drift_forward_linear_accel_jump_15pct_window_200ms_to_lead_elbow_back_shoulder_cross,1.0472000000000001,1.1126037037037035,-199.99999999999994,-134.59629629629654,lead_elbow_back_shoulder_cross,drift_forward_accel_jump,4,3,1.0361,1.1167,211.10000000000008,80.60000000000001,ok
244_8,0.7583,213.89999999999998,0.7583,213.89999999999998,piecewise_gated_peak_signed_angular_accel_closest_to_191.7ms_among_25pct_peaks,0.8361,136.1,0.8361,136.1,piecewise_gated_peak_signed_angular_accel,0.9222,49.999999999999936,0.9222,49.999999999999936,piecewise_gated_peak_signed_angular_accel,,,,,not_detected,0.7722,0.8320986678507993,-199.99999999999994,-140.10133214920063,lead_elbow_back_shoulder_cross,not_detected,3,2,0.7583,0.8361,213.89999999999998,77.79999999999998,few_initiation_segments_detected
25_1,0.9389,222.20000000000007,0.9389,222.20000000000007,piecewise_gated_peak_signed_angular_accel_closest_to_191.7ms_among_25pct_peaks,1.0167,144.4000000000001,1.0167,144.4000000000001,piecewise_gated_peak_signed_angular_accel,1.1361,24.99999999999991,1.1361,24.99999999999991,piecewise_gated_peak_signed_angular_accel,0.9667,194.4,0.9667,194.4,lead_hand_hybrid_drift_forward_linear_accel_jump_15pct_window_200ms_to_lead_wrist_back_shoulder_cross,0.9611000000000001,1.0588350556792874,-199.99999999999994,-102.26494432071264,lead_wrist_back_shoulder_cross,drift_forward_accel_jump,4,3,0.9389,1.0167,222.20000000000007,77.79999999999998,ok
25_2,0.8056,180.5,0.8056,180.5,piecewise_gated_peak_signed_angular_accel_closest_to_191.7ms_among_25pct_peaks,0.8583,127.80000000000003,0.8583,127.80000000000003,piecewise_gated_peak_signed_angular_accel,0.9611,25.00000000000002,0.9611,25.00000000000002,piecewise_gated_peak_signed_angular_accel,0.7861,199.99999999999994,0.7861,199.99999999999994,lead_hand_hybrid_drift_forward_linear_accel_jump_15pct_window_200ms_to_lead_wrist_back_shoulder_cross,0.7861,0.894577481234362,-199.99999999999994,-91.522518765638,lead_wrist_back_shoulder_cross,drift_forward_accel_jump,4,3,0.7861,0.8583,199.99999999999994,72.19999999999993,ok
25_3,0.8667,188.90000000000006,0.8667,188.90000000000006,piecewise_gated_peak_signed_angular_accel_closest_to_191.7ms_among_25pct_peaks,0.9222,133.40000000000006,0.9222,133.40000000000006,piecewise_gated_peak_signed_angular_accel,1.0306,25.000000000000135,1.0306,25.000000000000135,piecewise_gated_peak_signed_angular_accel,0.8583,197.30000000000015,0.8583,197.30000000000015,lead_hand_hybrid_drift_forward_linear_accel_jump_15pct_window_200ms_to_lead_wrist_back_shoulder_cross,0.8556000000000001,0.9604291666666667,-199.99999999999994,-95.17083333333343,lead_wrist_back_shoulder_cross,drift_forward_accel_jump,4,3,0.8583,0.9222,197.30000000000015,63.90000000000007,ok
25_4,0.9417,199.99999999999994,0.9417,199.99999999999994,piecewise_gated_peak_signed_angular_accel_closest_to_191.7ms_among_25pct_peaks,1.0056,136.09999999999988,1.0056,136.09999999999988,piecewise_gated_peak_signed_angular_accel,1.1167,24.99999999999991,1.1167,24.99999999999991,piecewise_gated_peak_signed_angular_accel,0.9417,199.99999999999994,0.9417,199.99999999999994,lead_hand_hybrid_drift_forward_linear_accel_jump_15pct_window_200ms_to_lead_wrist_back_shoulder_cross,0.9417,1.0411672735548476,-199.99999999999994,-100.53272644515232,lead_wrist_back_shoulder_cross,drift_forward_accel_jump,4,3,0.9417,1.0056,199.99999999999994,63.90000000000007,ok
25_5,1.2889,205.50000000000003,1.2889,205.50000000000003,piecewise_gated_peak_signed_angular_accel_closest_to_191.7ms_among_25pct_peaks,1.3528,141.59999999999994,1.3528,141.59999999999994,piecewise_gated_peak_signed_angular_accel,1.4694,24.99999999999991,1.4694,24.99999999999991,piecewise_gated_peak_signed_angular_accel,1.2944,199.99999999999994,1.2944,199.99999999999994,lead_hand_hybrid_drift_forward_linear_accel_jump_15pct_window_200ms_to_lead_wrist_back_shoulder_cross,1.2944,1.4020920488010098,-199.99999999999994,-92.30795119899015,lead_wrist_back_shoulder_cross,drift_forward_accel_jump,4,3,1.2889,1.3528,205.50000000000003,63.90000000000007,ok
254_1,0.8306,191.6,0.8306,191.6,piecewise_gated_peak_signed_angular_accel_closest_to_191.7ms_among_25pct_peaks,0.9083,113.9,0.9083,113.9,piecewise_gated_peak_signed_angular_accel,0.9861,36.10000000000002,0.9861,36.10000000000002,piecewise_gated_peak_signed_angular_accel,,,,,not_detected,0.8222,0.9238353684210526,-199.99999999999994,-98.36463157894737,lead_wrist_back_shoulder_cross,not_detected,3,2,0.8306,0.9083,191.6,77.69999999999999,few_initiation_segments_detected
254_2,0.9333,194.4999999999999,0.9333,194.4999999999999,piecewise_gated_peak_signed_angular_accel_closest_to_191.7ms_among_25pct_peaks,1.0056,122.19999999999986,1.0056,122.19999999999986,piecewise_gated_peak_signed_angular_accel,1.0778,49.99999999999982,1.0778,49.99999999999982,piecewise_gated_peak_signed_angular_accel,,,,,not_detected,0.9278,1.0347781803323346,-199.99999999999994,-93.02181966766531,lead_wrist_back_shoulder_cross,not_detected,3,2,0.9333,1.0056,194.4999999999999,72.30000000000003,few_initiation_segments_detected
254_3,0.9306,200.00000000000006,0.9306,200.00000000000006,piecewise_gated_peak_signed_angular_accel_closest_to_191.7ms_among_25pct_peaks,1.0167,113.90000000000012,1.0167,113.90000000000012,piecewise_gated_peak_signed_angular_accel,1.0889,41.700000000000074,1.0889,41.700000000000074,piecewise_gated_peak_signed_angular_accel,,,,,not_detected,0.9306000000000001,1.0386179802297621,-199.99999999999994,-91.9820197702379,lead_wrist_back_shoulder_cross,not_detected,3,2,0.9306,1.0167,200.00000000000006,86.09999999999995,few_initiation_segments_detected
254_4,0.8972,202.8000000000001,0.8972,202.8000000000001,piecewise_gated_peak_signed_angular_accel_closest_to_191.7ms_among_25pct_peaks,0.9833,116.70000000000013,0.9833,116.70000000000013,piecewise_gated_peak_signed_angular_accel,1.0639,36.10000000000002,1.0639,36.10000000000002,piecewise_gated_peak_signed_angular_accel,,,,,not_detected,0.9000000000000001,1.0100913939706262,-199.99999999999994,-89.9086060293739,lead_wrist_back_shoulder_cross,not_detected,3,2,0.8972,0.9833,202.8000000000001,86.09999999999995,few_initiation_segments_detected
254_5,1.0111,186.09999999999994,1.0111,186.09999999999994,piecewise_gated_peak_signed_angular_accel_closest_to_191.7ms_among_25pct_peaks,1.0889,108.30000000000007,1.0889,108.30000000000007,piecewise_gated_peak_signed_angular_accel,1.1611,36.10000000000002,1.1611,36.10000000000002,piecewise_gated_peak_signed_angular_accel,,,,,not_detected,0.9972000000000001,1.1124587929755132,-199.99999999999994,-84.74120702448684,lead_wrist_back_shoulder_cross,not_detected,3,2,1.0111,1.0889,186.09999999999994,77.79999999999987,few_initiation_segments_detected
254_6,0.9861,194.5000000000001,0.9861,194.5000000000001,piecewise_gated_peak_signed_angular_accel_closest_to_191.7ms_among_25pct_peaks,1.0611,119.50000000000016,1.0611,119.50000000000016,piecewise_gated_peak_signed_angular_accel,1.15,30.600000000000183,1.15,30.600000000000183,piecewise_gated_peak_signed_angular_accel,,,,,not_detected,0.9806000000000001,1.0868911020199439,-199.99999999999994,-93.70889798005622,lead_wrist_back_shoulder_cross,not_detected,3,2,0.9861,1.0611,194.5000000000001,74.99999999999996,few_initiation_segments_detected
254_7,0.9194,208.39999999999992,0.9194,208.39999999999992,piecewise_gated_peak_signed_angular_accel_closest_to_191.7ms_among_25pct_peaks,1.0056,122.19999999999986,1.0056,122.19999999999986,piecewise_gated_peak_signed_angular_accel,1.0472,80.60000000000001,1.0472,80.60000000000001,piecewise_gated_peak_signed_angular_accel,,,,,not_detected,0.9278,1.0277605109100585,-199.99999999999994,-100.03948908994143,lead_wrist_back_shoulder_cross,not_detected,3,2,0.9194,1.0056,208.39999999999992,86.20000000000006,few_initiation_segments_detected
254_8,1.1139,197.20000000000005,1.1139,197.20000000000005,piecewise_gated_peak_signed_angular_accel_closest_to_191.7ms_among_25pct_peaks,1.1889,122.19999999999986,1.1889,122.19999999999986,piecewise_gated_peak_signed_angular_accel,1.2806,30.49999999999997,1.2806,30.49999999999997,piecewise_gated_peak_signed_angular_accel,,,,,not_detected,1.1111,1.2109065243179122,-199.99999999999994,-100.1934756820877,lead_wrist_back_shoulder_cross,not_detected,3,2,1.1139,1.1889,197.20000000000005,75.00000000000017,few_initiation_segments_detected
258_1,0.9222,174.99999999999994,0.9222,174.99999999999994,piecewise_gated_peak_signed_angular_accel_closest_to_191.7ms_among_25pct_peaks,0.9833,113.9,0.9833,113.9,piecewise_gated_peak_signed_angular_accel,1.0639,33.29999999999988,1.0639,33.29999999999988,piecewise_gated_peak_signed_angular_accel,,,,,not_detected,0.8972,0.982745875251509,-199.99999999999994,-114.45412474849093,lead_elbow_back_shoulder_cross,not_detected,3,2,0.9222,0.9833,174.99999999999994,61.09999999999993,few_initiation_segments_detected
258_2,1.3278,169.4,1.3278,169.4,piecewise_gated_peak_signed_angular_accel_closest_to_191.7ms_among_25pct_peaks,1.3556,141.60000000000016,1.3556,141.60000000000016,piecewise_gated_peak_signed_angular_accel,1.4611,36.10000000000002,1.4611,36.10000000000002,piecewise_gated_peak_signed_angular_accel,,,,,not_detected,1.2972000000000001,1.3749195316657796,-199.99999999999994,-122.28046833422046,lead_elbow_back_shoulder_cross,not_detected,3,2,1.3278,1.3556,169.4,27.799999999999827,few_initiation_segments_detected
258_3,1.0722,175.00000000000006,1.0722,175.00000000000006,piecewise_gated_peak_signed_angular_accel_closest_to_191.7ms_among_25pct_peaks,1.0806,166.60000000000008,1.0806,166.60000000000008,piecewise_gated_peak_signed_angular_accel,1.2083,38.900000000000155,1.2083,38.900000000000155,piecewise_gated_peak_signed_angular_accel,,,,,not_detected,1.0472000000000001,1.1299986363636363,-199.99999999999994,-117.2013636363638,lead_elbow_back_shoulder_cross,not_detected,3,2,1.0722,1.0806,175.00000000000006,8.399999999999963,few_initiation_segments_detected
258_4,1.2694,166.69999999999985,1.2694,166.69999999999985,piecewise_gated_peak_signed_angular_accel_closest_to_191.7ms_among_25pct_peaks,1.3222,113.89999999999989,1.3222,113.89999999999989,piecewise_gated_peak_signed_angular_accel,1.2861,149.99999999999991,1.2861,149.99999999999991,piecewise_gated_peak_signed_angular_accel,,,,,not_detected,1.2361,1.3231434312210202,-199.99999999999994,-112.95656877897974,lead_elbow_back_shoulder_cross,not_detected,3,2,1.2694,1.3222,166.69999999999985,52.799999999999955,few_initiation_segments_detected
258_5,0.9694,186.19999999999993,0.9694,186.19999999999993,piecewise_gated_peak_signed_angular_accel_closest_to_191.7ms_among_25pct_peaks,1.0083,147.29999999999998,1.0083,147.29999999999998,piecewise_gated_peak_signed_angular_accel,1.1111,44.499999999999986,1.1111,44.499999999999986,piecewise_gated_peak_signed_angular_accel,0.9556,199.99999999999994,0.9556,199.99999999999994,lead_hand_hybrid_drift_forward_linear_accel_jump_15pct_window_200ms_to_lead_elbow_back_shoulder_cross,0.9556,1.0267912820512821,-199.99999999999994,-128.80871794871786,lead_elbow_back_shoulder_cross,drift_forward_accel_jump,4,3,0.9556,1.0083,199.99999999999994,52.69999999999997,ok
258_6,1.4139,188.90000000000006,1.4139,188.90000000000006,piecewise_gated_peak_signed_angular_accel_closest_to_191.7ms_among_25pct_peaks,1.4917,111.09999999999998,1.4917,111.09999999999998,piecewise_gated_peak_signed_angular_accel,1.5667,36.10000000000002,1.5667,36.10000000000002,piecewise_gated_peak_signed_angular_accel,,,,,not_detected,1.4028,1.48195796460177,-199.99999999999994,-120.84203539823002,lead_elbow_back_shoulder_cross,not_detected,3,2,1.4139,1.4917,188.90000000000006,77.8000000000001,few_initiation_segments_detected
258_7,1.1889,180.4999999999999,1.1889,180.4999999999999,piecewise_gated_peak_signed_angular_accel_closest_to_191.7ms_among_25pct_peaks,1.2444,125.0,1.2444,125.0,piecewise_gated_peak_signed_angular_accel,1.2528,116.60000000000004,1.2528,116.60000000000004,piecewise_gated_peak_signed_angular_accel,,,,,not_detected,1.1694,1.2536093409444733,-199.99999999999994,-115.79065905552666,lead_elbow_back_shoulder_cross,not_detected,3,2,1.1889,1.2444,180.4999999999999,55.499999999999886,few_initiation_segments_detected
258_8,1.2111,161.10000000000002,1.2111,161.10000000000002,piecewise_gated_peak_signed_angular_accel_closest_to_191.7ms_among_25pct_peaks,1.2333,138.90000000000003,1.2333,138.90000000000003,piecewise_gated_peak_signed_angular_accel,1.3333,38.900000000000155,1.3333,38.900000000000155,piecewise_gated_peak_signed_angular_accel,,,,,not_detected,1.1722000000000001,1.2551931271477663,-199.99999999999994,-117.00687285223377,lead_elbow_back_shoulder_cross,not_detected,3,2,1.2111,1.2333,161.10000000000002,22.199999999999996,few_initiation_segments_detected
263_1,1.7083,200.00000000000017,1.7083,200.00000000000017,piecewise_gated_peak_signed_angular_accel_closest_to_191.7ms_among_25pct_peaks,1.7694,138.90000000000003,1.7694,138.90000000000003,piecewise_gated_peak_signed_angular_accel,1.875,33.30000000000011,1.875,33.30000000000011,piecewise_gated_peak_signed_angular_accel,1.7139,194.40000000000012,1.7139,194.40000000000012,lead_hand_hybrid_drift_forward_linear_accel_jump_15pct_window_200ms_to_lead_elbow_back_shoulder_cross,1.7083000000000002,1.7634437881873728,-199.99999999999994,-144.85621181262732,lead_elbow_back_shoulder_cross,drift_forward_accel_jump,4,3,1.7083,1.7694,200.00000000000017,61.10000000000015,ok
263_2,2.0306,213.79999999999998,2.0306,213.79999999999998,piecewise_gated_peak_signed_angular_accel_closest_to_191.7ms_among_25pct_peaks,2.1056,138.80000000000027,2.1056,138.80000000000027,piecewise_gated_peak_signed_angular_accel,2.2028,41.60000000000031,2.2028,41.60000000000031,piecewise_gated_peak_signed_angular_accel,,,,,not_detected,2.0444,2.0885633663366336,-200.00000000000017,-155.83663366336654,lead_elbow_back_shoulder_cross,not_detected,3,2,2.0306,2.1056,213.79999999999998,74.99999999999973,few_initiation_segments_detected
263_3,1.9278,208.29999999999993,1.9278,208.29999999999993,piecewise_gated_peak_signed_angular_accel_closest_to_191.7ms_among_25pct_peaks,2.0139,122.19999999999986,2.0139,122.19999999999986,piecewise_gated_peak_signed_angular_accel,2.0972,38.899999999999935,2.0972,38.899999999999935,piecewise_gated_peak_signed_angular_accel,1.9417,194.39999999999992,1.9417,194.39999999999992,lead_hand_hybrid_drift_forward_linear_accel_jump_15pct_window_200ms_to_lead_elbow_back_shoulder_cross,1.9361,1.9906530434782608,-199.99999999999994,-145.4469565217391,lead_elbow_back_shoulder_cross,drift_forward_accel_jump,4,3,1.9278,2.0139,208.29999999999993,86.10000000000007,ok
263_4,1.7556,208.29999999999993,1.7556,208.29999999999993,piecewise_gated_peak_signed_angular_accel_closest_to_191.7ms_among_25pct_peaks,1.8306,133.29999999999998,1.8306,133.29999999999998,piecewise_gated_peak_signed_angular_accel,1.9333,30.59999999999996,1.9333,30.59999999999996,piecewise_gated_peak_signed_angular_accel,,,,,not_detected,1.7639,1.8233688850475367,-199.99999999999994,-140.5311149524633,lead_elbow_back_shoulder_cross,not_detected,3,2,1.7556,1.8306,208.29999999999993,74.99999999999996,few_initiation_segments_detected
263_5,1.7972,202.8000000000001,1.7972,202.8000000000001,piecewise_gated_peak_signed_angular_accel_closest_to_191.7ms_among_25pct_peaks,1.8722,127.79999999999991,1.8722,127.79999999999991,piecewise_gated_peak_signed_angular_accel,1.9694,30.59999999999996,1.9694,30.59999999999996,piecewise_gated_peak_signed_angular_accel,1.8028,197.20000000000005,1.8028,197.20000000000005,lead_hand_hybrid_drift_forward_linear_accel_jump_15pct_window_200ms_to_lead_elbow_back_shoulder_cross,1.8,1.8491583497053046,-199.99999999999994,-150.84165029469543,lead_elbow_back_shoulder_cross,drift_forward_accel_jump,4,3,1.7972,1.8722,202.8000000000001,75.00000000000017,ok
263_6,1.7222,205.6,1.7222,205.6,piecewise_gated_peak_signed_angular_accel_closest_to_191.7ms_among_25pct_peaks,1.7778,149.99999999999991,1.7778,149.99999999999991,piecewise_gated_peak_signed_angular_accel,1.8917,36.10000000000002,1.8917,36.10000000000002,piecewise_gated_peak_signed_angular_accel,1.7333,194.4999999999999,1.7333,194.4999999999999,lead_hand_hybrid_drift_forward_linear_accel_jump_15pct_window_200ms_to_lead_wrist_back_shoulder_cross,1.7278,1.8279139534883722,-199.99999999999994,-99.8860465116278,lead_wrist_back_shoulder_cross,drift_forward_accel_jump,4,3,1.7222,1.7778,205.6,55.600000000000094,ok
263_7,1.8194,208.40000000000015,1.8194,208.40000000000015,piecewise_gated_peak_signed_angular_accel_closest_to_191.7ms_among_25pct_peaks,1.8722,155.59999999999997,1.8722,155.59999999999997,piecewise_gated_peak_signed_angular_accel,1.9917,36.10000000000002,1.9917,36.10000000000002,piecewise_gated_peak_signed_angular_accel,1.8333,194.5000000000001,1.8333,194.5000000000001,lead_hand_hybrid_drift_forward_linear_accel_jump_15pct_window_200ms_to_lead_wrist_back_shoulder_cross,1.8278,1.930053090909091,-199.99999999999994,-97.7469090909091,lead_wrist_back_shoulder_cross,drift_forward_accel_jump,4,3,1.8194,1.8722,208.40000000000015,52.80000000000018,ok
263_8,2.2222,200.00000000000017,2.2222,200.00000000000017,piecewise_gated_peak_signed_angular_accel_closest_to_191.7ms_among_25pct_peaks,2.2972,125.0,2.2972,125.0,piecewise_gated_peak_signed_angular_accel,2.3861,36.10000000000024,2.3861,36.10000000000024,piecewise_gated_peak_signed_angular_accel,2.2222,200.00000000000017,2.2222,200.00000000000017,lead_hand_hybrid_drift_forward_linear_accel_jump_15pct_window_200ms_to_lead_elbow_back_shoulder_cross,2.2222,2.2798546558704453,-200.00000000000017,-142.3453441295548,lead_elbow_back_shoulder_cross,drift_forward_accel_jump,4,3,2.2222,2.2972,200.00000000000017,75.00000000000017,ok
265_1,2.1222,180.60000000000008,2.1222,180.60000000000008,piecewise_gated_peak_signed_angular_accel_closest_to_191.7ms_among_25pct_peaks,2.1833,119.49999999999994,2.1833,119.49999999999994,piecewise_gated_peak_signed_angular_accel,2.2056,97.19999999999996,2.2056,97.19999999999996,piecewise_gated_peak_signed_angular_accel,,,,,not_detected,2.1028,2.1358876777251186,-200.00000000000017,-166.9123222748814,lead_elbow_back_shoulder_cross,not_detected,3,2,2.1222,2.1833,180.60000000000008,61.10000000000015,few_initiation_segments_detected
265_2,1.8917,186.09999999999994,1.8917,186.09999999999994,piecewise_gated_peak_signed_angular_accel_closest_to_191.7ms_among_25pct_peaks,1.9528,124.99999999999977,1.9528,124.99999999999977,piecewise_gated_peak_signed_angular_accel,1.9417,136.09999999999988,1.9417,136.09999999999988,piecewise_gated_peak_signed_angular_accel,,,,,not_detected,1.8778,1.9701459123406901,-199.99999999999994,-107.65408765930972,lead_wrist_back_shoulder_cross,not_detected,3,2,1.8917,1.9528,186.09999999999994,61.10000000000015,few_initiation_segments_detected
265_3,2.0472,191.7,2.0472,191.7,piecewise_gated_peak_signed_angular_accel_closest_to_191.7ms_among_25pct_peaks,2.1111,127.80000000000014,2.1111,127.80000000000014,piecewise_gated_peak_signed_angular_accel,2.0972,141.70000000000016,2.0972,141.70000000000016,piecewise_gated_peak_signed_angular_accel,2.0722,166.70000000000007,2.0722,166.70000000000007,lead_hand_hybrid_drift_forward_linear_accel_jump_15pct_window_200ms_to_lead_wrist_back_shoulder_cross,2.0389,2.1360516469459543,-200.00000000000017,-102.84835305404583,lead_wrist_back_shoulder_cross,drift_forward_accel_jump,4,3,2.0472,2.1111,191.7,63.89999999999985,ok
265_4,2.2611,180.60000000000008,2.2611,180.60000000000008,piecewise_gated_peak_signed_angular_accel_closest_to_191.7ms_among_25pct_peaks,2.3194,122.30000000000007,2.3194,122.30000000000007,piecewise_gated_peak_signed_angular_accel,2.3222,119.49999999999994,2.3222,119.49999999999994,piecewise_gated_peak_signed_angular_accel,2.2417,200.00000000000017,2.2417,200.00000000000017,lead_hand_hybrid_drift_forward_linear_accel_jump_15pct_window_200ms_to_lead_wrist_back_shoulder_cross,2.2417,2.3365805369127517,-200.00000000000017,-105.11946308724829,lead_wrist_back_shoulder_cross,drift_forward_accel_jump,4,3,2.2417,2.3194,200.00000000000017,77.7000000000001,ok
265_5,2.1306,175.00000000000026,2.1306,175.00000000000026,piecewise_gated_peak_signed_angular_accel_closest_to_191.7ms_among_25pct_peaks,2.1889,116.70000000000024,2.1889,116.70000000000024,piecewise_gated_peak_signed_angular_accel,2.2583,47.2999999999999,2.2583,47.2999999999999,piecewise_gated_peak_signed_angular_accel,2.1056,200.00000000000017,2.1056,200.00000000000017,lead_hand_hybrid_drift_forward_linear_accel_jump_15pct_window_200ms_to_lead_wrist_back_shoulder_cross,2.1056,2.19773538658967,-200.00000000000017,-107.86461341033026,lead_wrist_back_shoulder_cross,drift_forward_accel_jump,4,3,2.1056,2.1889,200.00000000000017,83.29999999999993,ok
265_6,1.6167,175.00000000000006,1.6167,175.00000000000006,piecewise_gated_peak_signed_angular_accel_closest_to_191.7ms_among_25pct_peaks,1.6694,122.30000000000007,1.6694,122.30000000000007,piecewise_gated_peak_signed_angular_accel,1.6444,147.29999999999998,1.6444,147.29999999999998,piecewise_gated_peak_signed_angular_accel,1.6111,180.60000000000008,1.6111,180.60000000000008,lead_hand_hybrid_drift_forward_linear_accel_jump_15pct_window_200ms_to_lead_elbow_back_shoulder_cross,1.5917000000000001,1.6195071770334928,-199.99999999999994,-172.1928229665073,lead_elbow_back_shoulder_cross,drift_forward_accel_jump,4,3,1.6111,1.6694,180.60000000000008,58.30000000000002,ok
265_7,2.3556,186.10000000000016,2.3556,186.10000000000016,piecewise_gated_peak_signed_angular_accel_closest_to_191.7ms_among_25pct_peaks,2.4194,122.30000000000007,2.4194,122.30000000000007,piecewise_gated_peak_signed_angular_accel,2.4472,94.50000000000003,2.4472,94.50000000000003,piecewise_gated_peak_signed_angular_accel,,,,,not_detected,2.3417,2.3541999999999996,-200.00000000000017,-187.50000000000045,lead_elbow_back_shoulder_cross,not_detected,3,2,2.3556,2.4194,186.10000000000016,63.80000000000008,few_initiation_segments_detected
265_8,1.6778,188.90000000000006,1.6778,188.90000000000006,piecewise_gated_peak_signed_angular_accel_closest_to_191.7ms_among_25pct_peaks,1.7333,133.39999999999998,1.7333,133.39999999999998,piecewise_gated_peak_signed_angular_accel,1.7639,102.8,1.7639,102.8,piecewise_gated_peak_signed_angular_accel,,,,,not_detected,1.6667,1.6811818965517242,-199.99999999999994,-185.51810344827578,lead_elbow_back_shoulder_cross,not_detected,3,2,1.6778,1.7333,188.90000000000006,55.50000000000011,few_initiation_segments_detected
268_1,1.9278,186.10000000000016,1.9278,186.10000000000016,piecewise_gated_peak_signed_angular_accel_closest_to_191.7ms_among_25pct_peaks,1.9722,141.70000000000016,1.9722,141.70000000000016,piecewise_gated_peak_signed_angular_accel,2.0833,30.600000000000183,2.0833,30.600000000000183,piecewise_gated_peak_signed_angular_accel,1.9528,161.10000000000002,1.9528,161.10000000000002,lead_hand_hybrid_drift_forward_linear_accel_jump_15pct_window_200ms_to_lead_wrist_back_shoulder_cross,1.9139000000000002,2.02162852886406,-199.99999999999994,-92.27147113594026,lead_wrist_back_shoulder_cross,drift_forward_accel_jump,4,3,1.9278,1.9722,186.10000000000016,44.39999999999999,ok
268_2,2.5306,183.3,2.5306,183.3,piecewise_gated_peak_signed_angular_accel_closest_to_191.7ms_among_25pct_peaks,2.5778,136.10000000000034,2.5778,136.10000000000034,piecewise_gated_peak_signed_angular_accel,2.6389,75.00000000000017,2.6389,75.00000000000017,piecewise_gated_peak_signed_angular_accel,2.5139,200.00000000000017,2.5139,200.00000000000017,lead_hand_hybrid_drift_forward_linear_accel_jump_15pct_window_200ms_to_lead_wrist_back_shoulder_cross,2.5139,2.626728206873086,-200.00000000000017,-87.17179312691403,lead_wrist_back_shoulder_cross,drift_forward_accel_jump,4,3,2.5139,2.5778,200.00000000000017,63.89999999999985,ok
268_3,2.2778,194.39999999999992,2.2778,194.39999999999992,piecewise_gated_peak_signed_angular_accel_closest_to_191.7ms_among_25pct_peaks,2.3278,144.4000000000001,2.3278,144.4000000000001,piecewise_gated_peak_signed_angular_accel,2.3917,80.4999999999998,2.3917,80.4999999999998,piecewise_gated_peak_signed_angular_accel,,,,,not_detected,2.2721999999999998,2.3782563113859587,-200.00000000000017,-93.94368861404124,lead_wrist_back_shoulder_cross,not_detected,3,2,2.2778,2.3278,194.39999999999992,49.99999999999982,few_initiation_segments_detected
268_4,1.8389,175.00000000000006,1.8389,175.00000000000006,piecewise_gated_peak_signed_angular_accel_closest_to_191.7ms_among_25pct_peaks,1.8694,144.50000000000009,1.8694,144.50000000000009,piecewise_gated_peak_signed_angular_accel,1.9333,80.60000000000001,1.9333,80.60000000000001,piecewise_gated_peak_signed_angular_accel,,,,,not_detected,1.8139,1.9231440459110474,-199.99999999999994,-90.75595408895265,lead_wrist_back_shoulder_cross,not_detected,3,2,1.8389,1.8694,175.00000000000006,30.49999999999997,few_initiation_segments_detected
268_5,1.9194,191.7,1.9194,191.7,piecewise_gated_peak_signed_angular_accel_closest_to_191.7ms_among_25pct_peaks,1.9667,144.4000000000001,1.9667,144.4000000000001,piecewise_gated_peak_signed_angular_accel,2.0306,80.4999999999998,2.0306,80.4999999999998,piecewise_gated_peak_signed_angular_accel,,,,,not_detected,1.9111,2.0214237113402063,-199.99999999999994,-89.67628865979371,lead_wrist_back_shoulder_cross,not_detected,3,2,1.9194,1.9667,191.7,47.2999999999999,few_initiation_segments_detected
268_6,1.9556,191.60000000000022,1.9556,191.60000000000022,piecewise_gated_peak_signed_angular_accel_closest_to_191.7ms_among_25pct_peaks,1.9944,152.80000000000027,1.9944,152.80000000000027,piecewise_gated_peak_signed_angular_accel,2.0611,86.10000000000007,2.0611,86.10000000000007,piecewise_gated_peak_signed_angular_accel,,,,,not_detected,1.9472000000000003,2.0493135416666663,-199.99999999999994,-97.88645833333388,lead_wrist_back_shoulder_cross,not_detected,3,2,1.9556,1.9944,191.60000000000022,38.79999999999995,few_initiation_segments_detected
268_7,1.9333,194.5000000000001,1.9333,194.5000000000001,piecewise_gated_peak_signed_angular_accel_closest_to_191.7ms_among_25pct_peaks,1.9806,147.20000000000022,1.9806,147.20000000000022,piecewise_gated_peak_signed_angular_accel,2.0472,80.60000000000001,2.0472,80.60000000000001,piecewise_gated_peak_signed_angular_accel,1.975,152.80000000000004,1.975,152.80000000000004,lead_hand_hybrid_drift_forward_linear_accel_jump_15pct_window_200ms_to_lead_wrist_back_shoulder_cross,1.9278000000000002,2.0370002949852504,-199.99999999999994,-90.79970501474976,lead_wrist_back_shoulder_cross,drift_forward_accel_jump,4,3,1.9333,1.9806,194.5000000000001,47.2999999999999,ok
268_8,2.0694,200.00000000000017,2.0694,200.00000000000017,piecewise_gated_peak_signed_angular_accel_closest_to_191.7ms_among_25pct_peaks,2.1222,147.20000000000022,2.1222,147.20000000000022,piecewise_gated_peak_signed_angular_accel,2.1861,83.29999999999993,2.1861,83.29999999999993,piecewise_gated_peak_signed_angular_accel,,,,,not_detected,2.0694,2.173653846153846,-200.00000000000017,-95.74615384615414,lead_wrist_back_shoulder_cross,not_detected,3,2,2.0694,2.1222,200.00000000000017,52.799999999999955,few_initiation_segments_detected
273_1,1.0417,183.3,1.0417,183.3,piecewise_gated_peak_signed_angular_accel_closest_to_191.7ms_among_25pct_peaks,1.1306,94.40000000000003,1.1306,94.40000000000003,piecewise_gated_peak_signed_angular_accel,1.1389,86.10000000000007,1.1389,86.10000000000007,piecewise_gated_peak_signed_angular_accel,,,,,not_detected,1.0250000000000001,1.1368273181392445,-199.99999999999994,-88.17268186075555,lead_wrist_back_shoulder_cross,not_detected,3,2,1.0417,1.1306,183.3,88.89999999999998,few_initiation_segments_detected
273_2,1.3694,208.40000000000015,1.3694,208.40000000000015,piecewise_gated_peak_signed_angular_accel_closest_to_191.7ms_among_25pct_peaks,1.4667,111.1000000000002,1.4667,111.1000000000002,piecewise_gated_peak_signed_angular_accel,1.4833,94.50000000000003,1.4833,94.50000000000003,piecewise_gated_peak_signed_angular_accel,1.3806,197.20000000000005,1.3806,197.20000000000005,lead_hand_hybrid_drift_forward_linear_accel_jump_15pct_window_200ms_to_lead_wrist_back_shoulder_cross,1.3778000000000001,1.4798503862949277,-199.99999999999994,-97.94961370507238,lead_wrist_back_shoulder_cross,drift_forward_accel_jump,4,3,1.3694,1.4667,208.40000000000015,97.29999999999994,ok
273_3,1.0806,205.50000000000003,1.0806,205.50000000000003,piecewise_gated_peak_signed_angular_accel_closest_to_191.7ms_among_25pct_peaks,1.1667,119.39999999999995,1.1667,119.39999999999995,piecewise_gated_peak_signed_angular_accel,1.2528,33.30000000000011,1.2528,33.30000000000011,piecewise_gated_peak_signed_angular_accel,,,,,not_detected,1.0861,1.1784191003460207,-199.99999999999994,-107.68089965397931,lead_wrist_back_shoulder_cross,not_detected,3,2,1.0806,1.1667,205.50000000000003,86.10000000000007,few_initiation_segments_detected
273_4,1.0944,219.50000000000003,1.0944,219.50000000000003,piecewise_gated_peak_signed_angular_accel_closest_to_191.7ms_among_25pct_peaks,1.2056,108.30000000000007,1.2056,108.30000000000007,piecewise_gated_peak_signed_angular_accel,1.2028,111.09999999999998,1.2028,111.09999999999998,piecewise_gated_peak_signed_angular_accel,1.1167,197.20000000000005,1.1167,197.20000000000005,lead_hand_hybrid_drift_forward_linear_accel_jump_15pct_window_200ms_to_lead_wrist_back_shoulder_cross,1.1139000000000001,1.217829060360921,-199.99999999999994,-96.07093963907909,lead_wrist_back_shoulder_cross,drift_forward_accel_jump,4,3,1.0944,1.2056,219.50000000000003,111.19999999999996,ok
273_5,1.0944,202.79999999999987,1.0944,202.79999999999987,piecewise_gated_peak_signed_angular_accel_closest_to_191.7ms_among_25pct_peaks,1.1917,105.49999999999993,1.1917,105.49999999999993,piecewise_gated_peak_signed_angular_accel,1.1944,102.8,1.1944,102.8,piecewise_gated_peak_signed_angular_accel,,,,,not_detected,1.0972,1.1993390367553864,-199.99999999999994,-97.86096324461346,lead_wrist_back_shoulder_cross,not_detected,3,2,1.0944,1.1917,202.79999999999987,97.29999999999994,few_initiation_segments_detected
273_6,0.8028,197.20000000000005,0.8028,197.20000000000005,piecewise_gated_peak_signed_angular_accel_closest_to_191.7ms_among_25pct_peaks,0.8944,105.60000000000002,0.8944,105.60000000000002,piecewise_gated_peak_signed_angular_accel,0.8889,111.09999999999998,0.8889,111.09999999999998,piecewise_gated_peak_signed_angular_accel,,,,,not_detected,0.8,0.911773914261698,-199.99999999999994,-88.22608573830205,lead_wrist_back_shoulder_cross,not_detected,3,2,0.8028,0.8944,197.20000000000005,91.60000000000001,few_initiation_segments_detected
279_1,1.1917,163.89999999999992,1.1917,163.89999999999992,piecewise_gated_peak_signed_angular_accel_closest_to_191.7ms_among_25pct_peaks,1.2389,116.70000000000003,1.2389,116.70000000000003,piecewise_gated_peak_signed_angular_accel,1.3306,24.99999999999991,1.3306,24.99999999999991,piecewise_gated_peak_signed_angular_accel,1.1556,199.99999999999994,1.1556,199.99999999999994,lead_hand_hybrid_drift_forward_linear_accel_jump_15pct_window_200ms_to_lead_wrist_back_shoulder_cross,1.1556,1.2623165865384616,-199.99999999999994,-93.28341346153834,lead_wrist_back_shoulder_cross,drift_forward_accel_jump,4,3,1.1556,1.2389,199.99999999999994,83.29999999999993,ok
279_2,1.2778,169.4,1.2778,169.4,piecewise_gated_peak_signed_angular_accel_closest_to_191.7ms_among_25pct_peaks,1.3222,125.0,1.3222,125.0,piecewise_gated_peak_signed_angular_accel,1.4167,30.49999999999997,1.4167,30.49999999999997,piecewise_gated_peak_signed_angular_accel,,,,,not_detected,1.2472,1.3477163765122455,-199.99999999999994,-99.48362348775453,lead_wrist_back_shoulder_cross,not_detected,3,2,1.2778,1.3222,169.4,44.39999999999999,few_initiation_segments_detected
279_3,1.3722,177.79999999999995,1.3722,177.79999999999995,piecewise_gated_peak_signed_angular_accel_closest_to_191.7ms_among_25pct_peaks,1.4222,127.80000000000014,1.4222,127.80000000000014,piecewise_gated_peak_signed_angular_accel,1.5194,30.59999999999996,1.5194,30.59999999999996,piecewise_gated_peak_signed_angular_accel,,,,,not_detected,1.35,1.4577969553072625,-199.99999999999994,-92.20304469273755,lead_wrist_back_shoulder_cross,not_detected,3,2,1.3722,1.4222,177.79999999999995,49.99999999999982,few_initiation_segments_detected
279_4,1.2778,163.89999999999992,1.2778,163.89999999999992,piecewise_gated_peak_signed_angular_accel_closest_to_191.7ms_among_25pct_peaks,1.3194,122.30000000000007,1.3194,122.30000000000007,piecewise_gated_peak_signed_angular_accel,1.4139,27.800000000000047,1.4139,27.800000000000047,piecewise_gated_peak_signed_angular_accel,1.2417,199.99999999999994,1.2417,199.99999999999994,lead_hand_hybrid_drift_forward_linear_accel_jump_15pct_window_200ms_to_lead_wrist_back_shoulder_cross,1.2417,1.3532659936544562,-199.99999999999994,-88.43400634554376,lead_wrist_back_shoulder_cross,drift_forward_accel_jump,4,3,1.2417,1.3194,199.99999999999994,77.69999999999987,ok
279_5,1.6306,183.3,1.6306,183.3,piecewise_gated_peak_signed_angular_accel_closest_to_191.7ms_among_25pct_peaks,1.6861,127.80000000000014,1.6861,127.80000000000014,piecewise_gated_peak_signed_angular_accel,1.7861,27.800000000000047,1.7861,27.800000000000047,piecewise_gated_peak_signed_angular_accel,1.6167,197.20000000000005,1.6167,197.20000000000005,lead_hand_hybrid_drift_forward_linear_accel_jump_15pct_window_200ms_to_lead_wrist_back_shoulder_cross,1.6139000000000001,1.7240714072303556,-199.99999999999994,-89.8285927696445,lead_wrist_back_shoulder_cross,drift_forward_accel_jump,4,3,1.6167,1.6861,197.20000000000005,69.3999999999999,ok
279_6,1.5611,188.90000000000006,1.5611,188.90000000000006,piecewise_gated_peak_signed_angular_accel_closest_to_191.7ms_among_25pct_peaks,1.5944,155.59999999999997,1.5944,155.59999999999997,piecewise_gated_peak_signed_angular_accel,1.7194,30.59999999999996,1.7194,30.59999999999996,piecewise_gated_peak_signed_angular_accel,,,,,not_detected,1.55,1.652893389933293,-199.99999999999994,-97.10661006670706,lead_wrist_back_shoulder_cross,not_detected,3,2,1.5611,1.5944,188.90000000000006,33.30000000000011,few_initiation_segments_detected
279_7,1.7917,194.39999999999992,1.7917,194.39999999999992,piecewise_gated_peak_signed_angular_accel_closest_to_191.7ms_among_25pct_peaks,1.8472,138.90000000000003,1.8472,138.90000000000003,piecewise_gated_peak_signed_angular_accel,1.9472,38.899999999999935,1.9472,38.899999999999935,piecewise_gated_peak_signed_angular_accel,1.7972,188.90000000000006,1.7972,188.90000000000006,lead_hand_hybrid_drift_forward_linear_accel_jump_15pct_window_200ms_to_lead_wrist_back_shoulder_cross,1.7861,1.8914665198237886,-199.99999999999994,-94.63348017621142,lead_wrist_back_shoulder_cross,drift_forward_accel_jump,4,3,1.7917,1.8472,194.39999999999992,55.499999999999886,ok
279_8,1.9639,194.40000000000012,1.9639,194.40000000000012,piecewise_gated_peak_signed_angular_accel_closest_to_191.7ms_among_25pct_peaks,2.0222,136.09999999999988,2.0222,136.09999999999988,piecewise_gated_peak_signed_angular_accel,2.1194,38.899999999999935,2.1194,38.899999999999935,piecewise_gated_peak_signed_angular_accel,,,,,not_detected,1.9583000000000002,2.0559638237159166,-199.99999999999994,-102.33617628408354,lead_wrist_back_shoulder_cross,not_detected,3,2,1.9639,2.0222,194.40000000000012,58.30000000000024,few_initiation_segments_detected
282_1,1.5528,199.99999999999994,1.5528,199.99999999999994,piecewise_gated_peak_signed_angular_accel_closest_to_191.7ms_among_25pct_peaks,1.5556,197.19999999999982,1.5556,197.19999999999982,piecewise_gated_peak_signed_angular_accel,1.6556,97.19999999999996,1.6556,97.19999999999996,piecewise_gated_peak_signed_angular_accel,,,,,not_detected,1.5528,1.6124285605483624,-199.99999999999994,-140.37143945163754,lead_elbow_back_shoulder_cross,not_detected,3,2,1.5528,1.5556,199.99999999999994,2.8000000000001357,few_initiation_segments_detected
282_2,1.4056,194.40000000000012,1.4056,194.40000000000012,piecewise_gated_peak_signed_angular_accel_closest_to_191.7ms_among_25pct_peaks,1.4722,127.80000000000014,1.4722,127.80000000000014,piecewise_gated_peak_signed_angular_accel,1.5139,86.10000000000007,1.5139,86.10000000000007,piecewise_gated_peak_signed_angular_accel,,,,,not_detected,1.4000000000000001,1.4727575980392156,-199.99999999999994,-127.24240196078452,lead_elbow_back_shoulder_cross,not_detected,3,2,1.4056,1.4722,194.40000000000012,66.6,few_initiation_segments_detected
282_3,1.7639,208.29999999999993,1.7639,208.29999999999993,piecewise_gated_peak_signed_angular_accel_closest_to_191.7ms_among_25pct_peaks,1.8306,141.59999999999994,1.8306,141.59999999999994,piecewise_gated_peak_signed_angular_accel,1.9389,33.29999999999988,1.9389,33.29999999999988,piecewise_gated_peak_signed_angular_accel,,,,,not_detected,1.7722,1.836071003236246,-199.99999999999994,-136.128996763754,lead_elbow_back_shoulder_cross,not_detected,3,2,1.7639,1.8306,208.29999999999993,66.69999999999999,few_initiation_segments_detected
282_4,1.9972,211.09999999999985,1.9972,211.09999999999985,piecewise_gated_peak_signed_angular_accel_closest_to_191.7ms_among_25pct_peaks,2.0833,125.0,2.0833,125.0,piecewise_gated_peak_signed_angular_accel,2.1778,30.49999999999997,2.1778,30.49999999999997,piecewise_gated_peak_signed_angular_accel,2.0194,188.89999999999984,2.0194,188.89999999999984,lead_hand_hybrid_drift_forward_linear_accel_jump_15pct_window_200ms_to_lead_elbow_back_shoulder_cross,2.0082999999999998,2.0819317377731528,-200.00000000000017,-126.36826222684716,lead_elbow_back_shoulder_cross,drift_forward_accel_jump,4,3,1.9972,2.0833,211.09999999999985,86.09999999999984,ok
282_5,1.5167,202.7000000000001,1.5167,202.7000000000001,piecewise_gated_peak_signed_angular_accel_closest_to_191.7ms_among_25pct_peaks,1.5278,191.6,1.5278,191.6,piecewise_gated_peak_signed_angular_accel,1.6222,97.19999999999996,1.6222,97.19999999999996,piecewise_gated_peak_signed_angular_accel,,,,,not_detected,1.5194,1.5787241483724452,-199.99999999999994,-140.6758516275548,lead_elbow_back_shoulder_cross,not_detected,3,2,1.5167,1.5278,202.7000000000001,11.10000000000011,few_initiation_segments_detected
282_6,1.5583,202.8000000000001,1.5583,202.8000000000001,piecewise_gated_peak_signed_angular_accel_closest_to_191.7ms_among_25pct_peaks,1.6361,125.0,1.6361,125.0,piecewise_gated_peak_signed_angular_accel,1.7306,30.500000000000192,1.7306,30.500000000000192,piecewise_gated_peak_signed_angular_accel,,,,,not_detected,1.5611000000000002,1.627192565508836,-199.99999999999994,-133.90743449116417,lead_elbow_back_shoulder_cross,not_detected,3,2,1.5583,1.6361,202.8000000000001,77.8000000000001,few_initiation_segments_detected
282_7,1.8556,205.50000000000023,1.8556,205.50000000000023,piecewise_gated_peak_signed_angular_accel_closest_to_191.7ms_among_25pct_peaks,1.8639,197.20000000000027,1.8639,197.20000000000027,piecewise_gated_peak_signed_angular_accel,2.0306,30.49999999999997,2.0306,30.49999999999997,piecewise_gated_peak_signed_angular_accel,,,,,not_detected,1.8611000000000002,1.932389411764706,-199.99999999999994,-128.71058823529413,lead_elbow_back_shoulder_cross,not_detected,3,2,1.8556,1.8639,205.50000000000023,8.299999999999974,few_initiation_segments_detected
282_8,1.8056,197.20000000000005,1.8056,197.20000000000005,piecewise_gated_peak_signed_angular_accel_closest_to_191.7ms_among_25pct_peaks,1.8639,138.90000000000023,1.8639,138.90000000000023,piecewise_gated_peak_signed_angular_accel,1.9722,30.600000000000183,1.9722,30.600000000000183,piecewise_gated_peak_signed_angular_accel,1.8611,141.70000000000016,1.8611,141.70000000000016,lead_hand_hybrid_drift_forward_linear_accel_jump_15pct_window_200ms_to_lead_elbow_back_shoulder_cross,1.8028000000000002,1.861312889210717,-199.99999999999994,-141.48711078928324,lead_elbow_back_shoulder_cross,drift_forward_accel_jump,4,3,1.8056,1.8639,197.20000000000005,58.2999999999998,ok
283_1,1.3333,191.7,1.3333,191.7,piecewise_gated_peak_signed_angular_accel_closest_to_191.7ms_among_25pct_peaks,1.3944,130.59999999999982,1.3944,130.59999999999982,piecewise_gated_peak_signed_angular_accel,1.5,24.99999999999991,1.5,24.99999999999991,piecewise_gated_peak_signed_angular_accel,,,,,not_detected,1.325,1.4312136363636365,-199.99999999999994,-93.78636363636339,lead_wrist_back_shoulder_cross,not_detected,3,2,1.3333,1.3944,191.7,61.10000000000015,few_initiation_segments_detected
283_2,1.1333,169.49999999999997,1.1333,169.49999999999997,piecewise_gated_peak_signed_angular_accel_closest_to_191.7ms_among_25pct_peaks,1.2028,99.99999999999987,1.2028,99.99999999999987,piecewise_gated_peak_signed_angular_accel,1.1944,108.40000000000005,1.1944,108.40000000000005,piecewise_gated_peak_signed_angular_accel,,,,,not_detected,1.1028,1.2103489968321015,-199.99999999999994,-92.45100316789845,lead_wrist_back_shoulder_cross,not_detected,3,2,1.1333,1.2028,169.49999999999997,69.50000000000011,few_initiation_segments_detected
283_3,1.6833,191.7,1.6833,191.7,piecewise_gated_peak_signed_angular_accel_closest_to_191.7ms_among_25pct_peaks,1.7639,111.09999999999998,1.7639,111.09999999999998,piecewise_gated_peak_signed_angular_accel,1.7917,83.29999999999993,1.7917,83.29999999999993,piecewise_gated_peak_signed_angular_accel,,,,,not_detected,1.675,1.6848176811594202,-199.99999999999994,-190.1823188405798,lead_elbow_back_shoulder_cross,not_detected,3,2,1.6833,1.7639,191.7,80.60000000000001,few_initiation_segments_detected
283_4,1.6639,172.20000000000013,1.6639,172.20000000000013,piecewise_gated_peak_signed_angular_accel_closest_to_191.7ms_among_25pct_peaks,1.7361,100.00000000000009,1.7361,100.00000000000009,piecewise_gated_peak_signed_angular_accel,1.7194,116.70000000000003,1.7194,116.70000000000003,piecewise_gated_peak_signed_angular_accel,,,,,not_detected,1.6361,1.6384516853932585,-199.99999999999994,-197.6483146067416,lead_elbow_back_shoulder_cross,not_detected,3,2,1.6639,1.7361,172.20000000000013,72.20000000000005,few_initiation_segments_detected
283_5,1.3167,183.3,1.3167,183.3,piecewise_gated_peak_signed_angular_accel_closest_to_191.7ms_among_25pct_peaks,1.3889,111.09999999999998,1.3889,111.09999999999998,piecewise_gated_peak_signed_angular_accel,1.475,24.99999999999991,1.475,24.99999999999991,piecewise_gated_peak_signed_angular_accel,,,,,not_detected,1.3,1.3290030690537085,-199.99999999999994,-170.99693094629154,lead_elbow_back_shoulder_cross,not_detected,3,2,1.3167,1.3889,183.3,72.20000000000005,few_initiation_segments_detected
283_6,1.5694,180.60000000000008,1.5694,180.60000000000008,piecewise_gated_peak_signed_angular_accel_closest_to_191.7ms_among_25pct_peaks,1.6444,105.59999999999991,1.6444,105.59999999999991,piecewise_gated_peak_signed_angular_accel,1.725,24.99999999999991,1.725,24.99999999999991,piecewise_gated_peak_signed_angular_accel,,,,,not_detected,1.55,1.5643120120120122,-199.99999999999994,-185.6879879879878,lead_elbow_back_shoulder_cross,not_detected,3,2,1.5694,1.6444,180.60000000000008,75.00000000000017,few_initiation_segments_detected
283_7,1.8722,183.4,1.8722,183.4,piecewise_gated_peak_signed_angular_accel_closest_to_191.7ms_among_25pct_peaks,1.9556,100.00000000000009,1.9556,100.00000000000009,piecewise_gated_peak_signed_angular_accel,1.9417,113.90000000000012,1.9417,113.90000000000012,piecewise_gated_peak_signed_angular_accel,,,,,not_detected,1.8556000000000001,1.8943086153846154,-199.99999999999994,-161.29138461538471,lead_elbow_back_shoulder_cross,not_detected,3,2,1.8722,1.9556,183.4,83.39999999999992,few_initiation_segments_detected
287_1,1.375,202.8000000000001,1.375,202.8000000000001,piecewise_gated_peak_signed_angular_accel_closest_to_191.7ms_among_25pct_peaks,1.4694,108.40000000000005,1.4694,108.40000000000005,piecewise_gated_peak_signed_angular_accel,,,,,not_detected,,,,,not_detected,1.3778000000000001,1.5050964509394573,-199.99999999999994,-72.70354906054277,lead_wrist_back_shoulder_cross,not_detected,2,2,1.375,1.4694,202.8000000000001,94.40000000000003,few_initiation_segments_detected
287_2,1.0611,191.7,1.0611,191.7,piecewise_gated_peak_signed_angular_accel_closest_to_191.7ms_among_25pct_peaks,1.1694,83.39999999999992,1.1694,83.39999999999992,piecewise_gated_peak_signed_angular_accel,1.2222,30.59999999999996,1.2222,30.59999999999996,piecewise_gated_peak_signed_angular_accel,,,,,not_detected,1.0528,1.1117056994818653,-199.99999999999994,-141.09430051813465,lead_elbow_back_shoulder_cross,not_detected,3,2,1.0611,1.1694,191.7,108.30000000000007,few_initiation_segments_detected
287_3,0.8611,188.90000000000006,0.8611,188.90000000000006,piecewise_gated_peak_signed_angular_accel_closest_to_191.7ms_among_25pct_peaks,0.8917,158.29999999999998,0.8917,158.29999999999998,piecewise_gated_peak_signed_angular_accel,,,,,not_detected,,,,,not_detected,0.8500000000000001,0.9778355247981546,-199.99999999999994,-72.16447520184543,lead_wrist_back_shoulder_cross,not_detected,2,2,0.8611,0.8917,188.90000000000006,30.600000000000072,few_initiation_segments_detected
287_4,1.3194,186.20000000000013,1.3194,186.20000000000013,piecewise_gated_peak_signed_angular_accel_closest_to_191.7ms_among_25pct_peaks,1.4111,94.50000000000003,1.4111,94.50000000000003,piecewise_gated_peak_signed_angular_accel,1.4778,27.800000000000047,1.4778,27.800000000000047,piecewise_gated_peak_signed_angular_accel,1.3056,199.99999999999994,1.3056,199.99999999999994,lead_hand_hybrid_drift_forward_linear_accel_jump_15pct_window_200ms_to_lead_elbow_back_shoulder_cross,1.3056,1.3679257322175733,-199.99999999999994,-137.67426778242674,lead_elbow_back_shoulder_cross,drift_forward_accel_jump,4,3,1.3056,1.4111,199.99999999999994,105.49999999999993,ok
287_5,1.9028,194.39999999999992,1.9028,194.39999999999992,piecewise_gated_peak_signed_angular_accel_closest_to_191.7ms_among_25pct_peaks,1.9806,116.60000000000004,1.9806,116.60000000000004,piecewise_gated_peak_signed_angular_accel,2.0694,27.800000000000047,2.0694,27.800000000000047,piecewise_gated_peak_signed_angular_accel,,,,,not_detected,1.8972,1.9504253164556962,-199.99999999999994,-146.7746835443038,lead_elbow_back_shoulder_cross,not_detected,3,2,1.9028,1.9806,194.39999999999992,77.79999999999987,few_initiation_segments_detected
287_6,1.4306,186.09999999999994,1.4306,186.09999999999994,piecewise_gated_peak_signed_angular_accel_closest_to_191.7ms_among_25pct_peaks,1.5056,111.09999999999998,1.5056,111.09999999999998,piecewise_gated_peak_signed_angular_accel,1.4889,127.80000000000014,1.4889,127.80000000000014,piecewise_gated_peak_signed_angular_accel,1.4167,199.99999999999994,1.4167,199.99999999999994,lead_hand_hybrid_drift_forward_linear_accel_jump_15pct_window_200ms_to_lead_elbow_back_shoulder_cross,1.4167,1.4634739130434782,-199.99999999999994,-153.22608695652184,lead_elbow_back_shoulder_cross,drift_forward_accel_jump,4,3,1.4167,1.5056,199.99999999999994,88.89999999999998,ok
287_7,1.2861,188.90000000000006,1.2861,188.90000000000006,piecewise_gated_peak_signed_angular_accel_closest_to_191.7ms_among_25pct_peaks,1.3667,108.30000000000007,1.3667,108.30000000000007,piecewise_gated_peak_signed_angular_accel,1.35,125.0,1.35,125.0,piecewise_gated_peak_signed_angular_accel,1.2806,194.40000000000012,1.2806,194.40000000000012,lead_hand_hybrid_drift_forward_linear_accel_jump_15pct_window_200ms_to_lead_elbow_back_shoulder_cross,1.2750000000000001,1.3300095238095238,-199.99999999999994,-144.99047619047633,lead_elbow_back_shoulder_cross,drift_forward_accel_jump,4,3,1.2806,1.3667,194.40000000000012,86.10000000000007,ok
287_8,1.5139,188.90000000000006,1.5139,188.90000000000006,piecewise_gated_peak_signed_angular_accel_closest_to_191.7ms_among_25pct_peaks,1.5361,166.70000000000007,1.5361,166.70000000000007,piecewise_gated_peak_signed_angular_accel,1.6778,25.000000000000135,1.6778,25.000000000000135,piecewise_gated_peak_signed_angular_accel,1.5056,197.20000000000005,1.5056,197.20000000000005,lead_hand_hybrid_drift_forward_linear_accel_jump_15pct_window_200ms_to_lead_elbow_back_shoulder_cross,1.5028000000000001,1.5685430034129693,-199.99999999999994,-134.25699658703084,lead_elbow_back_shoulder_cross,drift_forward_accel_jump,4,3,1.5056,1.5361,197.20000000000005,30.49999999999997,ok
291_1,1.2083,188.90000000000006,1.2083,188.90000000000006,piecewise_gated_peak_signed_angular_accel_closest_to_191.7ms_among_25pct_peaks,1.2694,127.79999999999991,1.2694,127.79999999999991,piecewise_gated_peak_signed_angular_accel,1.3528,44.39999999999999,1.3528,44.39999999999999,piecewise_gated_peak_signed_angular_accel,,,,,not_detected,1.1972,1.2619239445494645,-199.99999999999994,-135.27605545053544,lead_elbow_back_shoulder_cross,not_detected,3,2,1.2083,1.2694,188.90000000000006,61.10000000000015,few_initiation_segments_detected
291_2,1.7861,149.99999999999991,1.7861,149.99999999999991,piecewise_gated_peak_signed_angular_accel_closest_to_191.7ms_among_25pct_peaks,1.8083,127.79999999999991,1.8083,127.79999999999991,piecewise_gated_peak_signed_angular_accel,1.8306,105.49999999999993,1.8306,105.49999999999993,piecewise_gated_peak_signed_angular_accel,,,,,not_detected,1.7361,1.792315221402214,-199.99999999999994,-143.78477859778593,lead_elbow_back_shoulder_cross,not_detected,3,2,1.7861,1.8083,149.99999999999991,22.199999999999996,few_initiation_segments_detected
291_3,1.1694,197.30000000000004,1.1694,197.30000000000004,piecewise_gated_peak_signed_angular_accel_closest_to_191.7ms_among_25pct_peaks,1.2417,125.0,1.2417,125.0,piecewise_gated_peak_signed_angular_accel,1.1361,230.5999999999999,1.1361,230.5999999999999,piecewise_gated_peak_signed_angular_accel,1.1667,199.99999999999994,1.1667,199.99999999999994,lead_hand_hybrid_drift_forward_linear_accel_jump_15pct_window_200ms_to_lead_elbow_back_shoulder_cross,1.1667,1.2263152361942782,-199.99999999999994,-140.38476380572183,lead_elbow_back_shoulder_cross,drift_forward_accel_jump,4,3,1.1667,1.2417,199.99999999999994,74.99999999999996,ok
291_4,1.1306,197.20000000000005,1.1306,197.20000000000005,piecewise_gated_peak_signed_angular_accel_closest_to_191.7ms_among_25pct_peaks,1.1917,136.1000000000001,1.1917,136.1000000000001,piecewise_gated_peak_signed_angular_accel,1.0694,258.4000000000002,1.0694,258.4000000000002,piecewise_gated_peak_signed_angular_accel,1.1306,197.20000000000005,1.1306,197.20000000000005,lead_hand_hybrid_drift_forward_linear_accel_jump_15pct_window_200ms_to_lead_elbow_back_shoulder_cross,1.1278000000000001,1.1833255208333333,-199.99999999999994,-144.47447916666678,lead_elbow_back_shoulder_cross,drift_forward_accel_jump,4,3,1.1306,1.1917,197.20000000000005,61.09999999999993,ok
291_5,1.2861,147.2,1.2861,147.2,piecewise_gated_peak_signed_angular_accel_closest_to_191.7ms_among_25pct_peaks,1.3056,127.69999999999993,1.3056,127.69999999999993,piecewise_gated_peak_signed_angular_accel,1.2111,222.19999999999996,1.2111,222.19999999999996,piecewise_gated_peak_signed_angular_accel,,,,,not_detected,1.2333,1.3009196831200487,-199.99999999999994,-132.38031687995132,lead_elbow_back_shoulder_cross,not_detected,3,2,1.2861,1.3056,147.2,19.50000000000007,few_initiation_segments_detected
291_6,1.3139,166.69999999999985,1.3139,166.69999999999985,piecewise_gated_peak_signed_angular_accel_closest_to_191.7ms_among_25pct_peaks,1.3444,136.19999999999987,1.3444,136.19999999999987,piecewise_gated_peak_signed_angular_accel,1.2611,219.4999999999998,1.2611,219.4999999999998,piecewise_gated_peak_signed_angular_accel,1.2806,199.99999999999994,1.2806,199.99999999999994,lead_hand_hybrid_drift_forward_linear_accel_jump_15pct_window_200ms_to_lead_elbow_back_shoulder_cross,1.2806,1.3562248353715898,-199.99999999999994,-124.37516462841015,lead_elbow_back_shoulder_cross,drift_forward_accel_jump,4,3,1.2806,1.3444,199.99999999999994,63.80000000000008,ok
291_7,1.2472,191.7,1.2472,191.7,piecewise_gated_peak_signed_angular_accel_closest_to_191.7ms_among_25pct_peaks,1.3056,133.29999999999998,1.3056,133.29999999999998,piecewise_gated_peak_signed_angular_accel,1.3806,58.30000000000002,1.3806,58.30000000000002,piecewise_gated_peak_signed_angular_accel,1.2417,197.20000000000005,1.2417,197.20000000000005,lead_hand_hybrid_drift_forward_linear_accel_jump_15pct_window_200ms_to_lead_elbow_back_shoulder_cross,1.2389000000000001,1.306426977687627,-199.99999999999994,-132.47302231237313,lead_elbow_back_shoulder_cross,drift_forward_accel_jump,4,3,1.2417,1.3056,197.20000000000005,63.90000000000007,ok
291_8,1.4111,191.7,1.4111,191.7,piecewise_gated_peak_signed_angular_accel_closest_to_191.7ms_among_25pct_peaks,1.4694,133.39999999999998,1.4694,133.39999999999998,piecewise_gated_peak_signed_angular_accel,1.5694,33.4000000000001,1.5694,33.4000000000001,piecewise_gated_peak_signed_angular_accel,,,,,not_detected,1.4028,1.4744374558303888,-199.99999999999994,-128.36254416961123,lead_elbow_back_shoulder_cross,not_detected,3,2,1.4111,1.4694,191.7,58.30000000000002,few_initiation_segments_detected
297_1,1.8806,169.39999999999978,1.8806,169.39999999999978,piecewise_gated_peak_signed_angular_accel_closest_to_191.7ms_among_25pct_peaks,1.9278,122.19999999999986,1.9278,122.19999999999986,piecewise_gated_peak_signed_angular_accel,1.9611,88.89999999999975,1.9611,88.89999999999975,piecewise_gated_peak_signed_angular_accel,1.8528,197.19999999999982,1.8528,197.19999999999982,lead_hand_hybrid_drift_forward_linear_accel_jump_15pct_window_200ms_to_lead_wrist_back_shoulder_cross,1.8499999999999999,1.9739730678046468,-199.99999999999994,-76.02693219535306,lead_wrist_back_shoulder_cross,drift_forward_accel_jump,4,3,1.8528,1.9278,197.19999999999982,74.99999999999996,ok
297_2,1.7083,166.70000000000007,1.7083,166.70000000000007,piecewise_gated_peak_signed_angular_accel_closest_to_191.7ms_among_25pct_peaks,1.7167,158.3000000000001,1.7167,158.3000000000001,piecewise_gated_peak_signed_angular_accel,1.7861,88.89999999999998,1.7861,88.89999999999998,piecewise_gated_peak_signed_angular_accel,1.6806,194.39999999999992,1.6806,194.39999999999992,lead_hand_hybrid_drift_forward_linear_accel_jump_15pct_window_200ms_to_lead_wrist_back_shoulder_cross,1.675,1.7970307655842617,-199.99999999999994,-77.96923441573833,lead_wrist_back_shoulder_cross,drift_forward_accel_jump,4,3,1.6806,1.7167,194.39999999999992,36.099999999999795,ok
297_3,1.575,161.10000000000002,1.575,161.10000000000002,piecewise_gated_peak_signed_angular_accel_closest_to_191.7ms_among_25pct_peaks,1.6056,130.50000000000006,1.6056,130.50000000000006,piecewise_gated_peak_signed_angular_accel,1.6972,38.899999999999935,1.6972,38.899999999999935,piecewise_gated_peak_signed_angular_accel,,,,,not_detected,1.5361,1.6549696574225121,-199.99999999999994,-81.13034257748785,lead_wrist_back_shoulder_cross,not_detected,3,2,1.575,1.6056,161.10000000000002,30.59999999999996,few_initiation_segments_detected
297_4,2.0917,180.50000000000034,2.0917,180.50000000000034,piecewise_gated_peak_signed_angular_accel_closest_to_191.7ms_among_25pct_peaks,2.1417,130.50000000000006,2.1417,130.50000000000006,piecewise_gated_peak_signed_angular_accel,2.1417,130.50000000000006,2.1417,130.50000000000006,piecewise_gated_peak_signed_angular_accel,2.0722,200.00000000000017,2.0722,200.00000000000017,lead_hand_hybrid_drift_forward_linear_accel_jump_15pct_window_200ms_to_lead_elbow_back_shoulder_cross,2.0722,2.130700699300699,-200.00000000000017,-141.49930069930105,lead_elbow_back_shoulder_cross,drift_forward_accel_jump,4,3,2.0722,2.1417,200.00000000000017,69.50000000000011,ok
297_5,1.6444,169.49999999999997,1.6444,169.49999999999997,piecewise_gated_peak_signed_angular_accel_closest_to_191.7ms_among_25pct_peaks,1.6806,133.29999999999998,1.6806,133.29999999999998,piecewise_gated_peak_signed_angular_accel,1.7222,91.70000000000012,1.7222,91.70000000000012,piecewise_gated_peak_signed_angular_accel,1.6167,197.20000000000005,1.6167,197.20000000000005,lead_hand_hybrid_drift_forward_linear_accel_jump_15pct_window_200ms_to_lead_wrist_back_shoulder_cross,1.6139000000000001,1.7369077898550724,-199.99999999999994,-76.99221014492763,lead_wrist_back_shoulder_cross,drift_forward_accel_jump,4,3,1.6167,1.6806,197.20000000000005,63.90000000000007,ok
297_6,1.7667,166.60000000000008,1.7667,166.60000000000008,piecewise_gated_peak_signed_angular_accel_closest_to_191.7ms_among_25pct_peaks,1.8083,125.0,1.8083,125.0,piecewise_gated_peak_signed_angular_accel,1.8556,77.7000000000001,1.8556,77.7000000000001,piecewise_gated_peak_signed_angular_accel,1.7361,197.20000000000005,1.7361,197.20000000000005,lead_hand_hybrid_drift_forward_linear_accel_jump_15pct_window_200ms_to_lead_elbow_back_shoulder_cross,1.7333,1.800962910798122,-199.99999999999994,-132.33708920187803,lead_elbow_back_shoulder_cross,drift_forward_accel_jump,4,3,1.7361,1.8083,197.20000000000005,72.20000000000005,ok
297_7,1.8889,169.4,1.8889,169.4,piecewise_gated_peak_signed_angular_accel_closest_to_191.7ms_among_25pct_peaks,1.9222,136.1000000000001,1.9222,136.1000000000001,piecewise_gated_peak_signed_angular_accel,1.9694,88.89999999999998,1.9694,88.89999999999998,piecewise_gated_peak_signed_angular_accel,,,,,not_detected,1.8583,1.9215955396966993,-199.99999999999994,-136.70446030330075,lead_elbow_back_shoulder_cross,not_detected,3,2,1.8889,1.9222,169.4,33.29999999999988,few_initiation_segments_detected
297_8,1.7222,177.79999999999995,1.7222,177.79999999999995,piecewise_gated_peak_signed_angular_accel_closest_to_191.7ms_among_25pct_peaks,1.7667,133.29999999999998,1.7667,133.29999999999998,piecewise_gated_peak_signed_angular_accel,1.8,99.99999999999987,1.8,99.99999999999987,piecewise_gated_peak_signed_angular_accel,,,,,not_detected,1.7,1.7498747368421053,-199.99999999999994,-150.12526315789466,lead_elbow_back_shoulder_cross,not_detected,3,2,1.7222,1.7667,177.79999999999995,44.499999999999986,few_initiation_segments_detected
300_1,1.5722,199.99999999999994,1.5722,199.99999999999994,piecewise_gated_peak_signed_angular_accel_closest_to_191.7ms_among_25pct_peaks,1.6056,166.60000000000008,1.6056,166.60000000000008,piecewise_gated_peak_signed_angular_accel,1.7444,27.800000000000047,1.7444,27.800000000000047,piecewise_gated_peak_signed_angular_accel,,,,,not_detected,1.5722,1.6353677890011225,-199.99999999999994,-136.83221099887754,lead_elbow_back_shoulder_cross,not_detected,3,2,1.5722,1.6056,199.99999999999994,33.39999999999988,few_initiation_segments_detected
300_2,1.2139,211.10000000000008,1.2139,211.10000000000008,piecewise_gated_peak_signed_angular_accel_closest_to_191.7ms_among_25pct_peaks,1.2944,130.60000000000005,1.2944,130.60000000000005,piecewise_gated_peak_signed_angular_accel,1.4,25.000000000000135,1.4,25.000000000000135,piecewise_gated_peak_signed_angular_accel,,,,,not_detected,1.225,1.2947805393971443,-199.99999999999994,-130.21946060285572,lead_elbow_back_shoulder_cross,not_detected,3,2,1.2139,1.2944,211.10000000000008,80.50000000000001,few_initiation_segments_detected
300_3,1.2694,216.6999999999999,1.2694,216.6999999999999,piecewise_gated_peak_signed_angular_accel_closest_to_191.7ms_among_25pct_peaks,1.3694,116.70000000000003,1.3694,116.70000000000003,piecewise_gated_peak_signed_angular_accel,1.4611,24.99999999999991,1.4611,24.99999999999991,piecewise_gated_peak_signed_angular_accel,,,,,not_detected,1.2861,1.3520256038647342,-199.99999999999994,-134.07439613526572,lead_elbow_back_shoulder_cross,not_detected,3,2,1.2694,1.3694,216.6999999999999,99.99999999999987,few_initiation_segments_detected
300_4,1.4111,194.4999999999999,1.4111,194.4999999999999,piecewise_gated_peak_signed_angular_accel_closest_to_191.7ms_among_25pct_peaks,1.4889,116.70000000000003,1.4889,116.70000000000003,piecewise_gated_peak_signed_angular_accel,1.4528,152.7999999999998,1.4528,152.7999999999998,piecewise_gated_peak_signed_angular_accel,1.4056,199.99999999999994,1.4056,199.99999999999994,lead_hand_hybrid_drift_forward_linear_accel_jump_15pct_window_200ms_to_lead_elbow_back_shoulder_cross,1.4056,1.4738106463878327,-199.99999999999994,-131.78935361216725,lead_elbow_back_shoulder_cross,drift_forward_accel_jump,4,3,1.4056,1.4889,199.99999999999994,83.29999999999993,ok
300_5,1.6944,188.90000000000006,1.6944,188.90000000000006,piecewise_gated_peak_signed_angular_accel_closest_to_191.7ms_among_25pct_peaks,1.7694,113.89999999999989,1.7694,113.89999999999989,piecewise_gated_peak_signed_angular_accel,1.7917,91.59999999999991,1.7917,91.59999999999991,piecewise_gated_peak_signed_angular_accel,,,,,not_detected,1.6833,1.7529585210860774,-199.99999999999994,-130.34147891392257,lead_elbow_back_shoulder_cross,not_detected,3,2,1.6944,1.7694,188.90000000000006,75.00000000000017,few_initiation_segments_detected
300_6,1.3167,205.50000000000003,1.3167,205.50000000000003,piecewise_gated_peak_signed_angular_accel_closest_to_191.7ms_among_25pct_peaks,1.4083,113.89999999999989,1.4083,113.89999999999989,piecewise_gated_peak_signed_angular_accel,1.4972,24.99999999999991,1.4972,24.99999999999991,piecewise_gated_peak_signed_angular_accel,,,,,not_detected,1.3222,1.3870992565055762,-199.99999999999994,-135.1007434944238,lead_elbow_back_shoulder_cross,not_detected,3,2,1.3167,1.4083,205.50000000000003,91.60000000000012,few_initiation_segments_detected
300_7,1.6389,208.29999999999993,1.6389,208.29999999999993,piecewise_gated_peak_signed_angular_accel_closest_to_191.7ms_among_25pct_peaks,1.7139,133.29999999999998,1.7139,133.29999999999998,piecewise_gated_peak_signed_angular_accel,1.8222,24.99999999999991,1.8222,24.99999999999991,piecewise_gated_peak_signed_angular_accel,,,,,not_detected,1.6472,1.7093897727272727,-199.99999999999994,-137.8102272727273,lead_elbow_back_shoulder_cross,not_detected,3,2,1.6389,1.7139,208.29999999999993,74.99999999999996,few_initiation_segments_detected
300_8,1.2972,241.70000000000002,1.2972,241.70000000000002,piecewise_gated_peak_signed_angular_accel_closest_to_191.7ms_among_25pct_peaks,1.4222,116.70000000000003,1.4222,116.70000000000003,piecewise_gated_peak_signed_angular_accel,1.5111,27.799999999999827,1.5111,27.799999999999827,piecewise_gated_peak_signed_angular_accel,,,,,not_detected,1.3389,1.4060981009224092,-199.99999999999994,-132.80189907759078,lead_elbow_back_shoulder_cross,not_detected,3,2,1.2972,1.4222,241.70000000000002,125.0,few_initiation_segments_detected
302_1,1.7222,169.49999999999997,1.7222,169.49999999999997,piecewise_gated_peak_signed_angular_accel_closest_to_191.7ms_among_25pct_peaks,1.7694,122.29999999999986,1.7694,122.29999999999986,piecewise_gated_peak_signed_angular_accel,1.8111,80.60000000000001,1.8111,80.60000000000001,piecewise_gated_peak_signed_angular_accel,1.6917,199.99999999999994,1.6917,199.99999999999994,lead_hand_hybrid_drift_forward_linear_accel_jump_15pct_window_200ms_to_lead_elbow_back_shoulder_cross,1.6917,1.7693913322632424,-199.99999999999994,-122.30866773675753,lead_elbow_back_shoulder_cross,drift_forward_accel_jump,4,3,1.6917,1.7694,199.99999999999994,77.7000000000001,ok
302_2,1.3639,175.00000000000006,1.3639,175.00000000000006,piecewise_gated_peak_signed_angular_accel_closest_to_191.7ms_among_25pct_peaks,1.4194,119.49999999999994,1.4194,119.49999999999994,piecewise_gated_peak_signed_angular_accel,1.4583,80.60000000000001,1.4583,80.60000000000001,piecewise_gated_peak_signed_angular_accel,1.3472,191.7,1.3472,191.7,lead_hand_hybrid_drift_forward_linear_accel_jump_15pct_window_200ms_to_lead_elbow_back_shoulder_cross,1.3389,1.4132836241610738,-199.99999999999994,-125.61637583892616,lead_elbow_back_shoulder_cross,drift_forward_accel_jump,4,3,1.3472,1.4194,191.7,72.20000000000005,ok
302_3,1.4306,180.4999999999999,1.4306,180.4999999999999,piecewise_gated_peak_signed_angular_accel_closest_to_191.7ms_among_25pct_peaks,1.4889,122.20000000000009,1.4889,122.20000000000009,piecewise_gated_peak_signed_angular_accel,1.5306,80.50000000000001,1.5306,80.50000000000001,piecewise_gated_peak_signed_angular_accel,1.4167,194.39999999999992,1.4167,194.39999999999992,lead_hand_hybrid_drift_forward_linear_accel_jump_15pct_window_200ms_to_lead_elbow_back_shoulder_cross,1.4111,1.4831697487437185,-199.99999999999994,-127.93025125628144,lead_elbow_back_shoulder_cross,drift_forward_accel_jump,4,3,1.4167,1.4889,194.39999999999992,72.19999999999982,ok
302_4,1.5139,172.1999999999999,1.5139,172.1999999999999,piecewise_gated_peak_signed_angular_accel_closest_to_191.7ms_among_25pct_peaks,1.5694,116.70000000000003,1.5694,116.70000000000003,piecewise_gated_peak_signed_angular_accel,1.6167,69.3999999999999,1.6167,69.3999999999999,piecewise_gated_peak_signed_angular_accel,1.4944,191.7,1.4944,191.7,lead_hand_hybrid_drift_forward_linear_accel_jump_15pct_window_200ms_to_lead_elbow_back_shoulder_cross,1.4861,1.566648349514563,-199.99999999999994,-119.45165048543683,lead_elbow_back_shoulder_cross,drift_forward_accel_jump,4,3,1.4944,1.5694,191.7,74.99999999999996,ok
302_5,1.6694,180.60000000000008,1.6694,180.60000000000008,piecewise_gated_peak_signed_angular_accel_closest_to_191.7ms_among_25pct_peaks,1.7278,122.20000000000009,1.7278,122.20000000000009,piecewise_gated_peak_signed_angular_accel,1.7611,88.89999999999998,1.7611,88.89999999999998,piecewise_gated_peak_signed_angular_accel,1.6583,191.7,1.6583,191.7,lead_hand_hybrid_drift_forward_linear_accel_jump_15pct_window_200ms_to_lead_elbow_back_shoulder_cross,1.6500000000000001,1.7172508896797152,-199.99999999999994,-132.7491103202849,lead_elbow_back_shoulder_cross,drift_forward_accel_jump,4,3,1.6583,1.7278,191.7,69.4999999999999,ok
302_6,1.2361,177.79999999999995,1.2361,177.79999999999995,piecewise_gated_peak_signed_angular_accel_closest_to_191.7ms_among_25pct_peaks,1.2778,136.09999999999988,1.2778,136.09999999999988,piecewise_gated_peak_signed_angular_accel,1.3361,77.79999999999987,1.3361,77.79999999999987,piecewise_gated_peak_signed_angular_accel,1.2194,194.4999999999999,1.2194,194.4999999999999,lead_hand_hybrid_drift_forward_linear_accel_jump_15pct_window_200ms_to_lead_elbow_back_shoulder_cross,1.2139,1.2869265258215963,-199.99999999999994,-126.97347417840365,lead_elbow_back_shoulder_cross,drift_forward_accel_jump,4,3,1.2194,1.2778,194.4999999999999,58.400000000000006,ok
302_7,1.0306,180.5000000000001,1.0306,180.5000000000001,piecewise_gated_peak_signed_angular_accel_closest_to_191.7ms_among_25pct_peaks,1.0889,122.20000000000009,1.0889,122.20000000000009,piecewise_gated_peak_signed_angular_accel,1.1333,77.8000000000001,1.1333,77.8000000000001,piecewise_gated_peak_signed_angular_accel,1.0222,188.90000000000006,1.0222,188.90000000000006,lead_hand_hybrid_drift_forward_linear_accel_jump_15pct_window_200ms_to_lead_elbow_back_shoulder_cross,1.0111,1.0789072177668106,-199.99999999999994,-132.19278223318943,lead_elbow_back_shoulder_cross,drift_forward_accel_jump,4,3,1.0222,1.0889,188.90000000000006,66.69999999999999,ok
302_8,1.6139,188.90000000000006,1.6139,188.90000000000006,piecewise_gated_peak_signed_angular_accel_closest_to_191.7ms_among_25pct_peaks,1.6806,122.19999999999986,1.6806,122.19999999999986,piecewise_gated_peak_signed_angular_accel,1.725,77.79999999999987,1.725,77.79999999999987,piecewise_gated_peak_signed_angular_accel,1.6111,191.7,1.6111,191.7,lead_hand_hybrid_drift_forward_linear_accel_jump_15pct_window_200ms_to_lead_elbow_back_shoulder_cross,1.6028,1.667793117408907,-199.99999999999994,-135.00688259109305,lead_elbow_back_shoulder_cross,drift_forward_accel_jump,4,3,1.6111,1.6806,191.7,69.50000000000011,ok
313_1,1.2194,194.4999999999999,1.2194,194.4999999999999,piecewise_gated_peak_signed_angular_accel_closest_to_191.7ms_among_25pct_peaks,1.2694,144.49999999999986,1.2694,144.49999999999986,piecewise_gated_peak_signed_angular_accel,1.3528,61.09999999999993,1.3528,61.09999999999993,piecewise_gated_peak_signed_angular_accel,,,,,not_detected,1.2139,1.2513485714285713,-199.99999999999994,-162.5514285714287,lead_elbow_back_shoulder_cross,not_detected,3,2,1.2194,1.2694,194.4999999999999,50.00000000000004,few_initiation_segments_detected
313_2,1.1806,208.29999999999993,1.1806,208.29999999999993,piecewise_gated_peak_signed_angular_accel_closest_to_191.7ms_among_25pct_peaks,1.2306,158.3000000000001,1.2306,158.3000000000001,piecewise_gated_peak_signed_angular_accel,1.3611,27.800000000000047,1.3611,27.800000000000047,piecewise_gated_peak_signed_angular_accel,,,,,not_detected,1.1889,1.2249766277128549,-199.99999999999994,-163.92337228714516,lead_elbow_back_shoulder_cross,not_detected,3,2,1.1806,1.2306,208.29999999999993,49.99999999999982,few_initiation_segments_detected
313_3,1.3722,202.79999999999987,1.3722,202.79999999999987,piecewise_gated_peak_signed_angular_accel_closest_to_191.7ms_among_25pct_peaks,1.4333,141.69999999999993,1.4333,141.69999999999993,piecewise_gated_peak_signed_angular_accel,1.525,50.00000000000004,1.525,50.00000000000004,piecewise_gated_peak_signed_angular_accel,,,,,not_detected,1.375,1.3974069284064665,-199.99999999999994,-177.59307159353344,lead_elbow_back_shoulder_cross,not_detected,3,2,1.3722,1.4333,202.79999999999987,61.09999999999993,few_initiation_segments_detected
313_4,1.2556,197.20000000000005,1.2556,197.20000000000005,piecewise_gated_peak_signed_angular_accel_closest_to_191.7ms_among_25pct_peaks,1.3083,144.50000000000009,1.3083,144.50000000000009,piecewise_gated_peak_signed_angular_accel,1.3972,55.600000000000094,1.3972,55.600000000000094,piecewise_gated_peak_signed_angular_accel,1.2556,197.20000000000005,1.2556,197.20000000000005,lead_hand_hybrid_drift_forward_linear_accel_jump_15pct_window_200ms_to_lead_elbow_back_shoulder_cross,1.2528000000000001,1.297825099075297,-199.99999999999994,-154.974900924703,lead_elbow_back_shoulder_cross,drift_forward_accel_jump,4,3,1.2556,1.3083,197.20000000000005,52.69999999999997,ok
313_5,1.2444,208.40000000000015,1.2444,208.40000000000015,piecewise_gated_peak_signed_angular_accel_closest_to_191.7ms_among_25pct_peaks,1.2944,158.4000000000001,1.2944,158.4000000000001,piecewise_gated_peak_signed_angular_accel,1.3944,58.400000000000006,1.3944,58.400000000000006,piecewise_gated_peak_signed_angular_accel,,,,,not_detected,1.2528000000000001,1.288286440677966,-199.99999999999994,-164.51355932203415,lead_elbow_back_shoulder_cross,not_detected,3,2,1.2444,1.2944,208.40000000000015,50.00000000000004,few_initiation_segments_detected
313_6,1.1639,191.7,1.1639,191.7,piecewise_gated_peak_signed_angular_accel_closest_to_191.7ms_among_25pct_peaks,1.2028,152.7999999999998,1.2028,152.7999999999998,piecewise_gated_peak_signed_angular_accel,1.3278,27.799999999999827,1.3278,27.799999999999827,piecewise_gated_peak_signed_angular_accel,1.1556,199.99999999999994,1.1556,199.99999999999994,lead_hand_hybrid_drift_forward_linear_accel_jump_15pct_window_200ms_to_lead_elbow_back_shoulder_cross,1.1556,1.1893215530903327,-199.99999999999994,-166.2784469096672,lead_elbow_back_shoulder_cross,drift_forward_accel_jump,4,3,1.1556,1.2028,199.99999999999994,47.20000000000013,ok
313_7,1.7083,200.00000000000017,1.7083,200.00000000000017,piecewise_gated_peak_signed_angular_accel_closest_to_191.7ms_among_25pct_peaks,1.7583,150.00000000000014,1.7583,150.00000000000014,piecewise_gated_peak_signed_angular_accel,1.875,33.30000000000011,1.875,33.30000000000011,piecewise_gated_peak_signed_angular_accel,,,,,not_detected,1.7083000000000002,1.7436834615384615,-199.99999999999994,-164.61653846153857,lead_elbow_back_shoulder_cross,not_detected,3,2,1.7083,1.7583,200.00000000000017,50.00000000000004,few_initiation_segments_detected
313_8,1.6444,197.2999999999998,1.6444,197.2999999999998,piecewise_gated_peak_signed_angular_accel_closest_to_191.7ms_among_25pct_peaks,1.6833,158.39999999999986,1.6833,158.39999999999986,piecewise_gated_peak_signed_angular_accel,1.8083,33.39999999999988,1.8083,33.39999999999988,piecewise_gated_peak_signed_angular_accel,1.6417,199.99999999999994,1.6417,199.99999999999994,lead_hand_hybrid_drift_forward_linear_accel_jump_15pct_window_200ms_to_lead_elbow_back_shoulder_cross,1.6417,1.6794294027565084,-199.99999999999994,-162.27059724349147,lead_elbow_back_shoulder_cross,drift_forward_accel_jump,4,3,1.6417,1.6833,199.99999999999994,41.60000000000008,ok
320_1,0.6806,175.00000000000006,0.6806,175.00000000000006,piecewise_gated_peak_signed_angular_accel_closest_to_191.7ms_among_25pct_peaks,0.7389,116.70000000000003,0.7389,116.70000000000003,piecewise_gated_peak_signed_angular_accel,0.8306,25.00000000000002,0.8306,25.00000000000002,piecewise_gated_peak_signed_angular_accel,0.6556,200.00000000000006,0.6556,200.00000000000006,lead_hand_hybrid_drift_forward_linear_accel_jump_15pct_window_200ms_to_lead_wrist_back_shoulder_cross,0.6556,0.7626469651741293,-200.00000000000006,-92.9530348258707,lead_wrist_back_shoulder_cross,drift_forward_accel_jump,4,3,0.6556,0.7389,200.00000000000006,83.30000000000004,ok
320_2,0.7111,172.20000000000002,0.7111,172.20000000000002,piecewise_gated_peak_signed_angular_accel_closest_to_191.7ms_among_25pct_peaks,0.7639,119.39999999999995,0.7639,119.39999999999995,piecewise_gated_peak_signed_angular_accel,0.8583,25.00000000000002,0.8583,25.00000000000002,piecewise_gated_peak_signed_angular_accel,,,,,not_detected,0.6833,0.7195318181818182,-199.99999999999994,-163.76818181818174,lead_elbow_back_shoulder_cross,not_detected,3,2,0.7111,0.7639,172.20000000000002,52.80000000000007,few_initiation_segments_detected
320_3,0.7111,183.3,0.7111,183.3,piecewise_gated_peak_signed_angular_accel_closest_to_191.7ms_among_25pct_peaks,0.7722,122.19999999999997,0.7722,122.19999999999997,piecewise_gated_peak_signed_angular_accel,0.8639,30.49999999999997,0.8639,30.49999999999997,piecewise_gated_peak_signed_angular_accel,,,,,not_detected,0.6943999999999999,0.7213223880597014,-200.00000000000006,-173.0776119402986,lead_elbow_back_shoulder_cross,not_detected,3,2,0.7111,0.7722,183.3,61.100000000000044,few_initiation_segments_detected
320_4,0.6944,180.6,0.6944,180.6,piecewise_gated_peak_signed_angular_accel_closest_to_191.7ms_among_25pct_peaks,0.7611,113.9,0.7611,113.9,piecewise_gated_peak_signed_angular_accel,0.8472,27.800000000000047,0.8472,27.800000000000047,piecewise_gated_peak_signed_angular_accel,,,,,not_detected,0.675,0.7848639328063242,-199.99999999999994,-90.13606719367584,lead_wrist_back_shoulder_cross,not_detected,3,2,0.6944,0.7611,180.6,66.69999999999999,few_initiation_segments_detected
320_5,1.0111,177.79999999999995,1.0111,177.79999999999995,piecewise_gated_peak_signed_angular_accel_closest_to_191.7ms_among_25pct_peaks,1.0694,119.50000000000016,1.0694,119.50000000000016,piecewise_gated_peak_signed_angular_accel,1.1583,30.59999999999996,1.1583,30.59999999999996,piecewise_gated_peak_signed_angular_accel,0.9917,197.20000000000005,0.9917,197.20000000000005,lead_hand_hybrid_drift_forward_linear_accel_jump_15pct_window_200ms_to_lead_elbow_back_shoulder_cross,0.9889000000000001,1.0143435643564356,-199.99999999999994,-174.5564356435645,lead_elbow_back_shoulder_cross,drift_forward_accel_jump,4,3,0.9917,1.0694,197.20000000000005,77.69999999999987,ok
320_6,0.6972,172.1999999999999,0.6972,172.1999999999999,piecewise_gated_peak_signed_angular_accel_closest_to_191.7ms_among_25pct_peaks,0.7556,113.7999999999999,0.7556,113.7999999999999,piecewise_gated_peak_signed_angular_accel,0.8417,27.699999999999946,0.8417,27.699999999999946,piecewise_gated_peak_signed_angular_accel,,,,,not_detected,0.6694,0.775094396355353,-199.99999999999994,-94.30560364464691,lead_wrist_back_shoulder_cross,not_detected,3,2,0.6972,0.7556,172.1999999999999,58.400000000000006,few_initiation_segments_detected
320_7,0.7111,169.50000000000009,0.7111,169.50000000000009,piecewise_gated_peak_signed_angular_accel_closest_to_191.7ms_among_25pct_peaks,0.7583,122.30000000000007,0.7583,122.30000000000007,piecewise_gated_peak_signed_angular_accel,0.8556,25.00000000000002,0.8556,25.00000000000002,piecewise_gated_peak_signed_angular_accel,,,,,not_detected,0.6806000000000001,0.7863870631798195,-199.99999999999994,-94.2129368201805,lead_wrist_back_shoulder_cross,not_detected,3,2,0.7111,0.7583,169.50000000000009,47.20000000000002,few_initiation_segments_detected
320_8,0.7389,172.20000000000002,0.7389,172.20000000000002,piecewise_gated_peak_signed_angular_accel_closest_to_191.7ms_among_25pct_peaks,0.8028,108.30000000000007,0.8028,108.30000000000007,piecewise_gated_peak_signed_angular_accel,0.8806,30.49999999999997,0.8806,30.49999999999997,piecewise_gated_peak_signed_angular_accel,,,,,not_detected,0.7111000000000001,0.8264575727181545,-199.99999999999994,-84.64242728184557,lead_wrist_back_shoulder_cross,not_detected,3,2,0.7389,0.8028,172.20000000000002,63.899999999999956,few_initiation_segments_detected
321_1,0.8389,183.3,0.8389,183.3,piecewise_gated_peak_signed_angular_accel_closest_to_191.7ms_among_25pct_peaks,0.9028,119.39999999999995,0.9028,119.39999999999995,piecewise_gated_peak_signed_angular_accel,0.9944,27.800000000000047,0.9944,27.800000000000047,piecewise_gated_peak_signed_angular_accel,,,,,not_detected,0.8222,0.8701156050955413,-199.99999999999994,-152.0843949044587,lead_elbow_back_shoulder_cross,not_detected,3,2,0.8389,0.9028,183.3,63.90000000000007,few_initiation_segments_detected
321_2,0.9694,188.90000000000006,0.9694,188.90000000000006,piecewise_gated_peak_signed_angular_accel_closest_to_191.7ms_among_25pct_peaks,1.0361,122.20000000000009,1.0361,122.20000000000009,piecewise_gated_peak_signed_angular_accel,1.1306,27.70000000000006,1.1306,27.70000000000006,piecewise_gated_peak_signed_angular_accel,,,,,not_detected,0.9583000000000002,1.0158228173147468,-199.99999999999994,-142.47718268525333,lead_elbow_back_shoulder_cross,not_detected,3,2,0.9694,1.0361,188.90000000000006,66.69999999999999,few_initiation_segments_detected
321_3,1.1278,194.40000000000012,1.1278,194.40000000000012,piecewise_gated_peak_signed_angular_accel_closest_to_191.7ms_among_25pct_peaks,1.1889,133.29999999999998,1.1889,133.29999999999998,piecewise_gated_peak_signed_angular_accel,1.2944,27.800000000000047,1.2944,27.800000000000047,piecewise_gated_peak_signed_angular_accel,,,,,not_detected,1.1222,1.1735453453453453,-199.99999999999994,-148.65465465465476,lead_elbow_back_shoulder_cross,not_detected,3,2,1.1278,1.1889,194.40000000000012,61.10000000000015,few_initiation_segments_detected
321_4,1.1194,169.49999999999997,1.1194,169.49999999999997,piecewise_gated_peak_signed_angular_accel_closest_to_191.7ms_among_25pct_peaks,1.1833,105.59999999999991,1.1833,105.59999999999991,piecewise_gated_peak_signed_angular_accel,1.2639,24.99999999999991,1.2639,24.99999999999991,piecewise_gated_peak_signed_angular_accel,,,,,not_detected,1.0889,1.1497249424405218,-199.99999999999994,-139.17505755947812,lead_elbow_back_shoulder_cross,not_detected,3,2,1.1194,1.1833,169.49999999999997,63.90000000000007,few_initiation_segments_detected
321_5,0.7833,177.79999999999995,0.7833,177.79999999999995,piecewise_gated_peak_signed_angular_accel_closest_to_191.7ms_among_25pct_peaks,0.8306,130.49999999999994,0.8306,130.49999999999994,piecewise_gated_peak_signed_angular_accel,0.9333,27.799999999999937,0.9333,27.799999999999937,piecewise_gated_peak_signed_angular_accel,0.7667,194.39999999999992,0.7667,194.39999999999992,lead_hand_hybrid_drift_forward_linear_accel_jump_15pct_window_200ms_to_lead_elbow_back_shoulder_cross,0.7610999999999999,0.814828793774319,-200.00000000000006,-146.2712062256809,lead_elbow_back_shoulder_cross,drift_forward_accel_jump,4,3,0.7667,0.8306,194.39999999999992,63.899999999999956,ok
321_6,1.2944,191.7,1.2944,191.7,piecewise_gated_peak_signed_angular_accel_closest_to_191.7ms_among_25pct_peaks,1.3778,108.30000000000007,1.3778,108.30000000000007,piecewise_gated_peak_signed_angular_accel,1.4611,24.99999999999991,1.4611,24.99999999999991,piecewise_gated_peak_signed_angular_accel,,,,,not_detected,1.2861,1.3421226247436773,-199.99999999999994,-143.97737525632272,lead_elbow_back_shoulder_cross,not_detected,3,2,1.2944,1.3778,191.7,83.39999999999992,few_initiation_segments_detected
321_7,0.9528,186.10000000000005,0.9528,186.10000000000005,piecewise_gated_peak_signed_angular_accel_closest_to_191.7ms_among_25pct_peaks,1.0028,136.1000000000001,1.0028,136.1000000000001,piecewise_gated_peak_signed_angular_accel,1.1139,25.000000000000135,1.1139,25.000000000000135,piecewise_gated_peak_signed_angular_accel,,,,,not_detected,0.9389000000000001,0.9870437125748502,-199.99999999999994,-151.8562874251498,lead_elbow_back_shoulder_cross,not_detected,3,2,0.9528,1.0028,186.10000000000005,49.999999999999936,few_initiation_segments_detected
321_8,1.0333,191.7,1.0333,191.7,piecewise_gated_peak_signed_angular_accel_closest_to_191.7ms_among_25pct_peaks,1.0944,130.60000000000005,1.0944,130.60000000000005,piecewise_gated_peak_signed_angular_accel,1.2,25.000000000000135,1.2,25.000000000000135,piecewise_gated_peak_signed_angular_accel,,,,,not_detected,1.0250000000000001,1.082978789938817,-199.99999999999994,-142.02121006118307,lead_elbow_back_shoulder_cross,not_detected,3,2,1.0333,1.0944,191.7,61.09999999999993,few_initiation_segments_detected
324_1,1.7472,188.89999999999984,1.7472,188.89999999999984,piecewise_gated_peak_signed_angular_accel_closest_to_191.7ms_among_25pct_peaks,1.8306,105.49999999999993,1.8306,105.49999999999993,piecewise_gated_peak_signed_angular_accel,1.8889,47.19999999999991,1.8889,47.19999999999991,piecewise_gated_peak_signed_angular_accel,,,,,not_detected,1.7361,1.8557337232453956,-199.99999999999994,-80.36627675460429,lead_wrist_back_shoulder_cross,not_detected,3,2,1.7472,1.8306,188.89999999999984,83.39999999999992,few_initiation_segments_detected
324_2,1.8194,197.30000000000024,1.8194,197.30000000000024,piecewise_gated_peak_signed_angular_accel_closest_to_191.7ms_among_25pct_peaks,1.8833,133.40000000000018,1.8833,133.40000000000018,piecewise_gated_peak_signed_angular_accel,1.5528,463.9000000000002,1.5528,463.9000000000002,piecewise_gated_peak_signed_angular_accel,,,,,not_detected,1.8167000000000002,1.9332830466830466,-199.99999999999994,-83.41695331695354,lead_wrist_back_shoulder_cross,not_detected,3,2,1.8194,1.8833,197.30000000000024,63.90000000000007,few_initiation_segments_detected
324_3,1.8472,191.7,1.8472,191.7,piecewise_gated_peak_signed_angular_accel_closest_to_191.7ms_among_25pct_peaks,1.9333,105.59999999999991,1.9333,105.59999999999991,piecewise_gated_peak_signed_angular_accel,1.9944,44.499999999999986,1.9944,44.499999999999986,piecewise_gated_peak_signed_angular_accel,1.8417,197.20000000000005,1.8417,197.20000000000005,lead_hand_hybrid_drift_forward_linear_accel_jump_15pct_window_200ms_to_lead_wrist_back_shoulder_cross,1.8389,1.953344191856108,-199.99999999999994,-85.55580814389185,lead_wrist_back_shoulder_cross,drift_forward_accel_jump,4,3,1.8417,1.9333,197.20000000000005,91.60000000000012,ok
324_4,1.6111,180.60000000000008,1.6111,180.60000000000008,piecewise_gated_peak_signed_angular_accel_closest_to_191.7ms_among_25pct_peaks,1.6528,138.90000000000003,1.6528,138.90000000000003,piecewise_gated_peak_signed_angular_accel,1.75,41.700000000000074,1.75,41.700000000000074,piecewise_gated_peak_signed_angular_accel,,,,,not_detected,1.5917000000000001,1.7071942655145325,-199.99999999999994,-84.50573448546761,lead_wrist_back_shoulder_cross,not_detected,3,2,1.6111,1.6528,180.60000000000008,41.700000000000074,few_initiation_segments_detected
324_5,1.2556,183.3,1.2556,183.3,piecewise_gated_peak_signed_angular_accel_closest_to_191.7ms_among_25pct_peaks,1.3167,122.20000000000009,1.3167,122.20000000000009,piecewise_gated_peak_signed_angular_accel,1.0444,394.50000000000006,1.0444,394.50000000000006,piecewise_gated_peak_signed_angular_accel,1.2417,197.20000000000005,1.2417,197.20000000000005,lead_hand_hybrid_drift_forward_linear_accel_jump_15pct_window_200ms_to_lead_wrist_back_shoulder_cross,1.2389000000000001,1.3590843694493784,-199.99999999999994,-79.81563055062169,lead_wrist_back_shoulder_cross,drift_forward_accel_jump,4,3,1.2417,1.3167,197.20000000000005,74.99999999999996,ok
324_6,1.3833,183.4,1.3833,183.4,piecewise_gated_peak_signed_angular_accel_closest_to_191.7ms_among_25pct_peaks,1.4472,119.49999999999994,1.4472,119.49999999999994,piecewise_gated_peak_signed_angular_accel,1.1889,377.7999999999999,1.1889,377.7999999999999,piecewise_gated_peak_signed_angular_accel,1.3667,199.99999999999994,1.3667,199.99999999999994,lead_hand_hybrid_drift_forward_linear_accel_jump_15pct_window_200ms_to_lead_wrist_back_shoulder_cross,1.3667,1.4885915613946437,-199.99999999999994,-78.10843860535633,lead_wrist_back_shoulder_cross,drift_forward_accel_jump,4,3,1.3667,1.4472,199.99999999999994,80.50000000000001,ok
324_7,1.3611,191.7,1.3611,191.7,piecewise_gated_peak_signed_angular_accel_closest_to_191.7ms_among_25pct_peaks,1.4444,108.40000000000005,1.4444,108.40000000000005,piecewise_gated_peak_signed_angular_accel,1.4333,119.49999999999994,1.4333,119.49999999999994,piecewise_gated_peak_signed_angular_accel,1.3944,158.39999999999986,1.3944,158.39999999999986,lead_hand_hybrid_drift_forward_linear_accel_jump_15pct_window_200ms_to_lead_elbow_back_shoulder_cross,1.3528,1.3984597907324365,-199.99999999999994,-154.3402092675634,lead_elbow_back_shoulder_cross,drift_forward_accel_jump,4,3,1.3611,1.4444,191.7,83.29999999999993,ok
324_8,1.5111,186.09999999999994,1.5111,186.09999999999994,piecewise_gated_peak_signed_angular_accel_closest_to_191.7ms_among_25pct_peaks,1.5972,100.00000000000009,1.5972,100.00000000000009,piecewise_gated_peak_signed_angular_accel,1.5639,133.29999999999998,1.5639,133.29999999999998,piecewise_gated_peak_signed_angular_accel,1.4972,199.99999999999994,1.4972,199.99999999999994,lead_hand_hybrid_drift_forward_linear_accel_jump_15pct_window_200ms_to_lead_elbow_back_shoulder_cross,1.4972,1.5348489361702127,-199.99999999999994,-162.35106382978736,lead_elbow_back_shoulder_cross,drift_forward_accel_jump,4,3,1.4972,1.5972,199.99999999999994,99.99999999999987,ok
33_1,1.0611,183.3,1.0611,183.3,piecewise_gated_peak_signed_angular_accel_closest_to_191.7ms_among_25pct_peaks,1.1056,138.80000000000004,1.1056,138.80000000000004,piecewise_gated_peak_signed_angular_accel,1.1889,55.499999999999886,1.1889,55.499999999999886,piecewise_gated_peak_signed_angular_accel,1.0444,199.99999999999994,1.0444,199.99999999999994,lead_hand_hybrid_drift_forward_linear_accel_jump_15pct_window_200ms_to_lead_elbow_back_shoulder_cross,1.0444,1.1028850282485876,-199.99999999999994,-141.51497175141236,lead_elbow_back_shoulder_cross,drift_forward_accel_jump,4,3,1.0444,1.1056,199.99999999999994,61.19999999999992,ok
33_2,1.3333,186.10000000000016,1.3333,186.10000000000016,piecewise_gated_peak_signed_angular_accel_closest_to_191.7ms_among_25pct_peaks,1.4167,102.70000000000002,1.4167,102.70000000000002,piecewise_gated_peak_signed_angular_accel,1.4639,55.50000000000011,1.4639,55.50000000000011,piecewise_gated_peak_signed_angular_accel,1.3222,197.20000000000005,1.3222,197.20000000000005,lead_hand_hybrid_drift_forward_linear_accel_jump_15pct_window_200ms_to_lead_elbow_back_shoulder_cross,1.3194000000000001,1.3826035280508964,-199.99999999999994,-136.7964719491037,lead_elbow_back_shoulder_cross,drift_forward_accel_jump,4,3,1.3222,1.4167,197.20000000000005,94.50000000000003,ok
33_3,1.1083,175.00000000000006,1.1083,175.00000000000006,piecewise_gated_peak_signed_angular_accel_closest_to_191.7ms_among_25pct_peaks,1.1528,130.50000000000006,1.1528,130.50000000000006,piecewise_gated_peak_signed_angular_accel,1.2333,50.00000000000004,1.2333,50.00000000000004,piecewise_gated_peak_signed_angular_accel,1.0861,197.20000000000005,1.0861,197.20000000000005,lead_hand_hybrid_drift_forward_linear_accel_jump_15pct_window_200ms_to_lead_elbow_back_shoulder_cross,1.0833000000000002,1.1461716363636365,-199.99999999999994,-137.12836363636362,lead_elbow_back_shoulder_cross,drift_forward_accel_jump,4,3,1.0861,1.1528,197.20000000000005,66.69999999999999,ok
33_4,1.1722,180.60000000000008,1.1722,180.60000000000008,piecewise_gated_peak_signed_angular_accel_closest_to_191.7ms_among_25pct_peaks,1.2333,119.49999999999994,1.2333,119.49999999999994,piecewise_gated_peak_signed_angular_accel,1.3028,50.00000000000004,1.3028,50.00000000000004,piecewise_gated_peak_signed_angular_accel,1.1556,197.20000000000005,1.1556,197.20000000000005,lead_hand_hybrid_drift_forward_linear_accel_jump_15pct_window_200ms_to_lead_elbow_back_shoulder_cross,1.1528,1.2217641791044775,-199.99999999999994,-131.03582089552245,lead_elbow_back_shoulder_cross,drift_forward_accel_jump,4,3,1.1556,1.2333,197.20000000000005,77.7000000000001,ok
33_5,1.2389,169.4000000000002,1.2389,169.4000000000002,piecewise_gated_peak_signed_angular_accel_closest_to_191.7ms_among_25pct_peaks,1.2889,119.40000000000018,1.2889,119.40000000000018,piecewise_gated_peak_signed_angular_accel,1.3611,47.20000000000013,1.3611,47.20000000000013,piecewise_gated_peak_signed_angular_accel,1.2111,197.20000000000005,1.2111,197.20000000000005,lead_hand_hybrid_drift_forward_linear_accel_jump_15pct_window_200ms_to_lead_elbow_back_shoulder_cross,1.2083000000000002,1.2770827760252366,-199.99999999999994,-131.21722397476356,lead_elbow_back_shoulder_cross,drift_forward_accel_jump,4,3,1.2111,1.2889,197.20000000000005,77.79999999999987,ok
342_1,1.3194,152.80000000000004,1.3194,152.80000000000004,piecewise_gated_peak_signed_angular_accel_closest_to_191.7ms_among_25pct_peaks,1.3417,130.50000000000006,1.3417,130.50000000000006,piecewise_gated_peak_signed_angular_accel,1.4444,27.800000000000047,1.4444,27.800000000000047,piecewise_gated_peak_signed_angular_accel,1.2722,199.99999999999994,1.2722,199.99999999999994,lead_hand_hybrid_drift_forward_linear_accel_jump_15pct_window_200ms_to_lead_elbow_back_shoulder_cross,1.2722,1.313221875,-199.99999999999994,-158.97812499999998,lead_elbow_back_shoulder_cross,drift_forward_accel_jump,4,3,1.2722,1.3417,199.99999999999994,69.4999999999999,ok
342_2,1.3722,177.79999999999995,1.3722,177.79999999999995,piecewise_gated_peak_signed_angular_accel_closest_to_191.7ms_among_25pct_peaks,1.4167,133.29999999999998,1.4167,133.29999999999998,piecewise_gated_peak_signed_angular_accel,1.525,25.000000000000135,1.525,25.000000000000135,piecewise_gated_peak_signed_angular_accel,1.35,199.99999999999994,1.35,199.99999999999994,lead_hand_hybrid_drift_forward_linear_accel_jump_15pct_window_200ms_to_lead_elbow_back_shoulder_cross,1.35,1.397103448275862,-199.99999999999994,-152.89655172413808,lead_elbow_back_shoulder_cross,drift_forward_accel_jump,4,3,1.35,1.4167,199.99999999999994,66.69999999999999,ok
342_3,2.1694,194.5000000000001,2.1694,194.5000000000001,piecewise_gated_peak_signed_angular_accel_closest_to_191.7ms_among_25pct_peaks,2.2306,133.30000000000018,2.2306,133.30000000000018,piecewise_gated_peak_signed_angular_accel,2.3389,24.99999999999991,2.3389,24.99999999999991,piecewise_gated_peak_signed_angular_accel,2.1667,197.20000000000005,2.1667,197.20000000000005,lead_hand_hybrid_drift_forward_linear_accel_jump_15pct_window_200ms_to_lead_elbow_back_shoulder_cross,2.1639,2.2028598058252427,-200.00000000000017,-161.04019417475746,lead_elbow_back_shoulder_cross,drift_forward_accel_jump,4,3,2.1667,2.2306,197.20000000000005,63.89999999999985,ok
342_4,1.5861,166.69999999999985,1.5861,166.69999999999985,piecewise_gated_peak_signed_angular_accel_closest_to_191.7ms_among_25pct_peaks,1.6278,125.0,1.6278,125.0,piecewise_gated_peak_signed_angular_accel,1.725,27.799999999999827,1.725,27.799999999999827,piecewise_gated_peak_signed_angular_accel,1.5556,197.19999999999982,1.5556,197.19999999999982,lead_hand_hybrid_drift_forward_linear_accel_jump_15pct_window_200ms_to_lead_elbow_back_shoulder_cross,1.5528,1.611522346368715,-199.99999999999994,-141.27765363128498,lead_elbow_back_shoulder_cross,drift_forward_accel_jump,4,3,1.5556,1.6278,197.19999999999982,72.19999999999982,ok
342_5,1.3444,155.59999999999997,1.3444,155.59999999999997,piecewise_gated_peak_signed_angular_accel_closest_to_191.7ms_among_25pct_peaks,1.3667,133.29999999999998,1.3667,133.29999999999998,piecewise_gated_peak_signed_angular_accel,1.4694,30.59999999999996,1.4694,30.59999999999996,piecewise_gated_peak_signed_angular_accel,1.3,199.99999999999994,1.3,199.99999999999994,lead_hand_hybrid_drift_forward_linear_accel_jump_15pct_window_200ms_to_lead_elbow_back_shoulder_cross,1.3,1.3472537313432835,-199.99999999999994,-152.74626865671647,lead_elbow_back_shoulder_cross,drift_forward_accel_jump,4,3,1.3,1.3667,199.99999999999994,66.69999999999999,ok
342_6,1.6667,158.2999999999999,1.6667,158.2999999999999,piecewise_gated_peak_signed_angular_accel_closest_to_191.7ms_among_25pct_peaks,1.6917,133.29999999999998,1.6917,133.29999999999998,piecewise_gated_peak_signed_angular_accel,1.7972,27.800000000000047,1.7972,27.800000000000047,piecewise_gated_peak_signed_angular_accel,1.6278,197.20000000000005,1.6278,197.20000000000005,lead_hand_hybrid_drift_forward_linear_accel_jump_15pct_window_200ms_to_lead_elbow_back_shoulder_cross,1.625,1.6527183333333333,-199.99999999999994,-172.28166666666667,lead_elbow_back_shoulder_cross,drift_forward_accel_jump,4,3,1.6278,1.6917,197.20000000000005,63.90000000000007,ok
342_7,1.3194,186.20000000000013,1.3194,186.20000000000013,piecewise_gated_peak_signed_angular_accel_closest_to_191.7ms_among_25pct_peaks,1.3806,125.0,1.3806,125.0,piecewise_gated_peak_signed_angular_accel,1.4806,25.000000000000135,1.4806,25.000000000000135,piecewise_gated_peak_signed_angular_accel,1.3194,186.20000000000013,1.3194,186.20000000000013,lead_hand_hybrid_drift_forward_linear_accel_jump_15pct_window_200ms_to_lead_elbow_back_shoulder_cross,1.3056,1.353300205338809,-199.99999999999994,-152.29979466119104,lead_elbow_back_shoulder_cross,drift_forward_accel_jump,4,3,1.3194,1.3806,186.20000000000013,61.200000000000145,ok
342_8,2.0444,191.7,2.0444,191.7,piecewise_gated_peak_signed_angular_accel_closest_to_191.7ms_among_25pct_peaks,2.0944,141.70000000000016,2.0944,141.70000000000016,piecewise_gated_peak_signed_angular_accel,2.2083,27.800000000000047,2.2083,27.800000000000047,piecewise_gated_peak_signed_angular_accel,2.0389,197.20000000000005,2.0389,197.20000000000005,lead_hand_hybrid_drift_forward_linear_accel_jump_15pct_window_200ms_to_lead_elbow_back_shoulder_cross,2.0361,2.079428193832599,-200.00000000000017,-156.67180616740106,lead_elbow_back_shoulder_cross,drift_forward_accel_jump,4,3,2.0389,2.0944,197.20000000000005,55.499999999999886,ok
343_1,1.7528,211.10000000000008,1.7528,211.10000000000008,piecewise_gated_peak_signed_angular_accel_closest_to_191.7ms_among_25pct_peaks,1.8222,141.69999999999993,1.8222,141.69999999999993,piecewise_gated_peak_signed_angular_accel,1.9389,24.99999999999991,1.9389,24.99999999999991,piecewise_gated_peak_signed_angular_accel,1.7667,197.20000000000005,1.7667,197.20000000000005,lead_hand_hybrid_drift_forward_linear_accel_jump_15pct_window_200ms_to_lead_elbow_back_shoulder_cross,1.7639,1.8404413762287757,-199.99999999999994,-123.4586237712243,lead_elbow_back_shoulder_cross,drift_forward_accel_jump,4,3,1.7528,1.8222,211.10000000000008,69.40000000000013,ok
343_2,1.3694,213.89999999999998,1.3694,213.89999999999998,piecewise_gated_peak_signed_angular_accel_closest_to_191.7ms_among_25pct_peaks,1.4417,141.59999999999994,1.4417,141.59999999999994,piecewise_gated_peak_signed_angular_accel,1.5444,38.899999999999935,1.5444,38.899999999999935,piecewise_gated_peak_signed_angular_accel,1.3833,199.99999999999994,1.3833,199.99999999999994,lead_hand_hybrid_drift_forward_linear_accel_jump_15pct_window_200ms_to_lead_elbow_back_shoulder_cross,1.3833,1.4556564501779359,-199.99999999999994,-127.64354982206405,lead_elbow_back_shoulder_cross,drift_forward_accel_jump,4,3,1.3694,1.4417,213.89999999999998,72.30000000000003,ok
343_3,0.9944,199.99999999999994,0.9944,199.99999999999994,piecewise_gated_peak_signed_angular_accel_closest_to_191.7ms_among_25pct_peaks,1.0556,138.7999999999998,1.0556,138.7999999999998,piecewise_gated_peak_signed_angular_accel,1.1583,36.099999999999795,1.1583,36.099999999999795,piecewise_gated_peak_signed_angular_accel,0.9944,199.99999999999994,0.9944,199.99999999999994,lead_hand_hybrid_drift_forward_linear_accel_jump_15pct_window_200ms_to_lead_elbow_back_shoulder_cross,0.9944,1.0822905109489052,-199.99999999999994,-112.10948905109474,lead_elbow_back_shoulder_cross,drift_forward_accel_jump,4,3,0.9944,1.0556,199.99999999999994,61.200000000000145,ok
343_4,1.6639,219.40000000000003,1.6639,219.40000000000003,piecewise_gated_peak_signed_angular_accel_closest_to_191.7ms_among_25pct_peaks,1.7389,144.4000000000001,1.7389,144.4000000000001,piecewise_gated_peak_signed_angular_accel,1.8417,41.60000000000008,1.8417,41.60000000000008,piecewise_gated_peak_signed_angular_accel,1.6833,199.99999999999994,1.6833,199.99999999999994,lead_hand_hybrid_drift_forward_linear_accel_jump_15pct_window_200ms_to_lead_elbow_back_shoulder_cross,1.6833,1.7574527922860586,-199.99999999999994,-125.84720771394143,lead_elbow_back_shoulder_cross,drift_forward_accel_jump,4,3,1.6639,1.7389,219.40000000000003,74.99999999999996,ok
343_5,2.0528,213.9000000000002,2.0528,213.9000000000002,piecewise_gated_peak_signed_angular_accel_closest_to_191.7ms_among_25pct_peaks,2.1056,161.10000000000025,2.1056,161.10000000000025,piecewise_gated_peak_signed_angular_accel,2.2333,33.40000000000032,2.2333,33.40000000000032,piecewise_gated_peak_signed_angular_accel,2.0667,200.00000000000017,2.0667,200.00000000000017,lead_hand_hybrid_drift_forward_linear_accel_jump_15pct_window_200ms_to_lead_elbow_back_shoulder_cross,2.0667,2.1330186770428017,-200.00000000000017,-133.6813229571985,lead_elbow_back_shoulder_cross,drift_forward_accel_jump,4,3,2.0528,2.1056,213.9000000000002,52.799999999999955,ok
343_6,1.1139,163.90000000000015,1.1139,163.90000000000015,piecewise_gated_peak_signed_angular_accel_closest_to_191.7ms_among_25pct_peaks,1.1306,147.2,1.1306,147.2,piecewise_gated_peak_signed_angular_accel,1.2417,36.10000000000002,1.2417,36.10000000000002,piecewise_gated_peak_signed_angular_accel,1.0778,199.99999999999994,1.0778,199.99999999999994,lead_hand_hybrid_drift_forward_linear_accel_jump_15pct_window_200ms_to_lead_elbow_back_shoulder_cross,1.0778,1.1571043683083513,-199.99999999999994,-120.69563169164877,lead_elbow_back_shoulder_cross,drift_forward_accel_jump,4,3,1.0778,1.1306,199.99999999999994,52.799999999999955,ok
343_7,1.6944,216.7000000000001,1.6944,216.7000000000001,piecewise_gated_peak_signed_angular_accel_closest_to_191.7ms_among_25pct_peaks,1.7556,155.49999999999997,1.7556,155.49999999999997,piecewise_gated_peak_signed_angular_accel,1.8111,100.00000000000009,1.8111,100.00000000000009,piecewise_gated_peak_signed_angular_accel,1.7111,199.99999999999994,1.7111,199.99999999999994,lead_hand_hybrid_drift_forward_linear_accel_jump_15pct_window_200ms_to_lead_elbow_back_shoulder_cross,1.7111,1.782008803301238,-199.99999999999994,-129.09119669876202,lead_elbow_back_shoulder_cross,drift_forward_accel_jump,4,3,1.6944,1.7556,216.7000000000001,61.200000000000145,ok
343_8,1.2778,205.50000000000003,1.2778,205.50000000000003,piecewise_gated_peak_signed_angular_accel_closest_to_191.7ms_among_25pct_peaks,1.3361,147.2,1.3361,147.2,piecewise_gated_peak_signed_angular_accel,1.4528,30.49999999999997,1.4528,30.49999999999997,piecewise_gated_peak_signed_angular_accel,1.2833,199.99999999999994,1.2833,199.99999999999994,lead_hand_hybrid_drift_forward_linear_accel_jump_15pct_window_200ms_to_lead_elbow_back_shoulder_cross,1.2833,1.3586933603238867,-199.99999999999994,-124.6066396761134,lead_elbow_back_shoulder_cross,drift_forward_accel_jump,4,3,1.2778,1.3361,205.50000000000003,58.30000000000002,ok
343_9,1.4944,211.20000000000005,1.4944,211.20000000000005,piecewise_gated_peak_signed_angular_accel_closest_to_191.7ms_among_25pct_peaks,1.5444,161.20000000000002,1.5444,161.20000000000002,piecewise_gated_peak_signed_angular_accel,1.6694,36.20000000000001,1.6694,36.20000000000001,piecewise_gated_peak_signed_angular_accel,1.5056,199.99999999999994,1.5056,199.99999999999994,lead_hand_hybrid_drift_forward_linear_accel_jump_15pct_window_200ms_to_lead_elbow_back_shoulder_cross,1.5056,1.5789001399906673,-199.99999999999994,-126.69986000933275,lead_elbow_back_shoulder_cross,drift_forward_accel_jump,4,3,1.4944,1.5444,211.20000000000005,50.00000000000004,ok
349_1,1.1472,230.5999999999999,1.1472,230.5999999999999,piecewise_gated_peak_signed_angular_accel_closest_to_191.7ms_among_25pct_peaks,1.2361,141.69999999999993,1.2361,141.69999999999993,piecewise_gated_peak_signed_angular_accel,1.35,27.799999999999827,1.35,27.799999999999827,piecewise_gated_peak_signed_angular_accel,,,,,not_detected,1.1778,1.2768155207624234,-199.99999999999994,-100.98447923757648,lead_wrist_back_shoulder_cross,not_detected,3,2,1.1472,1.2361,230.5999999999999,88.89999999999998,few_initiation_segments_detected
349_3,1.4944,241.70000000000002,1.4944,241.70000000000002,piecewise_gated_peak_signed_angular_accel_closest_to_191.7ms_among_25pct_peaks,1.6194,116.70000000000003,1.6194,116.70000000000003,piecewise_gated_peak_signed_angular_accel,1.6056,130.50000000000006,1.6056,130.50000000000006,piecewise_gated_peak_signed_angular_accel,,,,,not_detected,1.5361,1.6338931262392598,-199.99999999999994,-102.20687376074022,lead_wrist_back_shoulder_cross,not_detected,3,2,1.4944,1.6194,241.70000000000002,125.0,few_initiation_segments_detected
349_4,1.3056,252.69999999999993,1.3056,252.69999999999993,piecewise_gated_peak_signed_angular_accel_closest_to_191.7ms_among_25pct_peaks,1.4417,116.60000000000004,1.4417,116.60000000000004,piecewise_gated_peak_signed_angular_accel,1.5278,30.49999999999997,1.5278,30.49999999999997,piecewise_gated_peak_signed_angular_accel,,,,,not_detected,1.3583,1.4480835179590468,-199.99999999999994,-110.21648204095325,lead_wrist_back_shoulder_cross,not_detected,3,2,1.3056,1.4417,252.69999999999993,136.09999999999988,few_initiation_segments_detected
349_5,1.2333,255.59999999999982,1.2333,255.59999999999982,piecewise_gated_peak_signed_angular_accel_closest_to_191.7ms_among_25pct_peaks,1.3722,116.6999999999998,1.3722,116.6999999999998,piecewise_gated_peak_signed_angular_accel,1.4583,30.59999999999996,1.4583,30.59999999999996,piecewise_gated_peak_signed_angular_accel,,,,,not_detected,1.2889,1.3853436018957346,-199.99999999999994,-103.55639810426531,lead_wrist_back_shoulder_cross,not_detected,3,2,1.2333,1.3722,255.59999999999982,138.90000000000003,few_initiation_segments_detected
349_6,1.3528,241.60000000000002,1.3528,241.60000000000002,piecewise_gated_peak_signed_angular_accel_closest_to_191.7ms_among_25pct_peaks,1.4861,108.30000000000007,1.4861,108.30000000000007,piecewise_gated_peak_signed_angular_accel,1.5667,27.70000000000006,1.5667,27.70000000000006,piecewise_gated_peak_signed_angular_accel,,,,,not_detected,1.3944,1.4992687163232963,-199.99999999999994,-95.13128367670376,lead_wrist_back_shoulder_cross,not_detected,3,2,1.3528,1.4861,241.60000000000002,133.29999999999998,few_initiation_segments_detected
349_7,1.2361,250.0,1.2361,250.0,piecewise_gated_peak_signed_angular_accel_closest_to_191.7ms_among_25pct_peaks,1.3667,119.39999999999995,1.3667,119.39999999999995,piecewise_gated_peak_signed_angular_accel,1.4583,27.800000000000047,1.4583,27.800000000000047,piecewise_gated_peak_signed_angular_accel,,,,,not_detected,1.2861,1.3831842857142858,-199.99999999999994,-102.91571428571422,lead_wrist_back_shoulder_cross,not_detected,3,2,1.2361,1.3667,250.0,130.60000000000005,few_initiation_segments_detected
349_8,1.2722,255.60000000000005,1.2722,255.60000000000005,piecewise_gated_peak_signed_angular_accel_closest_to_191.7ms_among_25pct_peaks,1.4056,122.20000000000009,1.4056,122.20000000000009,piecewise_gated_peak_signed_angular_accel,1.5028,25.000000000000135,1.5028,25.000000000000135,piecewise_gated_peak_signed_angular_accel,,,,,not_detected,1.3278,1.42077608040201,-199.99999999999994,-107.02391959799007,lead_wrist_back_shoulder_cross,not_detected,3,2,1.2722,1.4056,255.60000000000005,133.39999999999998,few_initiation_segments_detected
350_1,1.3806,172.1999999999999,1.3806,172.1999999999999,piecewise_gated_peak_signed_angular_accel_closest_to_191.7ms_among_25pct_peaks,1.4306,122.19999999999986,1.4306,122.19999999999986,piecewise_gated_peak_signed_angular_accel,1.4944,58.400000000000006,1.4944,58.400000000000006,piecewise_gated_peak_signed_angular_accel,,,,,not_detected,1.3528,1.4564653290529694,-199.99999999999994,-96.33467094703052,lead_wrist_back_shoulder_cross,not_detected,3,2,1.3806,1.4306,172.1999999999999,50.00000000000004,few_initiation_segments_detected
350_2,0.8583,166.69999999999996,0.8583,166.69999999999996,piecewise_gated_peak_signed_angular_accel_closest_to_191.7ms_among_25pct_peaks,0.8972,127.79999999999991,0.8972,127.79999999999991,piecewise_gated_peak_signed_angular_accel,0.9111,113.89999999999989,0.9111,113.89999999999989,piecewise_gated_peak_signed_angular_accel,,,,,not_detected,0.825,0.9335690342982242,-199.99999999999994,-91.43096570177566,lead_wrist_back_shoulder_cross,not_detected,3,2,0.8583,0.8972,166.69999999999996,38.90000000000005,few_initiation_segments_detected
350_4,1.075,172.20000000000013,1.075,172.20000000000013,piecewise_gated_peak_signed_angular_accel_closest_to_191.7ms_among_25pct_peaks,1.1222,125.0,1.1222,125.0,piecewise_gated_peak_signed_angular_accel,1.2222,25.000000000000135,1.2222,25.000000000000135,piecewise_gated_peak_signed_angular_accel,,,,,not_detected,1.0472000000000001,1.1605657704239918,-199.99999999999994,-86.63422957600831,lead_wrist_back_shoulder_cross,not_detected,3,2,1.075,1.1222,172.20000000000013,47.20000000000013,few_initiation_segments_detected
350_5,1.0722,177.79999999999995,1.0722,177.79999999999995,piecewise_gated_peak_signed_angular_accel_closest_to_191.7ms_among_25pct_peaks,1.1222,127.79999999999991,1.1222,127.79999999999991,piecewise_gated_peak_signed_angular_accel,1.2194,30.59999999999996,1.2194,30.59999999999996,piecewise_gated_peak_signed_angular_accel,,,,,not_detected,1.05,1.153274933268624,-199.99999999999994,-96.72506673137593,lead_wrist_back_shoulder_cross,not_detected,3,2,1.0722,1.1222,177.79999999999995,50.00000000000004,few_initiation_segments_detected
350_6,1.5556,172.1999999999999,1.5556,172.1999999999999,piecewise_gated_peak_signed_angular_accel_closest_to_191.7ms_among_25pct_peaks,1.5972,130.60000000000005,1.5972,130.60000000000005,piecewise_gated_peak_signed_angular_accel,1.6611,66.69999999999999,1.6611,66.69999999999999,piecewise_gated_peak_signed_angular_accel,,,,,not_detected,1.5278,1.6362180722891568,-199.99999999999994,-91.58192771084317,lead_wrist_back_shoulder_cross,not_detected,3,2,1.5556,1.5972,172.1999999999999,41.59999999999986,few_initiation_segments_detected
350_7,1.0111,174.99999999999983,1.0111,174.99999999999983,piecewise_gated_peak_signed_angular_accel_closest_to_191.7ms_among_25pct_peaks,1.0611,125.0,1.0611,125.0,piecewise_gated_peak_signed_angular_accel,1.1611,24.99999999999991,1.1611,24.99999999999991,piecewise_gated_peak_signed_angular_accel,,,,,not_detected,0.9861,1.0986086998087954,-199.99999999999994,-87.49130019120454,lead_wrist_back_shoulder_cross,not_detected,3,2,1.0111,1.0611,174.99999999999983,49.99999999999982,few_initiation_segments_detected
350_8,1.2056,175.00000000000006,1.2056,175.00000000000006,piecewise_gated_peak_signed_angular_accel_closest_to_191.7ms_among_25pct_peaks,1.2556,125.0,1.2556,125.0,piecewise_gated_peak_signed_angular_accel,1.3556,25.000000000000135,1.3556,25.000000000000135,piecewise_gated_peak_signed_angular_accel,1.1806,199.99999999999994,1.1806,199.99999999999994,lead_hand_hybrid_drift_forward_linear_accel_jump_15pct_window_200ms_to_lead_wrist_back_shoulder_cross,1.1806,1.287251767997965,-199.99999999999994,-93.34823200203513,lead_wrist_back_shoulder_cross,drift_forward_accel_jump,4,3,1.1806,1.2556,199.99999999999994,74.99999999999996,ok
353_1,1.8444,177.80000000000018,1.8444,177.80000000000018,piecewise_gated_peak_signed_angular_accel_closest_to_191.7ms_among_25pct_peaks,1.8944,127.80000000000014,1.8944,127.80000000000014,piecewise_gated_peak_signed_angular_accel,1.9833,38.900000000000155,1.9833,38.900000000000155,piecewise_gated_peak_signed_angular_accel,1.8278,194.40000000000012,1.8278,194.40000000000012,lead_hand_hybrid_drift_forward_linear_accel_jump_15pct_window_200ms_to_lead_wrist_back_shoulder_cross,1.8222000000000003,1.9277923147301006,-199.99999999999994,-94.40768526989962,lead_wrist_back_shoulder_cross,drift_forward_accel_jump,4,3,1.8278,1.8944,194.40000000000012,66.6,ok
353_2,1.0667,172.1999999999999,1.0667,172.1999999999999,piecewise_gated_peak_signed_angular_accel_closest_to_191.7ms_among_25pct_peaks,1.1139,125.0,1.1139,125.0,piecewise_gated_peak_signed_angular_accel,1.1083,130.59999999999982,1.1083,130.59999999999982,piecewise_gated_peak_signed_angular_accel,1.0444,194.4999999999999,1.0444,194.4999999999999,lead_hand_hybrid_drift_forward_linear_accel_jump_15pct_window_200ms_to_lead_wrist_back_shoulder_cross,1.0389,1.162398975946654,-199.99999999999994,-76.50102405334592,lead_wrist_back_shoulder_cross,drift_forward_accel_jump,4,3,1.0444,1.1139,194.4999999999999,69.4999999999999,ok
353_3,1.1333,175.00000000000006,1.1333,175.00000000000006,piecewise_gated_peak_signed_angular_accel_closest_to_191.7ms_among_25pct_peaks,1.1528,155.49999999999997,1.1528,155.49999999999997,piecewise_gated_peak_signed_angular_accel,1.2778,30.49999999999997,1.2778,30.49999999999997,piecewise_gated_peak_signed_angular_accel,1.1083,199.99999999999994,1.1083,199.99999999999994,lead_hand_hybrid_drift_forward_linear_accel_jump_15pct_window_200ms_to_lead_wrist_back_shoulder_cross,1.1083,1.2209779224455137,-199.99999999999994,-87.32207755448628,lead_wrist_back_shoulder_cross,drift_forward_accel_jump,4,3,1.1083,1.1528,199.99999999999994,44.499999999999986,ok
353_4,1.2333,169.49999999999997,1.2333,169.49999999999997,piecewise_gated_peak_signed_angular_accel_closest_to_191.7ms_among_25pct_peaks,1.2806,122.20000000000009,1.2806,122.20000000000009,piecewise_gated_peak_signed_angular_accel,1.3694,33.4000000000001,1.3694,33.4000000000001,piecewise_gated_peak_signed_angular_accel,1.2083,194.5000000000001,1.2083,194.5000000000001,lead_hand_hybrid_drift_forward_linear_accel_jump_15pct_window_200ms_to_lead_wrist_back_shoulder_cross,1.2028,1.318037805526036,-199.99999999999994,-84.76219447396404,lead_wrist_back_shoulder_cross,drift_forward_accel_jump,4,3,1.2083,1.2806,194.5000000000001,72.30000000000003,ok
353_5,2.1222,180.60000000000008,2.1222,180.60000000000008,piecewise_gated_peak_signed_angular_accel_closest_to_191.7ms_among_25pct_peaks,2.1472,155.59999999999974,2.1472,155.59999999999974,piecewise_gated_peak_signed_angular_accel,2.175,127.80000000000014,2.175,127.80000000000014,piecewise_gated_peak_signed_angular_accel,2.1056,197.20000000000005,2.1056,197.20000000000005,lead_hand_hybrid_drift_forward_linear_accel_jump_15pct_window_200ms_to_lead_wrist_back_shoulder_cross,2.1028,2.2169828358208954,-200.00000000000017,-85.81716417910457,lead_wrist_back_shoulder_cross,drift_forward_accel_jump,4,3,2.1056,2.1472,197.20000000000005,41.60000000000031,ok
353_6,1.4861,177.79999999999995,1.4861,177.79999999999995,piecewise_gated_peak_signed_angular_accel_closest_to_191.7ms_among_25pct_peaks,1.5333,130.59999999999982,1.5333,130.59999999999982,piecewise_gated_peak_signed_angular_accel,1.5389,125.0,1.5389,125.0,piecewise_gated_peak_signed_angular_accel,1.4667,197.20000000000005,1.4667,197.20000000000005,lead_hand_hybrid_drift_forward_linear_accel_jump_15pct_window_200ms_to_lead_wrist_back_shoulder_cross,1.4639,1.5800848775292864,-199.99999999999994,-83.81512247071355,lead_wrist_back_shoulder_cross,drift_forward_accel_jump,4,3,1.4667,1.5333,197.20000000000005,66.60000000000022,ok
353_7,1.3222,177.79999999999995,1.3222,177.79999999999995,piecewise_gated_peak_signed_angular_accel_closest_to_191.7ms_among_25pct_peaks,1.3694,130.60000000000005,1.3694,130.60000000000005,piecewise_gated_peak_signed_angular_accel,1.3361,163.89999999999992,1.3361,163.89999999999992,piecewise_gated_peak_signed_angular_accel,1.3,199.99999999999994,1.3,199.99999999999994,lead_hand_hybrid_drift_forward_linear_accel_jump_15pct_window_200ms_to_lead_wrist_back_shoulder_cross,1.3,1.4083397953382604,-199.99999999999994,-91.66020466173963,lead_wrist_back_shoulder_cross,drift_forward_accel_jump,4,3,1.3,1.3694,199.99999999999994,69.3999999999999,ok
353_8,1.5167,177.69999999999996,1.5167,177.69999999999996,piecewise_gated_peak_signed_angular_accel_closest_to_191.7ms_among_25pct_peaks,1.5639,130.49999999999983,1.5639,130.49999999999983,piecewise_gated_peak_signed_angular_accel,1.6583,36.099999999999795,1.6583,36.099999999999795,piecewise_gated_peak_signed_angular_accel,1.4944,199.99999999999994,1.4944,199.99999999999994,lead_hand_hybrid_drift_forward_linear_accel_jump_15pct_window_200ms_to_lead_wrist_back_shoulder_cross,1.4944,1.6069015760869565,-199.99999999999994,-87.49842391304341,lead_wrist_back_shoulder_cross,drift_forward_accel_jump,4,3,1.4944,1.5639,199.99999999999994,69.50000000000011,ok
358_1,1.2806,194.40000000000012,1.2806,194.40000000000012,piecewise_gated_peak_signed_angular_accel_closest_to_191.7ms_among_25pct_peaks,1.3528,122.20000000000009,1.3528,122.20000000000009,piecewise_gated_peak_signed_angular_accel,1.4389,36.10000000000002,1.4389,36.10000000000002,piecewise_gated_peak_signed_angular_accel,1.2944,180.60000000000008,1.2944,180.60000000000008,lead_hand_hybrid_drift_forward_linear_accel_jump_15pct_window_200ms_to_lead_wrist_back_shoulder_cross,1.2750000000000001,1.384184159106769,-199.99999999999994,-90.81584089323114,lead_wrist_back_shoulder_cross,drift_forward_accel_jump,4,3,1.2806,1.3528,194.40000000000012,72.20000000000005,ok
358_3,1.3278,186.09999999999994,1.3278,186.09999999999994,piecewise_gated_peak_signed_angular_accel_closest_to_191.7ms_among_25pct_peaks,1.4,113.90000000000012,1.4,113.90000000000012,piecewise_gated_peak_signed_angular_accel,1.4806,33.30000000000011,1.4806,33.30000000000011,piecewise_gated_peak_signed_angular_accel,1.3472,166.70000000000007,1.3472,166.70000000000007,lead_hand_hybrid_drift_forward_linear_accel_jump_15pct_window_200ms_to_lead_wrist_back_shoulder_cross,1.3139,1.4215023194168324,-199.99999999999994,-92.39768058316767,lead_wrist_back_shoulder_cross,drift_forward_accel_jump,4,3,1.3278,1.4,186.09999999999994,72.19999999999982,ok
358_5,1.1833,183.4,1.1833,183.4,piecewise_gated_peak_signed_angular_accel_closest_to_191.7ms_among_25pct_peaks,1.2444,122.30000000000007,1.2444,122.30000000000007,piecewise_gated_peak_signed_angular_accel,1.3333,33.4000000000001,1.3333,33.4000000000001,piecewise_gated_peak_signed_angular_accel,1.1667,199.99999999999994,1.1667,199.99999999999994,lead_hand_hybrid_drift_forward_linear_accel_jump_15pct_window_200ms_to_lead_wrist_back_shoulder_cross,1.1667,1.2714763419483102,-199.99999999999994,-95.22365805168987,lead_wrist_back_shoulder_cross,drift_forward_accel_jump,4,3,1.1667,1.2444,199.99999999999994,77.69999999999987,ok
358_6,1.1556,191.6,1.1556,191.6,piecewise_gated_peak_signed_angular_accel_closest_to_191.7ms_among_25pct_peaks,1.2306,116.60000000000004,1.2306,116.60000000000004,piecewise_gated_peak_signed_angular_accel,1.3139,33.29999999999988,1.3139,33.29999999999988,piecewise_gated_peak_signed_angular_accel,1.1833,163.89999999999992,1.1833,163.89999999999992,lead_hand_hybrid_drift_forward_linear_accel_jump_15pct_window_200ms_to_lead_wrist_back_shoulder_cross,1.1472,1.25278779956427,-199.99999999999994,-94.41220043572996,lead_wrist_back_shoulder_cross,drift_forward_accel_jump,4,3,1.1556,1.2306,191.6,74.99999999999996,ok
358_7,0.9889,191.7000000000001,0.9889,191.7000000000001,piecewise_gated_peak_signed_angular_accel_closest_to_191.7ms_among_25pct_peaks,1.0583,122.30000000000007,1.0583,122.30000000000007,piecewise_gated_peak_signed_angular_accel,1.1444,36.20000000000001,1.1444,36.20000000000001,piecewise_gated_peak_signed_angular_accel,1.0194,161.20000000000002,1.0194,161.20000000000002,lead_hand_hybrid_drift_forward_linear_accel_jump_15pct_window_200ms_to_lead_wrist_back_shoulder_cross,0.9806000000000001,1.087899169550173,-199.99999999999994,-92.70083044982714,lead_wrist_back_shoulder_cross,drift_forward_accel_jump,4,3,0.9889,1.0583,191.7000000000001,69.40000000000002,ok
358_8,1.0611,197.20000000000005,1.0611,197.20000000000005,piecewise_gated_peak_signed_angular_accel_closest_to_191.7ms_among_25pct_peaks,1.1333,125.0,1.1333,125.0,piecewise_gated_peak_signed_angular_accel,1.225,33.29999999999988,1.225,33.29999999999988,piecewise_gated_peak_signed_angular_accel,1.1083,149.99999999999991,1.1083,149.99999999999991,lead_hand_hybrid_drift_forward_linear_accel_jump_15pct_window_200ms_to_lead_wrist_back_shoulder_cross,1.0583,1.1678814150635801,-199.99999999999994,-90.41858493641985,lead_wrist_back_shoulder_cross,drift_forward_accel_jump,4,3,1.0611,1.1333,197.20000000000005,72.20000000000005,ok
36_1,1.8333,183.40000000000023,1.8333,183.40000000000023,piecewise_gated_peak_signed_angular_accel_closest_to_191.7ms_among_25pct_peaks,1.8944,122.30000000000007,1.8944,122.30000000000007,piecewise_gated_peak_signed_angular_accel,1.9917,25.000000000000135,1.9917,25.000000000000135,piecewise_gated_peak_signed_angular_accel,1.8444,172.30000000000013,1.8444,172.30000000000013,lead_hand_hybrid_drift_forward_linear_accel_jump_15pct_window_200ms_to_lead_wrist_back_shoulder_cross,1.8167000000000002,1.9292490106544902,-199.99999999999994,-87.45098934550998,lead_wrist_back_shoulder_cross,drift_forward_accel_jump,4,3,1.8333,1.8944,183.40000000000023,61.10000000000015,ok
36_2,1.2694,186.19999999999993,1.2694,186.19999999999993,piecewise_gated_peak_signed_angular_accel_closest_to_191.7ms_among_25pct_peaks,1.3306,125.0,1.3306,125.0,piecewise_gated_peak_signed_angular_accel,1.4306,24.99999999999991,1.4306,24.99999999999991,piecewise_gated_peak_signed_angular_accel,1.2556,199.99999999999994,1.2556,199.99999999999994,lead_hand_hybrid_drift_forward_linear_accel_jump_15pct_window_200ms_to_lead_wrist_back_shoulder_cross,1.2556,1.3780162283156128,-199.99999999999994,-77.58377168438724,lead_wrist_back_shoulder_cross,drift_forward_accel_jump,4,3,1.2556,1.3306,199.99999999999994,74.99999999999996,ok
36_3,1.5444,186.19999999999993,1.5444,186.19999999999993,piecewise_gated_peak_signed_angular_accel_closest_to_191.7ms_among_25pct_peaks,1.6056,125.0,1.6056,125.0,piecewise_gated_peak_signed_angular_accel,1.5944,136.19999999999987,1.5944,136.19999999999987,piecewise_gated_peak_signed_angular_accel,1.5417,188.89999999999984,1.5417,188.89999999999984,lead_hand_hybrid_drift_forward_linear_accel_jump_15pct_window_200ms_to_lead_wrist_back_shoulder_cross,1.5306,1.6461439389492223,-199.99999999999994,-84.45606105077763,lead_wrist_back_shoulder_cross,drift_forward_accel_jump,4,3,1.5417,1.6056,188.89999999999984,63.89999999999985,ok
36_4,2.5333,188.89999999999984,2.5333,188.89999999999984,piecewise_gated_peak_signed_angular_accel_closest_to_191.7ms_among_25pct_peaks,2.6056,116.60000000000004,2.6056,116.60000000000004,piecewise_gated_peak_signed_angular_accel,2.5917,130.50000000000006,2.5917,130.50000000000006,piecewise_gated_peak_signed_angular_accel,2.5361,186.10000000000016,2.5361,186.10000000000016,lead_hand_hybrid_drift_forward_linear_accel_jump_15pct_window_200ms_to_lead_wrist_back_shoulder_cross,2.5221999999999998,2.6426049883313887,-200.00000000000017,-79.59501166861128,lead_wrist_back_shoulder_cross,drift_forward_accel_jump,4,3,2.5333,2.6056,188.89999999999984,72.29999999999981,ok
36_5,1.6444,188.89999999999984,1.6444,188.89999999999984,piecewise_gated_peak_signed_angular_accel_closest_to_191.7ms_among_25pct_peaks,1.7111,122.19999999999986,1.7111,122.19999999999986,piecewise_gated_peak_signed_angular_accel,1.7028,130.49999999999983,1.7028,130.49999999999983,piecewise_gated_peak_signed_angular_accel,1.6333,199.99999999999994,1.6333,199.99999999999994,lead_hand_hybrid_drift_forward_linear_accel_jump_15pct_window_200ms_to_lead_wrist_back_shoulder_cross,1.6333,1.7581409078094163,-199.99999999999994,-75.15909219058359,lead_wrist_back_shoulder_cross,drift_forward_accel_jump,4,3,1.6333,1.7111,199.99999999999994,77.8000000000001,ok
360_1,1.3944,172.2999999999999,1.3944,172.2999999999999,piecewise_gated_peak_signed_angular_accel_closest_to_191.7ms_among_25pct_peaks,1.4472,119.49999999999994,1.4472,119.49999999999994,piecewise_gated_peak_signed_angular_accel,1.5389,27.800000000000047,1.5389,27.800000000000047,piecewise_gated_peak_signed_angular_accel,1.3667,199.99999999999994,1.3667,199.99999999999994,lead_hand_hybrid_drift_forward_linear_accel_jump_15pct_window_200ms_to_lead_wrist_back_shoulder_cross,1.3667,1.4809421468638448,-199.99999999999994,-85.75785313615513,lead_wrist_back_shoulder_cross,drift_forward_accel_jump,4,3,1.3667,1.4472,199.99999999999994,80.50000000000001,ok
360_2,1.0444,188.90000000000006,1.0444,188.90000000000006,piecewise_gated_peak_signed_angular_accel_closest_to_191.7ms_among_25pct_peaks,1.1083,125.0,1.1083,125.0,piecewise_gated_peak_signed_angular_accel,1.2056,27.70000000000006,1.2056,27.70000000000006,piecewise_gated_peak_signed_angular_accel,,,,,not_detected,1.0333,1.1391947779949734,-199.99999999999994,-94.10522200502669,lead_wrist_back_shoulder_cross,not_detected,3,2,1.0444,1.1083,188.90000000000006,63.90000000000007,few_initiation_segments_detected
360_3,0.9806,158.29999999999998,0.9806,158.29999999999998,piecewise_gated_peak_signed_angular_accel_closest_to_191.7ms_among_25pct_peaks,1.0167,122.20000000000009,1.0167,122.20000000000009,piecewise_gated_peak_signed_angular_accel,1.0556,83.29999999999993,1.0556,83.29999999999993,piecewise_gated_peak_signed_angular_accel,0.9417,197.20000000000005,0.9417,197.20000000000005,lead_hand_hybrid_drift_forward_linear_accel_jump_15pct_window_200ms_to_lead_wrist_back_shoulder_cross,0.9389000000000001,1.0539864271457087,-199.99999999999994,-84.91357285429135,lead_wrist_back_shoulder_cross,drift_forward_accel_jump,4,3,0.9417,1.0167,197.20000000000005,74.99999999999996,ok
360_4,1.4889,161.10000000000002,1.4889,161.10000000000002,piecewise_gated_peak_signed_angular_accel_closest_to_191.7ms_among_25pct_peaks,1.5278,122.19999999999986,1.5278,122.19999999999986,piecewise_gated_peak_signed_angular_accel,1.6222,27.799999999999827,1.6222,27.799999999999827,piecewise_gated_peak_signed_angular_accel,,,,,not_detected,1.45,1.560672687704026,-199.99999999999994,-89.32731229597391,lead_wrist_back_shoulder_cross,not_detected,3,2,1.4889,1.5278,161.10000000000002,38.900000000000155,few_initiation_segments_detected
360_5,2.7694,208.3999999999997,2.7694,208.3999999999997,piecewise_gated_peak_signed_angular_accel_closest_to_191.7ms_among_25pct_peaks,2.8472,130.59999999999982,2.8472,130.59999999999982,piecewise_gated_peak_signed_angular_accel,2.9472,30.59999999999974,2.9472,30.59999999999974,piecewise_gated_peak_signed_angular_accel,,,,,not_detected,2.7777999999999996,2.889957794676806,-200.00000000000017,-87.84220532319375,lead_wrist_back_shoulder_cross,not_detected,3,2,2.7694,2.8472,208.3999999999997,77.79999999999987,few_initiation_segments_detected
360_6,1.2583,163.89999999999992,1.2583,163.89999999999992,piecewise_gated_peak_signed_angular_accel_closest_to_191.7ms_among_25pct_peaks,1.2972,125.0,1.2972,125.0,piecewise_gated_peak_signed_angular_accel,1.2944,127.79999999999991,1.2944,127.79999999999991,piecewise_gated_peak_signed_angular_accel,,,,,not_detected,1.2222,1.3393951915240423,-199.99999999999994,-82.80480847595761,lead_wrist_back_shoulder_cross,not_detected,3,2,1.2583,1.2972,163.89999999999992,38.899999999999935,few_initiation_segments_detected
360_7,1.4861,177.79999999999995,1.4861,177.79999999999995,piecewise_gated_peak_signed_angular_accel_closest_to_191.7ms_among_25pct_peaks,1.5389,125.0,1.5389,125.0,piecewise_gated_peak_signed_angular_accel,1.6389,24.99999999999991,1.6389,24.99999999999991,piecewise_gated_peak_signed_angular_accel,1.4694,194.4999999999999,1.4694,194.4999999999999,lead_hand_hybrid_drift_forward_linear_accel_jump_15pct_window_200ms_to_lead_wrist_back_shoulder_cross,1.4639,1.5786198095238095,-199.99999999999994,-85.2801904761904,lead_wrist_back_shoulder_cross,drift_forward_accel_jump,4,3,1.4694,1.5389,194.4999999999999,69.4999999999999,ok
360_8,1.4389,177.79999999999995,1.4389,177.79999999999995,piecewise_gated_peak_signed_angular_accel_closest_to_191.7ms_among_25pct_peaks,1.5056,111.09999999999998,1.5056,111.09999999999998,piecewise_gated_peak_signed_angular_accel,1.5583,58.400000000000006,1.5583,58.400000000000006,piecewise_gated_peak_signed_angular_accel,1.4167,199.99999999999994,1.4167,199.99999999999994,lead_hand_hybrid_drift_forward_linear_accel_jump_15pct_window_200ms_to_lead_wrist_back_shoulder_cross,1.4167,1.5332690522784458,-199.99999999999994,-83.43094772155423,lead_wrist_back_shoulder_cross,drift_forward_accel_jump,4,3,1.4167,1.5056,199.99999999999994,88.89999999999998,ok
363_1,0.95,197.20000000000005,0.95,197.20000000000005,piecewise_gated_peak_signed_angular_accel_closest_to_191.7ms_among_25pct_peaks,1.0278,119.39999999999995,1.0278,119.39999999999995,piecewise_gated_peak_signed_angular_accel,1.1139,33.30000000000011,1.1139,33.30000000000011,piecewise_gated_peak_signed_angular_accel,0.9472,199.99999999999994,0.9472,199.99999999999994,lead_hand_hybrid_drift_forward_linear_accel_jump_15pct_window_200ms_to_lead_wrist_back_shoulder_cross,0.9472,1.063641280744516,-199.99999999999994,-83.55871925548408,lead_wrist_back_shoulder_cross,drift_forward_accel_jump,4,3,0.9472,1.0278,199.99999999999994,80.60000000000001,ok
363_2,1.0528,172.20000000000013,1.0528,172.20000000000013,piecewise_gated_peak_signed_angular_accel_closest_to_191.7ms_among_25pct_peaks,1.1139,111.1000000000002,1.1139,111.1000000000002,piecewise_gated_peak_signed_angular_accel,1.1972,27.800000000000047,1.1972,27.800000000000047,piecewise_gated_peak_signed_angular_accel,1.0306,194.40000000000012,1.0306,194.40000000000012,lead_hand_hybrid_drift_forward_linear_accel_jump_15pct_window_200ms_to_lead_wrist_back_shoulder_cross,1.0250000000000001,1.1514458676812513,-199.99999999999994,-73.55413231874874,lead_wrist_back_shoulder_cross,drift_forward_accel_jump,4,3,1.0306,1.1139,194.40000000000012,83.29999999999993,ok
363_3,1.0194,174.99999999999983,1.0194,174.99999999999983,piecewise_gated_peak_signed_angular_accel_closest_to_191.7ms_among_25pct_peaks,1.0889,105.49999999999993,1.0889,105.49999999999993,piecewise_gated_peak_signed_angular_accel,1.1639,30.49999999999997,1.1639,30.49999999999997,piecewise_gated_peak_signed_angular_accel,1.0111,183.29999999999978,1.0111,183.29999999999978,lead_hand_hybrid_drift_forward_linear_accel_jump_15pct_window_200ms_to_lead_wrist_back_shoulder_cross,0.9944,1.120092729538845,-199.99999999999994,-74.30727046115493,lead_wrist_back_shoulder_cross,drift_forward_accel_jump,4,3,1.0111,1.0889,183.29999999999978,77.79999999999987,ok
363_4,1.2167,180.5000000000001,1.2167,180.5000000000001,piecewise_gated_peak_signed_angular_accel_closest_to_191.7ms_among_25pct_peaks,1.275,122.20000000000009,1.275,122.20000000000009,piecewise_gated_peak_signed_angular_accel,1.3611,36.10000000000002,1.3611,36.10000000000002,piecewise_gated_peak_signed_angular_accel,1.2194,177.79999999999995,1.2194,177.79999999999995,lead_hand_hybrid_drift_forward_linear_accel_jump_15pct_window_200ms_to_lead_wrist_back_shoulder_cross,1.1972,1.3124285067873303,-199.99999999999994,-84.77149321266975,lead_wrist_back_shoulder_cross,drift_forward_accel_jump,4,3,1.2167,1.275,180.5000000000001,58.30000000000002,ok
363_5,1.6361,174.99999999999983,1.6361,174.99999999999983,piecewise_gated_peak_signed_angular_accel_closest_to_191.7ms_among_25pct_peaks,1.7,111.09999999999998,1.7,111.09999999999998,piecewise_gated_peak_signed_angular_accel,1.7806,30.49999999999997,1.7806,30.49999999999997,piecewise_gated_peak_signed_angular_accel,1.6111,199.99999999999994,1.6111,199.99999999999994,lead_hand_hybrid_drift_forward_linear_accel_jump_15pct_window_200ms_to_lead_wrist_back_shoulder_cross,1.6111,1.733357998359311,-199.99999999999994,-77.7420016406889,lead_wrist_back_shoulder_cross,drift_forward_accel_jump,4,3,1.6111,1.7,199.99999999999994,88.89999999999998,ok
363_6,1.2056,180.5000000000001,1.2056,180.5000000000001,piecewise_gated_peak_signed_angular_accel_closest_to_191.7ms_among_25pct_peaks,1.2444,141.70000000000016,1.2444,141.70000000000016,piecewise_gated_peak_signed_angular_accel,1.3528,33.30000000000011,1.3528,33.30000000000011,piecewise_gated_peak_signed_angular_accel,1.1917,194.40000000000012,1.1917,194.40000000000012,lead_hand_hybrid_drift_forward_linear_accel_jump_15pct_window_200ms_to_lead_wrist_back_shoulder_cross,1.1861000000000002,1.3020596795149415,-199.99999999999994,-84.0403204850586,lead_wrist_back_shoulder_cross,drift_forward_accel_jump,4,3,1.1917,1.2444,194.40000000000012,52.69999999999997,ok
363_7,1.1833,188.90000000000006,1.1833,188.90000000000006,piecewise_gated_peak_signed_angular_accel_closest_to_191.7ms_among_25pct_peaks,1.2528,119.40000000000018,1.2528,119.40000000000018,piecewise_gated_peak_signed_angular_accel,1.3333,38.900000000000155,1.3333,38.900000000000155,piecewise_gated_peak_signed_angular_accel,1.1889,183.3,1.1889,183.3,lead_hand_hybrid_drift_forward_linear_accel_jump_15pct_window_200ms_to_lead_wrist_back_shoulder_cross,1.1722000000000001,1.284627148043566,-199.99999999999994,-87.57285195643405,lead_wrist_back_shoulder_cross,drift_forward_accel_jump,4,3,1.1833,1.2528,188.90000000000006,69.4999999999999,ok
363_8,1.7333,202.79999999999987,1.7333,202.79999999999987,piecewise_gated_peak_signed_angular_accel_closest_to_191.7ms_among_25pct_peaks,1.825,111.09999999999998,1.825,111.09999999999998,piecewise_gated_peak_signed_angular_accel,1.9056,30.49999999999997,1.9056,30.49999999999997,piecewise_gated_peak_signed_angular_accel,1.7361,199.99999999999994,1.7361,199.99999999999994,lead_hand_hybrid_drift_forward_linear_accel_jump_15pct_window_200ms_to_lead_wrist_back_shoulder_cross,1.7361,1.8639882956084348,-199.99999999999994,-72.11170439156511,lead_wrist_back_shoulder_cross,drift_forward_accel_jump,4,3,1.7333,1.825,202.79999999999987,91.69999999999989,ok
376_1,1.6528,172.1999999999999,1.6528,172.1999999999999,piecewise_gated_peak_signed_angular_accel_closest_to_191.7ms_among_25pct_peaks,1.7306,94.40000000000003,1.7306,94.40000000000003,piecewise_gated_peak_signed_angular_accel,1.7944,30.59999999999996,1.7944,30.59999999999996,piecewise_gated_peak_signed_angular_accel,1.6361,188.89999999999984,1.6361,188.89999999999984,lead_hand_hybrid_drift_forward_linear_accel_jump_15pct_window_200ms_to_lead_wrist_back_shoulder_cross,1.625,1.7338778301886792,-199.99999999999994,-91.1221698113207,lead_wrist_back_shoulder_cross,drift_forward_accel_jump,4,3,1.6361,1.7306,188.89999999999984,94.4999999999998,ok
376_2,1.7639,177.79999999999995,1.7639,177.79999999999995,piecewise_gated_peak_signed_angular_accel_closest_to_191.7ms_among_25pct_peaks,1.8194,122.30000000000007,1.8194,122.30000000000007,piecewise_gated_peak_signed_angular_accel,1.8861,55.59999999999987,1.8861,55.59999999999987,piecewise_gated_peak_signed_angular_accel,1.7417,199.99999999999994,1.7417,199.99999999999994,lead_hand_hybrid_drift_forward_linear_accel_jump_15pct_window_200ms_to_lead_wrist_back_shoulder_cross,1.7417,1.8360901259445845,-199.99999999999994,-105.60987405541545,lead_wrist_back_shoulder_cross,drift_forward_accel_jump,4,3,1.7417,1.8194,199.99999999999994,77.69999999999987,ok
376_3,1.4944,169.49999999999997,1.4944,169.49999999999997,piecewise_gated_peak_signed_angular_accel_closest_to_191.7ms_among_25pct_peaks,1.5306,133.29999999999998,1.5306,133.29999999999998,piecewise_gated_peak_signed_angular_accel,1.625,38.899999999999935,1.625,38.899999999999935,piecewise_gated_peak_signed_angular_accel,,,,,not_detected,1.4639,1.558245740498034,-199.99999999999994,-105.65425950196583,lead_wrist_back_shoulder_cross,not_detected,3,2,1.4944,1.5306,169.49999999999997,36.20000000000001,few_initiation_segments_detected
376_4,1.4611,183.3,1.4611,183.3,piecewise_gated_peak_signed_angular_accel_closest_to_191.7ms_among_25pct_peaks,1.5194,125.0,1.5194,125.0,piecewise_gated_peak_signed_angular_accel,1.6028,41.60000000000008,1.6028,41.60000000000008,piecewise_gated_peak_signed_angular_accel,1.4472,197.20000000000005,1.4472,197.20000000000005,lead_hand_hybrid_drift_forward_linear_accel_jump_15pct_window_200ms_to_lead_wrist_back_shoulder_cross,1.4444000000000001,1.5565062527138516,-199.99999999999994,-87.89374728614851,lead_wrist_back_shoulder_cross,drift_forward_accel_jump,4,3,1.4472,1.5194,197.20000000000005,72.20000000000005,ok
376_6,1.7778,166.59999999999985,1.7778,166.59999999999985,piecewise_gated_peak_signed_angular_accel_closest_to_191.7ms_among_25pct_peaks,1.8083,136.09999999999988,1.8083,136.09999999999988,piecewise_gated_peak_signed_angular_accel,1.8389,105.49999999999993,1.8389,105.49999999999993,piecewise_gated_peak_signed_angular_accel,1.7444,199.99999999999994,1.7444,199.99999999999994,lead_hand_hybrid_drift_forward_linear_accel_jump_15pct_window_200ms_to_lead_wrist_back_shoulder_cross,1.7444,1.843204858299595,-199.99999999999994,-101.19514170040489,lead_wrist_back_shoulder_cross,drift_forward_accel_jump,4,3,1.7444,1.8083,199.99999999999994,63.90000000000007,ok
376_7,1.4139,161.10000000000002,1.4139,161.10000000000002,piecewise_gated_peak_signed_angular_accel_closest_to_191.7ms_among_25pct_peaks,1.4556,119.39999999999995,1.4556,119.39999999999995,piecewise_gated_peak_signed_angular_accel,1.55,24.99999999999991,1.55,24.99999999999991,piecewise_gated_peak_signed_angular_accel,1.3972,177.79999999999995,1.3972,177.79999999999995,lead_hand_hybrid_drift_forward_linear_accel_jump_15pct_window_200ms_to_lead_wrist_back_shoulder_cross,1.375,1.4770351279788174,-199.99999999999994,-97.96487202118254,lead_wrist_back_shoulder_cross,drift_forward_accel_jump,4,3,1.3972,1.4556,177.79999999999995,58.400000000000006,ok
376_8,1.1972,163.89999999999992,1.1972,163.89999999999992,piecewise_gated_peak_signed_angular_accel_closest_to_191.7ms_among_25pct_peaks,1.2361,125.0,1.2361,125.0,piecewise_gated_peak_signed_angular_accel,1.3278,33.29999999999988,1.3278,33.29999999999988,piecewise_gated_peak_signed_angular_accel,,,,,not_detected,1.1611,1.2616634146341463,-199.99999999999994,-99.43658536585365,lead_wrist_back_shoulder_cross,not_detected,3,2,1.1972,1.2361,163.89999999999992,38.899999999999935,few_initiation_segments_detected
378_1,0.8028,197.20000000000005,0.8028,197.20000000000005,piecewise_gated_peak_signed_angular_accel_closest_to_191.7ms_among_25pct_peaks,0.8944,105.60000000000002,0.8944,105.60000000000002,piecewise_gated_peak_signed_angular_accel,0.9667,33.3,0.9667,33.3,piecewise_gated_peak_signed_angular_accel,,,,,not_detected,0.8,0.8397976076555024,-199.99999999999994,-160.2023923444976,lead_elbow_back_shoulder_cross,not_detected,3,2,0.8028,0.8944,197.20000000000005,91.60000000000001,few_initiation_segments_detected
378_2,1.1167,194.39999999999992,1.1167,194.39999999999992,piecewise_gated_peak_signed_angular_accel_closest_to_191.7ms_among_25pct_peaks,1.1694,141.69999999999993,1.1694,141.69999999999993,piecewise_gated_peak_signed_angular_accel,1.2194,91.69999999999989,1.2194,91.69999999999989,piecewise_gated_peak_signed_angular_accel,,,,,not_detected,1.1111,1.155403554724041,-199.99999999999994,-155.69644527595884,lead_elbow_back_shoulder_cross,not_detected,3,2,1.1167,1.1694,194.39999999999992,52.69999999999997,few_initiation_segments_detected
378_3,1.0583,202.8000000000001,1.0583,202.8000000000001,piecewise_gated_peak_signed_angular_accel_closest_to_191.7ms_among_25pct_peaks,1.1083,152.80000000000004,1.1083,152.80000000000004,piecewise_gated_peak_signed_angular_accel,1.1694,91.70000000000012,1.1694,91.70000000000012,piecewise_gated_peak_signed_angular_accel,,,,,not_detected,1.0611000000000002,1.099315,-199.99999999999994,-161.78500000000008,lead_elbow_back_shoulder_cross,not_detected,3,2,1.0583,1.1083,202.8000000000001,50.00000000000004,few_initiation_segments_detected
378_4,0.9694,194.4999999999999,0.9694,194.4999999999999,piecewise_gated_peak_signed_angular_accel_closest_to_191.7ms_among_25pct_peaks,1.0306,133.29999999999998,1.0306,133.29999999999998,piecewise_gated_peak_signed_angular_accel,1.0778,86.09999999999984,1.0778,86.09999999999984,piecewise_gated_peak_signed_angular_accel,,,,,not_detected,0.9639,1.0206801850424057,-199.99999999999994,-143.21981495759428,lead_elbow_back_shoulder_cross,not_detected,3,2,0.9694,1.0306,194.4999999999999,61.19999999999992,few_initiation_segments_detected
378_5,0.8694,197.30000000000004,0.8694,197.30000000000004,piecewise_gated_peak_signed_angular_accel_closest_to_191.7ms_among_25pct_peaks,0.9361,130.59999999999994,0.9361,130.59999999999994,piecewise_gated_peak_signed_angular_accel,1.0333,33.39999999999988,1.0333,33.39999999999988,piecewise_gated_peak_signed_angular_accel,0.8667,199.99999999999994,0.8667,199.99999999999994,lead_hand_hybrid_drift_forward_linear_accel_jump_15pct_window_200ms_to_lead_elbow_back_shoulder_cross,0.8667,0.9192439171699741,-199.99999999999994,-147.45608283002588,lead_elbow_back_shoulder_cross,drift_forward_accel_jump,4,3,0.8667,0.9361,199.99999999999994,69.40000000000002,ok
378_6,0.7972,191.7,0.7972,191.7,piecewise_gated_peak_signed_angular_accel_closest_to_191.7ms_among_25pct_peaks,0.8694,119.50000000000006,0.8694,119.50000000000006,piecewise_gated_peak_signed_angular_accel,0.9111,77.79999999999998,0.9111,77.79999999999998,piecewise_gated_peak_signed_angular_accel,,,,,not_detected,0.7888999999999999,0.8341835266821346,-200.00000000000006,-154.71647331786542,lead_elbow_back_shoulder_cross,not_detected,3,2,0.7972,0.8694,191.7,72.19999999999993,few_initiation_segments_detected
378_7,0.7194,183.4,0.7194,183.4,piecewise_gated_peak_signed_angular_accel_closest_to_191.7ms_among_25pct_peaks,0.7694,133.40000000000006,0.7694,133.40000000000006,piecewise_gated_peak_signed_angular_accel,0.8222,80.60000000000001,0.8222,80.60000000000001,piecewise_gated_peak_signed_angular_accel,0.7056,197.20000000000005,0.7056,197.20000000000005,lead_hand_hybrid_drift_forward_linear_accel_jump_15pct_window_200ms_to_lead_elbow_back_shoulder_cross,0.7028000000000001,0.7525960784313726,-199.99999999999994,-150.2039215686275,lead_elbow_back_shoulder_cross,drift_forward_accel_jump,4,3,0.7056,0.7694,197.20000000000005,63.79999999999997,ok
378_8,0.9194,191.7,0.9194,191.7,piecewise_gated_peak_signed_angular_accel_closest_to_191.7ms_among_25pct_peaks,0.9722,138.90000000000003,0.9722,138.90000000000003,piecewise_gated_peak_signed_angular_accel,1.0306,80.50000000000001,1.0306,80.50000000000001,piecewise_gated_peak_signed_angular_accel,,,,,not_detected,0.9111,0.9609750265674813,-199.99999999999994,-150.12497343251863,lead_elbow_back_shoulder_cross,not_detected,3,2,0.9194,0.9722,191.7,52.799999999999955,few_initiation_segments_detected
383_1,1.3361,191.7,1.3361,191.7,piecewise_gated_peak_signed_angular_accel_closest_to_191.7ms_among_25pct_peaks,1.4028,125.0,1.4028,125.0,piecewise_gated_peak_signed_angular_accel,1.4917,36.10000000000002,1.4917,36.10000000000002,piecewise_gated_peak_signed_angular_accel,,,,,not_detected,1.3278,1.4290949260042283,-199.99999999999994,-98.70507399577177,lead_wrist_back_shoulder_cross,not_detected,3,2,1.3361,1.4028,191.7,66.69999999999999,few_initiation_segments_detected
383_2,1.2583,191.7,1.2583,191.7,piecewise_gated_peak_signed_angular_accel_closest_to_191.7ms_among_25pct_peaks,1.3306,119.39999999999995,1.3306,119.39999999999995,piecewise_gated_peak_signed_angular_accel,1.4167,33.29999999999988,1.4167,33.29999999999988,piecewise_gated_peak_signed_angular_accel,1.2806,169.4,1.2806,169.4,lead_hand_hybrid_drift_forward_linear_accel_jump_15pct_window_200ms_to_lead_wrist_back_shoulder_cross,1.25,1.3604334123925288,-199.99999999999994,-89.56658760747116,lead_wrist_back_shoulder_cross,drift_forward_accel_jump,4,3,1.2583,1.3306,191.7,72.30000000000003,ok
383_3,1.0083,194.5000000000001,1.0083,194.5000000000001,piecewise_gated_peak_signed_angular_accel_closest_to_191.7ms_among_25pct_peaks,1.0722,130.60000000000005,1.0722,130.60000000000005,piecewise_gated_peak_signed_angular_accel,1.1667,36.10000000000002,1.1667,36.10000000000002,piecewise_gated_peak_signed_angular_accel,,,,,not_detected,1.0028000000000001,1.1089872855701313,-199.99999999999994,-93.81271442986883,lead_wrist_back_shoulder_cross,not_detected,3,2,1.0083,1.0722,194.5000000000001,63.90000000000007,few_initiation_segments_detected
383_4,1.3889,188.90000000000006,1.3889,188.90000000000006,piecewise_gated_peak_signed_angular_accel_closest_to_191.7ms_among_25pct_peaks,1.4667,111.1000000000002,1.4667,111.1000000000002,piecewise_gated_peak_signed_angular_accel,1.5389,38.900000000000155,1.5389,38.900000000000155,piecewise_gated_peak_signed_angular_accel,1.3806,197.20000000000005,1.3806,197.20000000000005,lead_hand_hybrid_drift_forward_linear_accel_jump_15pct_window_200ms_to_lead_wrist_back_shoulder_cross,1.3778000000000001,1.4796203275279438,-199.99999999999994,-98.17967247205628,lead_wrist_back_shoulder_cross,drift_forward_accel_jump,4,3,1.3806,1.4667,197.20000000000005,86.09999999999984,ok
383_5,1.0361,199.99999999999994,1.0361,199.99999999999994,piecewise_gated_peak_signed_angular_accel_closest_to_191.7ms_among_25pct_peaks,1.1028,133.29999999999998,1.1028,133.29999999999998,piecewise_gated_peak_signed_angular_accel,1.1944,41.700000000000074,1.1944,41.700000000000074,piecewise_gated_peak_signed_angular_accel,,,,,not_detected,1.0361,1.1390176974564927,-199.99999999999994,-97.08230254350725,lead_wrist_back_shoulder_cross,not_detected,3,2,1.0361,1.1028,199.99999999999994,66.69999999999999,few_initiation_segments_detected
383_6,1.1528,194.39999999999992,1.1528,194.39999999999992,piecewise_gated_peak_signed_angular_accel_closest_to_191.7ms_among_25pct_peaks,1.2222,125.0,1.2222,125.0,piecewise_gated_peak_signed_angular_accel,1.3139,33.29999999999988,1.3139,33.29999999999988,piecewise_gated_peak_signed_angular_accel,1.1694,177.79999999999995,1.1694,177.79999999999995,lead_hand_hybrid_drift_forward_linear_accel_jump_15pct_window_200ms_to_lead_wrist_back_shoulder_cross,1.1472,1.253847857142857,-199.99999999999994,-93.35214285714288,lead_wrist_back_shoulder_cross,drift_forward_accel_jump,4,3,1.1528,1.2222,194.39999999999992,69.3999999999999,ok
383_7,1.0111,191.7,1.0111,191.7,piecewise_gated_peak_signed_angular_accel_closest_to_191.7ms_among_25pct_peaks,1.0833,119.50000000000016,1.0833,119.50000000000016,piecewise_gated_peak_signed_angular_accel,1.1667,36.10000000000002,1.1667,36.10000000000002,piecewise_gated_peak_signed_angular_accel,,,,,not_detected,1.0028000000000001,1.108087094133697,-199.99999999999994,-94.71290586630299,lead_wrist_back_shoulder_cross,not_detected,3,2,1.0111,1.0833,191.7,72.19999999999982,few_initiation_segments_detected
383_8,0.8667,191.6,0.8667,191.6,piecewise_gated_peak_signed_angular_accel_closest_to_191.7ms_among_25pct_peaks,0.9306,127.70000000000003,0.9306,127.70000000000003,piecewise_gated_peak_signed_angular_accel,1.0222,36.10000000000002,1.0222,36.10000000000002,piecewise_gated_peak_signed_angular_accel,0.9,158.29999999999998,0.9,158.29999999999998,lead_hand_hybrid_drift_forward_linear_accel_jump_15pct_window_200ms_to_lead_wrist_back_shoulder_cross,0.8583000000000001,0.9549163271331562,-199.99999999999994,-103.3836728668438,lead_wrist_back_shoulder_cross,drift_forward_accel_jump,4,3,0.8667,0.9306,191.6,63.899999999999956,ok
391_1,1.8833,194.4999999999999,1.8833,194.4999999999999,piecewise_gated_peak_signed_angular_accel_closest_to_191.7ms_among_25pct_peaks,1.9833,94.4999999999998,1.9833,94.4999999999998,piecewise_gated_peak_signed_angular_accel,1.9639,113.89999999999989,1.9639,113.89999999999989,piecewise_gated_peak_signed_angular_accel,1.9222,155.59999999999997,1.9222,155.59999999999997,lead_hand_hybrid_drift_forward_linear_accel_jump_15pct_window_200ms_to_lead_elbow_back_shoulder_cross,1.8778,1.93528431372549,-199.99999999999994,-142.51568627450985,lead_elbow_back_shoulder_cross,drift_forward_accel_jump,4,3,1.8833,1.9833,194.4999999999999,100.00000000000009,ok
391_2,1.7694,202.79999999999987,1.7694,202.79999999999987,piecewise_gated_peak_signed_angular_accel_closest_to_191.7ms_among_25pct_peaks,1.8611,111.09999999999998,1.8611,111.09999999999998,piecewise_gated_peak_signed_angular_accel,1.8389,133.29999999999998,1.8389,133.29999999999998,piecewise_gated_peak_signed_angular_accel,1.8056,166.59999999999985,1.8056,166.59999999999985,lead_hand_hybrid_drift_forward_linear_accel_jump_15pct_window_200ms_to_lead_elbow_back_shoulder_cross,1.7722,1.82568830548926,-199.99999999999994,-146.51169451073986,lead_elbow_back_shoulder_cross,drift_forward_accel_jump,4,3,1.7694,1.8611,202.79999999999987,91.69999999999989,ok
391_3,1.4194,194.4999999999999,1.4194,194.4999999999999,piecewise_gated_peak_signed_angular_accel_closest_to_191.7ms_among_25pct_peaks,1.4806,133.29999999999998,1.4806,133.29999999999998,piecewise_gated_peak_signed_angular_accel,1.4917,122.19999999999986,1.4917,122.19999999999986,piecewise_gated_peak_signed_angular_accel,1.4583,155.59999999999997,1.4583,155.59999999999997,lead_hand_hybrid_drift_forward_linear_accel_jump_15pct_window_200ms_to_lead_elbow_back_shoulder_cross,1.4139,1.4642800217155265,-199.99999999999994,-149.61997828447338,lead_elbow_back_shoulder_cross,drift_forward_accel_jump,4,3,1.4194,1.4806,194.4999999999999,61.19999999999992,ok
391_4,1.6694,208.39999999999992,1.6694,208.39999999999992,piecewise_gated_peak_signed_angular_accel_closest_to_191.7ms_among_25pct_peaks,1.7611,116.6999999999998,1.7611,116.6999999999998,piecewise_gated_peak_signed_angular_accel,1.7611,116.6999999999998,1.7611,116.6999999999998,piecewise_gated_peak_signed_angular_accel,1.7083,169.49999999999997,1.7083,169.49999999999997,lead_hand_hybrid_drift_forward_linear_accel_jump_15pct_window_200ms_to_lead_elbow_back_shoulder_cross,1.6778,1.7272389261744967,-199.99999999999994,-150.5610738255032,lead_elbow_back_shoulder_cross,drift_forward_accel_jump,4,3,1.6694,1.7611,208.39999999999992,91.70000000000012,ok
391_5,1.5333,211.09999999999985,1.5333,211.09999999999985,piecewise_gated_peak_signed_angular_accel_closest_to_191.7ms_among_25pct_peaks,1.6139,130.50000000000006,1.6139,130.50000000000006,piecewise_gated_peak_signed_angular_accel,1.6556,88.79999999999998,1.6556,88.79999999999998,piecewise_gated_peak_signed_angular_accel,1.5806,163.79999999999995,1.5806,163.79999999999995,lead_hand_hybrid_drift_forward_linear_accel_jump_15pct_window_200ms_to_lead_elbow_back_shoulder_cross,1.5444,1.5962425806451612,-199.99999999999994,-148.15741935483874,lead_elbow_back_shoulder_cross,drift_forward_accel_jump,4,3,1.5333,1.6139,211.09999999999985,80.59999999999978,ok
391_6,1.5222,199.99999999999994,1.5222,199.99999999999994,piecewise_gated_peak_signed_angular_accel_closest_to_191.7ms_among_25pct_peaks,1.6083,113.89999999999989,1.6083,113.89999999999989,piecewise_gated_peak_signed_angular_accel,1.6056,116.60000000000004,1.6056,116.60000000000004,piecewise_gated_peak_signed_angular_accel,1.5611,161.10000000000002,1.5611,161.10000000000002,lead_hand_hybrid_drift_forward_linear_accel_jump_15pct_window_200ms_to_lead_elbow_back_shoulder_cross,1.5222,1.577415139442231,-199.99999999999994,-144.78486055776884,lead_elbow_back_shoulder_cross,drift_forward_accel_jump,4,3,1.5222,1.6083,199.99999999999994,86.10000000000007,ok
391_7,1.4611,205.6,1.4611,205.6,piecewise_gated_peak_signed_angular_accel_closest_to_191.7ms_among_25pct_peaks,1.5667,100.00000000000009,1.5667,100.00000000000009,piecewise_gated_peak_signed_angular_accel,1.5806,86.10000000000007,1.5806,86.10000000000007,piecewise_gated_peak_signed_angular_accel,1.5111,155.59999999999997,1.5111,155.59999999999997,lead_hand_hybrid_drift_forward_linear_accel_jump_15pct_window_200ms_to_lead_elbow_back_shoulder_cross,1.4667000000000001,1.5234155369383091,-199.99999999999994,-143.28446306169096,lead_elbow_back_shoulder_cross,drift_forward_accel_jump,4,3,1.4611,1.5667,205.6,105.59999999999991,ok
391_8,1.4861,199.99999999999994,1.4861,199.99999999999994,piecewise_gated_peak_signed_angular_accel_closest_to_191.7ms_among_25pct_peaks,1.5778,108.29999999999984,1.5778,108.29999999999984,piecewise_gated_peak_signed_angular_accel,1.5667,119.39999999999995,1.5667,119.39999999999995,piecewise_gated_peak_signed_angular_accel,1.5306,155.49999999999997,1.5306,155.49999999999997,lead_hand_hybrid_drift_forward_linear_accel_jump_15pct_window_200ms_to_lead_elbow_back_shoulder_cross,1.4861,1.541917741935484,-199.99999999999994,-144.18225806451602,lead_elbow_back_shoulder_cross,drift_forward_accel_jump,4,3,1.4861,1.5778,199.99999999999994,91.70000000000012,ok
396_1,1.4083,183.39999999999978,1.4083,183.39999999999978,piecewise_gated_peak_signed_angular_accel_closest_to_191.7ms_among_25pct_peaks,1.4639,127.79999999999991,1.4639,127.79999999999991,piecewise_gated_peak_signed_angular_accel,1.55,41.69999999999985,1.55,41.69999999999985,piecewise_gated_peak_signed_angular_accel,1.425,166.69999999999985,1.425,166.69999999999985,lead_hand_hybrid_drift_forward_linear_accel_jump_15pct_window_200ms_to_lead_elbow_back_shoulder_cross,1.3917,1.460635618115055,-199.99999999999994,-131.06438188494485,lead_elbow_back_shoulder_cross,drift_forward_accel_jump,4,3,1.4083,1.4639,183.39999999999978,55.59999999999987,ok
396_2,0.8639,161.0999999999999,0.8639,161.0999999999999,piecewise_gated_peak_signed_angular_accel_closest_to_191.7ms_among_25pct_peaks,0.8889,136.09999999999988,0.8889,136.09999999999988,piecewise_gated_peak_signed_angular_accel,0.9833,41.69999999999996,0.9833,41.69999999999996,piecewise_gated_peak_signed_angular_accel,0.8611,163.89999999999992,0.8611,163.89999999999992,lead_hand_hybrid_drift_forward_linear_accel_jump_15pct_window_200ms_to_lead_elbow_back_shoulder_cross,0.825,0.8987301064859632,-199.99999999999994,-126.26989351403672,lead_elbow_back_shoulder_cross,drift_forward_accel_jump,4,3,0.8611,0.8889,163.89999999999992,27.800000000000047,ok
396_3,0.9139,127.80000000000003,0.9139,127.80000000000003,piecewise_gated_peak_signed_angular_accel_closest_to_191.7ms_among_25pct_peaks,0.9194,122.30000000000007,0.9194,122.30000000000007,piecewise_gated_peak_signed_angular_accel,1.0028,38.900000000000155,1.0028,38.900000000000155,piecewise_gated_peak_signed_angular_accel,,,,,not_detected,0.8417000000000001,0.9101049432197729,-199.99999999999994,-131.5950567802272,lead_elbow_back_shoulder_cross,not_detected,3,2,0.9139,0.9194,127.80000000000003,5.499999999999949,few_initiation_segments_detected
396_4,1.0694,144.50000000000009,1.0694,144.50000000000009,piecewise_gated_peak_signed_angular_accel_closest_to_191.7ms_among_25pct_peaks,1.0833,130.60000000000005,1.0833,130.60000000000005,piecewise_gated_peak_signed_angular_accel,1.1722,41.700000000000074,1.1722,41.700000000000074,piecewise_gated_peak_signed_angular_accel,1.0139,199.99999999999994,1.0139,199.99999999999994,lead_hand_hybrid_drift_forward_linear_accel_jump_15pct_window_200ms_to_lead_elbow_back_shoulder_cross,1.0139,1.0818239798770262,-199.99999999999994,-132.0760201229738,lead_elbow_back_shoulder_cross,drift_forward_accel_jump,4,3,1.0139,1.0833,199.99999999999994,69.3999999999999,ok
396_5,1.0306,166.60000000000008,1.0306,166.60000000000008,piecewise_gated_peak_signed_angular_accel_closest_to_191.7ms_among_25pct_peaks,1.0806,116.60000000000004,1.0806,116.60000000000004,piecewise_gated_peak_signed_angular_accel,1.1583,38.899999999999935,1.1583,38.899999999999935,piecewise_gated_peak_signed_angular_accel,1.0278,169.4,1.0278,169.4,lead_hand_hybrid_drift_forward_linear_accel_jump_15pct_window_200ms_to_lead_elbow_back_shoulder_cross,0.9972000000000001,1.0639018506278917,-199.99999999999994,-133.29814937210838,lead_elbow_back_shoulder_cross,drift_forward_accel_jump,4,3,1.0278,1.0806,169.4,52.799999999999955,ok
396_6,0.7917,183.3,0.7917,183.3,piecewise_gated_peak_signed_angular_accel_closest_to_191.7ms_among_25pct_peaks,0.8472,127.80000000000003,0.8472,127.80000000000003,piecewise_gated_peak_signed_angular_accel,0.9333,41.69999999999996,0.9333,41.69999999999996,piecewise_gated_peak_signed_angular_accel,0.8083,166.69999999999996,0.8083,166.69999999999996,lead_hand_hybrid_drift_forward_linear_accel_jump_15pct_window_200ms_to_lead_elbow_back_shoulder_cross,0.7749999999999999,0.8382919514047076,-200.00000000000006,-136.7080485952924,lead_elbow_back_shoulder_cross,drift_forward_accel_jump,4,3,0.7917,0.8472,183.3,55.49999999999999,ok
396_7,1.0944,147.29999999999998,1.0944,147.29999999999998,piecewise_gated_peak_signed_angular_accel_closest_to_191.7ms_among_25pct_peaks,1.1083,133.39999999999998,1.1083,133.39999999999998,piecewise_gated_peak_signed_angular_accel,1.2083,33.4000000000001,1.2083,33.4000000000001,piecewise_gated_peak_signed_angular_accel,1.0417,199.99999999999994,1.0417,199.99999999999994,lead_hand_hybrid_drift_forward_linear_accel_jump_15pct_window_200ms_to_lead_elbow_back_shoulder_cross,1.0417,1.094561485826002,-199.99999999999994,-147.13851417399803,lead_elbow_back_shoulder_cross,drift_forward_accel_jump,4,3,1.0417,1.1083,199.99999999999994,66.6,ok
396_8,1.0917,180.5000000000001,1.0917,180.5000000000001,piecewise_gated_peak_signed_angular_accel_closest_to_191.7ms_among_25pct_peaks,1.1417,130.50000000000006,1.1417,130.50000000000006,piecewise_gated_peak_signed_angular_accel,1.2333,38.899999999999935,1.2333,38.899999999999935,piecewise_gated_peak_signed_angular_accel,1.0722,199.99999999999994,1.0722,199.99999999999994,lead_hand_hybrid_drift_forward_linear_accel_jump_15pct_window_200ms_to_lead_elbow_back_shoulder_cross,1.0722,1.1324327669902912,-199.99999999999994,-139.76723300970883,lead_elbow_back_shoulder_cross,drift_forward_accel_jump,4,3,1.0722,1.1417,199.99999999999994,69.4999999999999,ok
398_1,1.8889,186.10000000000016,1.8889,186.10000000000016,piecewise_gated_peak_signed_angular_accel_closest_to_191.7ms_among_25pct_peaks,1.9333,141.70000000000016,1.9333,141.70000000000016,piecewise_gated_peak_signed_angular_accel,2.05,25.000000000000355,2.05,25.000000000000355,piecewise_gated_peak_signed_angular_accel,,,,,not_detected,1.8750000000000002,1.903296551724138,-199.99999999999994,-171.70344827586214,lead_elbow_back_shoulder_cross,not_detected,3,2,1.8889,1.9333,186.10000000000016,44.39999999999999,few_initiation_segments_detected
398_2,1.3944,166.69999999999985,1.3944,166.69999999999985,piecewise_gated_peak_signed_angular_accel_closest_to_191.7ms_among_25pct_peaks,1.425,136.09999999999988,1.425,136.09999999999988,piecewise_gated_peak_signed_angular_accel,1.5167,44.39999999999999,1.5167,44.39999999999999,piecewise_gated_peak_signed_angular_accel,,,,,not_detected,1.3611,1.484486052846636,-199.99999999999994,-76.61394715336401,lead_wrist_back_shoulder_cross,not_detected,3,2,1.3944,1.425,166.69999999999985,30.59999999999996,few_initiation_segments_detected
398_3,1.8333,172.2999999999999,1.8333,172.2999999999999,piecewise_gated_peak_signed_angular_accel_closest_to_191.7ms_among_25pct_peaks,1.8639,141.69999999999993,1.8639,141.69999999999993,piecewise_gated_peak_signed_angular_accel,1.5444,461.1999999999998,1.5444,461.1999999999998,piecewise_gated_peak_signed_angular_accel,1.8056,199.99999999999974,1.8056,199.99999999999974,lead_hand_hybrid_drift_forward_linear_accel_jump_15pct_window_200ms_to_lead_elbow_back_shoulder_cross,1.8055999999999999,1.838719801980198,-199.99999999999994,-166.8801980198018,lead_elbow_back_shoulder_cross,drift_forward_accel_jump,4,3,1.8056,1.8639,199.99999999999974,58.2999999999998,ok
398_4,2.1139,186.0999999999997,2.1139,186.0999999999997,piecewise_gated_peak_signed_angular_accel_closest_to_191.7ms_among_25pct_peaks,2.1472,152.7999999999996,2.1472,152.7999999999996,piecewise_gated_peak_signed_angular_accel,2.1083,191.7,2.1083,191.7,piecewise_gated_peak_signed_angular_accel,,,,,not_detected,2.0999999999999996,2.2117852924474732,-200.00000000000017,-88.21470755252659,lead_wrist_back_shoulder_cross,not_detected,3,2,2.1139,2.1472,186.0999999999997,33.30000000000011,few_initiation_segments_detected
398_5,2.3194,186.19999999999993,2.3194,186.19999999999993,piecewise_gated_peak_signed_angular_accel_closest_to_191.7ms_among_25pct_peaks,2.3806,125.0,2.3806,125.0,piecewise_gated_peak_signed_angular_accel,2.4806,24.99999999999991,2.4806,24.99999999999991,piecewise_gated_peak_signed_angular_accel,2.3056,199.99999999999974,2.3056,199.99999999999974,lead_hand_hybrid_drift_forward_linear_accel_jump_15pct_window_200ms_to_lead_wrist_back_shoulder_cross,2.3055999999999996,2.4211117709437966,-200.00000000000017,-84.48822905620324,lead_wrist_back_shoulder_cross,drift_forward_accel_jump,4,3,2.3056,2.3806,199.99999999999974,74.99999999999973,ok
398_6,1.7806,172.20000000000013,1.7806,172.20000000000013,piecewise_gated_peak_signed_angular_accel_closest_to_191.7ms_among_25pct_peaks,1.8139,138.90000000000003,1.8139,138.90000000000003,piecewise_gated_peak_signed_angular_accel,1.8083,144.50000000000009,1.8083,144.50000000000009,piecewise_gated_peak_signed_angular_accel,1.7556,197.20000000000005,1.7556,197.20000000000005,lead_hand_hybrid_drift_forward_linear_accel_jump_15pct_window_200ms_to_lead_wrist_back_shoulder_cross,1.7528000000000001,1.876272437357631,-199.99999999999994,-76.52756264236915,lead_wrist_back_shoulder_cross,drift_forward_accel_jump,4,3,1.7556,1.8139,197.20000000000005,58.30000000000002,ok
398_7,1.9806,180.4999999999999,1.9806,180.4999999999999,piecewise_gated_peak_signed_angular_accel_closest_to_191.7ms_among_25pct_peaks,2.0194,141.6999999999997,2.0194,141.6999999999997,piecewise_gated_peak_signed_angular_accel,2.1361,24.99999999999991,2.1361,24.99999999999991,piecewise_gated_peak_signed_angular_accel,1.9722,188.89999999999984,1.9722,188.89999999999984,lead_hand_hybrid_drift_forward_linear_accel_jump_15pct_window_200ms_to_lead_wrist_back_shoulder_cross,1.9610999999999998,2.0688612692609034,-199.99999999999994,-92.23873073909638,lead_wrist_back_shoulder_cross,drift_forward_accel_jump,4,3,1.9722,2.0194,188.89999999999984,47.20000000000013,ok
42_1,1.2028,149.99999999999991,1.2028,149.99999999999991,piecewise_gated_peak_signed_angular_accel_closest_to_191.7ms_among_25pct_peaks,1.2333,119.49999999999994,1.2333,119.49999999999994,piecewise_gated_peak_signed_angular_accel,1.3167,36.10000000000002,1.3167,36.10000000000002,piecewise_gated_peak_signed_angular_accel,1.1583,194.4999999999999,1.1583,194.4999999999999,lead_hand_hybrid_drift_forward_linear_accel_jump_15pct_window_200ms_to_lead_wrist_back_shoulder_cross,1.1528,1.2691747804878049,-199.99999999999994,-83.62521951219514,lead_wrist_back_shoulder_cross,drift_forward_accel_jump,4,3,1.1583,1.2333,194.4999999999999,74.99999999999996,ok
42_2,1.1306,144.39999999999986,1.1306,144.39999999999986,piecewise_gated_peak_signed_angular_accel_closest_to_191.7ms_among_25pct_peaks,1.1667,108.29999999999984,1.1667,108.29999999999984,piecewise_gated_peak_signed_angular_accel,1.2417,33.29999999999988,1.2417,33.29999999999988,piecewise_gated_peak_signed_angular_accel,1.0806,194.39999999999992,1.0806,194.39999999999992,lead_hand_hybrid_drift_forward_linear_accel_jump_15pct_window_200ms_to_lead_wrist_back_shoulder_cross,1.075,1.1980015660985721,-199.99999999999994,-76.9984339014278,lead_wrist_back_shoulder_cross,drift_forward_accel_jump,4,3,1.0806,1.1667,194.39999999999992,86.10000000000007,ok
42_3,2.0306,149.99999999999991,2.0306,149.99999999999991,piecewise_gated_peak_signed_angular_accel_closest_to_191.7ms_among_25pct_peaks,2.0694,111.20000000000019,2.0694,111.20000000000019,piecewise_gated_peak_signed_angular_accel,2.1472,33.39999999999988,2.1472,33.39999999999988,piecewise_gated_peak_signed_angular_accel,1.9917,188.90000000000006,1.9917,188.90000000000006,lead_hand_hybrid_drift_forward_linear_accel_jump_15pct_window_200ms_to_lead_wrist_back_shoulder_cross,1.9806000000000001,2.104794628975265,-199.99999999999994,-75.80537102473528,lead_wrist_back_shoulder_cross,drift_forward_accel_jump,4,3,1.9917,2.0694,188.90000000000006,77.69999999999987,ok
42_4,1.2389,113.90000000000012,1.2389,113.90000000000012,piecewise_gated_peak_signed_angular_accel_closest_to_191.7ms_among_25pct_peaks,1.2306,122.20000000000009,1.2306,122.20000000000009,piecewise_gated_peak_signed_angular_accel,1.3111,41.700000000000074,1.3111,41.700000000000074,piecewise_gated_peak_signed_angular_accel,1.1583,194.4999999999999,1.1583,194.4999999999999,lead_hand_hybrid_drift_forward_linear_accel_jump_15pct_window_200ms_to_lead_wrist_back_shoulder_cross,1.1528,1.263351151631478,-199.99999999999994,-89.44884836852208,lead_wrist_back_shoulder_cross,drift_forward_accel_jump,4,3,1.1583,1.2389,194.4999999999999,80.59999999999978,ok
42_5,1.5806,147.2,1.5806,147.2,piecewise_gated_peak_signed_angular_accel_closest_to_191.7ms_among_25pct_peaks,1.6139,113.90000000000012,1.6139,113.90000000000012,piecewise_gated_peak_signed_angular_accel,1.6917,36.10000000000002,1.6917,36.10000000000002,piecewise_gated_peak_signed_angular_accel,,,,,not_detected,1.5278,1.6416278886310904,-199.99999999999994,-86.17211136890957,lead_wrist_back_shoulder_cross,not_detected,3,2,1.5806,1.6139,147.2,33.29999999999988,few_initiation_segments_detected
426_1,1.2278,183.3,1.2278,183.3,piecewise_gated_peak_signed_angular_accel_closest_to_191.7ms_among_25pct_peaks,1.2889,122.20000000000009,1.2889,122.20000000000009,piecewise_gated_peak_signed_angular_accel,1.375,36.10000000000002,1.375,36.10000000000002,piecewise_gated_peak_signed_angular_accel,,,,,not_detected,1.2111,1.3220258373205742,-199.99999999999994,-89.07416267942581,lead_wrist_back_shoulder_cross,not_detected,3,2,1.2278,1.2889,183.3,61.09999999999993,few_initiation_segments_detected
426_2,1.1667,186.09999999999994,1.1667,186.09999999999994,piecewise_gated_peak_signed_angular_accel_closest_to_191.7ms_among_25pct_peaks,1.2222,130.60000000000005,1.2222,130.60000000000005,piecewise_gated_peak_signed_angular_accel,1.2639,88.89999999999998,1.2639,88.89999999999998,piecewise_gated_peak_signed_angular_accel,,,,,not_detected,1.1528,1.2602535703051274,-199.99999999999994,-92.54642969487259,lead_wrist_back_shoulder_cross,not_detected,3,2,1.1667,1.2222,186.09999999999994,55.499999999999886,few_initiation_segments_detected
426_3,1.2389,186.10000000000016,1.2389,186.10000000000016,piecewise_gated_peak_signed_angular_accel_closest_to_191.7ms_among_25pct_peaks,1.2944,130.60000000000005,1.2944,130.60000000000005,piecewise_gated_peak_signed_angular_accel,1.3833,41.700000000000074,1.3833,41.700000000000074,piecewise_gated_peak_signed_angular_accel,,,,,not_detected,1.225,1.2264,-199.99999999999994,-198.6000000000001,lead_elbow_back_shoulder_cross,not_detected,3,2,1.2389,1.2944,186.10000000000016,55.50000000000011,few_initiation_segments_detected
426_4,1.2444,191.7,1.2444,191.7,piecewise_gated_peak_signed_angular_accel_closest_to_191.7ms_among_25pct_peaks,1.3056,130.49999999999983,1.3056,130.49999999999983,piecewise_gated_peak_signed_angular_accel,1.3944,41.69999999999985,1.3944,41.69999999999985,piecewise_gated_peak_signed_angular_accel,,,,,not_detected,1.2361,1.337495466588166,-199.99999999999994,-98.60453341183396,lead_wrist_back_shoulder_cross,not_detected,3,2,1.2444,1.3056,191.7,61.200000000000145,few_initiation_segments_detected
426_5,1.5472,177.80000000000018,1.5472,177.80000000000018,piecewise_gated_peak_signed_angular_accel_closest_to_191.7ms_among_25pct_peaks,1.5944,130.60000000000005,1.5944,130.60000000000005,piecewise_gated_peak_signed_angular_accel,1.6306,94.40000000000003,1.6306,94.40000000000003,piecewise_gated_peak_signed_angular_accel,1.5611,163.90000000000015,1.5611,163.90000000000015,lead_hand_hybrid_drift_forward_linear_accel_jump_15pct_window_200ms_to_lead_elbow_back_shoulder_cross,1.5250000000000001,1.563655069582505,-199.99999999999994,-161.344930417495,lead_elbow_back_shoulder_cross,drift_forward_accel_jump,4,3,1.5472,1.5944,177.80000000000018,47.20000000000013,ok
426_6,1.6111,177.79999999999995,1.6111,177.79999999999995,piecewise_gated_peak_signed_angular_accel_closest_to_191.7ms_among_25pct_peaks,1.6611,127.79999999999991,1.6611,127.79999999999991,piecewise_gated_peak_signed_angular_accel,1.7056,83.29999999999993,1.7056,83.29999999999993,piecewise_gated_peak_signed_angular_accel,,,,,not_detected,1.5889,1.7008607831677383,-199.99999999999994,-88.03921683226167,lead_wrist_back_shoulder_cross,not_detected,3,2,1.6111,1.6611,177.79999999999995,50.00000000000004,few_initiation_segments_detected
426_7,1.2556,177.69999999999996,1.2556,177.69999999999996,piecewise_gated_peak_signed_angular_accel_closest_to_191.7ms_among_25pct_peaks,1.3417,91.60000000000012,1.3417,91.60000000000012,piecewise_gated_peak_signed_angular_accel,1.3944,38.899999999999935,1.3944,38.899999999999935,piecewise_gated_peak_signed_angular_accel,,,,,not_detected,1.2333,1.3345680695333944,-199.99999999999994,-98.73193046660566,lead_wrist_back_shoulder_cross,not_detected,3,2,1.2556,1.3417,177.69999999999996,86.09999999999984,few_initiation_segments_detected
426_8,1.4028,183.3,1.4028,183.3,piecewise_gated_peak_signed_angular_accel_closest_to_191.7ms_among_25pct_peaks,1.4472,138.90000000000003,1.4472,138.90000000000003,piecewise_gated_peak_signed_angular_accel,1.5417,44.39999999999999,1.5417,44.39999999999999,piecewise_gated_peak_signed_angular_accel,,,,,not_detected,1.3861,1.4846164677804297,-199.99999999999994,-101.4835322195704,lead_wrist_back_shoulder_cross,not_detected,3,2,1.4028,1.4472,183.3,44.39999999999999,few_initiation_segments_detected
43_1,1.9583,213.9000000000002,1.9583,213.9000000000002,piecewise_gated_peak_signed_angular_accel_closest_to_191.7ms_among_25pct_peaks,2.0444,127.80000000000014,2.0444,127.80000000000014,piecewise_gated_peak_signed_angular_accel,2.1472,24.99999999999991,2.1472,24.99999999999991,piecewise_gated_peak_signed_angular_accel,,,,,not_detected,1.9722000000000002,1.984035278514589,-199.99999999999994,-188.16472148541118,lead_elbow_back_shoulder_cross,not_detected,3,2,1.9583,2.0444,213.9000000000002,86.10000000000007,few_initiation_segments_detected
43_2,1.1306,216.5999999999999,1.1306,216.5999999999999,piecewise_gated_peak_signed_angular_accel_closest_to_191.7ms_among_25pct_peaks,1.2056,141.59999999999994,1.2056,141.59999999999994,piecewise_gated_peak_signed_angular_accel,1.3222,24.99999999999991,1.3222,24.99999999999991,piecewise_gated_peak_signed_angular_accel,,,,,not_detected,1.1472,1.1915220653133274,-199.99999999999994,-155.67793468667256,lead_elbow_back_shoulder_cross,not_detected,3,2,1.1306,1.2056,216.5999999999999,74.99999999999996,few_initiation_segments_detected
43_3,1.1889,202.79999999999987,1.1889,202.79999999999987,piecewise_gated_peak_signed_angular_accel_closest_to_191.7ms_among_25pct_peaks,1.2583,133.39999999999998,1.2583,133.39999999999998,piecewise_gated_peak_signed_angular_accel,1.2583,133.39999999999998,1.2583,133.39999999999998,piecewise_gated_peak_signed_angular_accel,1.1917,199.99999999999994,1.1917,199.99999999999994,lead_hand_hybrid_drift_forward_linear_accel_jump_15pct_window_200ms_to_lead_elbow_back_shoulder_cross,1.1917,1.2363746018440904,-199.99999999999994,-155.3253981559095,lead_elbow_back_shoulder_cross,drift_forward_accel_jump,4,3,1.1889,1.2583,202.79999999999987,69.3999999999999,ok
43_4,1.2694,211.19999999999982,1.2694,211.19999999999982,piecewise_gated_peak_signed_angular_accel_closest_to_191.7ms_among_25pct_peaks,1.3444,136.19999999999987,1.3444,136.19999999999987,piecewise_gated_peak_signed_angular_accel,1.4556,24.99999999999991,1.4556,24.99999999999991,piecewise_gated_peak_signed_angular_accel,1.2806,199.99999999999994,1.2806,199.99999999999994,lead_hand_hybrid_drift_forward_linear_accel_jump_15pct_window_200ms_to_lead_elbow_back_shoulder_cross,1.2806,1.3290408848207476,-199.99999999999994,-151.55911517925236,lead_elbow_back_shoulder_cross,drift_forward_accel_jump,4,3,1.2694,1.3444,211.19999999999982,74.99999999999996,ok
440_1,0.8,180.6,0.8,180.6,piecewise_gated_peak_signed_angular_accel_closest_to_191.7ms_among_25pct_peaks,0.8444,136.2,0.8444,136.2,piecewise_gated_peak_signed_angular_accel,0.9333,47.30000000000001,0.9333,47.30000000000001,piecewise_gated_peak_signed_angular_accel,,,,,not_detected,0.7806,0.8179864130434783,-200.00000000000006,-162.61358695652171,lead_elbow_back_shoulder_cross,not_detected,3,2,0.8,0.8444,180.6,44.39999999999999,few_initiation_segments_detected
440_2,2.4583,166.70000000000007,2.4583,166.70000000000007,piecewise_gated_peak_signed_angular_accel_closest_to_191.7ms_among_25pct_peaks,2.5222,102.79999999999978,2.5222,102.79999999999978,piecewise_gated_peak_signed_angular_accel,2.5833,41.700000000000074,2.5833,41.700000000000074,piecewise_gated_peak_signed_angular_accel,,,,,not_detected,2.425,2.4576760956175296,-200.00000000000017,-167.32390438247035,lead_elbow_back_shoulder_cross,not_detected,3,2,2.4583,2.5222,166.70000000000007,63.90000000000029,few_initiation_segments_detected
440_3,0.8278,174.99999999999994,0.8278,174.99999999999994,piecewise_gated_peak_signed_angular_accel_closest_to_191.7ms_among_25pct_peaks,0.9028,99.99999999999987,0.9028,99.99999999999987,piecewise_gated_peak_signed_angular_accel,0.7833,219.49999999999991,0.7833,219.49999999999991,piecewise_gated_peak_signed_angular_accel,0.8028,199.99999999999994,0.8028,199.99999999999994,lead_hand_hybrid_drift_forward_linear_accel_jump_15pct_window_200ms_to_lead_elbow_back_shoulder_cross,0.8028,0.8462745762711864,-199.99999999999994,-156.5254237288135,lead_elbow_back_shoulder_cross,drift_forward_accel_jump,4,3,0.8028,0.9028,199.99999999999994,100.00000000000009,ok
440_4,0.8306,186.09999999999994,0.8306,186.09999999999994,piecewise_gated_peak_signed_angular_accel_closest_to_191.7ms_among_25pct_peaks,0.9417,74.99999999999996,0.9417,74.99999999999996,piecewise_gated_peak_signed_angular_accel,0.9,116.69999999999992,0.9,116.69999999999992,piecewise_gated_peak_signed_angular_accel,0.8167,199.99999999999994,0.8167,199.99999999999994,lead_hand_hybrid_drift_forward_linear_accel_jump_15pct_window_200ms_to_lead_wrist_back_shoulder_cross,0.8167,0.9294507840772014,-199.99999999999994,-87.24921592279856,lead_wrist_back_shoulder_cross,drift_forward_accel_jump,4,3,0.8167,0.9417,199.99999999999994,125.0,ok
440_5,1.1222,183.4,1.1222,183.4,piecewise_gated_peak_signed_angular_accel_closest_to_191.7ms_among_25pct_peaks,1.1806,125.0,1.1806,125.0,piecewise_gated_peak_signed_angular_accel,1.2667,38.900000000000155,1.2667,38.900000000000155,piecewise_gated_peak_signed_angular_accel,,,,,not_detected,1.1056000000000001,1.1523246043165467,-199.99999999999994,-153.27539568345338,lead_elbow_back_shoulder_cross,not_detected,3,2,1.1222,1.1806,183.4,58.400000000000006,few_initiation_segments_detected
440_6,1.2861,199.99999999999994,1.2861,199.99999999999994,piecewise_gated_peak_signed_angular_accel_closest_to_191.7ms_among_25pct_peaks,1.3944,91.69999999999989,1.3944,91.69999999999989,piecewise_gated_peak_signed_angular_accel,1.4417,44.39999999999999,1.4417,44.39999999999999,piecewise_gated_peak_signed_angular_accel,1.2861,199.99999999999994,1.2861,199.99999999999994,lead_hand_hybrid_drift_forward_linear_accel_jump_15pct_window_200ms_to_lead_wrist_back_shoulder_cross,1.2861,1.4037098416289593,-199.99999999999994,-82.39015837104068,lead_wrist_back_shoulder_cross,drift_forward_accel_jump,4,3,1.2861,1.3944,199.99999999999994,108.30000000000007,ok
440_7,0.8083,174.99999999999994,0.8083,174.99999999999994,piecewise_gated_peak_signed_angular_accel_closest_to_191.7ms_among_25pct_peaks,0.9222,61.09999999999993,0.9222,61.09999999999993,piecewise_gated_peak_signed_angular_accel,0.9389,44.39999999999999,0.9389,44.39999999999999,piecewise_gated_peak_signed_angular_accel,0.8444,138.89999999999992,0.8444,138.89999999999992,lead_hand_hybrid_drift_forward_linear_accel_jump_15pct_window_200ms_to_lead_wrist_back_shoulder_cross,0.7832999999999999,0.898670985915493,-200.00000000000006,-84.62901408450696,lead_wrist_back_shoulder_cross,drift_forward_accel_jump,4,3,0.8083,0.9222,174.99999999999994,113.9,ok
440_8,1.3806,183.3,1.3806,183.3,piecewise_gated_peak_signed_angular_accel_closest_to_191.7ms_among_25pct_peaks,1.4444,119.50000000000016,1.4444,119.50000000000016,piecewise_gated_peak_signed_angular_accel,1.5139,50.00000000000004,1.5139,50.00000000000004,piecewise_gated_peak_signed_angular_accel,,,,,not_detected,1.3639000000000001,1.3838580756013745,-199.99999999999994,-180.04192439862555,lead_elbow_back_shoulder_cross,not_detected,3,2,1.3806,1.4444,183.3,63.799999999999855,few_initiation_segments_detected
447_1,1.3389,197.20000000000005,1.3389,197.20000000000005,piecewise_gated_peak_signed_angular_accel_closest_to_191.7ms_among_25pct_peaks,1.4194,116.70000000000003,1.4194,116.70000000000003,piecewise_gated_peak_signed_angular_accel,1.4778,58.30000000000002,1.4778,58.30000000000002,piecewise_gated_peak_signed_angular_accel,1.3556,180.5000000000001,1.3556,180.5000000000001,lead_hand_hybrid_drift_forward_linear_accel_jump_15pct_window_200ms_to_lead_elbow_back_shoulder_cross,1.3361,1.3878437869822486,-199.99999999999994,-148.25621301775138,lead_elbow_back_shoulder_cross,drift_forward_accel_jump,4,3,1.3389,1.4194,197.20000000000005,80.50000000000001,ok
447_2,1.3694,191.7,1.3694,191.7,piecewise_gated_peak_signed_angular_accel_closest_to_191.7ms_among_25pct_peaks,1.4389,122.19999999999986,1.4389,122.19999999999986,piecewise_gated_peak_signed_angular_accel,1.4917,69.3999999999999,1.4917,69.3999999999999,piecewise_gated_peak_signed_angular_accel,1.3667,194.39999999999992,1.3667,194.39999999999992,lead_hand_hybrid_drift_forward_linear_accel_jump_15pct_window_200ms_to_lead_elbow_back_shoulder_cross,1.3611,1.4071502747252747,-199.99999999999994,-153.94972527472527,lead_elbow_back_shoulder_cross,drift_forward_accel_jump,4,3,1.3667,1.4389,194.39999999999992,72.20000000000005,ok
447_3,1.6833,180.59999999999988,1.6833,180.59999999999988,piecewise_gated_peak_signed_angular_accel_closest_to_191.7ms_among_25pct_peaks,1.7417,122.19999999999986,1.7417,122.19999999999986,piecewise_gated_peak_signed_angular_accel,1.8361,27.799999999999827,1.8361,27.799999999999827,piecewise_gated_peak_signed_angular_accel,1.6806,183.29999999999978,1.6806,183.29999999999978,lead_hand_hybrid_drift_forward_linear_accel_jump_15pct_window_200ms_to_lead_wrist_back_shoulder_cross,1.6639,1.7701314223904814,-199.99999999999994,-93.76857760951852,lead_wrist_back_shoulder_cross,drift_forward_accel_jump,4,3,1.6806,1.7417,183.29999999999978,61.09999999999993,ok
447_4,0.7806,191.6,0.7806,191.6,piecewise_gated_peak_signed_angular_accel_closest_to_191.7ms_among_25pct_peaks,0.8472,125.0,0.8472,125.0,piecewise_gated_peak_signed_angular_accel,0.9194,52.799999999999955,0.9194,52.799999999999955,piecewise_gated_peak_signed_angular_accel,,,,,not_detected,0.7722,0.8734818181818181,-199.99999999999994,-98.71818181818182,lead_wrist_back_shoulder_cross,not_detected,3,2,0.7806,0.8472,191.6,66.6,few_initiation_segments_detected
447_5,1.4056,197.20000000000005,1.4056,197.20000000000005,piecewise_gated_peak_signed_angular_accel_closest_to_191.7ms_among_25pct_peaks,1.4889,113.90000000000012,1.4889,113.90000000000012,piecewise_gated_peak_signed_angular_accel,1.5528,50.00000000000004,1.5528,50.00000000000004,piecewise_gated_peak_signed_angular_accel,,,,,not_detected,1.4028,1.5132280627978694,-199.99999999999994,-89.57193720213064,lead_wrist_back_shoulder_cross,not_detected,3,2,1.4056,1.4889,197.20000000000005,83.29999999999993,few_initiation_segments_detected
447_6,0.775,172.20000000000002,0.775,172.20000000000002,piecewise_gated_peak_signed_angular_accel_closest_to_191.7ms_among_25pct_peaks,0.8333,113.9,0.8333,113.9,piecewise_gated_peak_signed_angular_accel,0.8806,66.6,0.8806,66.6,piecewise_gated_peak_signed_angular_accel,0.7528,194.4,0.7528,194.4,lead_hand_hybrid_drift_forward_linear_accel_jump_15pct_window_200ms_to_lead_wrist_back_shoulder_cross,0.7472000000000001,0.8605791423001949,-199.99999999999994,-86.6208576998051,lead_wrist_back_shoulder_cross,drift_forward_accel_jump,4,3,0.7528,0.8333,194.4,80.50000000000001,ok
447_7,0.9556,194.39999999999992,0.9556,194.39999999999992,piecewise_gated_peak_signed_angular_accel_closest_to_191.7ms_among_25pct_peaks,1.0333,116.6999999999998,1.0333,116.6999999999998,piecewise_gated_peak_signed_angular_accel,1.0667,83.29999999999993,1.0667,83.29999999999993,piecewise_gated_peak_signed_angular_accel,,,,,not_detected,0.95,0.9677219626168224,-199.99999999999994,-182.2780373831775,lead_elbow_back_shoulder_cross,not_detected,3,2,0.9556,1.0333,194.39999999999992,77.7000000000001,few_initiation_segments_detected
447_8,1.0389,188.90000000000006,1.0389,188.90000000000006,piecewise_gated_peak_signed_angular_accel_closest_to_191.7ms_among_25pct_peaks,1.1028,125.0,1.1028,125.0,piecewise_gated_peak_signed_angular_accel,1.1944,33.4000000000001,1.1944,33.4000000000001,piecewise_gated_peak_signed_angular_accel,,,,,not_detected,1.0278,1.0592525773195876,-199.99999999999994,-168.54742268041244,lead_elbow_back_shoulder_cross,not_detected,3,2,1.0389,1.1028,188.90000000000006,63.90000000000007,few_initiation_segments_detected
448_1,1.2056,161.10000000000002,1.2056,161.10000000000002,piecewise_gated_peak_signed_angular_accel_closest_to_191.7ms_among_25pct_peaks,1.2611,105.59999999999991,1.2611,105.59999999999991,piecewise_gated_peak_signed_angular_accel,1.1917,175.00000000000006,1.1917,175.00000000000006,piecewise_gated_peak_signed_angular_accel,1.1667,199.99999999999994,1.1667,199.99999999999994,lead_hand_hybrid_drift_forward_linear_accel_jump_15pct_window_200ms_to_lead_wrist_back_shoulder_cross,1.1667,1.270509090909091,-199.99999999999994,-96.19090909090899,lead_wrist_back_shoulder_cross,drift_forward_accel_jump,4,3,1.1667,1.2611,199.99999999999994,94.40000000000003,ok
448_2,1.4833,144.49999999999986,1.4833,144.49999999999986,piecewise_gated_peak_signed_angular_accel_closest_to_191.7ms_among_25pct_peaks,1.5222,105.59999999999991,1.5222,105.59999999999991,piecewise_gated_peak_signed_angular_accel,1.6,27.799999999999827,1.6,27.799999999999827,piecewise_gated_peak_signed_angular_accel,,,,,not_detected,1.4278,1.533770284237726,-199.99999999999994,-94.02971576227381,lead_wrist_back_shoulder_cross,not_detected,3,2,1.4833,1.5222,144.49999999999986,38.899999999999935,few_initiation_segments_detected
448_3,1.1111,172.20000000000013,1.1111,172.20000000000013,piecewise_gated_peak_signed_angular_accel_closest_to_191.7ms_among_25pct_peaks,1.1694,113.90000000000012,1.1694,113.90000000000012,piecewise_gated_peak_signed_angular_accel,1.1861,97.20000000000017,1.1861,97.20000000000017,piecewise_gated_peak_signed_angular_accel,1.1139,169.4000000000002,1.1139,169.4000000000002,lead_hand_hybrid_drift_forward_linear_accel_jump_15pct_window_200ms_to_lead_wrist_back_shoulder_cross,1.0833000000000002,1.1812805362776027,-199.99999999999994,-102.01946372239745,lead_wrist_back_shoulder_cross,drift_forward_accel_jump,4,3,1.1111,1.1694,172.20000000000013,58.30000000000002,ok
448_4,1.1583,169.49999999999997,1.1583,169.49999999999997,piecewise_gated_peak_signed_angular_accel_closest_to_191.7ms_among_25pct_peaks,1.2194,108.40000000000005,1.2194,108.40000000000005,piecewise_gated_peak_signed_angular_accel,1.2472,80.60000000000001,1.2472,80.60000000000001,piecewise_gated_peak_signed_angular_accel,1.175,152.80000000000004,1.175,152.80000000000004,lead_hand_hybrid_drift_forward_linear_accel_jump_15pct_window_200ms_to_lead_wrist_back_shoulder_cross,1.1278000000000001,1.2388991279975086,-199.99999999999994,-88.90087200249152,lead_wrist_back_shoulder_cross,drift_forward_accel_jump,4,3,1.1583,1.2194,169.49999999999997,61.09999999999993,ok
448_5,1.2028,133.29999999999998,1.2028,133.29999999999998,piecewise_gated_peak_signed_angular_accel_closest_to_191.7ms_among_25pct_peaks,1.2278,108.30000000000007,1.2278,108.30000000000007,piecewise_gated_peak_signed_angular_accel,1.3056,30.49999999999997,1.3056,30.49999999999997,piecewise_gated_peak_signed_angular_accel,,,,,not_detected,1.1361,1.2424829924348557,-199.99999999999994,-93.61700756514435,lead_wrist_back_shoulder_cross,not_detected,3,2,1.2028,1.2278,133.29999999999998,24.99999999999991,few_initiation_segments_detected
448_6,1.3861,149.99999999999991,1.3861,149.99999999999991,piecewise_gated_peak_signed_angular_accel_closest_to_191.7ms_among_25pct_peaks,1.4278,108.30000000000007,1.4278,108.30000000000007,piecewise_gated_peak_signed_angular_accel,1.5056,30.49999999999997,1.5056,30.49999999999997,piecewise_gated_peak_signed_angular_accel,,,,,not_detected,1.3361,1.4352330960854092,-199.99999999999994,-100.86690391459085,lead_wrist_back_shoulder_cross,not_detected,3,2,1.3861,1.4278,149.99999999999991,41.69999999999985,few_initiation_segments_detected
448_7,1.3194,136.2000000000001,1.3194,136.2000000000001,piecewise_gated_peak_signed_angular_accel_closest_to_191.7ms_among_25pct_peaks,1.3417,113.90000000000012,1.3417,113.90000000000012,piecewise_gated_peak_signed_angular_accel,1.4222,33.4000000000001,1.4222,33.4000000000001,piecewise_gated_peak_signed_angular_accel,1.3,155.59999999999997,1.3,155.59999999999997,lead_hand_hybrid_drift_forward_linear_accel_jump_15pct_window_200ms_to_lead_wrist_back_shoulder_cross,1.2556,1.3547094775212636,-199.99999999999994,-100.89052247873641,lead_wrist_back_shoulder_cross,drift_forward_accel_jump,4,3,1.3,1.3417,155.59999999999997,41.69999999999985,ok
448_8,1.3222,141.69999999999993,1.3222,141.69999999999993,piecewise_gated_peak_signed_angular_accel_closest_to_191.7ms_among_25pct_peaks,1.3583,105.59999999999991,1.3583,105.59999999999991,piecewise_gated_peak_signed_angular_accel,1.4306,33.29999999999988,1.4306,33.29999999999988,piecewise_gated_peak_signed_angular_accel,1.2694,194.4999999999999,1.2694,194.4999999999999,lead_hand_hybrid_drift_forward_linear_accel_jump_15pct_window_200ms_to_lead_wrist_back_shoulder_cross,1.2639,1.370821875,-199.99999999999994,-93.0781249999999,lead_wrist_back_shoulder_cross,drift_forward_accel_jump,4,3,1.2694,1.3583,194.4999999999999,88.89999999999998,ok
45_1,1.9194,177.79999999999995,1.9194,177.79999999999995,piecewise_gated_peak_signed_angular_accel_closest_to_191.7ms_among_25pct_peaks,1.9583,138.90000000000003,1.9583,138.90000000000003,piecewise_gated_peak_signed_angular_accel,2.0694,27.800000000000047,2.0694,27.800000000000047,piecewise_gated_peak_signed_angular_accel,,,,,not_detected,1.8972,2.005847952175019,-199.99999999999994,-91.35204782498096,lead_wrist_back_shoulder_cross,not_detected,3,2,1.9194,1.9583,177.79999999999995,38.899999999999935,few_initiation_segments_detected
45_2,1.6694,158.4000000000001,1.6694,158.4000000000001,piecewise_gated_peak_signed_angular_accel_closest_to_191.7ms_among_25pct_peaks,1.6917,136.1000000000001,1.6917,136.1000000000001,piecewise_gated_peak_signed_angular_accel,1.8,27.800000000000047,1.8,27.800000000000047,piecewise_gated_peak_signed_angular_accel,1.6306,197.20000000000005,1.6306,197.20000000000005,lead_hand_hybrid_drift_forward_linear_accel_jump_15pct_window_200ms_to_lead_wrist_back_shoulder_cross,1.6278000000000001,1.7270718621821166,-199.99999999999994,-100.72813781788348,lead_wrist_back_shoulder_cross,drift_forward_accel_jump,4,3,1.6306,1.6917,197.20000000000005,61.09999999999993,ok
45_3,1.6472,161.10000000000002,1.6472,161.10000000000002,piecewise_gated_peak_signed_angular_accel_closest_to_191.7ms_among_25pct_peaks,1.6722,136.1000000000001,1.6722,136.1000000000001,piecewise_gated_peak_signed_angular_accel,1.7806,27.70000000000006,1.7806,27.70000000000006,piecewise_gated_peak_signed_angular_accel,,,,,not_detected,1.6083,1.7164687732342006,-199.99999999999994,-91.83122676579947,lead_wrist_back_shoulder_cross,not_detected,3,2,1.6472,1.6722,161.10000000000002,24.99999999999991,few_initiation_segments_detected
45_4,1.9194,183.39999999999978,1.9194,183.39999999999978,piecewise_gated_peak_signed_angular_accel_closest_to_191.7ms_among_25pct_peaks,1.9667,136.09999999999988,1.9667,136.09999999999988,piecewise_gated_peak_signed_angular_accel,2.075,27.799999999999603,2.075,27.799999999999603,piecewise_gated_peak_signed_angular_accel,,,,,not_detected,1.9027999999999998,2.0107021528525295,-199.99999999999994,-92.09784714747028,lead_wrist_back_shoulder_cross,not_detected,3,2,1.9194,1.9667,183.39999999999978,47.2999999999999,few_initiation_segments_detected
45_5,1.6167,199.99999999999994,1.6167,199.99999999999994,piecewise_gated_peak_signed_angular_accel_closest_to_191.7ms_among_25pct_peaks,1.6667,149.99999999999991,1.6667,149.99999999999991,piecewise_gated_peak_signed_angular_accel,1.7861,30.59999999999996,1.7861,30.59999999999996,piecewise_gated_peak_signed_angular_accel,1.6167,199.99999999999994,1.6167,199.99999999999994,lead_hand_hybrid_drift_forward_linear_accel_jump_15pct_window_200ms_to_lead_wrist_back_shoulder_cross,1.6167,1.7206840173336733,-199.99999999999994,-96.01598266632672,lead_wrist_back_shoulder_cross,drift_forward_accel_jump,4,3,1.6167,1.6667,199.99999999999994,50.00000000000004,ok
450_1,2.775,211.10000000000008,2.775,211.10000000000008,piecewise_gated_peak_signed_angular_accel_closest_to_191.7ms_among_25pct_peaks,2.8861,100.00000000000009,2.8861,100.00000000000009,piecewise_gated_peak_signed_angular_accel,2.8806,105.50000000000014,2.8806,105.50000000000014,piecewise_gated_peak_signed_angular_accel,,,,,not_detected,2.7861,2.8875960609911053,-200.00000000000017,-98.50393900889465,lead_wrist_back_shoulder_cross,not_detected,3,2,2.775,2.8861,211.10000000000008,111.09999999999998,few_initiation_segments_detected
450_2,1.2917,172.1999999999999,1.2917,172.1999999999999,piecewise_gated_peak_signed_angular_accel_closest_to_191.7ms_among_25pct_peaks,1.3611,102.8,1.3611,102.8,piecewise_gated_peak_signed_angular_accel,1.3472,116.70000000000003,1.3472,116.70000000000003,piecewise_gated_peak_signed_angular_accel,,,,,not_detected,1.2639,1.369692231017297,-199.99999999999994,-94.207768982703,lead_wrist_back_shoulder_cross,not_detected,3,2,1.2917,1.3611,172.1999999999999,69.3999999999999,few_initiation_segments_detected
450_3,1.6194,186.20000000000013,1.6194,186.20000000000013,piecewise_gated_peak_signed_angular_accel_closest_to_191.7ms_among_25pct_peaks,1.7083,97.30000000000017,1.7083,97.30000000000017,piecewise_gated_peak_signed_angular_accel,1.6639,141.70000000000016,1.6639,141.70000000000016,piecewise_gated_peak_signed_angular_accel,,,,,not_detected,1.6056000000000001,1.7157629859154928,-199.99999999999994,-89.83701408450729,lead_wrist_back_shoulder_cross,not_detected,3,2,1.6194,1.7083,186.20000000000013,88.89999999999998,few_initiation_segments_detected
450_4,1.4694,180.59999999999988,1.4694,180.59999999999988,piecewise_gated_peak_signed_angular_accel_closest_to_191.7ms_among_25pct_peaks,1.5444,105.59999999999991,1.5444,105.59999999999991,piecewise_gated_peak_signed_angular_accel,1.5333,116.6999999999998,1.5333,116.6999999999998,piecewise_gated_peak_signed_angular_accel,,,,,not_detected,1.45,1.556862928994083,-199.99999999999994,-93.13707100591695,lead_wrist_back_shoulder_cross,not_detected,3,2,1.4694,1.5444,180.59999999999988,74.99999999999996,few_initiation_segments_detected
450_5,1.7417,158.2999999999999,1.7417,158.2999999999999,piecewise_gated_peak_signed_angular_accel_closest_to_191.7ms_among_25pct_peaks,1.7944,105.59999999999991,1.7944,105.59999999999991,piecewise_gated_peak_signed_angular_accel,1.7889,111.09999999999998,1.7889,111.09999999999998,piecewise_gated_peak_signed_angular_accel,,,,,not_detected,1.7,1.7988024615384615,-199.99999999999994,-101.19753846153844,lead_wrist_back_shoulder_cross,not_detected,3,2,1.7417,1.7944,158.2999999999999,52.69999999999997,few_initiation_segments_detected
450_6,1.8389,152.80000000000004,1.8389,152.80000000000004,piecewise_gated_peak_signed_angular_accel_closest_to_191.7ms_among_25pct_peaks,1.8972,94.50000000000003,1.8972,94.50000000000003,piecewise_gated_peak_signed_angular_accel,1.8778,113.90000000000012,1.8778,113.90000000000012,piecewise_gated_peak_signed_angular_accel,1.7917,199.99999999999994,1.7917,199.99999999999994,lead_hand_hybrid_drift_forward_linear_accel_jump_15pct_window_200ms_to_lead_wrist_back_shoulder_cross,1.7917,1.9035892510005719,-199.99999999999994,-88.11074899942817,lead_wrist_back_shoulder_cross,drift_forward_accel_jump,4,3,1.7917,1.8972,199.99999999999994,105.49999999999993,ok
450_7,1.8917,163.90000000000015,1.8917,163.90000000000015,piecewise_gated_peak_signed_angular_accel_closest_to_191.7ms_among_25pct_peaks,1.9639,91.70000000000012,1.9639,91.70000000000012,piecewise_gated_peak_signed_angular_accel,1.9611,94.50000000000003,1.9611,94.50000000000003,piecewise_gated_peak_signed_angular_accel,,,,,not_detected,1.8556000000000001,1.9737765731408337,-199.99999999999994,-81.82342685916643,lead_wrist_back_shoulder_cross,not_detected,3,2,1.8917,1.9639,163.90000000000015,72.20000000000005,few_initiation_segments_detected
450_8,1.5833,213.89999999999998,1.5833,213.89999999999998,piecewise_gated_peak_signed_angular_accel_closest_to_191.7ms_among_25pct_peaks,1.7056,91.59999999999991,1.7056,91.59999999999991,piecewise_gated_peak_signed_angular_accel,1.6639,133.29999999999998,1.6639,133.29999999999998,piecewise_gated_peak_signed_angular_accel,,,,,not_detected,1.5972,1.7081014024041212,-199.99999999999994,-89.09859759587869,lead_wrist_back_shoulder_cross,not_detected,3,2,1.5833,1.7056,213.89999999999998,122.30000000000007,few_initiation_segments_detected
451_1,1.3111,191.7,1.3111,191.7,piecewise_gated_peak_signed_angular_accel_closest_to_191.7ms_among_25pct_peaks,1.3806,122.19999999999986,1.3806,122.19999999999986,piecewise_gated_peak_signed_angular_accel,1.4139,88.89999999999998,1.4139,88.89999999999998,piecewise_gated_peak_signed_angular_accel,,,,,not_detected,1.3028,1.408816295025729,-199.99999999999994,-93.98370497427089,lead_wrist_back_shoulder_cross,not_detected,3,2,1.3111,1.3806,191.7,69.50000000000011,few_initiation_segments_detected
451_2,1.1694,191.7,1.1694,191.7,piecewise_gated_peak_signed_angular_accel_closest_to_191.7ms_among_25pct_peaks,1.1806,180.4999999999999,1.1806,180.4999999999999,piecewise_gated_peak_signed_angular_accel,1.2806,80.50000000000001,1.2806,80.50000000000001,piecewise_gated_peak_signed_angular_accel,,,,,not_detected,1.1611,1.1688362637362637,-199.99999999999994,-192.26373626373626,lead_elbow_back_shoulder_cross,not_detected,3,2,1.1694,1.1806,191.7,11.200000000000099,few_initiation_segments_detected
451_3,1.7667,194.40000000000012,1.7667,194.40000000000012,piecewise_gated_peak_signed_angular_accel_closest_to_191.7ms_among_25pct_peaks,1.8417,119.40000000000018,1.8417,119.40000000000018,piecewise_gated_peak_signed_angular_accel,1.8667,94.40000000000003,1.8667,94.40000000000003,piecewise_gated_peak_signed_angular_accel,,,,,not_detected,1.7611,1.8656427676894176,-199.99999999999994,-95.45723231058246,lead_wrist_back_shoulder_cross,not_detected,3,2,1.7667,1.8417,194.40000000000012,74.99999999999996,few_initiation_segments_detected
451_4,2.3306,194.39999999999992,2.3306,194.39999999999992,piecewise_gated_peak_signed_angular_accel_closest_to_191.7ms_among_25pct_peaks,2.3667,158.3000000000001,2.3667,158.3000000000001,piecewise_gated_peak_signed_angular_accel,2.4306,94.39999999999982,2.4306,94.39999999999982,piecewise_gated_peak_signed_angular_accel,,,,,not_detected,2.3249999999999997,2.423149702970297,-200.00000000000017,-101.85029702970283,lead_wrist_back_shoulder_cross,not_detected,3,2,2.3306,2.3667,194.39999999999992,36.099999999999795,few_initiation_segments_detected
451_5,1.2556,194.39999999999992,1.2556,194.39999999999992,piecewise_gated_peak_signed_angular_accel_closest_to_191.7ms_among_25pct_peaks,1.3306,119.39999999999995,1.3306,119.39999999999995,piecewise_gated_peak_signed_angular_accel,1.3556,94.40000000000003,1.3556,94.40000000000003,piecewise_gated_peak_signed_angular_accel,,,,,not_detected,1.25,1.3520928716904277,-199.99999999999994,-97.90712830957227,lead_wrist_back_shoulder_cross,not_detected,3,2,1.2556,1.3306,194.39999999999992,74.99999999999996,few_initiation_segments_detected
451_6,1.1583,199.99999999999994,1.1583,199.99999999999994,piecewise_gated_peak_signed_angular_accel_closest_to_191.7ms_among_25pct_peaks,1.1972,161.10000000000002,1.1972,161.10000000000002,piecewise_gated_peak_signed_angular_accel,1.2639,94.40000000000003,1.2639,94.40000000000003,piecewise_gated_peak_signed_angular_accel,,,,,not_detected,1.1583,1.253890101979604,-199.99999999999994,-104.40989802039601,lead_wrist_back_shoulder_cross,not_detected,3,2,1.1583,1.1972,199.99999999999994,38.899999999999935,few_initiation_segments_detected
451_7,1.2806,197.20000000000005,1.2806,197.20000000000005,piecewise_gated_peak_signed_angular_accel_closest_to_191.7ms_among_25pct_peaks,1.3556,122.20000000000009,1.3556,122.20000000000009,piecewise_gated_peak_signed_angular_accel,1.3861,91.69999999999989,1.3861,91.69999999999989,piecewise_gated_peak_signed_angular_accel,,,,,not_detected,1.2778,1.3766457008244994,-199.99999999999994,-101.15429917550057,lead_wrist_back_shoulder_cross,not_detected,3,2,1.2806,1.3556,197.20000000000005,74.99999999999996,few_initiation_segments_detected
451_8,1.4333,213.89999999999998,1.4333,213.89999999999998,piecewise_gated_peak_signed_angular_accel_closest_to_191.7ms_among_25pct_peaks,1.5194,127.79999999999991,1.5194,127.79999999999991,piecewise_gated_peak_signed_angular_accel,1.5472,100.00000000000009,1.5472,100.00000000000009,piecewise_gated_peak_signed_angular_accel,,,,,not_detected,1.4472,1.545680915558305,-199.99999999999994,-101.5190844416951,lead_wrist_back_shoulder_cross,not_detected,3,2,1.4333,1.5194,213.89999999999998,86.10000000000007,few_initiation_segments_detected
468_1,1.2778,205.50000000000003,1.2778,205.50000000000003,piecewise_gated_peak_signed_angular_accel_closest_to_191.7ms_among_25pct_peaks,1.3556,127.70000000000014,1.3556,127.70000000000014,piecewise_gated_peak_signed_angular_accel,1.4417,41.60000000000008,1.4417,41.60000000000008,piecewise_gated_peak_signed_angular_accel,1.3278,155.49999999999997,1.3278,155.49999999999997,lead_hand_hybrid_drift_forward_linear_accel_jump_15pct_window_200ms_to_lead_wrist_back_shoulder_cross,1.2833,1.3861604588394063,-199.99999999999994,-97.13954116059375,lead_wrist_back_shoulder_cross,drift_forward_accel_jump,4,3,1.2778,1.3556,205.50000000000003,77.79999999999987,ok
468_2,2.4806,194.39999999999992,2.4806,194.39999999999992,piecewise_gated_peak_signed_angular_accel_closest_to_191.7ms_among_25pct_peaks,2.5444,130.59999999999982,2.5444,130.59999999999982,piecewise_gated_peak_signed_angular_accel,2.5472,127.7999999999997,2.5472,127.7999999999997,piecewise_gated_peak_signed_angular_accel,2.525,149.99999999999991,2.525,149.99999999999991,lead_hand_hybrid_drift_forward_linear_accel_jump_15pct_window_200ms_to_lead_wrist_back_shoulder_cross,2.4749999999999996,2.5822672558678645,-200.00000000000017,-92.73274413213528,lead_wrist_back_shoulder_cross,drift_forward_accel_jump,4,3,2.4806,2.5444,194.39999999999992,63.80000000000008,ok
468_3,1.4444,202.8000000000001,1.4444,202.8000000000001,piecewise_gated_peak_signed_angular_accel_closest_to_191.7ms_among_25pct_peaks,1.5111,136.09999999999988,1.5111,136.09999999999988,piecewise_gated_peak_signed_angular_accel,1.5417,105.49999999999993,1.5417,105.49999999999993,piecewise_gated_peak_signed_angular_accel,1.5,147.2,1.5,147.2,lead_hand_hybrid_drift_forward_linear_accel_jump_15pct_window_200ms_to_lead_wrist_back_shoulder_cross,1.4472,1.5568239901746725,-199.99999999999994,-90.37600982532746,lead_wrist_back_shoulder_cross,drift_forward_accel_jump,4,3,1.4444,1.5111,202.8000000000001,66.7000000000002,ok
468_4,1.4806,186.10000000000016,1.4806,186.10000000000016,piecewise_gated_peak_signed_angular_accel_closest_to_191.7ms_among_25pct_peaks,1.5556,111.09999999999998,1.5556,111.09999999999998,piecewise_gated_peak_signed_angular_accel,1.5444,122.30000000000007,1.5444,122.30000000000007,piecewise_gated_peak_signed_angular_accel,1.525,141.70000000000016,1.525,141.70000000000016,lead_hand_hybrid_drift_forward_linear_accel_jump_15pct_window_200ms_to_lead_wrist_back_shoulder_cross,1.4667000000000001,1.5793527481542249,-199.99999999999994,-87.34725184577519,lead_wrist_back_shoulder_cross,drift_forward_accel_jump,4,3,1.4806,1.5556,186.10000000000016,75.00000000000017,ok
468_5,1.6778,186.09999999999994,1.6778,186.09999999999994,piecewise_gated_peak_signed_angular_accel_closest_to_191.7ms_among_25pct_peaks,1.75,113.89999999999989,1.75,113.89999999999989,piecewise_gated_peak_signed_angular_accel,1.7417,122.19999999999986,1.7417,122.19999999999986,piecewise_gated_peak_signed_angular_accel,1.7167,147.2,1.7167,147.2,lead_hand_hybrid_drift_forward_linear_accel_jump_15pct_window_200ms_to_lead_wrist_back_shoulder_cross,1.6639,1.7720508968609865,-199.99999999999994,-91.8491031390134,lead_wrist_back_shoulder_cross,drift_forward_accel_jump,4,3,1.6778,1.75,186.09999999999994,72.20000000000005,ok
468_6,1.1389,188.90000000000006,1.1389,188.90000000000006,piecewise_gated_peak_signed_angular_accel_closest_to_191.7ms_among_25pct_peaks,1.2056,122.20000000000009,1.2056,122.20000000000009,piecewise_gated_peak_signed_angular_accel,1.1583,169.49999999999997,1.1583,169.49999999999997,piecewise_gated_peak_signed_angular_accel,1.2028,125.0,1.2028,125.0,lead_hand_hybrid_load_back_first_forward_move_window_200ms_to_lead_wrist_back_shoulder_cross,1.1278000000000001,1.2539360364926508,-199.99999999999994,-73.86396350734925,lead_wrist_back_shoulder_cross,load_back_first_forward_move,4,3,1.1389,1.2056,188.90000000000006,66.69999999999999,ok
468_7,1.4028,188.89999999999984,1.4028,188.89999999999984,piecewise_gated_peak_signed_angular_accel_closest_to_191.7ms_among_25pct_peaks,1.4639,127.79999999999991,1.4639,127.79999999999991,piecewise_gated_peak_signed_angular_accel,1.5528,38.899999999999935,1.5528,38.899999999999935,piecewise_gated_peak_signed_angular_accel,1.4444,147.29999999999998,1.4444,147.29999999999998,lead_hand_hybrid_drift_forward_linear_accel_jump_15pct_window_200ms_to_lead_wrist_back_shoulder_cross,1.3917,1.499738780016561,-199.99999999999994,-91.96121998343898,lead_wrist_back_shoulder_cross,drift_forward_accel_jump,4,3,1.4028,1.4639,188.89999999999984,61.09999999999993,ok
468_8,1.9833,194.4999999999999,1.9833,194.4999999999999,piecewise_gated_peak_signed_angular_accel_closest_to_191.7ms_among_25pct_peaks,2.0472,130.59999999999982,2.0472,130.59999999999982,piecewise_gated_peak_signed_angular_accel,2.0722,105.59999999999991,2.0722,105.59999999999991,piecewise_gated_peak_signed_angular_accel,2.0333,144.49999999999986,2.0333,144.49999999999986,lead_hand_hybrid_drift_forward_linear_accel_jump_15pct_window_200ms_to_lead_wrist_back_shoulder_cross,1.9778,2.088248269484809,-199.99999999999994,-89.55173051519117,lead_wrist_back_shoulder_cross,drift_forward_accel_jump,4,3,1.9833,2.0472,194.4999999999999,63.90000000000007,ok
47_1,1.6306,163.79999999999995,1.6306,163.79999999999995,piecewise_gated_peak_signed_angular_accel_closest_to_191.7ms_among_25pct_peaks,1.6667,127.69999999999993,1.6667,127.69999999999993,piecewise_gated_peak_signed_angular_accel,1.7639,30.49999999999997,1.7639,30.49999999999997,piecewise_gated_peak_signed_angular_accel,,,,,not_detected,1.5944,1.620385407725322,-199.99999999999994,-174.01459227467808,lead_elbow_back_shoulder_cross,not_detected,3,2,1.6306,1.6667,163.79999999999995,36.10000000000002,few_initiation_segments_detected
47_2,1.3056,169.4,1.3056,169.4,piecewise_gated_peak_signed_angular_accel_closest_to_191.7ms_among_25pct_peaks,1.3639,111.1000000000002,1.3639,111.1000000000002,piecewise_gated_peak_signed_angular_accel,1.4417,33.30000000000011,1.4417,33.30000000000011,piecewise_gated_peak_signed_angular_accel,,,,,not_detected,1.2750000000000001,1.3369329279700655,-199.99999999999994,-138.06707202993462,lead_elbow_back_shoulder_cross,not_detected,3,2,1.3056,1.3639,169.4,58.2999999999998,few_initiation_segments_detected
47_3,1.3694,177.79999999999995,1.3694,177.79999999999995,piecewise_gated_peak_signed_angular_accel_closest_to_191.7ms_among_25pct_peaks,1.4194,127.79999999999991,1.4194,127.79999999999991,piecewise_gated_peak_signed_angular_accel,1.5139,33.29999999999988,1.5139,33.29999999999988,piecewise_gated_peak_signed_angular_accel,,,,,not_detected,1.3472,1.391934273318872,-199.99999999999994,-155.26572668112792,lead_elbow_back_shoulder_cross,not_detected,3,2,1.3694,1.4194,177.79999999999995,50.00000000000004,few_initiation_segments_detected
47_4,1.5806,166.60000000000008,1.5806,166.60000000000008,piecewise_gated_peak_signed_angular_accel_closest_to_191.7ms_among_25pct_peaks,1.6056,141.60000000000016,1.6056,141.60000000000016,piecewise_gated_peak_signed_angular_accel,1.7139,33.30000000000011,1.7139,33.30000000000011,piecewise_gated_peak_signed_angular_accel,,,,,not_detected,1.5472000000000001,1.5969184060721062,-199.99999999999994,-150.28159392789385,lead_elbow_back_shoulder_cross,not_detected,3,2,1.5806,1.6056,166.60000000000008,24.99999999999991,few_initiation_segments_detected
47_5,1.4778,177.79999999999995,1.4778,177.79999999999995,piecewise_gated_peak_signed_angular_accel_closest_to_191.7ms_among_25pct_peaks,1.5333,122.29999999999986,1.5333,122.29999999999986,piecewise_gated_peak_signed_angular_accel,1.6139,41.700000000000074,1.6139,41.700000000000074,piecewise_gated_peak_signed_angular_accel,1.4556,199.99999999999994,1.4556,199.99999999999994,lead_hand_hybrid_drift_forward_linear_accel_jump_15pct_window_200ms_to_lead_elbow_back_shoulder_cross,1.4556,1.50275807486631,-199.99999999999994,-152.84192513368987,lead_elbow_back_shoulder_cross,drift_forward_accel_jump,4,3,1.4556,1.5333,199.99999999999994,77.7000000000001,ok
474_1,2.1222,216.70000000000033,2.1222,216.70000000000033,piecewise_gated_peak_signed_angular_accel_closest_to_191.7ms_among_25pct_peaks,2.1833,155.6000000000002,2.1833,155.6000000000002,piecewise_gated_peak_signed_angular_accel,2.3139,25.000000000000355,2.3139,25.000000000000355,piecewise_gated_peak_signed_angular_accel,2.1528,186.10000000000016,2.1528,186.10000000000016,lead_hand_hybrid_drift_forward_linear_accel_jump_15pct_window_200ms_to_lead_elbow_back_shoulder_cross,2.1389,2.1890598984771574,-200.00000000000017,-149.84010152284276,lead_elbow_back_shoulder_cross,drift_forward_accel_jump,4,3,2.1222,2.1833,216.70000000000033,61.10000000000015,ok
474_2,1.4861,225.00000000000009,1.4861,225.00000000000009,piecewise_gated_peak_signed_angular_accel_closest_to_191.7ms_among_25pct_peaks,1.6056,105.50000000000014,1.6056,105.50000000000014,piecewise_gated_peak_signed_angular_accel,1.6778,33.30000000000011,1.6778,33.30000000000011,piecewise_gated_peak_signed_angular_accel,,,,,not_detected,1.5111,1.555045614035088,-199.99999999999994,-156.05438596491217,lead_elbow_back_shoulder_cross,not_detected,3,2,1.4861,1.6056,225.00000000000009,119.49999999999994,few_initiation_segments_detected
474_3,2.2444,208.3999999999997,2.2444,208.3999999999997,piecewise_gated_peak_signed_angular_accel_closest_to_191.7ms_among_25pct_peaks,2.3056,147.19999999999976,2.3056,147.19999999999976,piecewise_gated_peak_signed_angular_accel,2.4278,24.99999999999991,2.4278,24.99999999999991,piecewise_gated_peak_signed_angular_accel,2.2861,166.70000000000007,2.2861,166.70000000000007,lead_hand_hybrid_drift_forward_linear_accel_jump_15pct_window_200ms_to_lead_elbow_back_shoulder_cross,2.2527999999999997,2.2967696498054475,-200.00000000000017,-156.03035019455237,lead_elbow_back_shoulder_cross,drift_forward_accel_jump,4,3,2.2444,2.3056,208.3999999999997,61.19999999999992,ok
474_4,2.7306,233.3000000000003,2.7306,233.3000000000003,piecewise_gated_peak_signed_angular_accel_closest_to_191.7ms_among_25pct_peaks,2.7944,169.5000000000002,2.7944,169.5000000000002,piecewise_gated_peak_signed_angular_accel,2.9333,30.600000000000183,2.9333,30.600000000000183,piecewise_gated_peak_signed_angular_accel,,,,,not_detected,2.7639,2.8003958620689655,-200.00000000000017,-163.50413793103468,lead_elbow_back_shoulder_cross,not_detected,3,2,2.7306,2.7944,233.3000000000003,63.80000000000008,few_initiation_segments_detected
474_5,2.1889,213.9000000000002,2.1889,213.9000000000002,piecewise_gated_peak_signed_angular_accel_closest_to_191.7ms_among_25pct_peaks,2.2611,141.70000000000016,2.2611,141.70000000000016,piecewise_gated_peak_signed_angular_accel,2.3778,24.99999999999991,2.3778,24.99999999999991,piecewise_gated_peak_signed_angular_accel,2.2028,200.00000000000017,2.2028,200.00000000000017,lead_hand_hybrid_drift_forward_linear_accel_jump_15pct_window_200ms_to_lead_elbow_back_shoulder_cross,2.2028,2.2381894736842107,-200.00000000000017,-164.61052631578931,lead_elbow_back_shoulder_cross,drift_forward_accel_jump,4,3,2.1889,2.2611,213.9000000000002,72.20000000000005,ok
474_6,1.7667,219.40000000000003,1.7667,219.40000000000003,piecewise_gated_peak_signed_angular_accel_closest_to_191.7ms_among_25pct_peaks,1.8361,149.99999999999991,1.8361,149.99999999999991,piecewise_gated_peak_signed_angular_accel,1.9528,33.29999999999988,1.9528,33.29999999999988,piecewise_gated_peak_signed_angular_accel,1.7861,199.99999999999994,1.7861,199.99999999999994,lead_hand_hybrid_drift_forward_linear_accel_jump_15pct_window_200ms_to_lead_elbow_back_shoulder_cross,1.7861,1.8310452631578946,-199.99999999999994,-155.05473684210534,lead_elbow_back_shoulder_cross,drift_forward_accel_jump,4,3,1.7667,1.8361,219.40000000000003,69.40000000000013,ok
474_7,1.8361,216.6999999999999,1.8361,216.6999999999999,piecewise_gated_peak_signed_angular_accel_closest_to_191.7ms_among_25pct_peaks,1.9056,147.2,1.9056,147.2,piecewise_gated_peak_signed_angular_accel,1.8861,166.69999999999985,1.8861,166.69999999999985,piecewise_gated_peak_signed_angular_accel,1.8528,199.99999999999994,1.8528,199.99999999999994,lead_hand_hybrid_drift_forward_linear_accel_jump_15pct_window_200ms_to_lead_elbow_back_shoulder_cross,1.8528,1.8730909090909091,-199.99999999999994,-179.70909090909083,lead_elbow_back_shoulder_cross,drift_forward_accel_jump,4,3,1.8361,1.9056,216.6999999999999,69.4999999999999,ok
474_8,1.7944,227.80000000000024,1.7944,227.80000000000024,piecewise_gated_peak_signed_angular_accel_closest_to_191.7ms_among_25pct_peaks,1.9556,66.60000000000022,1.9556,66.60000000000022,piecewise_gated_peak_signed_angular_accel,1.9278,94.40000000000026,1.9278,94.40000000000026,piecewise_gated_peak_signed_angular_accel,1.8361,186.10000000000016,1.8361,186.10000000000016,lead_hand_hybrid_drift_forward_linear_accel_jump_15pct_window_200ms_to_lead_elbow_back_shoulder_cross,1.8222000000000003,1.851952789699571,-199.99999999999994,-170.24721030042934,lead_elbow_back_shoulder_cross,drift_forward_accel_jump,4,3,1.7944,1.9556,227.80000000000024,161.20000000000002,ok
478_1,0.9167,191.6000000000001,0.9167,191.6000000000001,piecewise_gated_peak_signed_angular_accel_closest_to_191.7ms_among_25pct_peaks,0.9861,122.20000000000009,0.9861,122.20000000000009,piecewise_gated_peak_signed_angular_accel,0.9944,113.90000000000012,0.9944,113.90000000000012,piecewise_gated_peak_signed_angular_accel,,,,,not_detected,0.9083000000000001,1.019896551724138,-199.99999999999994,-88.40344827586199,lead_wrist_back_shoulder_cross,not_detected,3,2,0.9167,0.9861,191.6000000000001,69.40000000000002,few_initiation_segments_detected
478_2,1.4278,194.40000000000012,1.4278,194.40000000000012,piecewise_gated_peak_signed_angular_accel_closest_to_191.7ms_among_25pct_peaks,1.4917,130.50000000000006,1.4917,130.50000000000006,piecewise_gated_peak_signed_angular_accel,1.4944,127.80000000000014,1.4944,127.80000000000014,piecewise_gated_peak_signed_angular_accel,1.4722,150.00000000000014,1.4722,150.00000000000014,lead_hand_hybrid_drift_forward_linear_accel_jump_15pct_window_200ms_to_lead_elbow_back_shoulder_cross,1.4222000000000001,1.4724269406392694,-199.99999999999994,-149.7730593607307,lead_elbow_back_shoulder_cross,drift_forward_accel_jump,4,3,1.4278,1.4917,194.40000000000012,63.90000000000007,ok
478_3,1.3444,194.4999999999999,1.3444,194.4999999999999,piecewise_gated_peak_signed_angular_accel_closest_to_191.7ms_among_25pct_peaks,1.4167,122.19999999999986,1.4167,122.19999999999986,piecewise_gated_peak_signed_angular_accel,1.4111,127.79999999999991,1.4111,127.79999999999991,piecewise_gated_peak_signed_angular_accel,,,,,not_detected,1.3389,1.3950021803766106,-199.99999999999994,-143.89781962338932,lead_elbow_back_shoulder_cross,not_detected,3,2,1.3444,1.4167,194.4999999999999,72.30000000000003,few_initiation_segments_detected
478_4,1.1222,199.99999999999994,1.1222,199.99999999999994,piecewise_gated_peak_signed_angular_accel_closest_to_191.7ms_among_25pct_peaks,1.1944,127.80000000000014,1.1944,127.80000000000014,piecewise_gated_peak_signed_angular_accel,1.2111,111.09999999999998,1.2111,111.09999999999998,piecewise_gated_peak_signed_angular_accel,,,,,not_detected,1.1222,1.1696505836575875,-199.99999999999994,-152.5494163424126,lead_elbow_back_shoulder_cross,not_detected,3,2,1.1222,1.1944,199.99999999999994,72.19999999999982,few_initiation_segments_detected
478_5,1.3972,199.99999999999994,1.3972,199.99999999999994,piecewise_gated_peak_signed_angular_accel_closest_to_191.7ms_among_25pct_peaks,1.4694,127.79999999999991,1.4694,127.79999999999991,piecewise_gated_peak_signed_angular_accel,1.5722,24.99999999999991,1.5722,24.99999999999991,piecewise_gated_peak_signed_angular_accel,1.4028,194.39999999999992,1.4028,194.39999999999992,lead_hand_hybrid_drift_forward_linear_accel_jump_15pct_window_200ms_to_lead_elbow_back_shoulder_cross,1.3972,1.449054255319149,-199.99999999999994,-148.14574468085095,lead_elbow_back_shoulder_cross,drift_forward_accel_jump,4,3,1.3972,1.4694,199.99999999999994,72.20000000000005,ok
478_6,1.7306,205.50000000000003,1.7306,205.50000000000003,piecewise_gated_peak_signed_angular_accel_closest_to_191.7ms_among_25pct_peaks,1.8139,122.19999999999986,1.8139,122.19999999999986,piecewise_gated_peak_signed_angular_accel,1.8472,88.89999999999998,1.8472,88.89999999999998,piecewise_gated_peak_signed_angular_accel,1.7861,149.99999999999991,1.7861,149.99999999999991,lead_hand_hybrid_drift_forward_linear_accel_jump_15pct_window_200ms_to_lead_elbow_back_shoulder_cross,1.7361,1.7886866666666665,-199.99999999999994,-147.41333333333338,lead_elbow_back_shoulder_cross,drift_forward_accel_jump,4,3,1.7306,1.8139,205.50000000000003,83.30000000000015,ok
478_7,1.6056,194.40000000000012,1.6056,194.40000000000012,piecewise_gated_peak_signed_angular_accel_closest_to_191.7ms_among_25pct_peaks,1.6667,133.29999999999998,1.6667,133.29999999999998,piecewise_gated_peak_signed_angular_accel,1.775,25.000000000000135,1.775,25.000000000000135,piecewise_gated_peak_signed_angular_accel,,,,,not_detected,1.6,1.6470166939443536,-199.99999999999994,-152.98330605564647,lead_elbow_back_shoulder_cross,not_detected,3,2,1.6056,1.6667,194.40000000000012,61.10000000000015,few_initiation_segments_detected
48_1,2.7361,183.3,2.7361,183.3,piecewise_gated_peak_signed_angular_accel_closest_to_191.7ms_among_25pct_peaks,2.8222,97.19999999999996,2.8222,97.19999999999996,piecewise_gated_peak_signed_angular_accel,2.8444,75.00000000000017,2.8444,75.00000000000017,piecewise_gated_peak_signed_angular_accel,,,,,not_detected,2.7194,2.797820618556701,-200.00000000000017,-121.57938144329883,lead_elbow_back_shoulder_cross,not_detected,3,2,2.7361,2.8222,183.3,86.10000000000007,few_initiation_segments_detected
48_2,2.8944,158.39999999999986,2.8944,158.39999999999986,piecewise_gated_peak_signed_angular_accel_closest_to_191.7ms_among_25pct_peaks,2.9278,125.0,2.9278,125.0,piecewise_gated_peak_signed_angular_accel,3.0028,49.99999999999982,3.0028,49.99999999999982,piecewise_gated_peak_signed_angular_accel,,,,,not_detected,2.8528,2.912928331936295,-200.00000000000017,-139.8716680637051,lead_elbow_back_shoulder_cross,not_detected,3,2,2.8944,2.9278,158.39999999999986,33.39999999999988,few_initiation_segments_detected
48_3,2.0694,152.80000000000004,2.0694,152.80000000000004,piecewise_gated_peak_signed_angular_accel_closest_to_191.7ms_among_25pct_peaks,2.1056,116.60000000000004,2.1056,116.60000000000004,piecewise_gated_peak_signed_angular_accel,2.1778,44.39999999999999,2.1778,44.39999999999999,piecewise_gated_peak_signed_angular_accel,,,,,not_detected,2.0221999999999998,2.0891037089871616,-200.00000000000017,-133.09629101283838,lead_elbow_back_shoulder_cross,not_detected,3,2,2.0694,2.1056,152.80000000000004,36.20000000000001,few_initiation_segments_detected
48_4,2.1722,158.39999999999986,2.1722,158.39999999999986,piecewise_gated_peak_signed_angular_accel_closest_to_191.7ms_among_25pct_peaks,2.1972,133.39999999999998,2.1972,133.39999999999998,piecewise_gated_peak_signed_angular_accel,2.2806,49.99999999999982,2.2806,49.99999999999982,piecewise_gated_peak_signed_angular_accel,2.1306,200.00000000000017,2.1306,200.00000000000017,lead_hand_hybrid_drift_forward_linear_accel_jump_15pct_window_200ms_to_lead_elbow_back_shoulder_cross,2.1306,2.1763038383838382,-200.00000000000017,-154.29616161616178,lead_elbow_back_shoulder_cross,drift_forward_accel_jump,4,3,2.1306,2.1972,200.00000000000017,66.60000000000022,ok
48_5,2.8639,149.99999999999991,2.8639,149.99999999999991,piecewise_gated_peak_signed_angular_accel_closest_to_191.7ms_among_25pct_peaks,2.8944,119.49999999999994,2.8944,119.49999999999994,piecewise_gated_peak_signed_angular_accel,2.9667,47.20000000000013,2.9667,47.20000000000013,piecewise_gated_peak_signed_angular_accel,,,,,not_detected,2.8139,2.8794837209302324,-200.00000000000017,-134.4162790697676,lead_elbow_back_shoulder_cross,not_detected,3,2,2.8639,2.8944,149.99999999999991,30.49999999999997,few_initiation_segments_detected
490_1,1.5194,183.4,1.5194,183.4,piecewise_gated_peak_signed_angular_accel_closest_to_191.7ms_among_25pct_peaks,1.5806,122.20000000000009,1.5806,122.20000000000009,piecewise_gated_peak_signed_angular_accel,1.6083,94.50000000000003,1.6083,94.50000000000003,piecewise_gated_peak_signed_angular_accel,1.5056,197.20000000000005,1.5056,197.20000000000005,lead_hand_hybrid_drift_forward_linear_accel_jump_15pct_window_200ms_to_lead_elbow_back_shoulder_cross,1.5028000000000001,1.55006243567753,-199.99999999999994,-152.73756432246998,lead_elbow_back_shoulder_cross,drift_forward_accel_jump,4,3,1.5056,1.5806,197.20000000000005,74.99999999999996,ok
490_2,1.3944,194.4999999999999,1.3944,194.4999999999999,piecewise_gated_peak_signed_angular_accel_closest_to_191.7ms_among_25pct_peaks,1.4556,133.29999999999998,1.4556,133.29999999999998,piecewise_gated_peak_signed_angular_accel,1.5083,80.60000000000001,1.5083,80.60000000000001,piecewise_gated_peak_signed_angular_accel,1.4083,180.59999999999988,1.4083,180.59999999999988,lead_hand_hybrid_drift_forward_linear_accel_jump_15pct_window_200ms_to_lead_elbow_back_shoulder_cross,1.3889,1.4111252252252253,-199.99999999999994,-177.77477477477467,lead_elbow_back_shoulder_cross,drift_forward_accel_jump,4,3,1.3944,1.4556,194.4999999999999,61.19999999999992,ok
490_3,1.3333,191.7,1.3333,191.7,piecewise_gated_peak_signed_angular_accel_closest_to_191.7ms_among_25pct_peaks,1.3972,127.79999999999991,1.3972,127.79999999999991,piecewise_gated_peak_signed_angular_accel,1.5,24.99999999999991,1.5,24.99999999999991,piecewise_gated_peak_signed_angular_accel,1.3639,161.10000000000002,1.3639,161.10000000000002,lead_hand_hybrid_drift_forward_linear_accel_jump_15pct_window_200ms_to_lead_elbow_back_shoulder_cross,1.325,1.3654413461538462,-199.99999999999994,-159.55865384615376,lead_elbow_back_shoulder_cross,drift_forward_accel_jump,4,3,1.3333,1.3972,191.7,63.90000000000007,ok
490_4,1.8306,194.39999999999992,1.8306,194.39999999999992,piecewise_gated_peak_signed_angular_accel_closest_to_191.7ms_among_25pct_peaks,1.8944,130.59999999999982,1.8944,130.59999999999982,piecewise_gated_peak_signed_angular_accel,2.0,24.99999999999991,2.0,24.99999999999991,piecewise_gated_peak_signed_angular_accel,,,,,not_detected,1.825,1.8540140921409214,-199.99999999999994,-170.9859078590785,lead_elbow_back_shoulder_cross,not_detected,3,2,1.8306,1.8944,194.39999999999992,63.80000000000008,few_initiation_segments_detected
490_5,1.3028,194.40000000000012,1.3028,194.40000000000012,piecewise_gated_peak_signed_angular_accel_closest_to_191.7ms_among_25pct_peaks,1.3639,133.30000000000018,1.3639,133.30000000000018,piecewise_gated_peak_signed_angular_accel,1.4722,25.000000000000135,1.4722,25.000000000000135,piecewise_gated_peak_signed_angular_accel,,,,,not_detected,1.2972000000000001,1.3276000000000001,-199.99999999999994,-169.59999999999997,lead_elbow_back_shoulder_cross,not_detected,3,2,1.3028,1.3639,194.40000000000012,61.09999999999993,few_initiation_segments_detected
490_6,1.4611,191.7,1.4611,191.7,piecewise_gated_peak_signed_angular_accel_closest_to_191.7ms_among_25pct_peaks,1.5278,125.0,1.5278,125.0,piecewise_gated_peak_signed_angular_accel,1.6278,25.000000000000135,1.6278,25.000000000000135,piecewise_gated_peak_signed_angular_accel,1.4972,155.59999999999997,1.4972,155.59999999999997,lead_hand_hybrid_drift_forward_linear_accel_jump_15pct_window_200ms_to_lead_elbow_back_shoulder_cross,1.4528,1.4997187214611873,-199.99999999999994,-153.0812785388127,lead_elbow_back_shoulder_cross,drift_forward_accel_jump,4,3,1.4611,1.5278,191.7,66.69999999999999,ok
490_7,1.3056,191.6,1.3056,191.6,piecewise_gated_peak_signed_angular_accel_closest_to_191.7ms_among_25pct_peaks,1.3694,127.80000000000014,1.3694,127.80000000000014,piecewise_gated_peak_signed_angular_accel,1.4722,25.000000000000135,1.4722,25.000000000000135,piecewise_gated_peak_signed_angular_accel,,,,,not_detected,1.2972000000000001,1.3264974683544304,-199.99999999999994,-170.7025316455697,lead_elbow_back_shoulder_cross,not_detected,3,2,1.3056,1.3694,191.6,63.799999999999855,few_initiation_segments_detected
490_8,2.5167,183.3,2.5167,183.3,piecewise_gated_peak_signed_angular_accel_closest_to_191.7ms_among_25pct_peaks,2.5722,127.80000000000014,2.5722,127.80000000000014,piecewise_gated_peak_signed_angular_accel,2.675,25.000000000000355,2.675,25.000000000000355,piecewise_gated_peak_signed_angular_accel,2.5361,163.90000000000038,2.5361,163.90000000000038,lead_hand_hybrid_drift_forward_linear_accel_jump_15pct_window_200ms_to_lead_elbow_back_shoulder_cross,2.5,2.5379686440677967,-200.00000000000017,-162.03135593220352,lead_elbow_back_shoulder_cross,drift_forward_accel_jump,4,3,2.5167,2.5722,183.3,55.499999999999886,ok
492_1,1.1722,188.90000000000006,1.1722,188.90000000000006,piecewise_gated_peak_signed_angular_accel_closest_to_191.7ms_among_25pct_peaks,1.2472,113.89999999999989,1.2472,113.89999999999989,piecewise_gated_peak_signed_angular_accel,1.2778,83.29999999999993,1.2778,83.29999999999993,piecewise_gated_peak_signed_angular_accel,1.1611,199.99999999999994,1.1611,199.99999999999994,lead_hand_hybrid_drift_forward_linear_accel_jump_15pct_window_200ms_to_lead_wrist_back_shoulder_cross,1.1611,1.2757821190417387,-199.99999999999994,-85.31788095826131,lead_wrist_back_shoulder_cross,drift_forward_accel_jump,4,3,1.1611,1.2472,199.99999999999994,86.10000000000007,ok
492_2,1.2583,188.90000000000006,1.2583,188.90000000000006,piecewise_gated_peak_signed_angular_accel_closest_to_191.7ms_among_25pct_peaks,1.3306,116.60000000000004,1.3306,116.60000000000004,piecewise_gated_peak_signed_angular_accel,1.3694,77.8000000000001,1.3694,77.8000000000001,piecewise_gated_peak_signed_angular_accel,1.2472,199.99999999999994,1.2472,199.99999999999994,lead_hand_hybrid_drift_forward_linear_accel_jump_15pct_window_200ms_to_lead_wrist_back_shoulder_cross,1.2472,1.3622811961604726,-199.99999999999994,-84.91880383952744,lead_wrist_back_shoulder_cross,drift_forward_accel_jump,4,3,1.2472,1.3306,199.99999999999994,83.39999999999992,ok
492_3,1.5111,186.09999999999994,1.5111,186.09999999999994,piecewise_gated_peak_signed_angular_accel_closest_to_191.7ms_among_25pct_peaks,1.5833,113.90000000000012,1.5833,113.90000000000012,piecewise_gated_peak_signed_angular_accel,1.6194,77.8000000000001,1.6194,77.8000000000001,piecewise_gated_peak_signed_angular_accel,1.4972,199.99999999999994,1.4972,199.99999999999994,lead_hand_hybrid_drift_forward_linear_accel_jump_15pct_window_200ms_to_lead_wrist_back_shoulder_cross,1.4972,1.6174925785866225,-199.99999999999994,-79.7074214133775,lead_wrist_back_shoulder_cross,drift_forward_accel_jump,4,3,1.4972,1.5833,199.99999999999994,86.09999999999984,ok
492_4,1.4,188.90000000000006,1.4,188.90000000000006,piecewise_gated_peak_signed_angular_accel_closest_to_191.7ms_among_25pct_peaks,1.4667,122.20000000000009,1.4667,122.20000000000009,piecewise_gated_peak_signed_angular_accel,1.5083,80.60000000000001,1.5083,80.60000000000001,piecewise_gated_peak_signed_angular_accel,1.3917,197.20000000000005,1.3917,197.20000000000005,lead_hand_hybrid_drift_forward_linear_accel_jump_15pct_window_200ms_to_lead_wrist_back_shoulder_cross,1.3889,1.5005903133903133,-199.99999999999994,-88.30968660968664,lead_wrist_back_shoulder_cross,drift_forward_accel_jump,4,3,1.3917,1.4667,197.20000000000005,74.99999999999996,ok
492_5,1.5556,180.4999999999999,1.5556,180.4999999999999,piecewise_gated_peak_signed_angular_accel_closest_to_191.7ms_among_25pct_peaks,1.6278,108.30000000000007,1.6278,108.30000000000007,piecewise_gated_peak_signed_angular_accel,1.6028,133.29999999999998,1.6028,133.29999999999998,piecewise_gated_peak_signed_angular_accel,1.6028,133.29999999999998,1.6028,133.29999999999998,lead_hand_hybrid_drift_forward_linear_accel_jump_15pct_window_200ms_to_lead_wrist_back_shoulder_cross,1.5361,1.6598110251450677,-199.99999999999994,-76.28897485493225,lead_wrist_back_shoulder_cross,drift_forward_accel_jump,4,3,1.5556,1.6278,180.4999999999999,72.19999999999982,ok
492_6,1.5833,188.90000000000006,1.5833,188.90000000000006,piecewise_gated_peak_signed_angular_accel_closest_to_191.7ms_among_25pct_peaks,1.6528,119.39999999999995,1.6528,119.39999999999995,piecewise_gated_peak_signed_angular_accel,1.6972,74.99999999999996,1.6972,74.99999999999996,piecewise_gated_peak_signed_angular_accel,1.5722,199.99999999999994,1.5722,199.99999999999994,lead_hand_hybrid_drift_forward_linear_accel_jump_15pct_window_200ms_to_lead_elbow_back_shoulder_cross,1.5722,1.614017365269461,-199.99999999999994,-158.18263473053906,lead_elbow_back_shoulder_cross,drift_forward_accel_jump,4,3,1.5722,1.6528,199.99999999999994,80.60000000000001,ok
492_7,1.4444,183.4,1.4444,183.4,piecewise_gated_peak_signed_angular_accel_closest_to_191.7ms_among_25pct_peaks,1.5056,122.19999999999986,1.5056,122.19999999999986,piecewise_gated_peak_signed_angular_accel,1.5389,88.89999999999998,1.5389,88.89999999999998,piecewise_gated_peak_signed_angular_accel,1.4278,199.99999999999994,1.4278,199.99999999999994,lead_hand_hybrid_drift_forward_linear_accel_jump_15pct_window_200ms_to_lead_elbow_back_shoulder_cross,1.4278,1.467372,-199.99999999999994,-160.42800000000003,lead_elbow_back_shoulder_cross,drift_forward_accel_jump,4,3,1.4278,1.5056,199.99999999999994,77.8000000000001,ok
492_8,0.9056,194.40000000000012,0.9056,194.40000000000012,piecewise_gated_peak_signed_angular_accel_closest_to_191.7ms_among_25pct_peaks,0.9722,127.80000000000014,0.9722,127.80000000000014,piecewise_gated_peak_signed_angular_accel,1.0194,80.60000000000001,1.0194,80.60000000000001,piecewise_gated_peak_signed_angular_accel,0.9139,186.10000000000005,0.9139,186.10000000000005,lead_hand_hybrid_drift_forward_linear_accel_jump_15pct_window_200ms_to_lead_wrist_back_shoulder_cross,0.9000000000000001,1.0081666240081903,-199.99999999999994,-91.83337599180975,lead_wrist_back_shoulder_cross,drift_forward_accel_jump,4,3,0.9056,0.9722,194.40000000000012,66.6,ok
500_1,1.3333,191.7,1.3333,191.7,piecewise_gated_peak_signed_angular_accel_closest_to_191.7ms_among_25pct_peaks,1.3889,136.09999999999988,1.3889,136.09999999999988,piecewise_gated_peak_signed_angular_accel,1.5,24.99999999999991,1.5,24.99999999999991,piecewise_gated_peak_signed_angular_accel,1.3472,177.79999999999995,1.3472,177.79999999999995,lead_hand_hybrid_drift_forward_linear_accel_jump_15pct_window_200ms_to_lead_elbow_back_shoulder_cross,1.325,1.3870616877637132,-199.99999999999994,-137.93831223628672,lead_elbow_back_shoulder_cross,drift_forward_accel_jump,4,3,1.3333,1.3889,191.7,55.600000000000094,ok
500_2,1.1583,194.4999999999999,1.1583,194.4999999999999,piecewise_gated_peak_signed_angular_accel_closest_to_191.7ms_among_25pct_peaks,1.2333,119.49999999999994,1.2333,119.49999999999994,piecewise_gated_peak_signed_angular_accel,1.2194,133.39999999999998,1.2194,133.39999999999998,piecewise_gated_peak_signed_angular_accel,,,,,not_detected,1.1528,1.2086446658851113,-199.99999999999994,-144.1553341148887,lead_elbow_back_shoulder_cross,not_detected,3,2,1.1583,1.2333,194.4999999999999,74.99999999999996,few_initiation_segments_detected
500_3,1.1444,158.39999999999986,1.1444,158.39999999999986,piecewise_gated_peak_signed_angular_accel_closest_to_191.7ms_among_25pct_peaks,1.1889,113.89999999999989,1.1889,113.89999999999989,piecewise_gated_peak_signed_angular_accel,1.1833,119.49999999999994,1.1833,119.49999999999994,piecewise_gated_peak_signed_angular_accel,1.1139,188.90000000000006,1.1139,188.90000000000006,lead_hand_hybrid_drift_forward_linear_accel_jump_15pct_window_200ms_to_lead_elbow_back_shoulder_cross,1.1028,1.1788188628762541,-199.99999999999994,-123.98113712374581,lead_elbow_back_shoulder_cross,drift_forward_accel_jump,4,3,1.1139,1.1889,188.90000000000006,75.00000000000017,ok
500_4,1.1028,172.1999999999999,1.1028,172.1999999999999,piecewise_gated_peak_signed_angular_accel_closest_to_191.7ms_among_25pct_peaks,1.1528,122.19999999999986,1.1528,122.19999999999986,piecewise_gated_peak_signed_angular_accel,1.1472,127.79999999999991,1.1472,127.79999999999991,piecewise_gated_peak_signed_angular_accel,,,,,not_detected,1.075,1.1410787685774946,-199.99999999999994,-133.92123142250534,lead_elbow_back_shoulder_cross,not_detected,3,2,1.1028,1.1528,172.1999999999999,50.00000000000004,few_initiation_segments_detected
500_5,0.9833,227.80000000000013,0.9833,227.80000000000013,piecewise_gated_peak_signed_angular_accel_closest_to_191.7ms_among_25pct_peaks,1.0806,130.50000000000006,1.0806,130.50000000000006,piecewise_gated_peak_signed_angular_accel,1.075,136.1000000000001,1.075,136.1000000000001,piecewise_gated_peak_signed_angular_accel,,,,,not_detected,1.0111,1.0540828193832599,-199.99999999999994,-157.0171806167402,lead_elbow_back_shoulder_cross,not_detected,3,2,0.9833,1.0806,227.80000000000013,97.30000000000005,few_initiation_segments_detected
500_6,1.7083,172.30000000000013,1.7083,172.30000000000013,piecewise_gated_peak_signed_angular_accel_closest_to_191.7ms_among_25pct_peaks,1.7583,122.30000000000007,1.7583,122.30000000000007,piecewise_gated_peak_signed_angular_accel,1.7472,133.39999999999998,1.7472,133.39999999999998,piecewise_gated_peak_signed_angular_accel,1.6806,199.99999999999994,1.6806,199.99999999999994,lead_hand_hybrid_drift_forward_linear_accel_jump_15pct_window_200ms_to_lead_elbow_back_shoulder_cross,1.6806,1.7510110488390713,-199.99999999999994,-129.58895116092873,lead_elbow_back_shoulder_cross,drift_forward_accel_jump,4,3,1.6806,1.7583,199.99999999999994,77.69999999999987,ok
500_7,1.2806,158.3000000000001,1.2806,158.3000000000001,piecewise_gated_peak_signed_angular_accel_closest_to_191.7ms_among_25pct_peaks,1.3083,130.60000000000005,1.3083,130.60000000000005,piecewise_gated_peak_signed_angular_accel,1.3056,133.29999999999998,1.3056,133.29999999999998,piecewise_gated_peak_signed_angular_accel,1.2417,197.20000000000005,1.2417,197.20000000000005,lead_hand_hybrid_drift_forward_linear_accel_jump_15pct_window_200ms_to_lead_elbow_back_shoulder_cross,1.2389000000000001,1.2918606829268293,-199.99999999999994,-147.03931707317076,lead_elbow_back_shoulder_cross,drift_forward_accel_jump,4,3,1.2417,1.3083,197.20000000000005,66.6,ok
500_8,1.4194,216.7000000000001,1.4194,216.7000000000001,piecewise_gated_peak_signed_angular_accel_closest_to_191.7ms_among_25pct_peaks,1.5111,125.0,1.5111,125.0,piecewise_gated_peak_signed_angular_accel,1.4917,144.4000000000001,1.4917,144.4000000000001,piecewise_gated_peak_signed_angular_accel,,,,,not_detected,1.4361000000000002,1.4802737864077669,-199.99999999999994,-155.82621359223324,lead_elbow_back_shoulder_cross,not_detected,3,2,1.4194,1.5111,216.7000000000001,91.70000000000012,few_initiation_segments_detected
504_1,0.9583,191.69999999999987,0.9583,191.69999999999987,piecewise_gated_peak_signed_angular_accel_closest_to_191.7ms_among_25pct_peaks,1.0333,116.6999999999998,1.0333,116.6999999999998,piecewise_gated_peak_signed_angular_accel,1.1167,33.29999999999988,1.1167,33.29999999999988,piecewise_gated_peak_signed_angular_accel,,,,,not_detected,0.95,1.064177457846952,-199.99999999999994,-85.82254215304785,lead_wrist_back_shoulder_cross,not_detected,3,2,0.9583,1.0333,191.69999999999987,75.00000000000007,few_initiation_segments_detected
504_2,1.1833,191.7,1.1833,191.7,piecewise_gated_peak_signed_angular_accel_closest_to_191.7ms_among_25pct_peaks,1.2444,130.60000000000005,1.2444,130.60000000000005,piecewise_gated_peak_signed_angular_accel,1.3444,30.59999999999996,1.3444,30.59999999999996,piecewise_gated_peak_signed_angular_accel,,,,,not_detected,1.175,1.2261285714285715,-199.99999999999994,-148.87142857142854,lead_elbow_back_shoulder_cross,not_detected,3,2,1.1833,1.2444,191.7,61.09999999999993,few_initiation_segments_detected
504_3,1.1139,186.10000000000016,1.1139,186.10000000000016,piecewise_gated_peak_signed_angular_accel_closest_to_191.7ms_among_25pct_peaks,1.1861,113.90000000000012,1.1861,113.90000000000012,piecewise_gated_peak_signed_angular_accel,1.2667,33.30000000000011,1.2667,33.30000000000011,piecewise_gated_peak_signed_angular_accel,,,,,not_detected,1.1,1.154311111111111,-199.99999999999994,-145.68888888888898,lead_elbow_back_shoulder_cross,not_detected,3,2,1.1139,1.1861,186.10000000000016,72.20000000000005,few_initiation_segments_detected
504_4,1.2083,194.5000000000001,1.2083,194.5000000000001,piecewise_gated_peak_signed_angular_accel_closest_to_191.7ms_among_25pct_peaks,1.2722,130.60000000000005,1.2722,130.60000000000005,piecewise_gated_peak_signed_angular_accel,1.3639,38.900000000000155,1.3639,38.900000000000155,piecewise_gated_peak_signed_angular_accel,,,,,not_detected,1.2028,1.2454395209580837,-199.99999999999994,-157.3604790419163,lead_elbow_back_shoulder_cross,not_detected,3,2,1.2083,1.2722,194.5000000000001,63.90000000000007,few_initiation_segments_detected
504_5,0.9889,188.89999999999995,0.9889,188.89999999999995,piecewise_gated_peak_signed_angular_accel_closest_to_191.7ms_among_25pct_peaks,1.0528,125.0,1.0528,125.0,piecewise_gated_peak_signed_angular_accel,1.15,27.800000000000047,1.15,27.800000000000047,piecewise_gated_peak_signed_angular_accel,,,,,not_detected,0.9778,1.0883064483371414,-199.99999999999994,-89.49355166285855,lead_wrist_back_shoulder_cross,not_detected,3,2,0.9889,1.0528,188.89999999999995,63.899999999999956,few_initiation_segments_detected
504_6,0.9861,186.09999999999994,0.9861,186.09999999999994,piecewise_gated_peak_signed_angular_accel_closest_to_191.7ms_among_25pct_peaks,1.0444,127.79999999999991,1.0444,127.79999999999991,piecewise_gated_peak_signed_angular_accel,1.1361,36.099999999999795,1.1361,36.099999999999795,piecewise_gated_peak_signed_angular_accel,1.0083,163.89999999999992,1.0083,163.89999999999992,lead_hand_hybrid_drift_forward_linear_accel_jump_15pct_window_200ms_to_lead_wrist_back_shoulder_cross,0.9722,1.0832859667359667,-199.99999999999994,-88.91403326403324,lead_wrist_back_shoulder_cross,drift_forward_accel_jump,4,3,0.9861,1.0444,186.09999999999994,58.30000000000002,ok
504_7,1.5806,197.20000000000005,1.5806,197.20000000000005,piecewise_gated_peak_signed_angular_accel_closest_to_191.7ms_among_25pct_peaks,1.6417,136.1000000000001,1.6417,136.1000000000001,piecewise_gated_peak_signed_angular_accel,1.6806,97.19999999999996,1.6806,97.19999999999996,piecewise_gated_peak_signed_angular_accel,,,,,not_detected,1.5778,1.6077505813953488,-199.99999999999994,-170.0494186046513,lead_elbow_back_shoulder_cross,not_detected,3,2,1.5806,1.6417,197.20000000000005,61.09999999999993,few_initiation_segments_detected
504_8,1.4944,191.7,1.4944,191.7,piecewise_gated_peak_signed_angular_accel_closest_to_191.7ms_among_25pct_peaks,1.5556,130.49999999999983,1.5556,130.49999999999983,piecewise_gated_peak_signed_angular_accel,1.6556,30.49999999999997,1.6556,30.49999999999997,piecewise_gated_peak_signed_angular_accel,,,,,not_detected,1.4861,1.5969831088082902,-199.99999999999994,-89.11689119170974,lead_wrist_back_shoulder_cross,not_detected,3,2,1.4944,1.5556,191.7,61.200000000000145,few_initiation_segments_detected
509_1,1.2417,180.4999999999999,1.2417,180.4999999999999,piecewise_gated_peak_signed_angular_accel_closest_to_191.7ms_among_25pct_peaks,1.2861,136.09999999999988,1.2861,136.09999999999988,piecewise_gated_peak_signed_angular_accel,1.3806,41.59999999999986,1.3806,41.59999999999986,piecewise_gated_peak_signed_angular_accel,1.2472,174.99999999999983,1.2472,174.99999999999983,lead_hand_hybrid_drift_forward_linear_accel_jump_15pct_window_200ms_to_lead_elbow_back_shoulder_cross,1.2222,1.2602789473684213,-199.99999999999994,-161.92105263157862,lead_elbow_back_shoulder_cross,drift_forward_accel_jump,4,3,1.2417,1.2861,180.4999999999999,44.39999999999999,ok
509_2,1.3556,194.40000000000012,1.3556,194.40000000000012,piecewise_gated_peak_signed_angular_accel_closest_to_191.7ms_among_25pct_peaks,1.3972,152.80000000000004,1.3972,152.80000000000004,piecewise_gated_peak_signed_angular_accel,1.4972,52.799999999999955,1.4972,52.799999999999955,piecewise_gated_peak_signed_angular_accel,,,,,not_detected,1.35,1.4010161026837806,-199.99999999999994,-148.9838973162194,lead_elbow_back_shoulder_cross,not_detected,3,2,1.3556,1.3972,194.40000000000012,41.60000000000008,few_initiation_segments_detected
509_3,1.0694,188.90000000000006,1.0694,188.90000000000006,piecewise_gated_peak_signed_angular_accel_closest_to_191.7ms_among_25pct_peaks,1.1194,138.90000000000003,1.1194,138.90000000000003,piecewise_gated_peak_signed_angular_accel,1.2167,41.60000000000008,1.2167,41.60000000000008,piecewise_gated_peak_signed_angular_accel,1.0917,166.60000000000008,1.0917,166.60000000000008,lead_hand_hybrid_drift_forward_linear_accel_jump_15pct_window_200ms_to_lead_elbow_back_shoulder_cross,1.0583,1.1078116719242903,-199.99999999999994,-150.48832807570966,lead_elbow_back_shoulder_cross,drift_forward_accel_jump,4,3,1.0694,1.1194,188.90000000000006,50.00000000000004,ok
509_4,1.0611,200.00000000000017,1.0611,200.00000000000017,piecewise_gated_peak_signed_angular_accel_closest_to_191.7ms_among_25pct_peaks,1.1167,144.4000000000001,1.1167,144.4000000000001,piecewise_gated_peak_signed_angular_accel,1.2139,47.20000000000013,1.2139,47.20000000000013,piecewise_gated_peak_signed_angular_accel,1.0667,194.40000000000012,1.0667,194.40000000000012,lead_hand_hybrid_drift_forward_linear_accel_jump_15pct_window_200ms_to_lead_elbow_back_shoulder_cross,1.0611000000000002,1.10224,-199.99999999999994,-158.86,lead_elbow_back_shoulder_cross,drift_forward_accel_jump,4,3,1.0611,1.1167,200.00000000000017,55.600000000000094,ok
509_5,1.6361,152.7999999999998,1.6361,152.7999999999998,piecewise_gated_peak_signed_angular_accel_closest_to_191.7ms_among_25pct_peaks,1.6972,91.69999999999989,1.6972,91.69999999999989,piecewise_gated_peak_signed_angular_accel,1.7472,41.69999999999985,1.7472,41.69999999999985,piecewise_gated_peak_signed_angular_accel,1.5972,191.7,1.5972,191.7,lead_hand_hybrid_drift_forward_linear_accel_jump_15pct_window_200ms_to_lead_elbow_back_shoulder_cross,1.5889,1.6572552278820376,-199.99999999999994,-131.64477211796233,lead_elbow_back_shoulder_cross,drift_forward_accel_jump,4,3,1.5972,1.6972,191.7,100.00000000000009,ok
509_6,1.0444,188.90000000000006,1.0444,188.90000000000006,piecewise_gated_peak_signed_angular_accel_closest_to_191.7ms_among_25pct_peaks,1.1028,130.50000000000006,1.1028,130.50000000000006,piecewise_gated_peak_signed_angular_accel,1.1889,44.39999999999999,1.1889,44.39999999999999,piecewise_gated_peak_signed_angular_accel,1.0778,155.49999999999997,1.0778,155.49999999999997,lead_hand_hybrid_drift_forward_linear_accel_jump_15pct_window_200ms_to_lead_elbow_back_shoulder_cross,1.0333,1.1032051282051283,-199.99999999999994,-130.09487179487178,lead_elbow_back_shoulder_cross,drift_forward_accel_jump,4,3,1.0444,1.1028,188.90000000000006,58.400000000000006,ok
509_7,1.4556,219.40000000000003,1.4556,219.40000000000003,piecewise_gated_peak_signed_angular_accel_closest_to_191.7ms_among_25pct_peaks,1.5417,133.29999999999998,1.5417,133.29999999999998,piecewise_gated_peak_signed_angular_accel,1.6222,52.799999999999955,1.6222,52.799999999999955,piecewise_gated_peak_signed_angular_accel,,,,,not_detected,1.475,1.5454098360655737,-199.99999999999994,-129.59016393442636,lead_elbow_back_shoulder_cross,not_detected,3,2,1.4556,1.5417,219.40000000000003,86.10000000000007,few_initiation_segments_detected
509_8,1.6222,177.79999999999995,1.6222,177.79999999999995,piecewise_gated_peak_signed_angular_accel_closest_to_191.7ms_among_25pct_peaks,1.7083,91.70000000000012,1.7083,91.70000000000012,piecewise_gated_peak_signed_angular_accel,1.7583,41.700000000000074,1.7583,41.700000000000074,piecewise_gated_peak_signed_angular_accel,1.6028,197.20000000000005,1.6028,197.20000000000005,lead_hand_hybrid_drift_forward_linear_accel_jump_15pct_window_200ms_to_lead_elbow_back_shoulder_cross,1.6,1.6711974193548387,-199.99999999999994,-128.80258064516136,lead_elbow_back_shoulder_cross,drift_forward_accel_jump,4,3,1.6028,1.7083,197.20000000000005,105.49999999999993,ok
51_1,0.9056,199.99999999999994,0.9056,199.99999999999994,piecewise_gated_peak_signed_angular_accel_closest_to_191.7ms_among_25pct_peaks,0.9722,133.39999999999998,0.9722,133.39999999999998,piecewise_gated_peak_signed_angular_accel,1.0472,58.400000000000006,1.0472,58.400000000000006,piecewise_gated_peak_signed_angular_accel,,,,,not_detected,0.9056,1.0094294201861131,-199.99999999999994,-96.17057981388677,lead_wrist_back_shoulder_cross,not_detected,3,2,0.9056,0.9722,199.99999999999994,66.6,few_initiation_segments_detected
51_2,0.825,216.7000000000001,0.825,216.7000000000001,piecewise_gated_peak_signed_angular_accel_closest_to_191.7ms_among_25pct_peaks,0.9306,111.1000000000001,0.9306,111.1000000000001,piecewise_gated_peak_signed_angular_accel,0.9667,75.00000000000007,0.9667,75.00000000000007,piecewise_gated_peak_signed_angular_accel,,,,,not_detected,0.8417000000000001,0.93714234375,-199.99999999999994,-104.55765625000002,lead_wrist_back_shoulder_cross,not_detected,3,2,0.825,0.9306,216.7000000000001,105.60000000000002,few_initiation_segments_detected
51_3,0.8194,200.00000000000006,0.8194,200.00000000000006,piecewise_gated_peak_signed_angular_accel_closest_to_191.7ms_among_25pct_peaks,0.9028,116.60000000000004,0.9028,116.60000000000004,piecewise_gated_peak_signed_angular_accel,0.9667,52.70000000000008,0.9667,52.70000000000008,piecewise_gated_peak_signed_angular_accel,,,,,not_detected,0.8194000000000001,0.9175129144178874,-199.99999999999994,-101.88708558211268,lead_wrist_back_shoulder_cross,not_detected,3,2,0.8194,0.9028,200.00000000000006,83.40000000000003,few_initiation_segments_detected
51_4,0.7028,219.40000000000003,0.7028,219.40000000000003,piecewise_gated_peak_signed_angular_accel_closest_to_191.7ms_among_25pct_peaks,0.8056,116.60000000000004,0.8056,116.60000000000004,piecewise_gated_peak_signed_angular_accel,0.8556,66.6,0.8556,66.6,piecewise_gated_peak_signed_angular_accel,,,,,not_detected,0.7222,0.830840197693575,-200.00000000000006,-91.35980230642504,lead_wrist_back_shoulder_cross,not_detected,3,2,0.7028,0.8056,219.40000000000003,102.8,few_initiation_segments_detected
51_5,0.8444,199.99999999999994,0.8444,199.99999999999994,piecewise_gated_peak_signed_angular_accel_closest_to_191.7ms_among_25pct_peaks,0.8861,158.29999999999998,0.8861,158.29999999999998,piecewise_gated_peak_signed_angular_accel,0.9556,88.79999999999998,0.9556,88.79999999999998,piecewise_gated_peak_signed_angular_accel,,,,,not_detected,0.8444,0.9290981412639405,-199.99999999999994,-115.30185873605947,lead_wrist_back_shoulder_cross,not_detected,3,2,0.8444,0.8861,199.99999999999994,41.69999999999996,few_initiation_segments_detected
56_1,1.6111,216.7000000000001,1.6111,216.7000000000001,piecewise_gated_peak_signed_angular_accel_closest_to_191.7ms_among_25pct_peaks,1.7,127.80000000000014,1.7,127.80000000000014,piecewise_gated_peak_signed_angular_accel,1.7778,50.00000000000004,1.7778,50.00000000000004,piecewise_gated_peak_signed_angular_accel,1.6306,197.20000000000005,1.6306,197.20000000000005,lead_hand_hybrid_drift_forward_linear_accel_jump_15pct_window_200ms_to_lead_elbow_back_shoulder_cross,1.6278000000000001,1.6817537593984964,-199.99999999999994,-146.04624060150374,lead_elbow_back_shoulder_cross,drift_forward_accel_jump,4,3,1.6111,1.7,216.7000000000001,88.89999999999998,ok
56_2,1.4722,211.10000000000008,1.4722,211.10000000000008,piecewise_gated_peak_signed_angular_accel_closest_to_191.7ms_among_25pct_peaks,1.5833,100.00000000000009,1.5833,100.00000000000009,piecewise_gated_peak_signed_angular_accel,1.6278,55.50000000000011,1.6278,55.50000000000011,piecewise_gated_peak_signed_angular_accel,,,,,not_detected,1.4833,1.538470101010101,-199.99999999999994,-144.82989898989905,lead_elbow_back_shoulder_cross,not_detected,3,2,1.4722,1.5833,211.10000000000008,111.09999999999998,few_initiation_segments_detected
56_3,1.9056,222.2000000000002,1.9056,222.2000000000002,piecewise_gated_peak_signed_angular_accel_closest_to_191.7ms_among_25pct_peaks,1.9944,133.40000000000018,1.9944,133.40000000000018,piecewise_gated_peak_signed_angular_accel,2.0694,58.40000000000023,2.0694,58.40000000000023,piecewise_gated_peak_signed_angular_accel,1.9306,197.20000000000005,1.9306,197.20000000000005,lead_hand_hybrid_drift_forward_linear_accel_jump_15pct_window_200ms_to_lead_elbow_back_shoulder_cross,1.9278000000000002,1.9838009282700422,-199.99999999999994,-143.99907172995796,lead_elbow_back_shoulder_cross,drift_forward_accel_jump,4,3,1.9056,1.9944,222.2000000000002,88.79999999999998,ok
56_4,1.7472,219.4999999999998,1.7472,219.4999999999998,piecewise_gated_peak_signed_angular_accel_closest_to_191.7ms_among_25pct_peaks,1.8306,136.09999999999988,1.8306,136.09999999999988,piecewise_gated_peak_signed_angular_accel,1.9083,58.399999999999785,1.9083,58.399999999999785,piecewise_gated_peak_signed_angular_accel,1.7667,199.99999999999994,1.7667,199.99999999999994,lead_hand_hybrid_drift_forward_linear_accel_jump_15pct_window_200ms_to_lead_elbow_back_shoulder_cross,1.7667,1.8189258780036968,-199.99999999999994,-147.77412199630314,lead_elbow_back_shoulder_cross,drift_forward_accel_jump,4,3,1.7472,1.8306,219.4999999999998,83.39999999999992,ok
56_5,1.8694,202.8000000000001,1.8694,202.8000000000001,piecewise_gated_peak_signed_angular_accel_closest_to_191.7ms_among_25pct_peaks,1.9306,141.59999999999994,1.9306,141.59999999999994,piecewise_gated_peak_signed_angular_accel,2.0111,61.10000000000015,2.0111,61.10000000000015,piecewise_gated_peak_signed_angular_accel,,,,,not_detected,1.8722,1.9255310344827585,-199.99999999999994,-146.6689655172415,lead_elbow_back_shoulder_cross,not_detected,3,2,1.8694,1.9306,202.8000000000001,61.200000000000145,few_initiation_segments_detected
59_1,1.3278,163.89999999999992,1.3278,163.89999999999992,piecewise_gated_peak_signed_angular_accel_closest_to_191.7ms_among_25pct_peaks,1.3611,130.60000000000005,1.3611,130.60000000000005,piecewise_gated_peak_signed_angular_accel,1.4667,25.000000000000135,1.4667,25.000000000000135,piecewise_gated_peak_signed_angular_accel,1.2917,199.99999999999994,1.2917,199.99999999999994,lead_hand_hybrid_drift_forward_linear_accel_jump_15pct_window_200ms_to_lead_wrist_back_shoulder_cross,1.2917,1.3908023168440826,-199.99999999999994,-100.8976831559174,lead_wrist_back_shoulder_cross,drift_forward_accel_jump,4,3,1.2917,1.3611,199.99999999999994,69.3999999999999,ok
59_2,0.8722,205.6000000000001,0.8722,205.6000000000001,piecewise_gated_peak_signed_angular_accel_closest_to_191.7ms_among_25pct_peaks,0.9583,119.50000000000006,0.9583,119.50000000000006,piecewise_gated_peak_signed_angular_accel,0.9917,86.10000000000007,0.9917,86.10000000000007,piecewise_gated_peak_signed_angular_accel,0.8806,197.20000000000005,0.8806,197.20000000000005,lead_hand_hybrid_drift_forward_linear_accel_jump_15pct_window_200ms_to_lead_wrist_back_shoulder_cross,0.8778000000000001,0.9824704819277108,-199.99999999999994,-95.32951807228929,lead_wrist_back_shoulder_cross,drift_forward_accel_jump,4,3,0.8722,0.9583,205.6000000000001,86.10000000000007,ok
59_3,0.8806,186.09999999999994,0.8806,186.09999999999994,piecewise_gated_peak_signed_angular_accel_closest_to_191.7ms_among_25pct_peaks,0.9444,122.29999999999997,0.9444,122.29999999999997,piecewise_gated_peak_signed_angular_accel,1.0333,33.39999999999988,1.0333,33.39999999999988,piecewise_gated_peak_signed_angular_accel,0.8667,199.99999999999994,0.8667,199.99999999999994,lead_hand_hybrid_drift_forward_linear_accel_jump_15pct_window_200ms_to_lead_wrist_back_shoulder_cross,0.8667,0.9754626387176325,-199.99999999999994,-91.23736128236747,lead_wrist_back_shoulder_cross,drift_forward_accel_jump,4,3,0.8667,0.9444,199.99999999999994,77.69999999999999,ok
59_4,0.9056,199.99999999999994,0.9056,199.99999999999994,piecewise_gated_peak_signed_angular_accel_closest_to_191.7ms_among_25pct_peaks,0.9833,122.29999999999997,0.9833,122.29999999999997,piecewise_gated_peak_signed_angular_accel,1.0806,24.99999999999991,1.0806,24.99999999999991,piecewise_gated_peak_signed_angular_accel,0.9056,199.99999999999994,0.9056,199.99999999999994,lead_hand_hybrid_drift_forward_linear_accel_jump_15pct_window_200ms_to_lead_wrist_back_shoulder_cross,0.9056,1.0052606315789474,-199.99999999999994,-100.33936842105251,lead_wrist_back_shoulder_cross,drift_forward_accel_jump,4,3,0.9056,0.9833,199.99999999999994,77.69999999999999,ok
59_5,0.8333,149.99999999999991,0.8333,149.99999999999991,piecewise_gated_peak_signed_angular_accel_closest_to_191.7ms_among_25pct_peaks,0.8639,119.39999999999995,0.8639,119.39999999999995,piecewise_gated_peak_signed_angular_accel,0.95,33.3,0.95,33.3,piecewise_gated_peak_signed_angular_accel,,,,,not_detected,0.7832999999999999,0.894921293199554,-200.00000000000006,-88.37870680044591,lead_wrist_back_shoulder_cross,not_detected,3,2,0.8333,0.8639,149.99999999999991,30.59999999999996,few_initiation_segments_detected
6_1,0.7944,199.99999999999994,0.7944,199.99999999999994,piecewise_gated_peak_signed_angular_accel_closest_to_191.7ms_among_25pct_peaks,0.8694,125.0,0.8694,125.0,piecewise_gated_peak_signed_angular_accel,0.9639,30.49999999999997,0.9639,30.49999999999997,piecewise_gated_peak_signed_angular_accel,,,,,not_detected,0.7944,0.904924710768318,-199.99999999999994,-89.47528923168191,lead_wrist_back_shoulder_cross,not_detected,3,2,0.7944,0.8694,199.99999999999994,74.99999999999996,few_initiation_segments_detected
6_2,0.6917,202.7,0.6917,202.7,piecewise_gated_peak_signed_angular_accel_closest_to_191.7ms_among_25pct_peaks,0.7694,125.0,0.7694,125.0,piecewise_gated_peak_signed_angular_accel,0.8639,30.49999999999997,0.8639,30.49999999999997,piecewise_gated_peak_signed_angular_accel,,,,,not_detected,0.6943999999999999,0.8048816393442623,-200.00000000000006,-89.51836065573771,lead_wrist_back_shoulder_cross,not_detected,3,2,0.6917,0.7694,202.7,77.69999999999999,few_initiation_segments_detected
6_3,0.7833,136.1,0.7833,136.1,piecewise_gated_peak_signed_angular_accel_closest_to_191.7ms_among_25pct_peaks,0.7972,122.19999999999997,0.7972,122.19999999999997,piecewise_gated_peak_signed_angular_accel,0.8917,27.699999999999946,0.8917,27.699999999999946,piecewise_gated_peak_signed_angular_accel,,,,,not_detected,0.7194,0.8307369817151686,-199.99999999999994,-88.66301828483137,lead_wrist_back_shoulder_cross,not_detected,3,2,0.7833,0.7972,136.1,13.900000000000023,few_initiation_segments_detected
6_4,0.8389,141.70000000000005,0.8389,141.70000000000005,piecewise_gated_peak_signed_angular_accel_closest_to_191.7ms_among_25pct_peaks,0.8556,125.0,0.8556,125.0,piecewise_gated_peak_signed_angular_accel,0.9528,27.800000000000047,0.9528,27.800000000000047,piecewise_gated_peak_signed_angular_accel,0.7806,200.00000000000006,0.7806,200.00000000000006,lead_hand_hybrid_drift_forward_linear_accel_jump_15pct_window_200ms_to_lead_wrist_back_shoulder_cross,0.7806,0.8865383531960996,-200.00000000000006,-94.06164680390039,lead_wrist_back_shoulder_cross,drift_forward_accel_jump,4,3,0.7806,0.8556,200.00000000000006,75.00000000000007,ok
6_5,0.6361,208.30000000000004,0.6361,208.30000000000004,piecewise_gated_peak_signed_angular_accel_closest_to_191.7ms_among_25pct_peaks,0.7194,125.0,0.7194,125.0,piecewise_gated_peak_signed_angular_accel,0.8167,27.70000000000006,0.8167,27.70000000000006,piecewise_gated_peak_signed_angular_accel,,,,,not_detected,0.6444000000000001,0.753001611645438,-199.99999999999994,-91.39838835456204,lead_wrist_back_shoulder_cross,not_detected,3,2,0.6361,0.7194,208.30000000000004,83.30000000000004,few_initiation_segments_detected
67_1,0.9444,174.99999999999994,0.9444,174.99999999999994,piecewise_gated_peak_signed_angular_accel_closest_to_191.7ms_among_25pct_peaks,0.9944,125.0,0.9944,125.0,piecewise_gated_peak_signed_angular_accel,1.0917,27.70000000000006,1.0917,27.70000000000006,piecewise_gated_peak_signed_angular_accel,0.9472,172.1999999999999,0.9472,172.1999999999999,lead_hand_hybrid_drift_forward_linear_accel_jump_15pct_window_200ms_to_lead_wrist_back_shoulder_cross,0.9194,1.0229480916030533,-199.99999999999994,-96.45190839694662,lead_wrist_back_shoulder_cross,drift_forward_accel_jump,4,3,0.9444,0.9944,174.99999999999994,49.999999999999936,ok
67_2,1.3417,180.5000000000001,1.3417,180.5000000000001,piecewise_gated_peak_signed_angular_accel_closest_to_191.7ms_among_25pct_peaks,1.3917,130.50000000000006,1.3917,130.50000000000006,piecewise_gated_peak_signed_angular_accel,1.4917,30.49999999999997,1.4917,30.49999999999997,piecewise_gated_peak_signed_angular_accel,1.3694,152.80000000000004,1.3694,152.80000000000004,lead_hand_hybrid_drift_forward_linear_accel_jump_15pct_window_200ms_to_lead_wrist_back_shoulder_cross,1.3222,1.4365968807339449,-199.99999999999994,-85.60311926605513,lead_wrist_back_shoulder_cross,drift_forward_accel_jump,4,3,1.3417,1.3917,180.5000000000001,50.00000000000004,ok
67_3,1.3222,180.59999999999988,1.3222,180.59999999999988,piecewise_gated_peak_signed_angular_accel_closest_to_191.7ms_among_25pct_peaks,1.3806,122.19999999999986,1.3806,122.19999999999986,piecewise_gated_peak_signed_angular_accel,1.4528,49.99999999999982,1.4528,49.99999999999982,piecewise_gated_peak_signed_angular_accel,1.3583,144.49999999999986,1.3583,144.49999999999986,lead_hand_hybrid_drift_forward_linear_accel_jump_15pct_window_200ms_to_lead_wrist_back_shoulder_cross,1.3028,1.4178996123029206,-199.99999999999994,-84.90038769707931,lead_wrist_back_shoulder_cross,drift_forward_accel_jump,4,3,1.3222,1.3806,180.59999999999988,58.400000000000006,ok
67_4,1.1694,166.70000000000007,1.1694,166.70000000000007,piecewise_gated_peak_signed_angular_accel_closest_to_191.7ms_among_25pct_peaks,1.2194,116.70000000000003,1.2194,116.70000000000003,piecewise_gated_peak_signed_angular_accel,1.3083,27.800000000000047,1.3083,27.800000000000047,piecewise_gated_peak_signed_angular_accel,,,,,not_detected,1.1361,1.250658628056017,-199.99999999999994,-85.44137194398304,lead_wrist_back_shoulder_cross,not_detected,3,2,1.1694,1.2194,166.70000000000007,50.00000000000004,few_initiation_segments_detected
67_5,1.2833,174.99999999999983,1.2833,174.99999999999983,piecewise_gated_peak_signed_angular_accel_closest_to_191.7ms_among_25pct_peaks,1.325,133.29999999999998,1.325,133.29999999999998,piecewise_gated_peak_signed_angular_accel,1.4194,38.899999999999935,1.4194,38.899999999999935,piecewise_gated_peak_signed_angular_accel,,,,,not_detected,1.2583,1.3613195533498759,-199.99999999999994,-96.98044665012407,lead_wrist_back_shoulder_cross,not_detected,3,2,1.2833,1.325,174.99999999999983,41.69999999999985,few_initiation_segments_detected
68_1,1.4556,205.50000000000003,1.4556,205.50000000000003,piecewise_gated_peak_signed_angular_accel_closest_to_191.7ms_among_25pct_peaks,1.5333,127.79999999999991,1.5333,127.79999999999991,piecewise_gated_peak_signed_angular_accel,1.6361,24.99999999999991,1.6361,24.99999999999991,piecewise_gated_peak_signed_angular_accel,1.4861,175.00000000000006,1.4861,175.00000000000006,lead_hand_hybrid_drift_forward_linear_accel_jump_15pct_window_200ms_to_lead_elbow_back_shoulder_cross,1.4611,1.4882926470588234,-199.99999999999994,-172.80735294117667,lead_elbow_back_shoulder_cross,drift_forward_accel_jump,4,3,1.4556,1.5333,205.50000000000003,77.7000000000001,ok
68_2,1.8444,172.30000000000013,1.8444,172.30000000000013,piecewise_gated_peak_signed_angular_accel_closest_to_191.7ms_among_25pct_peaks,1.8889,127.80000000000014,1.8889,127.80000000000014,piecewise_gated_peak_signed_angular_accel,1.9889,27.800000000000267,1.9889,27.800000000000267,piecewise_gated_peak_signed_angular_accel,,,,,not_detected,1.8167000000000002,1.8539949044585986,-199.99999999999994,-162.70509554140156,lead_elbow_back_shoulder_cross,not_detected,3,2,1.8444,1.8889,172.30000000000013,44.499999999999986,few_initiation_segments_detected
68_3,1.9083,172.2999999999999,1.9083,172.2999999999999,piecewise_gated_peak_signed_angular_accel_closest_to_191.7ms_among_25pct_peaks,1.9556,125.0,1.9556,125.0,piecewise_gated_peak_signed_angular_accel,2.0528,27.800000000000047,2.0528,27.800000000000047,piecewise_gated_peak_signed_angular_accel,1.8806,199.99999999999994,1.8806,199.99999999999994,lead_hand_hybrid_drift_forward_linear_accel_jump_15pct_window_200ms_to_lead_elbow_back_shoulder_cross,1.8806,1.9140872909698996,-199.99999999999994,-166.5127090301004,lead_elbow_back_shoulder_cross,drift_forward_accel_jump,4,3,1.8806,1.9556,199.99999999999994,74.99999999999996,ok
68_4,1.6333,188.90000000000006,1.6333,188.90000000000006,piecewise_gated_peak_signed_angular_accel_closest_to_191.7ms_among_25pct_peaks,1.7056,116.60000000000004,1.7056,116.60000000000004,piecewise_gated_peak_signed_angular_accel,1.7917,30.49999999999997,1.7917,30.49999999999997,piecewise_gated_peak_signed_angular_accel,,,,,not_detected,1.6222,1.666410536779324,-199.99999999999994,-155.789463220676,lead_elbow_back_shoulder_cross,not_detected,3,2,1.6333,1.7056,188.90000000000006,72.30000000000003,few_initiation_segments_detected
68_5,1.7056,194.39999999999992,1.7056,194.39999999999992,piecewise_gated_peak_signed_angular_accel_closest_to_191.7ms_among_25pct_peaks,1.7806,119.39999999999995,1.7806,119.39999999999995,piecewise_gated_peak_signed_angular_accel,1.8722,27.799999999999827,1.8722,27.799999999999827,piecewise_gated_peak_signed_angular_accel,,,,,not_detected,1.7,1.7266372093023257,-199.99999999999994,-173.36279069767423,lead_elbow_back_shoulder_cross,not_detected,3,2,1.7056,1.7806,194.39999999999992,74.99999999999996,few_initiation_segments_detected
69_1,0.8583,186.10000000000005,0.8583,186.10000000000005,piecewise_gated_peak_signed_angular_accel_closest_to_191.7ms_among_25pct_peaks,0.9361,108.29999999999995,0.9361,108.29999999999995,piecewise_gated_peak_signed_angular_accel,1.0194,24.99999999999991,1.0194,24.99999999999991,piecewise_gated_peak_signed_angular_accel,,,,,not_detected,0.8444,0.9464244165170557,-199.99999999999994,-97.97558348294433,lead_wrist_back_shoulder_cross,not_detected,3,2,0.8583,0.9361,186.10000000000005,77.8000000000001,few_initiation_segments_detected
69_2,1.1361,183.29999999999978,1.1361,183.29999999999978,piecewise_gated_peak_signed_angular_accel_closest_to_191.7ms_among_25pct_peaks,1.2167,102.70000000000002,1.2167,102.70000000000002,piecewise_gated_peak_signed_angular_accel,1.2944,24.99999999999991,1.2944,24.99999999999991,piecewise_gated_peak_signed_angular_accel,,,,,not_detected,1.1194,1.2189733249051833,-199.99999999999994,-100.42667509481662,lead_wrist_back_shoulder_cross,not_detected,3,2,1.1361,1.2167,183.29999999999978,80.59999999999978,few_initiation_segments_detected
69_3,1.0806,199.99999999999994,1.0806,199.99999999999994,piecewise_gated_peak_signed_angular_accel_closest_to_191.7ms_among_25pct_peaks,1.1417,138.90000000000003,1.1417,138.90000000000003,piecewise_gated_peak_signed_angular_accel,1.2556,24.99999999999991,1.2556,24.99999999999991,piecewise_gated_peak_signed_angular_accel,1.0806,199.99999999999994,1.0806,199.99999999999994,lead_hand_hybrid_drift_forward_linear_accel_jump_15pct_window_200ms_to_lead_wrist_back_shoulder_cross,1.0806,1.1798105919003117,-199.99999999999994,-100.78940809968829,lead_wrist_back_shoulder_cross,drift_forward_accel_jump,4,3,1.0806,1.1417,199.99999999999994,61.09999999999993,ok
69_4,1.0917,202.7000000000001,1.0917,202.7000000000001,piecewise_gated_peak_signed_angular_accel_closest_to_191.7ms_among_25pct_peaks,1.1917,102.70000000000002,1.1917,102.70000000000002,piecewise_gated_peak_signed_angular_accel,1.2333,61.09999999999993,1.2333,61.09999999999993,piecewise_gated_peak_signed_angular_accel,1.0944,199.99999999999994,1.0944,199.99999999999994,lead_hand_hybrid_drift_forward_linear_accel_jump_15pct_window_200ms_to_lead_wrist_back_shoulder_cross,1.0944,1.1928153360282971,-199.99999999999994,-101.58466397170285,lead_wrist_back_shoulder_cross,drift_forward_accel_jump,4,3,1.0917,1.1917,202.7000000000001,100.00000000000009,ok
69_5,1.3056,191.6,1.3056,191.6,piecewise_gated_peak_signed_angular_accel_closest_to_191.7ms_among_25pct_peaks,1.3639,133.30000000000018,1.3639,133.30000000000018,piecewise_gated_peak_signed_angular_accel,1.3222,175.00000000000006,1.3222,175.00000000000006,piecewise_gated_peak_signed_angular_accel,1.3,197.20000000000005,1.3,197.20000000000005,lead_hand_hybrid_drift_forward_linear_accel_jump_15pct_window_200ms_to_lead_wrist_back_shoulder_cross,1.2972000000000001,1.4033009300048949,-199.99999999999994,-93.89906999510522,lead_wrist_back_shoulder_cross,drift_forward_accel_jump,4,3,1.3,1.3639,197.20000000000005,63.89999999999985,ok
72_1,1.5528,199.99999999999994,1.5528,199.99999999999994,piecewise_gated_peak_signed_angular_accel_closest_to_191.7ms_among_25pct_peaks,1.6056,147.2,1.6056,147.2,piecewise_gated_peak_signed_angular_accel,1.7111,41.69999999999985,1.7111,41.69999999999985,piecewise_gated_peak_signed_angular_accel,,,,,not_detected,1.5528,1.6561688679245283,-199.99999999999994,-96.63113207547158,lead_wrist_back_shoulder_cross,not_detected,3,2,1.5528,1.6056,199.99999999999994,52.799999999999955,few_initiation_segments_detected
72_2,1.5806,191.6,1.5806,191.6,piecewise_gated_peak_signed_angular_accel_closest_to_191.7ms_among_25pct_peaks,1.6611,111.09999999999998,1.6611,111.09999999999998,piecewise_gated_peak_signed_angular_accel,1.7306,41.60000000000008,1.7306,41.60000000000008,piecewise_gated_peak_signed_angular_accel,,,,,not_detected,1.5722,1.6745251621271078,-199.99999999999994,-97.67483787289221,lead_wrist_back_shoulder_cross,not_detected,3,2,1.5806,1.6611,191.6,80.50000000000001,few_initiation_segments_detected
72_3,1.1806,197.19999999999982,1.1806,197.19999999999982,piecewise_gated_peak_signed_angular_accel_closest_to_191.7ms_among_25pct_peaks,1.2611,116.6999999999998,1.2611,116.6999999999998,piecewise_gated_peak_signed_angular_accel,1.35,27.799999999999827,1.35,27.799999999999827,piecewise_gated_peak_signed_angular_accel,1.1806,197.19999999999982,1.1806,197.19999999999982,lead_hand_hybrid_drift_forward_linear_accel_jump_15pct_window_200ms_to_lead_wrist_back_shoulder_cross,1.1778,1.281107530647986,-199.99999999999994,-96.69246935201392,lead_wrist_back_shoulder_cross,drift_forward_accel_jump,4,3,1.1806,1.2611,197.19999999999982,80.50000000000001,ok
72_4,1.1694,183.4,1.1694,183.4,piecewise_gated_peak_signed_angular_accel_closest_to_191.7ms_among_25pct_peaks,1.2417,111.09999999999998,1.2417,111.09999999999998,piecewise_gated_peak_signed_angular_accel,1.3111,41.700000000000074,1.3111,41.700000000000074,piecewise_gated_peak_signed_angular_accel,1.1556,197.20000000000005,1.1556,197.20000000000005,lead_hand_hybrid_drift_forward_linear_accel_jump_15pct_window_200ms_to_lead_wrist_back_shoulder_cross,1.1528,1.26189852171235,-199.99999999999994,-90.90147828765005,lead_wrist_back_shoulder_cross,drift_forward_accel_jump,4,3,1.1556,1.2417,197.20000000000005,86.10000000000007,ok
72_5,1.1583,188.89999999999984,1.1583,188.89999999999984,piecewise_gated_peak_signed_angular_accel_closest_to_191.7ms_among_25pct_peaks,1.2528,94.40000000000003,1.2528,94.40000000000003,piecewise_gated_peak_signed_angular_accel,1.2972,50.00000000000004,1.2972,50.00000000000004,piecewise_gated_peak_signed_angular_accel,1.15,197.20000000000005,1.15,197.20000000000005,lead_hand_hybrid_drift_forward_linear_accel_jump_15pct_window_200ms_to_lead_wrist_back_shoulder_cross,1.1472,1.2573902773722627,-199.99999999999994,-89.80972262773723,lead_wrist_back_shoulder_cross,drift_forward_accel_jump,4,3,1.15,1.2528,197.20000000000005,102.8,ok
73_1,1.9889,183.30000000000024,1.9889,183.30000000000024,piecewise_gated_peak_signed_angular_accel_closest_to_191.7ms_among_25pct_peaks,2.0444,127.80000000000014,2.0444,127.80000000000014,piecewise_gated_peak_signed_angular_accel,2.1417,30.49999999999997,2.1417,30.49999999999997,piecewise_gated_peak_signed_angular_accel,,,,,not_detected,1.9722000000000002,2.0719245590230666,-199.99999999999994,-100.27544097693352,lead_wrist_back_shoulder_cross,not_detected,3,2,1.9889,2.0444,183.30000000000024,55.50000000000011,few_initiation_segments_detected
73_2,1.3639,183.3,1.3639,183.3,piecewise_gated_peak_signed_angular_accel_closest_to_191.7ms_among_25pct_peaks,1.4056,141.59999999999994,1.4056,141.59999999999994,piecewise_gated_peak_signed_angular_accel,1.5083,38.899999999999935,1.5083,38.899999999999935,piecewise_gated_peak_signed_angular_accel,,,,,not_detected,1.3472,1.438314484869092,-199.99999999999994,-108.88551513090783,lead_wrist_back_shoulder_cross,not_detected,3,2,1.3639,1.4056,183.3,41.700000000000074,few_initiation_segments_detected
73_3,1.8611,200.00000000000017,1.8611,200.00000000000017,piecewise_gated_peak_signed_angular_accel_closest_to_191.7ms_among_25pct_peaks,1.9306,130.50000000000006,1.9306,130.50000000000006,piecewise_gated_peak_signed_angular_accel,2.025,36.10000000000024,2.025,36.10000000000024,piecewise_gated_peak_signed_angular_accel,,,,,not_detected,1.8611000000000002,1.9521007324729682,-199.99999999999994,-108.99926752703193,lead_wrist_back_shoulder_cross,not_detected,3,2,1.8611,1.9306,200.00000000000017,69.50000000000011,few_initiation_segments_detected
73_4,2.0778,177.79999999999995,2.0778,177.79999999999995,piecewise_gated_peak_signed_angular_accel_closest_to_191.7ms_among_25pct_peaks,2.1194,136.19999999999965,2.1194,136.19999999999965,piecewise_gated_peak_signed_angular_accel,2.2167,38.899999999999935,2.2167,38.899999999999935,piecewise_gated_peak_signed_angular_accel,,,,,not_detected,2.0555999999999996,2.1512750820650552,-200.00000000000017,-104.32491793494458,lead_wrist_back_shoulder_cross,not_detected,3,2,2.0778,2.1194,177.79999999999995,41.60000000000031,few_initiation_segments_detected
73_5,1.5167,169.4,1.5167,169.4,piecewise_gated_peak_signed_angular_accel_closest_to_191.7ms_among_25pct_peaks,1.5611,125.0,1.5611,125.0,piecewise_gated_peak_signed_angular_accel,1.65,36.10000000000002,1.65,36.10000000000002,piecewise_gated_peak_signed_angular_accel,,,,,not_detected,1.4861,1.5769205646454925,-199.99999999999994,-109.17943535450748,lead_wrist_back_shoulder_cross,not_detected,3,2,1.5167,1.5611,169.4,44.39999999999999,few_initiation_segments_detected
8_1,0.8222,188.90000000000006,0.8222,188.90000000000006,piecewise_gated_peak_signed_angular_accel_closest_to_191.7ms_among_25pct_peaks,0.8944,116.70000000000013,0.8944,116.70000000000013,piecewise_gated_peak_signed_angular_accel,0.9611,50.000000000000156,0.9611,50.000000000000156,piecewise_gated_peak_signed_angular_accel,,,,,not_detected,0.8111000000000002,0.9135403371113049,-199.99999999999994,-97.55966288869521,lead_wrist_back_shoulder_cross,not_detected,3,2,0.8222,0.8944,188.90000000000006,72.19999999999993,few_initiation_segments_detected
8_2,0.9611,186.10000000000005,0.9611,186.10000000000005,piecewise_gated_peak_signed_angular_accel_closest_to_191.7ms_among_25pct_peaks,1.0194,127.79999999999991,1.0194,127.79999999999991,piecewise_gated_peak_signed_angular_accel,1.1028,44.39999999999999,1.1028,44.39999999999999,piecewise_gated_peak_signed_angular_accel,,,,,not_detected,0.9472,1.0525417515274949,-199.99999999999994,-94.65824847250515,lead_wrist_back_shoulder_cross,not_detected,3,2,0.9611,1.0194,186.10000000000005,58.30000000000013,few_initiation_segments_detected
8_3,0.9583,188.89999999999995,0.9583,188.89999999999995,piecewise_gated_peak_signed_angular_accel_closest_to_191.7ms_among_25pct_peaks,1.0167,130.50000000000006,1.0167,130.50000000000006,piecewise_gated_peak_signed_angular_accel,1.1,47.19999999999991,1.1,47.19999999999991,piecewise_gated_peak_signed_angular_accel,,,,,not_detected,0.9472,1.0485095673369895,-199.99999999999994,-98.69043266301047,lead_wrist_back_shoulder_cross,not_detected,3,2,0.9583,1.0167,188.89999999999995,58.3999999999999,few_initiation_segments_detected
8_4,1.0917,188.90000000000006,1.0917,188.90000000000006,piecewise_gated_peak_signed_angular_accel_closest_to_191.7ms_among_25pct_peaks,1.1583,122.29999999999986,1.1583,122.29999999999986,piecewise_gated_peak_signed_angular_accel,1.2361,44.499999999999986,1.2361,44.499999999999986,piecewise_gated_peak_signed_angular_accel,1.0806,199.99999999999994,1.0806,199.99999999999994,lead_hand_hybrid_drift_forward_linear_accel_jump_15pct_window_200ms_to_lead_wrist_back_shoulder_cross,1.0806,1.1894416473317866,-199.99999999999994,-91.15835266821337,lead_wrist_back_shoulder_cross,drift_forward_accel_jump,4,3,1.0806,1.1583,199.99999999999994,77.7000000000001,ok
8_5,1.1806,197.19999999999982,1.1806,197.19999999999982,piecewise_gated_peak_signed_angular_accel_closest_to_191.7ms_among_25pct_peaks,1.2472,130.59999999999982,1.2472,130.59999999999982,piecewise_gated_peak_signed_angular_accel,1.3333,44.499999999999986,1.3333,44.499999999999986,piecewise_gated_peak_signed_angular_accel,,,,,not_detected,1.1778,1.2809493514710535,-199.99999999999994,-96.85064852894642,lead_wrist_back_shoulder_cross,not_detected,3,2,1.1806,1.2472,197.19999999999982,66.6,few_initiation_segments_detected
81_1,1.2306,186.10000000000016,1.2306,186.10000000000016,piecewise_gated_peak_signed_angular_accel_closest_to_191.7ms_among_25pct_peaks,1.2611,155.59999999999997,1.2611,155.59999999999997,piecewise_gated_peak_signed_angular_accel,1.3361,80.60000000000001,1.3361,80.60000000000001,piecewise_gated_peak_signed_angular_accel,,,,,not_detected,1.2167000000000001,1.334314312856238,-199.99999999999994,-82.38568714376204,lead_wrist_back_shoulder_cross,not_detected,3,2,1.2306,1.2611,186.10000000000016,30.500000000000192,few_initiation_segments_detected
81_2,1.4167,169.4,1.4167,169.4,piecewise_gated_peak_signed_angular_accel_closest_to_191.7ms_among_25pct_peaks,1.4556,130.50000000000006,1.4556,130.50000000000006,piecewise_gated_peak_signed_angular_accel,1.5083,77.8000000000001,1.5083,77.8000000000001,piecewise_gated_peak_signed_angular_accel,1.3861,199.99999999999994,1.3861,199.99999999999994,lead_hand_hybrid_drift_forward_linear_accel_jump_15pct_window_200ms_to_lead_wrist_back_shoulder_cross,1.3861,1.5101544526013406,-199.99999999999994,-75.94554739865944,lead_wrist_back_shoulder_cross,drift_forward_accel_jump,4,3,1.3861,1.4556,199.99999999999994,69.4999999999999,ok
81_3,0.9667,166.59999999999997,0.9667,166.59999999999997,piecewise_gated_peak_signed_angular_accel_closest_to_191.7ms_among_25pct_peaks,1.0139,119.39999999999995,1.0139,119.39999999999995,piecewise_gated_peak_signed_angular_accel,1.1083,24.99999999999991,1.1083,24.99999999999991,piecewise_gated_peak_signed_angular_accel,0.9556,177.69999999999996,0.9556,177.69999999999996,lead_hand_hybrid_drift_forward_linear_accel_jump_15pct_window_200ms_to_lead_wrist_back_shoulder_cross,0.9333,1.0504657016248153,-199.99999999999994,-82.83429837518463,lead_wrist_back_shoulder_cross,drift_forward_accel_jump,4,3,0.9556,1.0139,177.69999999999996,58.30000000000002,ok
81_4,1.3556,152.70000000000005,1.3556,152.70000000000005,piecewise_gated_peak_signed_angular_accel_closest_to_191.7ms_among_25pct_peaks,1.3611,147.2,1.3611,147.2,piecewise_gated_peak_signed_angular_accel,1.4278,80.50000000000001,1.4278,80.50000000000001,piecewise_gated_peak_signed_angular_accel,,,,,not_detected,1.3083,1.4268733933933935,-199.99999999999994,-81.4266066066065,lead_wrist_back_shoulder_cross,not_detected,3,2,1.3556,1.3611,152.70000000000005,5.50000000000006,few_initiation_segments_detected
81_5,1.3194,150.00000000000014,1.3194,150.00000000000014,piecewise_gated_peak_signed_angular_accel_closest_to_191.7ms_among_25pct_peaks,1.3472,122.20000000000009,1.3472,122.20000000000009,piecewise_gated_peak_signed_angular_accel,1.3917,77.7000000000001,1.3917,77.7000000000001,piecewise_gated_peak_signed_angular_accel,1.2944,175.00000000000006,1.2944,175.00000000000006,lead_hand_hybrid_drift_forward_linear_accel_jump_15pct_window_200ms_to_lead_wrist_back_shoulder_cross,1.2694,1.3912006012024047,-199.99999999999994,-78.1993987975953,lead_wrist_back_shoulder_cross,drift_forward_accel_jump,4,3,1.2944,1.3472,175.00000000000006,52.799999999999955,ok
84_1,1.2139,225.00000000000009,1.2139,225.00000000000009,piecewise_gated_peak_signed_angular_accel_closest_to_191.7ms_among_25pct_peaks,1.3083,130.60000000000005,1.3083,130.60000000000005,piecewise_gated_peak_signed_angular_accel,1.3944,44.499999999999986,1.3944,44.499999999999986,piecewise_gated_peak_signed_angular_accel,,,,,not_detected,1.2389000000000001,1.2557944915254238,-199.99999999999994,-183.10550847457628,lead_elbow_back_shoulder_cross,not_detected,3,2,1.2139,1.3083,225.00000000000009,94.40000000000003,few_initiation_segments_detected
84_2,1.0917,236.1000000000002,1.0917,236.1000000000002,piecewise_gated_peak_signed_angular_accel_closest_to_191.7ms_among_25pct_peaks,1.1944,133.40000000000018,1.1944,133.40000000000018,piecewise_gated_peak_signed_angular_accel,1.2167,111.1000000000002,1.2167,111.1000000000002,piecewise_gated_peak_signed_angular_accel,1.1306,197.20000000000005,1.1306,197.20000000000005,lead_hand_hybrid_drift_forward_linear_accel_jump_15pct_window_200ms_to_lead_elbow_back_shoulder_cross,1.1278000000000001,1.1532195965417869,-199.99999999999994,-174.58040345821325,lead_elbow_back_shoulder_cross,drift_forward_accel_jump,4,3,1.0917,1.1944,236.1000000000002,102.70000000000002,ok
84_3,1.1583,208.39999999999992,1.1583,208.39999999999992,piecewise_gated_peak_signed_angular_accel_closest_to_191.7ms_among_25pct_peaks,1.2389,127.80000000000014,1.2389,127.80000000000014,piecewise_gated_peak_signed_angular_accel,1.3194,47.30000000000012,1.3194,47.30000000000012,piecewise_gated_peak_signed_angular_accel,1.1667,199.99999999999994,1.1667,199.99999999999994,lead_hand_hybrid_drift_forward_linear_accel_jump_15pct_window_200ms_to_lead_elbow_back_shoulder_cross,1.1667,1.2043845974329055,-199.99999999999994,-162.31540256709454,lead_elbow_back_shoulder_cross,drift_forward_accel_jump,4,3,1.1583,1.2389,208.39999999999992,80.59999999999978,ok
84_4,1.1806,202.69999999999987,1.1806,202.69999999999987,piecewise_gated_peak_signed_angular_accel_closest_to_191.7ms_among_25pct_peaks,1.2306,152.70000000000005,1.2306,152.70000000000005,piecewise_gated_peak_signed_angular_accel,1.3417,41.60000000000008,1.3417,41.60000000000008,piecewise_gated_peak_signed_angular_accel,1.1833,199.99999999999994,1.1833,199.99999999999994,lead_hand_hybrid_drift_forward_linear_accel_jump_15pct_window_200ms_to_lead_elbow_back_shoulder_cross,1.1833,1.2178888888888888,-199.99999999999994,-165.41111111111118,lead_elbow_back_shoulder_cross,drift_forward_accel_jump,4,3,1.1806,1.2306,202.69999999999987,49.99999999999982,ok
84_5,1.3556,225.00000000000009,1.3556,225.00000000000009,piecewise_gated_peak_signed_angular_accel_closest_to_191.7ms_among_25pct_peaks,1.4444,136.2000000000001,1.4444,136.2000000000001,piecewise_gated_peak_signed_angular_accel,1.5444,36.20000000000001,1.5444,36.20000000000001,piecewise_gated_peak_signed_angular_accel,1.3806,199.99999999999994,1.3806,199.99999999999994,lead_hand_hybrid_drift_forward_linear_accel_jump_15pct_window_200ms_to_lead_elbow_back_shoulder_cross,1.3806,1.400938791423002,-199.99999999999994,-179.66120857699798,lead_elbow_back_shoulder_cross,drift_forward_accel_jump,4,3,1.3556,1.4444,225.00000000000009,88.79999999999998,ok
86_1,1.2056,186.09999999999994,1.2056,186.09999999999994,piecewise_gated_peak_signed_angular_accel_closest_to_191.7ms_among_25pct_peaks,1.25,141.69999999999993,1.25,141.69999999999993,piecewise_gated_peak_signed_angular_accel,1.3028,88.89999999999998,1.3028,88.89999999999998,piecewise_gated_peak_signed_angular_accel,1.2056,186.09999999999994,1.2056,186.09999999999994,lead_hand_hybrid_drift_forward_linear_accel_jump_15pct_window_200ms_to_lead_wrist_back_shoulder_cross,1.1917,1.3037011866859625,-199.99999999999994,-87.99881331403748,lead_wrist_back_shoulder_cross,drift_forward_accel_jump,4,3,1.2056,1.25,186.09999999999994,44.39999999999999,ok
86_2,1.1278,175.00000000000006,1.1278,175.00000000000006,piecewise_gated_peak_signed_angular_accel_closest_to_191.7ms_among_25pct_peaks,1.1806,122.19999999999986,1.1806,122.19999999999986,piecewise_gated_peak_signed_angular_accel,1.2194,83.39999999999992,1.2194,83.39999999999992,piecewise_gated_peak_signed_angular_accel,1.1056,197.20000000000005,1.1056,197.20000000000005,lead_hand_hybrid_drift_forward_linear_accel_jump_15pct_window_200ms_to_lead_wrist_back_shoulder_cross,1.1028,1.2211457875457876,-199.99999999999994,-81.65421245421234,lead_wrist_back_shoulder_cross,drift_forward_accel_jump,4,3,1.1056,1.1806,197.20000000000005,75.00000000000017,ok
86_3,2.0806,186.10000000000016,2.0806,186.10000000000016,piecewise_gated_peak_signed_angular_accel_closest_to_191.7ms_among_25pct_peaks,2.1361,130.60000000000028,2.1361,130.60000000000028,piecewise_gated_peak_signed_angular_accel,2.1889,77.80000000000031,2.1889,77.80000000000031,piecewise_gated_peak_signed_angular_accel,2.0667,200.00000000000017,2.0667,200.00000000000017,lead_hand_hybrid_drift_forward_linear_accel_jump_15pct_window_200ms_to_lead_wrist_back_shoulder_cross,2.0667,2.1824868695652175,-200.00000000000017,-84.21313043478263,lead_wrist_back_shoulder_cross,drift_forward_accel_jump,4,3,2.0667,2.1361,200.00000000000017,69.3999999999999,ok
86_4,1.4528,180.4999999999999,1.4528,180.4999999999999,piecewise_gated_peak_signed_angular_accel_closest_to_191.7ms_among_25pct_peaks,1.4944,138.90000000000003,1.4944,138.90000000000003,piecewise_gated_peak_signed_angular_accel,1.5444,88.89999999999998,1.5444,88.89999999999998,piecewise_gated_peak_signed_angular_accel,1.4333,199.99999999999994,1.4333,199.99999999999994,lead_hand_hybrid_drift_forward_linear_accel_jump_15pct_window_200ms_to_lead_wrist_back_shoulder_cross,1.4333,1.5566121374865736,-199.99999999999994,-76.68786251342641,lead_wrist_back_shoulder_cross,drift_forward_accel_jump,4,3,1.4333,1.4944,199.99999999999994,61.09999999999993,ok
86_5,1.5056,177.69999999999996,1.5056,177.69999999999996,piecewise_gated_peak_signed_angular_accel_closest_to_191.7ms_among_25pct_peaks,1.5444,138.90000000000003,1.5444,138.90000000000003,piecewise_gated_peak_signed_angular_accel,1.6028,80.50000000000001,1.6028,80.50000000000001,piecewise_gated_peak_signed_angular_accel,1.4833,199.99999999999994,1.4833,199.99999999999994,lead_hand_hybrid_drift_forward_linear_accel_jump_15pct_window_200ms_to_lead_wrist_back_shoulder_cross,1.4833,1.6002233435270132,-199.99999999999994,-83.07665647298678,lead_wrist_back_shoulder_cross,drift_forward_accel_jump,4,3,1.4833,1.5444,199.99999999999994,61.09999999999993,ok
89_1,1.1917,188.90000000000006,1.1917,188.90000000000006,piecewise_gated_peak_signed_angular_accel_closest_to_191.7ms_among_25pct_peaks,1.2611,119.49999999999994,1.2611,119.49999999999994,piecewise_gated_peak_signed_angular_accel,1.3361,44.499999999999986,1.3361,44.499999999999986,piecewise_gated_peak_signed_angular_accel,,,,,not_detected,1.1806,1.248235497835498,-199.99999999999994,-132.36450216450214,lead_elbow_back_shoulder_cross,not_detected,3,2,1.1917,1.2611,188.90000000000006,69.40000000000013,few_initiation_segments_detected
89_2,1.4389,199.99999999999994,1.4389,199.99999999999994,piecewise_gated_peak_signed_angular_accel_closest_to_191.7ms_among_25pct_peaks,1.5167,122.20000000000009,1.5167,122.20000000000009,piecewise_gated_peak_signed_angular_accel,1.5917,47.20000000000013,1.5917,47.20000000000013,piecewise_gated_peak_signed_angular_accel,,,,,not_detected,1.4389,1.5060117792932424,-199.99999999999994,-132.88822070675766,lead_elbow_back_shoulder_cross,not_detected,3,2,1.4389,1.5167,199.99999999999994,77.79999999999987,few_initiation_segments_detected
89_3,1.4611,202.79999999999987,1.4611,202.79999999999987,piecewise_gated_peak_signed_angular_accel_closest_to_191.7ms_among_25pct_peaks,1.5444,119.49999999999994,1.5444,119.49999999999994,piecewise_gated_peak_signed_angular_accel,1.6167,47.19999999999991,1.6167,47.19999999999991,piecewise_gated_peak_signed_angular_accel,,,,,not_detected,1.4639,1.529459643916914,-199.99999999999994,-134.44035608308602,lead_elbow_back_shoulder_cross,not_detected,3,2,1.4611,1.5444,202.79999999999987,83.29999999999993,few_initiation_segments_detected
89_4,1.9528,202.8000000000001,1.9528,202.8000000000001,piecewise_gated_peak_signed_angular_accel_closest_to_191.7ms_among_25pct_peaks,2.0278,127.80000000000014,2.0278,127.80000000000014,piecewise_gated_peak_signed_angular_accel,2.1083,47.30000000000034,2.1083,47.30000000000034,piecewise_gated_peak_signed_angular_accel,,,,,not_detected,1.9556000000000002,2.021959039359573,-199.99999999999994,-133.64096064042695,lead_elbow_back_shoulder_cross,not_detected,3,2,1.9528,2.0278,202.8000000000001,74.99999999999996,few_initiation_segments_detected
89_5,2.0806,188.80000000000007,2.0806,188.80000000000007,piecewise_gated_peak_signed_angular_accel_closest_to_191.7ms_among_25pct_peaks,2.1444,125.0,2.1444,125.0,piecewise_gated_peak_signed_angular_accel,2.2333,36.10000000000024,2.2333,36.10000000000024,piecewise_gated_peak_signed_angular_accel,,,,,not_detected,2.0694,2.137742780748663,-200.00000000000017,-131.6572192513372,lead_elbow_back_shoulder_cross,not_detected,3,2,2.0806,2.1444,188.80000000000007,63.80000000000008,few_initiation_segments_detected
