session_swing,session_mass_lbs,session_height_in,athlete_age,highest_playing_level,hitter_side,bat_weight_oz,bat_length_in,bat_speed_mph_max_x,blast_bat_speed_mph_x,exit_velo_mph_x,user,session,fp_10_time,fp_100_time,contact_time,fp_10_time_raw,fp_100_time_raw,fp_10_source,fp_100_source,force_climb_start_time,force_climb_start_source,force_climb_local_min_count,force_climb_start_force_pct_bw,force_climb_start_to_fp100_ms,lead_force_abs_max_time,lead_force_abs_max_n,lead_force_abs_max_pct_bw,lead_force_signed_at_abs_max_n,lead_force_signed_at_abs_max_pct_bw,lead_force_min_time,lead_force_min_pct_bw,lead_force_max_time,lead_force_max_pct_bw,lead_force_range_pct_bw,lead_force_corrected_max_pct_bw,lead_force_precontact_abs_max_time,lead_force_precontact_abs_max_pct_bw,lead_force_precontact_signed_at_abs_max_pct_bw,lead_force_precontact_min_time,lead_force_precontact_min_pct_bw,lead_force_precontact_max_time,lead_force_precontact_max_pct_bw,lead_force_precontact_range_pct_bw,lead_force_precontact_corrected_max_pct_bw,force_qc_exclude,force_qc_note,force_peak_note,first_time,last_time,frames,has_poi,has_hittrax,has_force,has_all_events,event_order_valid,contact_in_window,analysis_event_valid,fp10_to_contact_ms,fp100_to_contact_ms,fp10_to_fp100_ms,force_climb_start_to_contact_ms,lead_force_abs_max_to_contact_ms,lead_force_min_to_contact_ms,lead_force_max_to_contact_ms,lead_force_precontact_abs_max_to_contact_ms,lead_force_precontact_min_to_contact_ms,lead_force_precontact_max_to_contact_ms,recorded_duration_s
6_1,209.0,72.0,23,milb,R,31.0,34.0,66.9317,67.0,,5,6,0.8021965080863814,0.8547604946533729,0.9944,0.8028,0.8556,latest_sustained_upward_crossing,latest_sustained_upward_crossing,0.7963,zero_baseline_breakout_before_fp100,0.0,4.158349801088647,58.46049465337288,0.9241,1683.234,181.05552943834348,1683.234,181.05552943834348,0.787,-0.9793710176577455,0.9241,181.05552943834348,182.03490045600122,182.03490045600122,0.9241,181.05552943834348,181.05552943834348,0.787,-0.9793710176577455,0.9241,181.05552943834348,182.03490045600122,182.03490045600122,False,ok,ok,0.0,1.1944,431,True,False,True,True,True,True,True,192.2034919136185,139.63950534662706,52.56398656699146,198.09999999999994,70.29999999999991,207.39999999999992,70.29999999999991,70.29999999999991,207.39999999999992,70.29999999999991,1.1944
6_2,209.0,72.0,23,milb,R,31.0,34.0,67.5289,72.5,,5,6,0.710900320509268,0.76040687463617,0.8944,0.7111,0.7611,latest_sustained_upward_crossing,latest_sustained_upward_crossing,0.7056,zero_baseline_breakout_before_fp100,0.0,4.689642364463593,54.80687463616996,0.8241,1793.5912,192.92600096715836,1793.5912,192.92600096715836,0.6954,-0.799556132405856,0.8241,192.92600096715836,193.7255570995642,193.7255570995642,0.8241,192.92600096715836,192.92600096715836,0.6954,-0.799556132405856,0.8241,192.92600096715836,193.7255570995642,193.7255570995642,False,ok,ok,0.0,1.0556,381,True,False,True,True,True,True,True,183.49967949073198,133.99312536383002,49.50655412690197,188.79999999999995,70.29999999999991,198.99999999999994,70.29999999999991,70.29999999999991,198.99999999999994,70.29999999999991,1.0556
6_3,209.0,72.0,23,milb,R,31.0,34.0,68.2407,68.6,,5,6,0.7388034204859575,0.7813053500044879,0.9194,0.7389,0.7833,latest_sustained_upward_crossing,latest_sustained_upward_crossing,0.7343,zero_baseline_breakout_before_fp100,0.0,4.818828731868855,47.00535000448791,0.8037,1962.4925,211.09371519722055,1962.4925,211.09371519722055,0.7259,-1.178859374532875,0.8037,211.09371519722055,212.2725745717534,212.2725745717534,0.8037,211.09371519722055,211.09371519722055,0.7259,-1.178859374532875,0.8037,211.09371519722055,212.2725745717534,212.2725745717534,False,ok,ok,0.0,1.1111,401,True,False,True,True,True,True,True,180.5965795140425,138.09464999551213,42.50192951853038,185.10000000000005,115.70000000000003,193.5,115.70000000000003,115.70000000000003,193.5,115.70000000000003,1.1111
6_4,209.0,72.0,23,milb,R,31.0,34.0,67.5669,70.5,,5,6,0.8049468625419208,0.8454273010864413,0.9806,0.8056,0.8472,latest_sustained_upward_crossing,latest_sustained_upward_crossing,0.8,zero_baseline_breakout_before_fp100,0.0,4.328913542076445,45.42730108644122,0.8657,2153.8527,231.67720051442973,2153.8527,231.67720051442973,0.7917,-1.2557569407628062,0.8657,231.67720051442973,232.93295745519254,232.93295745519254,0.8657,231.67720051442973,231.67720051442973,0.7917,-1.2557569407628062,0.8657,231.67720051442973,232.93295745519254,232.93295745519254,False,ok,ok,0.0,1.2222,441,True,False,True,True,True,True,True,175.6531374580792,135.17269891355878,40.48043854452044,180.6,114.9,188.90000000000006,114.9,114.9,188.90000000000006,114.9,1.2222
6_5,209.0,72.0,23,milb,R,31.0,34.0,68.0812,68.2,,5,6,0.6668268835345236,0.7118253718424105,0.8444,0.6694,0.7139,latest_sustained_upward_crossing,latest_sustained_upward_crossing,0.662,zero_baseline_breakout_before_fp100,0.0,4.302693846627456,49.825371842410426,0.7361,2169.6294,233.37420685537214,2169.6294,233.37420685537214,0.6546,-1.311442868916723,0.7361,233.37420685537214,234.68564972428885,234.68564972428885,0.7361,233.37420685537214,233.37420685537214,0.6546,-1.311442868916723,0.7361,233.37420685537214,234.68564972428885,234.68564972428885,False,ok,ok,0.0,1.0278,371,True,False,True,True,True,True,True,177.57311646547646,132.5746281575896,44.99848830788689,182.4,108.30000000000007,189.80000000000007,108.30000000000007,108.30000000000007,189.80000000000007,108.30000000000007,1.0278
8_1,197.0,73.0,25,milb,L,31.5,34.0,65.0445,,94.2,174,8,0.8306383328072985,0.8750177095203123,1.0111,0.8333,0.875,latest_sustained_upward_crossing,latest_sustained_upward_crossing,0.825,zero_baseline_breakout_before_fp100,0.0,4.030617598011725,50.01770952031237,0.9565,1797.734,205.15059924407416,1797.734,205.15059924407416,0.8176,-0.37973311627002726,0.9565,205.15059924407416,205.53033236034418,205.53033236034418,0.9565,205.15059924407416,205.15059924407416,0.8176,-0.37973311627002726,0.9565,205.15059924407416,205.53033236034418,205.53033236034418,False,ok,ok,0.0,1.1361,410,True,False,True,True,True,True,True,180.4616671927016,136.08229047968777,44.37937671301384,186.10000000000016,54.600000000000094,193.5000000000001,54.600000000000094,54.600000000000094,193.5000000000001,54.600000000000094,1.1361
8_2,197.0,73.0,25,milb,L,31.5,34.0,66.4028,,94.7,174,8,0.9655856001842903,1.0057981137226935,1.1472,0.9667,1.0083,latest_sustained_upward_crossing,latest_sustained_upward_crossing,0.9611,zero_baseline_breakout_before_fp100,0.0,4.848072991995144,44.6981137226935,1.0324,1780.7212,203.2091629054281,1780.7212,203.2091629054281,0.9537,-0.6504167777054476,1.0324,203.2091629054281,203.85957968313355,203.85957968313355,1.0324,203.2091629054281,203.2091629054281,0.9537,-0.6504167777054476,1.0324,203.2091629054281,203.85957968313355,203.85957968313355,False,ok,ok,0.0,1.3194,476,True,False,True,True,True,True,True,181.6143998157097,141.40188627730655,40.21251353840316,186.10000000000005,114.80000000000001,193.5,114.80000000000001,114.80000000000001,193.5,114.80000000000001,1.3194
8_3,197.0,73.0,25,milb,L,31.5,34.0,66.337,,97.0,174,8,0.9593517203775426,0.9951715118963441,1.1472,0.9611,0.9972,latest_sustained_upward_crossing,latest_sustained_upward_crossing,0.9528,zero_baseline_breakout_before_fp100,0.0,4.628905417538197,42.37151189634414,1.0917,1747.4497,199.41234526569426,1747.4497,199.41234526569426,0.3278,-0.09640537823804515,1.0917,199.41234526569426,199.5087506439323,199.5087506439323,1.0917,199.41234526569426,199.41234526569426,0.3278,-0.09640537823804515,1.0917,199.41234526569426,199.5087506439323,199.5087506439323,False,ok,ok,0.0,1.3194,476,True,False,True,True,True,True,True,187.84827962245743,152.0284881036559,35.819791518801544,194.4,55.50000000000011,819.4,55.50000000000011,55.50000000000011,819.4,55.50000000000011,1.3194
8_4,197.0,73.0,25,milb,L,31.5,34.0,68.7712,,97.1,174,8,1.1030796582900608,1.1421046205409462,1.2806,1.1056,1.1444,latest_sustained_upward_crossing,latest_sustained_upward_crossing,1.0982,zero_baseline_breakout_before_fp100,0.0,4.361843939013959,43.90462054094613,1.2315,1885.496,215.1656664847552,1885.496,215.1656664847552,1.0907,-0.664590011579933,1.2315,215.1656664847552,215.83025649633515,215.83025649633515,1.2315,215.1656664847552,215.1656664847552,1.0907,-0.664590011579933,1.2315,215.1656664847552,215.83025649633515,215.83025649633515,False,ok,ok,0.0,1.4583,526,True,False,True,True,True,True,True,177.52034170993915,138.49537945905377,39.024962250885366,182.3999999999999,49.09999999999992,189.89999999999995,49.09999999999992,49.09999999999992,189.89999999999995,49.09999999999992,1.4583
8_5,197.0,73.0,25,milb,L,31.5,34.0,70.3682,,95.3,174,8,1.1905548247183764,1.2357278398324192,1.3778,1.1917,1.2361,latest_sustained_upward_crossing,latest_sustained_upward_crossing,1.1861,zero_baseline_breakout_before_fp100,0.0,4.880358482969248,49.627839832419255,1.3259,1870.4611,213.44994060730352,1870.4611,213.44994060730352,1.1787,-0.6851195186171303,1.3259,213.44994060730352,214.13506012592066,214.13506012592066,1.3259,213.44994060730352,213.44994060730352,1.1787,-0.6851195186171303,1.3259,213.44994060730352,214.13506012592066,214.13506012592066,False,ok,ok,0.0,1.5694,566,True,False,True,True,True,True,True,187.24517528162355,142.07216016758073,45.17301511404281,191.7,51.899999999999835,199.09999999999982,51.899999999999835,51.899999999999835,199.09999999999982,51.899999999999835,1.5694
17_1,179.0,67.0,21,milb,R,31.0,34.0,70.5241,73.2,96.5,59,17,0.9288382386552253,0.9902907851824416,1.1083,0.9306,0.9944,latest_sustained_upward_crossing,latest_sustained_upward_crossing,0.9167,zero_baseline_breakout_before_fp100,0.0,4.472110489968114,73.59078518244166,1.0361,1618.0803,203.21727491074432,1618.0803,203.21727491074432,0.8889,-1.7617360051973108,1.0361,203.21727491074432,204.97901091594164,204.97901091594164,1.0361,203.21727491074432,203.21727491074432,0.8889,-1.7617360051973108,1.0361,203.21727491074432,204.97901091594164,204.97901091594164,False,ok,ok,0.0,1.5278,551,True,True,True,True,True,True,True,179.46176134477477,118.00921481755844,61.45254652721632,191.6000000000001,72.20000000000005,219.40000000000003,72.20000000000005,72.20000000000005,219.40000000000003,72.20000000000005,1.5278
17_2,179.0,67.0,21,milb,R,31.0,34.0,67.4617,72.8,97.0,59,17,1.0020123343241498,1.070642259046436,1.1917,1.0083,1.0694,latest_sustained_upward_crossing,latest_sustained_upward_crossing,0.9917,zero_baseline_breakout_before_fp100,0.0,3.868336464601814,78.94225904643592,1.1139,1340.6261,168.37136124592766,1340.6261,168.37136124592766,0.9694,-1.977025105900161,1.1139,168.37136124592766,170.34838635182783,170.34838635182783,1.1139,168.37136124592766,168.37136124592766,0.9694,-1.977025105900161,1.1139,168.37136124592766,170.34838635182783,170.34838635182783,False,ok,ok,0.0,1.6,577,True,True,True,True,True,True,True,189.68766567585016,121.05774095356404,68.62992472228613,199.99999999999994,77.8000000000001,222.29999999999995,77.8000000000001,77.8000000000001,222.29999999999995,77.8000000000001,1.6
17_3,179.0,67.0,21,milb,R,31.0,34.0,68.4308,73.3,97.4,59,17,1.1867549819080543,1.267786437171689,1.3833,1.1861,1.2833,latest_sustained_upward_crossing,latest_sustained_upward_crossing,1.1778,zero_baseline_breakout_before_fp100,0.0,4.226815046983193,89.98643717168898,1.3167,1571.2165,197.33157583390485,1571.2165,197.33157583390485,1.1556,-0.9367248615051964,1.3167,197.33157583390485,198.26830069541003,198.26830069541003,1.3167,197.33157583390485,197.33157583390485,1.1556,-0.9367248615051964,1.3167,197.33157583390485,198.26830069541003,198.26830069541003,False,ok,ok,0.0,1.8028,650,True,True,True,True,True,True,True,196.54501809194568,115.51356282831105,81.03145526363464,205.50000000000003,66.6,227.70000000000002,66.6,66.6,227.70000000000002,66.6,1.8028
17_4,179.0,67.0,21,milb,R,31.0,34.0,69.7295,72.7,98.2,59,17,1.1683852540581607,1.2426287331964232,1.3556,1.1722,1.2472,latest_sustained_upward_crossing,latest_sustained_upward_crossing,1.1611,zero_baseline_breakout_before_fp100,0.0,4.56863013742591,81.52873319642318,1.2806,1601.4386,201.1272173753537,1601.4386,201.1272173753537,1.1389,-2.612958113372382,1.2806,201.1272173753537,203.74017548872607,203.74017548872607,1.2806,201.1272173753537,201.1272173753537,1.1389,-2.612958113372382,1.2806,201.1272173753537,203.74017548872607,203.74017548872607,False,ok,ok,0.0,1.8639,672,True,True,True,True,True,True,True,187.21474594183917,112.97126680357673,74.24347913826246,194.4999999999999,74.99999999999996,216.6999999999999,74.99999999999996,74.99999999999996,216.6999999999999,74.99999999999996,1.8639
17_5,179.0,67.0,21,milb,R,31.0,34.0,69.4476,72.8,97.8,59,17,1.0576251325916803,1.1239588948607935,1.2417,1.0611,1.125,latest_sustained_upward_crossing,latest_sustained_upward_crossing,1.05,zero_baseline_breakout_before_fp100,0.0,4.739911945580471,73.95889486079344,1.1694,1564.3318,196.46691542577926,1564.3318,196.46691542577926,1.0278,-1.8961315638614806,1.1694,196.46691542577926,198.36304698964074,198.36304698964074,1.1694,196.46691542577926,196.46691542577926,1.0278,-1.8961315638614806,1.1694,196.46691542577926,198.36304698964074,198.36304698964074,False,ok,ok,0.0,1.7083,616,True,True,True,True,True,True,True,184.07486740831968,117.74110513920655,66.33376226911314,191.7,72.30000000000003,213.89999999999998,72.30000000000003,72.30000000000003,213.89999999999998,72.30000000000003,1.7083
21_1,197.0,68.0,21,college,R,30.0,33.0,66.0905,67.4,84.2,92,21,0.6074561872177109,0.6822158102275927,0.8028,0.6083,0.6833,latest_sustained_upward_crossing,latest_sustained_upward_crossing,0.5991,zero_baseline_breakout_before_fp100,0.0,4.744016457192667,83.11581022759273,0.7111,1566.0028,178.7063118558686,1566.0028,178.7063118558686,0.5861,-0.5973070913512973,0.7111,178.7063118558686,179.3036189472199,179.3036189472199,0.7111,178.7063118558686,178.7063118558686,0.5861,-0.5973070913512973,0.7111,178.7063118558686,179.3036189472199,179.3036189472199,False,ok,ok,0.0,1.3944,503,True,False,True,True,True,True,True,195.34381278228906,120.58418977240726,74.75962300988182,203.7,91.7,216.70000000000002,91.7,91.7,216.70000000000002,91.7,1.3944
21_2,197.0,68.0,21,college,R,30.0,33.0,62.4813,48.1,85.8,92,21,0.5542938853917179,0.6311065168692104,0.75,0.5556,0.6333,latest_sustained_upward_crossing,latest_sustained_upward_crossing,0.538,zero_baseline_breakout_before_fp100,0.0,5.087165928822856,93.10651686921034,0.7028,1510.1489,172.33247620770337,1510.1489,172.33247620770337,0.5176,-0.11053296562662232,0.7028,172.33247620770337,172.44300917332998,172.44300917332998,0.7028,172.33247620770337,172.33247620770337,0.5176,-0.11053296562662232,0.7028,172.33247620770337,172.44300917332998,172.44300917332998,False,ok,ok,0.0,1.5028,542,True,False,True,True,True,True,True,195.70611460828212,118.89348313078962,76.81263147749252,211.99999999999997,47.20000000000002,232.40000000000006,47.20000000000002,47.20000000000002,232.40000000000006,47.20000000000002,1.5028
21_3,197.0,68.0,21,college,R,30.0,33.0,68.7228,68.4,86.5,92,21,0.4673727768074147,0.5248506676032922,0.6556,0.4667,0.525,latest_sustained_upward_crossing,latest_sustained_upward_crossing,0.4593,zero_baseline_breakout_before_fp100,0.0,4.615307463640526,65.55066760329225,0.5648,1682.4058,191.989781603789,1682.4058,191.989781603789,0.4463,-0.41080696155201085,0.5648,191.989781603789,192.400588565341,192.400588565341,0.5648,191.989781603789,191.989781603789,0.4463,-0.41080696155201085,0.5648,191.989781603789,192.400588565341,192.400588565341,False,ok,ok,0.0,1.3194,476,True,False,True,True,True,True,True,188.22722319258529,130.74933239670773,57.47789079587756,196.29999999999998,90.8,209.29999999999998,90.8,90.8,209.29999999999998,90.8,1.3194
21_4,197.0,68.0,21,college,R,30.0,33.0,68.1827,68.9,90.3,92,21,0.47893659064220406,0.5280907254987535,0.6667,0.4806,0.5306,latest_sustained_upward_crossing,latest_sustained_upward_crossing,0.4732,zero_baseline_breakout_before_fp100,0.0,4.405992817421227,54.890725498753454,0.5676,1640.7157,187.232265198389,1640.7157,187.232265198389,0.463,-0.8205184074422257,0.5676,187.232265198389,188.05278360583122,188.05278360583122,0.5676,187.232265198389,187.232265198389,0.463,-0.8205184074422257,0.5676,187.232265198389,188.05278360583122,188.05278360583122,False,ok,ok,0.0,1.3194,476,True,False,True,True,True,True,True,187.7634093577959,138.6092745012465,49.154134856549405,193.49999999999994,99.09999999999997,203.69999999999993,99.09999999999997,99.09999999999997,203.69999999999993,99.09999999999997,1.3194
21_5,197.0,68.0,21,college,R,30.0,33.0,64.1874,71.1,83.1,92,21,0.39452071883812534,0.45919278821162934,0.5889,0.3972,0.4611,latest_sustained_upward_crossing,latest_sustained_upward_crossing,0.3898,zero_baseline_breakout_before_fp100,0.0,4.833991051092474,69.39278821162937,0.4889,1667.9662,190.34198910899016,1667.9662,190.34198910899016,0.3806,-1.0859298997552531,0.4889,190.34198910899016,191.42791900874542,191.42791900874542,0.4889,190.34198910899016,190.34198910899016,0.3806,-1.0859298997552531,0.4889,190.34198910899016,191.42791900874542,191.42791900874542,False,ok,ok,0.0,1.15,415,True,False,True,True,True,True,True,194.37928116187464,129.70721178837064,64.672069373504,199.1,99.99999999999997,208.29999999999998,99.99999999999997,99.99999999999997,208.29999999999998,99.99999999999997,1.15
23_1,158.0,70.0,20,college,L,30.0,33.0,58.7368,59.7,82.1,109,23,1.1061683027110167,1.1651902335382494,1.2917,1.1083,1.1667,latest_sustained_upward_crossing,latest_sustained_upward_crossing,1.0917,zero_baseline_breakout_before_fp100,0.0,3.539994280530461,73.49023353824946,1.225,1038.5805,147.7735345106934,1038.5805,147.7735345106934,1.0741,-1.3353651220004223,1.225,147.7735345106934,149.1088996326938,149.1088996326938,1.225,147.7735345106934,147.7735345106934,1.0741,-1.3353651220004223,1.225,147.7735345106934,149.1088996326938,149.1088996326938,False,ok,ok,0.0,1.9083,688,True,False,True,True,True,True,True,185.53169728898334,126.50976646175071,59.021930827232616,200.00000000000017,66.69999999999999,217.60000000000002,66.69999999999999,66.69999999999999,217.60000000000002,66.69999999999999,1.9083
23_2,158.0,70.0,20,college,L,30.0,33.0,60.8459,60.7,82.5,109,23,1.18513543033844,1.442068865325973,1.5583,1.1861,1.4444,latest_sustained_upward_crossing,latest_sustained_upward_crossing,1.3343,last_local_min_after_zero_baseline_plus5bw_breakout,2.0,17.4642475919934,107.76886532597297,1.4898,1101.5218,156.72908332727326,1101.5218,156.72908332727326,0.8593,-1.1652928880227655,1.4898,156.72908332727326,157.89437621529603,157.89437621529603,1.4898,156.72908332727326,156.72908332727326,0.8593,-1.1652928880227655,1.4898,156.72908332727326,157.89437621529603,157.89437621529603,False,ok,ok,0.0,2.2444,809,True,False,True,True,True,True,True,373.16456966156,116.23113467402702,256.93343498753296,223.99999999999997,68.5,699.0000000000001,68.5,68.5,699.0000000000001,68.5,2.2444
23_3,158.0,70.0,20,college,L,30.0,33.0,59.8086,59.8,80.2,109,23,1.2077205746888136,1.2752701570972116,1.4056,1.2083,1.2778,latest_sustained_upward_crossing,latest_sustained_upward_crossing,1.1926,zero_baseline_breakout_before_fp100,0.0,3.922035569310739,82.67015709721149,1.338,902.1404,128.36027205680324,902.1404,128.36027205680324,0.4667,-1.0835933341451027,1.338,128.36027205680324,129.44386539094833,129.44386539094833,1.338,128.36027205680324,128.36027205680324,0.4667,-1.0835933341451027,1.338,128.36027205680324,129.44386539094833,129.44386539094833,False,ok,ok,0.0,2.1056,759,True,False,True,True,True,True,True,197.8794253111864,130.32984290278839,67.54958240839804,212.99999999999986,67.59999999999988,938.9,67.59999999999988,67.59999999999988,938.9,67.59999999999988,2.1056
23_4,158.0,70.0,20,college,L,30.0,33.0,60.2192,61.0,79.4,109,23,1.4087713365460688,1.4683478999622794,1.5944,1.4111,1.4694,latest_sustained_upward_crossing,latest_sustained_upward_crossing,1.4019,zero_baseline_breakout_before_fp100,0.0,3.842928097699545,66.44789996227951,1.5028,900.2179,128.08673079534415,900.2179,128.08673079534415,2.3389,-1.91864473044015,1.5028,128.08673079534415,130.0053755257843,130.0053755257843,1.5028,128.08673079534415,128.08673079534415,1.3889,-1.407972719255336,1.5028,128.08673079534415,129.49470351459948,129.49470351459948,False,ok,ok,0.0,2.3667,853,True,False,True,True,True,True,True,185.62866345393127,126.0521000377206,59.57656341621065,192.5000000000001,91.60000000000012,-744.5000000000001,91.60000000000012,91.60000000000012,205.50000000000003,91.60000000000012,2.3667
23_5,158.0,70.0,20,college,L,30.0,33.0,59.554,60.9,84.5,109,23,1.304538399476709,1.3670177107410464,1.5056,1.3056,1.3694,latest_sustained_upward_crossing,latest_sustained_upward_crossing,1.2907,zero_baseline_breakout_before_fp100,0.0,3.6094699527478777,76.31771074104643,1.438,830.4552,118.16060493797522,830.4552,118.16060493797522,0.6722,-1.2575072399351885,1.438,118.16060493797522,119.41811217791042,119.41811217791042,1.438,118.16060493797522,118.16060493797522,0.6722,-1.2575072399351885,1.438,118.16060493797522,119.41811217791042,119.41811217791042,False,ok,ok,0.0,2.2028,794,True,False,True,True,True,True,True,201.06160052329102,138.58228925895367,62.47931126433737,214.9000000000001,67.60000000000011,833.4,67.60000000000011,67.60000000000011,833.4,67.60000000000011,2.2028
24_1,212.0,73.0,19,college,R,31.0,34.0,68.4138,71.0,95.5,116,24,1.4421227006543134,1.6663838408219485,1.7833,1.4444,1.6667,latest_sustained_upward_crossing,latest_sustained_upward_crossing,1.5982,last_local_min_before_fp100_plus5bw_breakout,12.0,27.459990726673436,68.1838408219484,1.7287,1678.85,178.0285349620743,1678.85,178.0285349620743,1.4278,-0.6440246009978055,1.7287,178.0285349620743,178.6725595630721,178.6725595630721,1.7287,178.0285349620743,178.0285349620743,1.4278,-0.6440246009978055,1.7287,178.0285349620743,178.6725595630721,178.6725595630721,False,ok,ok,0.0,2.3278,839,True,True,True,True,True,True,True,341.1772993456867,116.91615917805164,224.2611401676351,185.10000000000005,54.60000000000021,355.50000000000017,54.60000000000021,54.60000000000021,355.50000000000017,54.60000000000021,2.3278
24_2,212.0,73.0,19,college,R,31.0,34.0,67.8255,71.7,95.5,116,24,1.02070470654529,1.1295738696600857,1.2444,0.9611,1.1306,latest_sustained_upward_crossing,latest_sustained_upward_crossing,1.0343,last_local_min_before_fp100_plus5bw_breakout,11.0,13.878565755284749,95.27386966008567,1.1583,1782.2005,188.988023959065,1782.2005,188.988023959065,0.9472,-0.8278165161756161,1.1583,188.988023959065,189.8158404752406,189.8158404752406,1.1583,188.988023959065,188.988023959065,0.9472,-0.8278165161756161,1.1583,188.988023959065,189.8158404752406,189.8158404752406,False,ok,ok,0.0,1.6472,594,True,True,True,True,True,True,True,223.69529345470986,114.82613033991429,108.86916311479555,210.09999999999997,86.09999999999984,297.19999999999993,86.09999999999984,86.09999999999984,297.19999999999993,86.09999999999984,1.6472
24_3,212.0,73.0,19,college,R,31.0,34.0,67.8871,74.5,92.4,116,24,0.9448937337130262,1.1545513877068536,1.2694,0.9472,1.1556,latest_sustained_upward_crossing,latest_sustained_upward_crossing,1.0222,last_local_min_before_fp100_plus5bw_breakout,13.0,15.387323195628008,132.35138770685361,1.188,1855.9083,196.8041431175828,1855.9083,196.8041431175828,0.9259,-0.7200884948110087,1.188,196.8041431175828,197.5242316123938,197.5242316123938,1.188,196.8041431175828,196.8041431175828,0.9259,-0.7200884948110087,1.188,196.8041431175828,197.5242316123938,197.5242316123938,False,ok,ok,0.0,1.7111,617,True,True,True,True,True,True,True,324.50626628697387,114.84861229314647,209.6576539938274,247.20000000000007,81.40000000000013,343.5000000000001,81.40000000000013,81.40000000000013,343.5000000000001,81.40000000000013,1.7111
24_4,212.0,73.0,19,college,R,31.0,34.0,68.6049,69.7,92.5,116,24,2.0944193998553793,2.27057273407147,2.3861,2.0944,2.2722,latest_sustained_upward_crossing,latest_sustained_upward_crossing,2.1926,last_local_min_after_zero_baseline_plus5bw_breakout,1.0,17.390343432475763,77.97273407146976,2.3074,1702.2959,180.51478401819446,1702.2959,180.51478401819446,2.0722,-0.82125251920498,2.3074,180.51478401819446,181.33603653739945,181.33603653739945,2.3074,180.51478401819446,180.51478401819446,2.0722,-0.82125251920498,2.3074,180.51478401819446,181.33603653739945,181.33603653739945,False,ok,ok,0.0,2.7778,1001,True,True,True,True,True,True,True,291.6806001446206,115.52726592853003,176.15333421609057,193.49999999999977,78.69999999999999,313.89999999999986,78.69999999999999,78.69999999999999,313.89999999999986,78.69999999999999,2.7778
24_5,212.0,73.0,19,college,R,31.0,34.0,68.6981,71.1,98.8,116,24,0.984223824547631,1.1700397429389022,1.2833,0.9861,1.1722,latest_sustained_upward_crossing,latest_sustained_upward_crossing,1.0491,last_local_min_after_zero_baseline_plus5bw_breakout,1.0,17.26778637946781,120.9397429389023,1.2222,1749.2668,185.4956700490192,1749.2668,185.4956700490192,0.9676,-0.8726086376682927,1.2222,185.4956700490192,186.3682786866875,186.3682786866875,1.2222,185.4956700490192,185.4956700490192,0.9676,-0.8726086376682927,1.2222,185.4956700490192,186.3682786866875,186.3682786866875,False,ok,ok,0.0,1.6667,601,True,True,True,True,True,True,True,299.0761754523691,113.26025706109787,185.8159183912712,234.2000000000002,61.10000000000015,315.7000000000001,61.10000000000015,61.10000000000015,315.7000000000001,61.10000000000015,1.6667
25_1,148.0,68.0,19,college,R,30.0,33.0,57.6494,63.8,80.9,123,25,1.021765304287196,1.0457153140275812,1.1611,1.0222,1.0472,latest_sustained_upward_crossing,latest_sustained_upward_crossing,1.0167,zero_baseline_breakout_before_fp100,0.0,4.1378605695812904,29.015314027581283,1.0667,1447.6921,219.9014398188584,1447.6921,219.9014398188584,1.0093,-1.098935986911509,1.0667,219.9014398188584,221.0003758057699,221.0003758057699,1.0667,219.9014398188584,219.9014398188584,1.0093,-1.098935986911509,1.0667,219.9014398188584,221.0003758057699,221.0003758057699,False,ok,ok,0.0,1.8306,660,True,True,True,True,True,True,True,139.3346957128041,115.3846859724188,23.950009740385305,144.4000000000001,94.40000000000003,151.79999999999993,94.40000000000003,94.40000000000003,151.79999999999993,94.40000000000003,1.8306
25_2,148.0,68.0,19,college,R,30.0,33.0,57.9052,64.5,81.2,123,25,0.8416663451051717,0.8696890772250555,0.9861,0.8444,0.8694,latest_sustained_upward_crossing,latest_sustained_upward_crossing,0.837,zero_baseline_breakout_before_fp100,0.0,4.136073535057461,32.68907722505554,0.9287,1331.9752,202.3242817191666,1331.9752,202.3242817191666,0.8306,-1.810137306153271,0.9287,202.3242817191666,204.1344190253199,204.1344190253199,0.9287,202.3242817191666,202.3242817191666,0.8306,-1.810137306153271,0.9287,202.3242817191666,204.1344190253199,204.1344190253199,False,ok,ok,0.0,1.6944,611,True,True,True,True,True,True,True,144.4336548948283,116.41092277494447,28.02273211988382,149.10000000000002,57.400000000000006,155.49999999999997,57.400000000000006,57.400000000000006,155.49999999999997,57.400000000000006,1.6944
25_3,148.0,68.0,19,college,R,30.0,33.0,57.1854,62.6,78.8,123,25,0.9140627298591262,0.93793063796891,1.0556,0.9167,0.9389,latest_sustained_upward_crossing,latest_sustained_upward_crossing,0.9093,zero_baseline_breakout_before_fp100,0.0,4.275496181572092,28.630637968909966,1.0,1362.3273,206.93470301767744,1362.3273,206.93470301767744,0.9019,-1.5258755114822828,1.0,206.93470301767744,208.4605785291597,208.4605785291597,1.0,206.93470301767744,206.93470301767744,0.9019,-1.5258755114822828,1.0,206.93470301767744,208.4605785291597,208.4605785291597,False,ok,ok,0.0,1.6667,601,True,True,True,True,True,True,True,141.53727014087391,117.66936203109013,23.867908109783787,146.3000000000001,55.600000000000094,153.70000000000005,55.600000000000094,55.600000000000094,153.70000000000005,55.600000000000094,1.6667
25_4,148.0,68.0,19,college,R,30.0,33.0,57.0072,66.9,82.5,123,25,0.9970763846778087,1.0245024594337342,1.1417,0.9972,1.025,latest_sustained_upward_crossing,latest_sustained_upward_crossing,0.9917,zero_baseline_breakout_before_fp100,0.0,4.094400783479026,32.802459433734164,1.0898,1477.1406,224.37460614373202,1477.1406,224.37460614373202,0.9833,-1.2638819540127304,1.0898,224.37460614373202,225.63848809774476,225.63848809774476,1.0898,224.37460614373202,224.37460614373202,0.9833,-1.2638819540127304,1.0898,224.37460614373202,225.63848809774476,225.63848809774476,False,ok,ok,0.0,1.7167,619,True,True,True,True,True,True,True,144.62361532219126,117.19754056626574,27.426074755925512,149.99999999999991,51.899999999999835,158.39999999999998,51.899999999999835,51.899999999999835,158.39999999999998,51.899999999999835,1.7167
25_5,148.0,68.0,19,college,R,30.0,33.0,55.7922,71.7,80.0,123,25,1.3451244922553007,1.3723744339041424,1.4944,1.3472,1.3722,latest_sustained_upward_crossing,latest_sustained_upward_crossing,1.3389,zero_baseline_breakout_before_fp100,0.0,4.347248298255621,33.4744339041424,1.4324,1319.1727,200.3796084124041,1319.1727,200.3796084124041,1.3269,-0.3358159536489369,1.4324,200.3796084124041,200.71542436605304,200.71542436605304,1.4324,200.3796084124041,200.3796084124041,1.3269,-0.3358159536489369,1.4324,200.3796084124041,200.71542436605304,200.71542436605304,False,ok,ok,0.0,2.3028,830,True,True,True,True,True,True,True,149.2755077446992,122.02556609585757,27.24994164884165,155.49999999999997,62.00000000000006,167.49999999999997,62.00000000000006,62.00000000000006,167.49999999999997,62.00000000000006,2.3028
33_1,190.0,72.0,24,college,R,31.0,34.0,67.8606,71.2,96.1,139,33,1.0886887244370562,1.1174927930678304,1.2444,1.0889,1.1194,latest_sustained_upward_crossing,latest_sustained_upward_crossing,1.0824,zero_baseline_breakout_before_fp100,0.0,4.93981390705105,35.09279306783042,1.1685,1848.478,218.7128344838824,1848.478,218.7128344838824,1.0639,0.14856321523867894,1.1685,218.7128344838824,218.56427126864372,218.7128344838824,1.1685,218.7128344838824,218.7128344838824,1.0639,0.14856321523867894,1.1685,218.7128344838824,218.56427126864372,218.7128344838824,False,ok,ok,0.0,1.6833,607,True,True,True,True,True,True,True,155.71127556294374,126.9072069321695,28.804068630774225,161.99999999999991,75.89999999999986,180.4999999999999,75.89999999999986,75.89999999999986,180.4999999999999,75.89999999999986,1.6833
33_2,190.0,72.0,24,college,R,31.0,34.0,64.7291,,90.1,139,33,1.3659044381292453,1.390622103464813,1.5194,1.3667,1.3917,latest_sustained_upward_crossing,latest_sustained_upward_crossing,1.3611,zero_baseline_breakout_before_fp100,0.0,4.738913360251632,29.522103464812986,1.4444,1718.8251,203.3722390004331,1718.8251,203.3722390004331,1.3528,-0.3928477120384372,1.4444,203.3722390004331,203.76508671247154,203.76508671247154,1.4444,203.3722390004331,203.3722390004331,1.3528,-0.3928477120384372,1.4444,203.3722390004331,203.76508671247154,203.76508671247154,False,ok,ok,0.0,2.125,766,True,True,True,True,True,True,True,153.49556187075476,128.77789653518712,24.71766533556763,158.3000000000001,75.00000000000017,166.60000000000008,75.00000000000017,75.00000000000017,166.60000000000008,75.00000000000017,2.125
33_3,190.0,72.0,24,college,R,31.0,34.0,67.5595,69.7,90.5,139,33,1.1292177707466777,1.1546910613676866,1.2833,1.1306,1.1556,latest_sustained_upward_crossing,latest_sustained_upward_crossing,1.1241,zero_baseline_breakout_before_fp100,0.0,4.693543713921082,30.59106136768652,1.1843,1774.5576,209.9665360642191,1774.5576,209.9665360642191,1.1157,0.012944262302573648,1.1843,209.9665360642191,209.95359180191653,209.9665360642191,1.1843,209.9665360642191,209.9665360642191,1.1157,0.012944262302573648,1.1843,209.9665360642191,209.95359180191653,209.9665360642191,False,ok,ok,0.0,1.8056,651,True,True,True,True,True,True,True,154.08222925332237,128.60893863231348,25.473290621008893,159.20000000000002,99.0000000000002,167.6000000000002,99.0000000000002,99.0000000000002,167.6000000000002,99.0000000000002,1.8056
33_4,190.0,72.0,24,college,R,31.0,34.0,68.8345,67.3,89.1,139,33,1.1977887433793994,1.2244884364838267,1.3528,1.2,1.225,latest_sustained_upward_crossing,latest_sustained_upward_crossing,1.1917,zero_baseline_breakout_before_fp100,0.0,4.632598218248168,32.78843648382668,1.2815,1734.0223,205.170379247825,1734.0223,205.170379247825,1.1759,0.10610982114212111,1.2815,205.170379247825,205.06426942668287,205.170379247825,1.2815,205.170379247825,205.170379247825,1.1759,0.10610982114212111,1.2815,205.170379247825,205.06426942668287,205.170379247825,False,ok,ok,0.0,2.0639,744,True,True,True,True,True,True,True,155.01125662060056,128.31156351617335,26.69969310442721,161.10000000000002,71.29999999999993,176.90000000000006,71.29999999999993,71.29999999999993,176.90000000000006,71.29999999999993,2.0639
33_5,190.0,72.0,24,college,R,31.0,34.0,67.3466,67.9,93.0,139,33,1.2611051433629792,1.2890771351594739,1.4083,1.2611,1.2917,latest_sustained_upward_crossing,latest_sustained_upward_crossing,1.2556,zero_baseline_breakout_before_fp100,0.0,5.2132045499542246,33.47713515947382,1.3472,1720.8268,203.6090811380114,1720.8268,203.6090811380114,1.2426,-0.21249177942588685,1.3472,203.6090811380114,203.82157291743727,203.82157291743727,1.3472,203.6090811380114,203.6090811380114,1.2426,-0.21249177942588685,1.3472,203.6090811380114,203.82157291743727,203.82157291743727,False,ok,ok,0.0,2.0861,752,True,True,True,True,True,True,True,147.19485663702093,119.22286484052624,27.971991796494677,152.70000000000005,61.10000000000015,165.7000000000002,61.10000000000015,61.10000000000015,165.7000000000002,61.10000000000015,2.0861
36_1,194.0,74.0,20,college,L,30.0,33.0,69.8842,72.5,95.4,142,36,1.8352148445289476,1.8912264063261301,2.0167,1.8361,1.8917,latest_sustained_upward_crossing,latest_sustained_upward_crossing,1.8306,zero_baseline_breakout_before_fp100,0.0,4.681833012752194,60.626406326130144,1.9398,1851.3189,214.53249754939324,1851.3189,214.53249754939324,1.8222,-1.1403491579080807,1.9398,214.53249754939324,215.67284670730132,215.67284670730132,1.9398,214.53249754939324,214.53249754939324,1.8222,-1.1403491579080807,1.9398,214.53249754939324,215.67284670730132,215.67284670730132,False,ok,ok,0.0,2.7611,995,True,True,True,True,True,True,True,181.4851554710526,125.47359367387001,56.01156179718259,186.10000000000016,76.90000000000019,194.5000000000001,76.90000000000019,76.90000000000019,194.5000000000001,76.90000000000019,2.7611
36_2,194.0,74.0,20,college,L,30.0,33.0,69.1246,72.1,96.0,142,36,1.2715967205501577,1.3263489776269195,1.4556,1.2722,1.3278,latest_sustained_upward_crossing,latest_sustained_upward_crossing,1.2667,zero_baseline_breakout_before_fp100,0.0,5.1057117064328565,59.64897762691956,1.3806,1822.2768,211.1670729069509,1822.2768,211.1670729069509,1.2565,-0.8948207101578555,1.3806,211.1670729069509,212.06189361710875,212.06189361710875,1.3806,211.1670729069509,211.1670729069509,1.2565,-0.8948207101578555,1.3806,211.1670729069509,212.06189361710875,212.06189361710875,False,ok,ok,0.0,1.9444,701,True,True,True,True,True,True,True,184.0032794498423,129.2510223730805,54.75225707676179,188.90000000000006,74.99999999999996,199.10000000000005,74.99999999999996,74.99999999999996,199.10000000000005,74.99999999999996,1.9444
36_3,194.0,74.0,20,college,L,30.0,33.0,72.5922,75.2,97.9,142,36,1.5481642673790628,1.6058723757426243,1.7306,1.55,1.6083,latest_sustained_upward_crossing,latest_sustained_upward_crossing,1.5426,zero_baseline_breakout_before_fp100,0.0,4.628690714350614,63.27237574262434,1.6528,1840.4718,213.27552585523074,1840.4718,213.27552585523074,1.5333,-0.712702290069006,1.6528,213.27552585523074,213.98822814529976,213.98822814529976,1.6528,213.27552585523074,213.27552585523074,1.5333,-0.712702290069006,1.6528,213.27552585523074,213.98822814529976,213.98822814529976,False,ok,ok,0.0,2.3639,852,True,True,True,True,True,True,True,182.43573262093716,124.7276242573756,57.70810836356155,187.99999999999994,77.79999999999987,197.2999999999998,77.79999999999987,77.79999999999987,197.2999999999998,77.79999999999987,2.3639
36_4,194.0,74.0,20,college,L,30.0,33.0,72.4115,72.9,93.8,142,36,2.539698603373688,2.597990824020004,2.7222,2.5417,2.6,latest_sustained_upward_crossing,latest_sustained_upward_crossing,2.5343,zero_baseline_breakout_before_fp100,0.0,5.011963377890795,63.69082402000403,2.6491,1942.4133,225.08859847007386,1942.4133,225.08859847007386,2.5241,-0.5868324581139869,2.6491,225.08859847007386,225.67543092818784,225.67543092818784,2.6491,225.08859847007386,225.08859847007386,2.5241,-0.5868324581139869,2.6491,225.08859847007386,225.67543092818784,225.67543092818784,False,ok,ok,0.0,3.3861,1220,True,True,True,True,True,True,True,182.50139662631204,124.20917597999592,58.29222064631612,187.89999999999995,73.10000000000016,198.10000000000016,73.10000000000016,73.10000000000016,198.10000000000016,73.10000000000016,3.3861
36_5,194.0,74.0,20,college,L,30.0,33.0,72.1136,74.4,93.9,142,36,1.646478266104489,1.7030665134244412,1.8333,1.6472,1.7056,latest_sustained_upward_crossing,latest_sustained_upward_crossing,1.6398,zero_baseline_breakout_before_fp100,0.0,5.467594801066235,63.26651342444123,1.7713,1810.4322,209.7945100165307,1810.4322,209.7945100165307,1.6278,-0.35721445772835764,1.7713,209.7945100165307,210.15172447425905,210.15172447425905,1.7713,209.7945100165307,209.7945100165307,1.6278,-0.35721445772835764,1.7713,209.7945100165307,210.15172447425905,210.15172447425905,False,ok,ok,0.0,2.3472,846,True,True,True,True,True,True,True,186.82173389551093,130.23348657555877,56.58824731995216,193.5,61.99999999999983,205.50000000000003,61.99999999999983,61.99999999999983,205.50000000000003,61.99999999999983,2.3472
42_1,213.0,76.0,23,college,R,31.0,34.0,79.8418,79.4,103.9,145,42,1.1611769267930943,1.2162202835120088,1.3528,1.1639,1.2167,latest_sustained_upward_crossing,latest_sustained_upward_crossing,1.15,zero_baseline_breakout_before_fp100,0.0,4.347862077495887,66.22028351200893,1.2537,2059.2877,217.34567670005762,2059.2877,217.34567670005762,1.1352,-0.6659938553243598,1.2537,217.34567670005762,218.01167055538198,218.01167055538198,1.2537,217.34567670005762,217.34567670005762,1.1352,-0.6659938553243598,1.2537,217.34567670005762,218.01167055538198,218.01167055538198,False,ok,ok,0.0,1.85,667,True,True,True,True,True,True,True,191.62307320690576,136.57971648799116,55.04335671891458,202.8000000000001,99.09999999999997,217.60000000000002,99.09999999999997,99.09999999999997,217.60000000000002,99.09999999999997,1.85
42_2,213.0,76.0,23,college,R,31.0,34.0,79.2,79.4,101.8,145,42,1.0991006033978779,1.1444245144613059,1.275,1.1,1.1472,latest_sustained_upward_crossing,latest_sustained_upward_crossing,1.0926,zero_baseline_breakout_before_fp100,0.0,4.167227067318211,51.82451446130587,1.1824,2383.5004,251.56441586712629,2383.5004,251.56441586712629,1.0824,-0.9902570083192459,1.1824,251.56441586712629,252.55467287544553,252.55467287544553,1.1824,251.56441586712629,251.56441586712629,1.0824,-0.9902570083192459,1.1824,251.56441586712629,252.55467287544553,252.55467287544553,False,ok,ok,0.0,1.8028,650,True,True,True,True,True,True,True,175.89939660212207,130.575485538694,45.323911063428035,182.3999999999999,92.60000000000002,192.59999999999988,92.60000000000002,92.60000000000002,192.59999999999988,92.60000000000002,1.8028
42_3,213.0,76.0,23,college,R,31.0,34.0,76.5585,78.0,104.8,145,42,1.9858298439546143,2.044161410268867,2.1806,1.9861,2.0444,latest_sustained_upward_crossing,latest_sustained_upward_crossing,1.9778,zero_baseline_breakout_before_fp100,0.0,4.296296953005626,66.36141026886722,2.0815,2108.7288,222.56389333695358,2108.7288,222.56389333695358,1.9639,-0.37972658003612964,2.0815,222.56389333695358,222.94361991698972,222.94361991698972,2.0815,222.56389333695358,222.56389333695358,1.9639,-0.37972658003612964,2.0815,222.56389333695358,222.94361991698972,222.94361991698972,False,ok,ok,0.0,2.6611,959,True,True,True,True,True,True,True,194.77015604538585,136.43858973113288,58.33156631425296,202.8000000000001,99.09999999999997,216.7000000000001,99.09999999999997,99.09999999999997,216.7000000000001,99.09999999999997,2.6611
42_4,213.0,76.0,23,college,R,31.0,34.0,79.5106,70.8,98.2,145,42,1.153305958145655,1.209446861298203,1.3528,1.1556,1.2111,latest_sustained_upward_crossing,latest_sustained_upward_crossing,1.1444,zero_baseline_breakout_before_fp100,0.0,4.568135107480451,65.04686129820291,1.2454,2304.7147,243.2490496942561,2304.7147,243.2490496942561,1.1259,-0.30752385798300935,1.2454,243.2490496942561,243.5565735522391,243.5565735522391,1.2454,243.2490496942561,243.2490496942561,1.1259,-0.30752385798300935,1.2454,243.2490496942561,243.5565735522391,243.5565735522391,False,ok,ok,0.0,2.0972,756,True,True,True,True,True,True,True,199.49404185434494,143.353138701797,56.140903152547935,208.39999999999992,107.39999999999993,226.9000000000001,107.39999999999993,107.39999999999993,226.9000000000001,107.39999999999993,2.0972
42_5,213.0,76.0,23,college,R,31.0,34.0,80.8545,80.8,104.8,145,42,1.5375631192976826,1.5830425722635717,1.7278,1.5389,1.5833,latest_sustained_upward_crossing,latest_sustained_upward_crossing,1.5296,zero_baseline_breakout_before_fp100,0.0,4.363192048285638,53.442572263571634,1.6333,1978.8261,208.85342916205244,1978.8261,208.85342916205244,1.5157,-0.4602250687218698,1.6333,208.85342916205244,209.31365423077432,209.31365423077432,1.6333,208.85342916205244,208.85342916205244,1.5157,-0.4602250687218698,1.6333,208.85342916205244,209.31365423077432,209.31365423077432,False,ok,ok,0.0,2.3444,845,True,True,True,True,True,True,True,190.23688070231736,144.7574277364283,45.47945296588907,198.19999999999993,94.50000000000003,212.09999999999997,94.50000000000003,94.50000000000003,212.09999999999997,94.50000000000003,2.3444
43_1,196.0,70.0,20,college,R,30.0,33.0,65.4436,72.7,91.6,146,43,2.0022201609228087,2.0389435497708868,2.1722,2.0139,2.0417,latest_sustained_upward_crossing,latest_sustained_upward_crossing,1.9954,zero_baseline_breakout_before_fp100,0.0,4.16094028457196,43.5435497708867,2.0907,2115.6274,242.65916315436994,2115.6274,242.65916315436994,1.9852,-0.813280761188088,2.0907,242.65916315436994,243.47244391555802,243.47244391555802,2.0907,242.65916315436994,242.65916315436994,1.9852,-0.813280761188088,2.0907,242.65916315436994,243.47244391555802,243.47244391555802,False,ok,ok,0.0,2.6694,962,True,True,True,True,True,True,True,169.9798390771914,133.25645022911337,36.72338884807802,176.80000000000007,81.50000000000013,187.00000000000006,81.50000000000013,81.50000000000013,187.00000000000006,81.50000000000013,2.6694
43_2,196.0,70.0,20,college,R,30.0,33.0,66.2155,68.7,88.1,146,43,1.1861,1.225,1.3472,,,,,,,,,,,,,,,,,,,,,,,,,,,,,,,,,0.0,1.9667,709,True,True,False,True,True,True,True,161.10000000000002,122.19999999999986,38.900000000000155,,,,,,,,1.9667
43_3,196.0,70.0,20,college,R,30.0,33.0,64.0936,67.4,89.8,146,43,1.2278,1.2583,1.3917,,,,,,,,,,,,,,,,,,,,,,,,,,,,,,,,,0.0,2.0,721,True,True,False,True,True,True,True,163.89999999999992,133.39999999999998,30.49999999999997,,,,,,,,2.0
43_4,196.0,70.0,20,college,R,30.0,33.0,65.2047,67.6,91.7,146,43,1.3013227163638361,1.3433699989684706,1.4806,1.3028,1.3444,latest_sustained_upward_crossing,latest_sustained_upward_crossing,1.2954,zero_baseline_breakout_before_fp100,0.0,4.676166353347716,47.96999896847054,1.4056,2217.6994,254.3666623583852,2217.6994,254.3666623583852,1.2843,-0.5583520076528944,1.4056,254.3666623583852,254.9250143660381,254.9250143660381,1.4056,254.3666623583852,254.3666623583852,1.2843,-0.5583520076528944,1.4056,254.3666623583852,254.9250143660381,254.9250143660381,False,ok,ok,0.0,2.025,730,True,True,True,True,True,True,True,179.2772836361638,137.23000103152927,42.04728260463453,185.19999999999982,74.99999999999996,196.29999999999993,74.99999999999996,74.99999999999996,196.29999999999993,74.99999999999996,2.025
45_1,188.0,70.0,18,college,R,30.0,33.0,64.2132,69.4,87.3,147,45,1.9316107578603652,1.990692466018022,2.0972,1.9333,1.9917,latest_sustained_upward_crossing,latest_sustained_upward_crossing,1.9259,zero_baseline_breakout_before_fp100,0.0,4.871787055543426,64.79246601802214,2.0157,1632.8011,195.24909020201335,1632.8011,195.24909020201335,1.9139,-0.34808316620379587,2.0157,195.24909020201335,195.59717336821714,195.59717336821714,2.0157,195.24909020201335,195.24909020201335,1.9139,-0.34808316620379587,2.0157,195.24909020201335,195.59717336821714,195.59717336821714,False,ok,ok,0.0,2.8194,1016,True,True,True,True,True,True,True,165.58924213963476,106.50753398197787,59.0817081576569,171.3,81.50000000000013,183.3,81.50000000000013,81.50000000000013,183.3,81.50000000000013,2.8194
45_2,188.0,70.0,18,college,R,30.0,33.0,65.9396,68.3,91.6,147,45,1.6169789667800756,1.6957190799686257,1.8278,1.6194,1.6972,latest_sustained_upward_crossing,latest_sustained_upward_crossing,1.6083,zero_baseline_breakout_before_fp100,0.0,4.709359780526503,87.41907996862564,1.7352,1473.0886,176.15079322089971,1473.0886,176.15079322089971,1.5713,-0.018726106643139385,1.7352,176.15079322089971,176.16951932754284,176.16951932754284,1.7352,176.15079322089971,176.15079322089971,1.5713,-0.018726106643139385,1.7352,176.15079322089971,176.16951932754284,176.16951932754284,False,ok,ok,0.0,2.55,919,True,True,True,True,True,True,True,210.82103321992452,132.0809200313744,78.74011318855013,219.50000000000003,92.60000000000002,256.50000000000017,92.60000000000002,92.60000000000002,256.50000000000017,92.60000000000002,2.55
45_3,188.0,70.0,18,college,R,30.0,33.0,66.0369,69.5,93.6,147,45,1.6174058773633029,1.6763589879896963,1.8083,1.6194,1.6778,latest_sustained_upward_crossing,latest_sustained_upward_crossing,1.6065,zero_baseline_breakout_before_fp100,0.0,4.698621566116835,69.85898798969626,1.7417,1385.3054,165.65374619231713,1385.3054,165.65374619231713,1.587,-0.32568597735156085,1.7417,165.65374619231713,165.97943216966868,165.97943216966868,1.7417,165.65374619231713,165.65374619231713,1.587,-0.32568597735156085,1.7417,165.65374619231713,165.97943216966868,165.97943216966868,False,ok,ok,0.0,2.4889,897,True,True,True,True,True,True,True,190.89412263669715,131.94101201030372,58.95311062639341,201.79999999999998,66.6,221.30000000000004,66.6,66.6,221.30000000000004,66.6,2.4889
45_4,188.0,70.0,18,college,R,30.0,33.0,66.9204,69.1,85.9,147,45,1.930224150867992,1.978927381095421,2.1028,1.9306,1.9806,latest_sustained_upward_crossing,latest_sustained_upward_crossing,1.9232,zero_baseline_breakout_before_fp100,0.0,4.490060626074859,55.72738109542108,2.0028,1385.8154,165.71473159709362,1385.8154,165.71473159709362,1.9093,-0.21532631055109253,2.0028,165.71473159709362,165.9300579076447,165.9300579076447,2.0028,165.71473159709362,165.71473159709362,1.9093,-0.21532631055109253,2.0028,165.71473159709362,165.9300579076447,165.9300579076447,False,ok,ok,0.0,2.8306,1020,True,True,True,True,True,True,True,172.57584913200773,123.87261890457867,48.70323022742906,179.59999999999977,99.99999999999964,193.49999999999977,99.99999999999964,99.99999999999964,193.49999999999977,99.99999999999964,2.8306
45_5,188.0,70.0,18,college,R,30.0,33.0,66.2525,71.9,90.3,147,45,1.6282349008884045,1.6742721682260286,1.8167,1.6306,1.675,latest_sustained_upward_crossing,latest_sustained_upward_crossing,1.6204,zero_baseline_breakout_before_fp100,0.0,4.799318528125898,53.872168226028585,1.6972,1532.0591,183.20243991182724,1532.0591,183.20243991182724,1.5232,-0.1281410975656971,1.6972,183.20243991182724,183.33058100939294,183.33058100939294,1.6972,183.20243991182724,183.20243991182724,1.5232,-0.1281410975656971,1.6972,183.20243991182724,183.33058100939294,183.33058100939294,False,ok,ok,0.0,2.6361,950,True,True,True,True,True,True,True,188.4650991115955,142.42783177397135,46.037267337624144,196.29999999999993,119.49999999999994,293.4999999999999,119.49999999999994,119.49999999999994,293.4999999999999,119.49999999999994,2.6361
47_1,152.0,68.0,19,college,R,30.0,33.0,62.287,59.3,88.1,149,47,1.5948492988123857,1.6706913378159138,1.7944,1.5972,1.6722,latest_sustained_upward_crossing,latest_sustained_upward_crossing,1.5769,zero_baseline_breakout_before_fp100,0.0,4.830267223490921,93.79133781591386,1.7463,1296.0987,191.69380190613248,1296.0987,191.69380190613248,1.512,-0.4384513893507722,1.7463,191.69380190613248,192.13225329548325,192.13225329548325,1.7463,191.69380190613248,191.69380190613248,1.512,-0.4384513893507722,1.7463,191.69380190613248,192.13225329548325,192.13225329548325,False,ok,ok,0.0,2.4778,893,True,True,True,True,True,True,True,199.55070118761432,123.70866218408617,75.84203900352816,217.50000000000003,48.10000000000003,282.4,48.10000000000003,48.10000000000003,282.4,48.10000000000003,2.4778
47_2,152.0,68.0,19,college,R,30.0,33.0,63.2143,58.8,86.5,149,47,1.268934300410831,1.3443431051244188,1.475,1.1472,1.3472,latest_sustained_upward_crossing,latest_sustained_upward_crossing,1.2676,last_local_min_after_zero_baseline_plus5bw_breakout,1.0,9.69321439407774,76.74310512441873,1.4102,1265.8244,187.2162141521699,1265.8244,187.2162141521699,1.1046,-0.5290257293198777,1.4102,187.2162141521699,187.74523988148977,187.74523988148977,1.4102,187.2162141521699,187.2162141521699,1.1046,-0.5290257293198777,1.4102,187.2162141521699,187.74523988148977,187.74523988148977,False,ok,ok,0.0,2.1556,777,True,True,True,True,True,True,True,206.065699589169,130.6568948755813,75.40880471358768,207.40000000000003,64.8000000000002,370.4000000000001,64.8000000000002,64.8000000000002,370.4000000000001,64.8000000000002,2.1556
47_3,152.0,68.0,19,college,R,30.0,33.0,57.8982,56.9,86.3,149,47,1.088347143682013,1.4198957801740053,1.5472,1.0917,1.4222,latest_sustained_upward_crossing,latest_sustained_upward_crossing,1.3232,last_local_min_after_zero_baseline_plus5bw_breakout,2.0,15.935892522784437,96.69578017400538,1.4667,1291.3098,190.98552062481627,1291.3098,190.98552062481627,1.0583,-0.45100815202774325,1.4667,190.98552062481627,191.43652877684403,191.43652877684403,1.4667,190.98552062481627,190.98552062481627,1.0583,-0.45100815202774325,1.4667,190.98552062481627,191.43652877684403,191.43652877684403,False,ok,ok,0.0,2.5972,936,True,True,True,True,True,True,True,458.852856317987,127.30421982599461,331.5486364919924,223.99999999999997,80.50000000000001,488.89999999999986,80.50000000000001,80.50000000000001,488.89999999999986,80.50000000000001,2.5972
47_4,152.0,68.0,19,college,R,30.0,33.0,60.9174,59.1,85.7,149,47,1.5094805411793493,1.6105703297886915,1.7472,1.2583,1.6111,latest_sustained_upward_crossing,latest_sustained_upward_crossing,1.5093,last_local_min_after_zero_baseline_plus5bw_breakout,2.0,10.03670575506097,101.27032978869144,1.687,1247.61,184.52229309088105,1247.61,184.52229309088105,1.2435,-0.8782782544718133,1.687,184.52229309088105,185.40057134535286,185.40057134535286,1.687,184.52229309088105,184.52229309088105,1.2435,-0.8782782544718133,1.687,184.52229309088105,185.40057134535286,185.40057134535286,False,ok,ok,0.0,2.6667,961,True,True,True,True,True,True,True,237.71945882065083,136.62967021130856,101.08978860934226,237.9,60.20000000000003,503.70000000000005,60.20000000000003,60.20000000000003,503.70000000000005,60.20000000000003,2.6667
47_5,152.0,68.0,19,college,R,30.0,33.0,64.1223,61.0,88.1,149,47,1.349863876186433,1.5130479650944808,1.6556,1.35,1.5139,latest_sustained_upward_crossing,latest_sustained_upward_crossing,1.4398,last_local_min_after_zero_baseline_plus5bw_breakout,1.0,16.08523560929476,73.24796509448083,1.5694,1353.9025,200.2430197910217,1353.9025,200.2430197910217,1.3065,-0.5699054608147515,1.5694,200.2430197910217,200.81292525183645,200.81292525183645,1.5694,200.2430197910217,200.2430197910217,1.3065,-0.5699054608147515,1.5694,200.2430197910217,200.81292525183645,200.81292525183645,False,ok,ok,0.0,2.4972,900,True,True,True,True,True,True,True,305.73612381356696,142.55203490551915,163.1840889080478,215.79999999999998,86.20000000000006,349.09999999999997,86.20000000000006,86.20000000000006,349.09999999999997,86.20000000000006,2.4972
48_1,174.0,68.0,22,college,R,31.0,34.0,60.8149,68.6,95.8,150,48,2.763519088569012,2.807419866294674,2.9194,2.7639,2.8083,latest_sustained_upward_crossing,latest_sustained_upward_crossing,2.75,zero_baseline_breakout_before_fp100,0.0,3.4708707206762694,57.41986629467411,2.8593,1526.5874,197.23591950591234,1526.5874,197.23591950591234,2.6204,-1.721558462123053,2.8593,197.23591950591234,198.9574779680354,198.9574779680354,2.8593,197.23591950591234,197.23591950591234,2.6204,-1.721558462123053,2.8593,197.23591950591234,198.9574779680354,198.9574779680354,False,ok,ok,0.0,3.4694,1250,True,True,True,True,True,True,True,155.88091143098782,111.9801337053259,43.900777725661925,169.4,60.099999999999824,298.99999999999994,60.099999999999824,60.099999999999824,298.99999999999994,60.099999999999824,3.4694
48_2,174.0,68.0,22,college,R,31.0,34.0,74.0229,66.1,97.4,150,48,2.8483930610856105,2.9018402519582884,3.0528,2.7917,2.9028,latest_sustained_upward_crossing,latest_sustained_upward_crossing,2.8463,last_local_min_after_zero_baseline_plus5bw_breakout,1.0,9.037188031976536,55.5402519582886,2.9648,1580.4875,204.19984164031527,1580.4875,204.19984164031527,2.738,-1.7538844377340002,2.9648,204.19984164031527,205.95372607804927,205.95372607804927,2.9648,204.19984164031527,204.19984164031527,2.738,-1.7538844377340002,2.9648,204.19984164031527,205.95372607804927,205.95372607804927,False,ok,ok,0.0,3.5889,1293,True,True,True,True,True,True,True,204.40693891438943,150.95974804171152,53.44719087267791,206.5000000000001,88.00000000000009,314.79999999999995,88.00000000000009,88.00000000000009,314.79999999999995,88.00000000000009,3.5889
48_3,174.0,68.0,22,college,R,31.0,34.0,73.4156,71.7,96.8,150,48,2.0438473515893194,2.0856051733415866,2.2222,2.6639,2.325,latest_sustained_upward_crossing,latest_sustained_upward_crossing,2.0306,zero_baseline_breakout_before_fp100,0.0,3.1312898960981586,55.005173341586385,2.1389,1628.7873,210.4402019792986,1628.7873,210.4402019792986,1.9083,-1.8811857317766312,2.1389,210.4402019792986,212.32138771107523,212.32138771107523,2.1389,210.4402019792986,210.4402019792986,1.9083,-1.8811857317766312,2.1389,210.4402019792986,212.32138771107523,212.32138771107523,False,ok,ok,0.0,2.75,991,True,True,True,True,True,True,True,178.35264841068056,136.59482665841338,41.75782175226716,191.59999999999977,83.29999999999993,313.89999999999986,83.29999999999993,83.29999999999993,313.89999999999986,83.29999999999993,2.75
48_4,174.0,68.0,22,college,R,31.0,34.0,69.3275,67.3,95.5,150,48,2.0307005542422676,2.184976139234848,2.3306,2.0306,2.1861,latest_sustained_upward_crossing,latest_sustained_upward_crossing,2.1343,last_local_min_after_zero_baseline_plus5bw_breakout,2.0,32.8278049561753,50.67613923484782,2.2435,1334.4344,172.40964775703011,1334.4344,172.40964775703011,1.5398,-1.801042635567716,2.2435,172.40964775703011,174.21069039259783,174.21069039259783,2.2435,172.40964775703011,172.40964775703011,1.5398,-1.801042635567716,2.2435,172.40964775703011,174.21069039259783,174.21069039259783,False,ok,ok,0.0,2.9194,1052,True,True,True,True,True,True,True,299.8994457577324,145.6238607651521,154.27558499258032,196.29999999999993,87.09999999999995,790.8,87.09999999999995,87.09999999999995,790.8,87.09999999999995,2.9194
48_5,174.0,68.0,22,college,R,31.0,34.0,68.8375,70.5,93.4,150,48,2.8149477696726772,2.863361858166902,3.0139,2.775,2.8639,latest_sustained_upward_crossing,latest_sustained_upward_crossing,2.8167,last_local_min_after_zero_baseline_plus5bw_breakout,1.0,11.66540749764009,46.66185816690182,2.9296,1589.0878,205.31100506176543,1589.0878,205.31100506176543,0.3722,-1.9880991802900556,2.9296,205.31100506176543,207.29910424205548,207.29910424205548,2.9296,205.31100506176543,205.31100506176543,0.3722,-1.9880991802900556,2.9296,205.31100506176543,207.29910424205548,207.29910424205548,False,ok,ok,0.0,3.825,1378,True,True,True,True,True,True,True,198.95223032732278,150.53814183309822,48.41408849422457,197.20000000000005,84.29999999999981,2641.7000000000003,84.29999999999981,84.29999999999981,2641.7000000000003,84.29999999999981,3.825
51_1,173.0,69.0,19,college,L,30.0,33.0,56.5657,63.4,82.0,151,51,0.9306267376098281,1.002279373705677,1.1056,0.9333,1.0028,latest_sustained_upward_crossing,latest_sustained_upward_crossing,0.9657,last_local_min_after_zero_baseline_plus5bw_breakout,1.0,35.333847627213125,36.579373705676986,1.0296,1631.0583,211.95172979985807,1631.0583,211.95172979985807,0.9204,-1.376480468587773,1.0296,211.95172979985807,213.32821026844584,213.32821026844584,1.0296,211.95172979985807,211.95172979985807,0.9204,-1.376480468587773,1.0296,211.95172979985807,213.32821026844584,213.32821026844584,False,ok,ok,0.0,1.7306,624,True,True,True,True,True,True,True,174.97326239017187,103.32062629432292,71.65263609584893,139.89999999999992,75.99999999999984,185.19999999999993,75.99999999999984,75.99999999999984,185.19999999999993,75.99999999999984,1.7306
51_2,173.0,69.0,19,college,L,30.0,33.0,56.9455,62.8,81.5,151,51,0.8457969341581787,0.9214253659288624,1.0417,0.8472,0.9222,latest_sustained_upward_crossing,latest_sustained_upward_crossing,0.8815,last_local_min_after_zero_baseline_plus5bw_breakout,1.0,24.858824855619424,39.92536592886242,0.9407,1567.1539,203.64752134708723,1567.1539,203.64752134708723,0.8333,-0.8277257369072313,0.9407,203.64752134708723,204.47524708399447,204.47524708399447,0.9407,203.64752134708723,203.64752134708723,0.8333,-0.8277257369072313,0.9407,203.64752134708723,204.47524708399447,204.47524708399447,False,ok,ok,0.0,1.7278,623,True,True,True,True,True,True,True,195.9030658418214,120.2746340711377,75.62843177068368,160.20000000000013,101.00000000000009,208.40000000000003,101.00000000000009,101.00000000000009,208.40000000000003,101.00000000000009,1.7278
51_3,173.0,69.0,19,college,L,30.0,33.0,55.805,61.8,80.3,151,51,0.7236841360674225,0.9033804813800907,1.0194,0.725,0.9056,latest_sustained_upward_crossing,latest_sustained_upward_crossing,0.8491,last_local_min_after_zero_baseline_plus5bw_breakout,2.0,20.328451490909163,54.280481380090784,0.9241,1456.4329,189.25961904146754,1456.4329,189.25961904146754,0.7074,0.04863929907599678,0.9241,189.25961904146754,189.21097974239154,189.25961904146754,0.9241,189.25961904146754,189.25961904146754,0.7074,0.04863929907599678,0.9241,189.25961904146754,189.21097974239154,189.25961904146754,False,ok,ok,0.0,1.5028,542,True,True,True,True,True,True,True,295.7158639325775,116.01951861990933,179.6963453126682,170.30000000000013,95.30000000000005,312.00000000000006,95.30000000000005,95.30000000000005,312.00000000000006,95.30000000000005,1.5028
51_4,173.0,69.0,19,college,L,30.0,33.0,57.6903,62.1,81.0,151,51,0.6839674272702736,0.8087585942271555,0.9222,0.6306,0.8083,latest_sustained_upward_crossing,latest_sustained_upward_crossing,0.7528,last_local_min_before_fp100_plus5bw_breakout,6.0,19.327301056986894,55.95859422715543,0.8306,1535.7217,199.56298975099708,1535.7217,199.56298975099708,0.6139,0.43094444970806334,0.8306,199.56298975099708,199.13204530128903,199.56298975099708,0.8306,199.56298975099708,199.56298975099708,0.6139,0.43094444970806334,0.8306,199.56298975099708,199.13204530128903,199.56298975099708,False,ok,ok,0.0,1.4194,512,True,True,True,True,True,True,True,238.23257272972643,113.44140577284456,124.79116695688187,169.4,91.60000000000001,308.3,91.60000000000001,91.60000000000001,308.3,91.60000000000001,1.4194
51_5,173.0,69.0,19,college,L,30.0,33.0,56.7284,61.8,78.9,151,51,0.8118278090240125,0.9034515153876141,1.0444,0.75,0.9056,latest_sustained_upward_crossing,latest_sustained_upward_crossing,0.8222,last_local_min_after_zero_baseline_plus5bw_breakout,1.0,13.7657426001014,81.2515153876141,0.9222,1411.4374,183.41257233675472,1411.4374,183.41257233675472,0.7352,-0.2835451525082152,0.9222,183.41257233675472,183.69611748926295,183.69611748926295,0.9222,183.41257233675472,183.41257233675472,0.7352,-0.2835451525082152,0.9222,183.41257233675472,183.69611748926295,183.69611748926295,False,ok,ok,0.0,1.5444,557,True,True,True,True,True,True,True,232.57219097598747,140.94848461238584,91.62370636360163,222.19999999999996,122.19999999999997,309.20000000000005,122.19999999999997,122.19999999999997,309.20000000000005,122.19999999999997,1.5444
56_1,187.0,71.0,20,college,L,31.0,34.0,71.3822,70.2,90.5,152,56,1.6646792966108992,1.704590357911316,1.8278,1.6667,1.7056,latest_sustained_upward_crossing,latest_sustained_upward_crossing,1.6602,zero_baseline_breakout_before_fp100,0.0,5.000124279588967,44.39035791131607,1.7472,1704.7294,204.94032870673823,1704.7294,204.94032870673823,1.6519,-0.8307111212862061,1.7472,204.94032870673823,205.77103982802444,205.77103982802444,1.7472,204.94032870673823,204.94032870673823,1.6519,-0.8307111212862061,1.7472,204.94032870673823,205.77103982802444,205.77103982802444,False,ok,ok,0.0,2.5611,923,True,True,True,True,True,True,True,163.1207033891009,123.20964208868412,39.911061300416776,167.6000000000002,80.60000000000001,175.90000000000018,80.60000000000001,80.60000000000001,175.90000000000018,80.60000000000001,2.5611
56_2,187.0,71.0,20,college,L,31.0,34.0,69.2423,71.1,96.1,152,56,1.5180996888034157,1.5579941542219802,1.6833,1.5194,1.5583,latest_sustained_upward_crossing,latest_sustained_upward_crossing,1.513,zero_baseline_breakout_before_fp100,0.0,5.2869526285332125,44.994154221980274,1.5944,1606.9908,193.19032262874344,1606.9908,193.19032262874344,1.5009,-0.2498985828969083,1.5944,193.19032262874344,193.44022121164036,193.44022121164036,1.5944,193.19032262874344,193.19032262874344,1.5009,-0.2498985828969083,1.5944,193.19032262874344,193.44022121164036,193.44022121164036,False,ok,ok,0.0,2.2778,821,True,True,True,True,True,True,True,165.2003111965843,125.30584577801984,39.89446541856445,170.30000000000013,88.89999999999998,182.40000000000012,88.89999999999998,88.89999999999998,182.40000000000012,88.89999999999998,2.2778
56_3,187.0,71.0,20,college,L,31.0,34.0,74.1675,70.2,95.2,152,56,1.956894021539387,2.0019062386888447,2.1278,1.9583,2.0028,latest_sustained_upward_crossing,latest_sustained_upward_crossing,1.9509,zero_baseline_breakout_before_fp100,0.0,5.239906106462108,51.006238688844576,2.0389,1717.83,206.51526562649542,1717.83,206.51526562649542,1.937,-0.1505498606637794,2.0389,206.51526562649542,206.6658154871592,206.6658154871592,2.0389,206.51526562649542,206.51526562649542,1.937,-0.1505498606637794,2.0389,206.51526562649542,206.6658154871592,206.6658154871592,False,ok,ok,0.0,2.8389,1023,True,True,True,True,True,True,True,170.90597846061306,125.89376131115549,45.01221714945758,176.90000000000006,88.9000000000002,190.80000000000007,88.9000000000002,88.9000000000002,190.80000000000007,88.9000000000002,2.8389
56_4,187.0,71.0,20,college,L,31.0,34.0,72.1336,71.8,94.0,152,56,1.7920070281027567,1.8320962504401084,1.9667,1.7944,1.8333,latest_sustained_upward_crossing,latest_sustained_upward_crossing,1.7861,zero_baseline_breakout_before_fp100,0.0,4.980939498785891,45.996250440108355,1.8722,1641.4988,197.33882905035625,1641.4988,197.33882905035625,1.7528,0.11785037803138461,1.8722,197.33882905035625,197.22097867232486,197.33882905035625,1.8722,197.33882905035625,197.33882905035625,1.7528,0.11785037803138461,1.8722,197.33882905035625,197.22097867232486,197.33882905035625,False,ok,ok,0.0,2.725,982,True,True,True,True,True,True,True,174.6929718972432,134.60374955989153,40.089222337351686,180.59999999999988,94.4999999999998,213.89999999999998,94.4999999999998,94.4999999999998,213.89999999999998,94.4999999999998,2.725
56_5,187.0,71.0,20,college,L,31.0,34.0,73.9687,74.1,91.4,152,56,1.895857138686228,1.9312865022513264,2.0722,1.8972,1.9333,latest_sustained_upward_crossing,latest_sustained_upward_crossing,1.8917,zero_baseline_breakout_before_fp100,0.0,5.016129629727785,39.58650225132643,1.9732,1785.2965,214.62599961553389,1785.2965,214.62599961553389,1.8843,-1.003417285807156,1.9732,214.62599961553389,215.62941690134105,215.62941690134105,1.9732,214.62599961553389,214.62599961553389,1.8843,-1.003417285807156,1.9732,214.62599961553389,215.62941690134105,215.62941690134105,False,ok,ok,0.0,2.6972,972,True,True,True,True,True,True,True,176.3428613137721,140.91349774867368,35.429363565098406,180.5000000000001,98.99999999999997,187.89999999999995,98.99999999999997,98.99999999999997,187.89999999999995,98.99999999999997,2.6972
59_1,210.0,76.0,22,college,R,31.0,34.0,65.4892,60.0,89.6,157,59,1.2906737092066245,1.3428934843686766,1.4917,1.2444,1.3444,latest_sustained_upward_crossing,latest_sustained_upward_crossing,1.2972,last_local_min_after_zero_baseline_plus5bw_breakout,1.0,13.707963968098625,45.69348436867671,1.3861,1543.3116,165.21440460306775,1543.3116,165.21440460306775,0.9944,-0.2978397340411717,1.3861,165.21440460306775,165.5122443371089,165.5122443371089,1.3861,165.21440460306775,165.21440460306775,0.9944,-0.2978397340411717,1.3861,165.21440460306775,165.5122443371089,165.5122443371089,False,ok,ok,0.0,1.8389,663,True,True,True,True,True,True,True,201.02629079337552,148.8065156313234,52.219775162052116,194.5000000000001,105.59999999999991,497.30000000000007,105.59999999999991,105.59999999999991,497.30000000000007,105.59999999999991,1.8389
59_2,210.0,76.0,22,college,R,31.0,34.0,61.5046,67.4,88.6,157,59,0.8950715481485599,0.9354696425315864,1.0778,0.8972,0.9361,latest_sustained_upward_crossing,latest_sustained_upward_crossing,0.8982,last_local_min_after_zero_baseline_plus5bw_breakout,1.0,12.607595349648117,37.26964253158638,0.9722,1609.2133,172.26930532942137,1609.2133,172.26930532942137,0.8352,-0.48311441871698785,0.9722,172.26930532942137,172.75241974813835,172.75241974813835,0.9722,172.26930532942137,172.26930532942137,0.8352,-0.48311441871698785,0.9722,172.26930532942137,172.75241974813835,172.75241974813835,False,ok,ok,0.0,1.4194,512,True,True,True,True,True,True,True,182.72845185144016,142.33035746841372,40.39809438302644,179.60000000000008,105.60000000000014,242.60000000000005,105.60000000000014,105.60000000000014,242.60000000000005,105.60000000000014,1.4194
59_3,210.0,76.0,22,college,R,31.0,34.0,61.4768,66.0,91.6,157,59,0.8559048690761225,0.9221221367749907,1.0667,0.8028,0.9222,latest_sustained_upward_crossing,latest_sustained_upward_crossing,0.8593,last_local_min_after_zero_baseline_plus5bw_breakout,1.0,12.523142753074671,62.82213677499071,0.9926,1429.4927,153.02987764423708,1429.4927,153.02987764423708,0.5509,-0.35859167461638725,0.9926,153.02987764423708,153.38846931885345,153.38846931885345,0.9926,153.02987764423708,153.02987764423708,0.5509,-0.35859167461638725,0.9926,153.02987764423708,153.38846931885345,153.38846931885345,False,ok,ok,0.0,1.35,487,True,True,True,True,True,True,True,210.79513092387748,144.5778632250093,66.21726769886816,207.40000000000003,74.09999999999994,515.8000000000001,74.09999999999994,74.09999999999994,515.8000000000001,74.09999999999994,1.35
59_4,210.0,76.0,22,college,R,31.0,34.0,67.8471,67.0,92.6,157,59,0.917527626814628,0.9689651861740392,1.1056,0.8694,0.9694,latest_sustained_upward_crossing,latest_sustained_upward_crossing,0.9204,last_local_min_after_zero_baseline_plus5bw_breakout,1.0,12.590411004415083,48.565186174039155,1.0056,1662.9317,178.019960914612,1662.9317,178.019960914612,0.8463,-0.5482340759009591,1.0056,178.019960914612,178.56819499051295,178.56819499051295,1.0056,178.019960914612,178.019960914612,0.8463,-0.5482340759009591,1.0056,178.019960914612,178.56819499051295,178.56819499051295,False,ok,ok,0.0,1.3667,493,True,True,True,True,True,True,True,188.07237318537196,136.63481382596078,51.43755935941119,185.19999999999993,99.99999999999987,259.29999999999984,99.99999999999987,99.99999999999987,259.29999999999984,99.99999999999987,1.3667
59_5,210.0,76.0,22,college,R,31.0,34.0,62.6485,63.1,90.5,157,59,0.7063654594181704,0.8391659079374381,0.9833,0.7083,0.8389,latest_sustained_upward_crossing,latest_sustained_upward_crossing,0.7806,last_local_min_after_zero_baseline_plus5bw_breakout,1.0,15.617438864265633,58.5659079374381,0.913,1536.2805,164.4617121460133,1536.2805,164.4617121460133,0.4454,-0.28193182502006675,0.913,164.4617121460133,164.74364397103338,164.74364397103338,0.913,164.4617121460133,164.4617121460133,0.4454,-0.28193182502006675,0.913,164.4617121460133,164.74364397103338,164.74364397103338,False,ok,ok,0.0,1.3389,483,True,True,True,True,True,True,True,276.93454058182954,144.1340920625619,132.80044851926763,202.7,70.29999999999991,537.9,70.29999999999991,70.29999999999991,537.9,70.29999999999991,1.3389
67_1,224.0,70.0,18,high_school,R,30.0,33.0,59.8084,59.8,85.0,162,67,0.9532842120287432,0.9956311597303996,1.1194,0.9556,0.9972,latest_sustained_upward_crossing,latest_sustained_upward_crossing,0.9482,zero_baseline_breakout_before_fp100,0.0,4.805485977388069,47.43115973039957,1.0185,2373.9341,238.25072143063545,2373.9341,238.25072143063545,0.9389,-0.7106170546864622,1.0185,238.25072143063545,238.9613384853219,238.9613384853219,1.0185,238.25072143063545,238.25072143063545,0.9389,-0.7106170546864622,1.0185,238.25072143063545,238.9613384853219,238.9613384853219,False,ok,ok,0.0,1.8,649,True,True,True,True,True,True,True,166.1157879712567,123.76884026960033,42.34694770165637,171.1999999999999,100.89999999999999,180.5,100.89999999999999,100.89999999999999,180.5,100.89999999999999,1.8
67_2,224.0,70.0,18,high_school,R,30.0,33.0,65.4589,66.8,86.8,162,67,1.3541632431509056,1.405693832908789,1.5222,1.3556,1.4056,latest_sustained_upward_crossing,latest_sustained_upward_crossing,1.35,zero_baseline_breakout_before_fp100,0.0,5.5290000283216765,55.69383290878882,1.4352,2517.0051,252.60948942078412,2517.0051,252.60948942078412,1.3407,-0.3555795024085721,1.4352,252.60948942078412,252.9650689231927,252.9650689231927,1.4352,252.60948942078412,252.60948942078412,1.3407,-0.3555795024085721,1.4352,252.60948942078412,252.9650689231927,252.9650689231927,False,ok,ok,0.0,2.3528,848,True,True,True,True,True,True,True,168.03675684909436,116.50616709121108,51.53058975788327,172.1999999999999,86.99999999999997,181.5,86.99999999999997,86.99999999999997,181.5,86.99999999999997,2.3528
67_3,224.0,70.0,18,high_school,R,30.0,33.0,62.7887,63.6,83.1,162,67,1.336302239450682,1.3824470940491596,1.5028,1.3389,1.3833,latest_sustained_upward_crossing,latest_sustained_upward_crossing,1.3315,zero_baseline_breakout_before_fp100,0.0,4.5836288323877525,50.947094049159645,1.4093,2260.8356,226.90002756861008,2260.8356,226.90002756861008,1.3241,-0.6708238645354605,1.4093,226.90002756861008,227.57085143314555,227.57085143314555,1.4093,226.90002756861008,226.90002756861008,1.3241,-0.6708238645354605,1.4093,226.90002756861008,227.57085143314555,227.57085143314555,False,ok,ok,0.0,2.1944,791,True,True,True,True,True,True,True,166.49776054931786,120.35290595084037,46.1448545984775,171.3,93.49999999999991,178.69999999999985,93.49999999999991,93.49999999999991,178.69999999999985,93.49999999999991,2.1944
67_4,224.0,70.0,18,high_school,R,30.0,33.0,62.396,62.2,84.4,162,67,1.1816308499089014,1.2245896017746767,1.3361,1.1833,1.225,latest_sustained_upward_crossing,latest_sustained_upward_crossing,1.1769,zero_baseline_breakout_before_fp100,0.0,4.820251461830866,47.689601774676625,1.2463,3120.3574,313.16261124157654,3120.3574,313.16261124157654,1.1694,-0.2829481487836543,1.2463,313.16261124157654,313.4455593903602,313.4455593903602,1.2463,313.16261124157654,313.16261124157654,1.1694,-0.2829481487836543,1.2463,313.16261124157654,313.4455593903602,313.4455593903602,False,ok,ok,0.0,2.0528,740,True,True,True,True,True,True,True,154.46915009109864,111.51039822532339,42.95875186577525,159.20000000000002,89.8000000000001,166.70000000000007,89.8000000000001,89.8000000000001,166.70000000000007,89.8000000000001,2.0528
67_5,224.0,70.0,18,high_school,R,30.0,33.0,63.9992,62.9,86.9,162,67,1.294007946991256,1.3316070443223866,1.4583,1.2972,1.3333,latest_sustained_upward_crossing,latest_sustained_upward_crossing,1.2898,zero_baseline_breakout_before_fp100,0.0,5.181363814593198,41.807044322386574,1.3583,2548.2721,255.74748103856817,2548.2721,255.74748103856817,1.2815,-0.7232123771680529,1.3583,255.74748103856817,256.4706934157362,256.4706934157362,1.3583,255.74748103856817,255.74748103856817,1.2815,-0.7232123771680529,1.3583,255.74748103856817,256.4706934157362,256.4706934157362,False,ok,ok,0.0,2.1167,763,True,True,True,True,True,True,True,164.29205300874395,126.6929556776133,37.59909733113065,168.4999999999999,99.99999999999987,176.79999999999984,99.99999999999987,99.99999999999987,176.79999999999984,99.99999999999987,2.1167
68_1,218.0,74.0,21,college,R,31.0,34.0,71.874,73.8,98.2,163,68,1.490715630986844,1.5338992733413166,1.6611,1.4917,1.5361,latest_sustained_upward_crossing,latest_sustained_upward_crossing,1.4769,zero_baseline_breakout_before_fp100,0.0,4.804738538780662,56.999273341316496,1.5639,2699.0036,278.33034253803936,2699.0036,278.33034253803936,1.3167,-0.16661642631329213,1.5639,278.33034253803936,278.49695896435264,278.49695896435264,1.5639,278.33034253803936,278.33034253803936,1.3167,-0.16661642631329213,1.5639,278.33034253803936,278.49695896435264,278.49695896435264,False,ok,ok,0.0,2.4417,880,True,True,True,True,True,True,True,170.38436901315612,127.20072665868342,43.183642354472696,184.19999999999993,97.19999999999996,344.40000000000003,97.19999999999996,97.19999999999996,344.40000000000003,97.19999999999996,2.4417
68_2,218.0,74.0,21,college,R,31.0,34.0,70.3116,72.2,97.4,163,68,1.845504946972189,1.8828587051245038,2.0167,1.8472,1.8833,latest_sustained_upward_crossing,latest_sustained_upward_crossing,1.8361,zero_baseline_breakout_before_fp100,0.0,4.438543211359187,46.75870512450375,1.925,2282.6446,235.39399999711225,2282.6446,235.39399999711225,1.7148,-0.3836086180867831,1.925,235.39399999711225,235.77760861519903,235.77760861519903,1.925,235.39399999711225,235.39399999711225,1.7148,-0.3836086180867831,1.925,235.39399999711225,235.77760861519903,235.77760861519903,False,ok,ok,0.0,2.725,982,True,True,True,True,True,True,True,171.19505302781124,133.84129487549635,37.353758152314896,180.60000000000008,91.70000000000012,301.90000000000003,91.70000000000012,91.70000000000012,301.90000000000003,91.70000000000012,2.725
68_3,218.0,74.0,21,college,R,31.0,34.0,72.4937,73.1,98.6,163,68,1.8970568797535758,1.9418280818550047,2.0806,1.9,1.9417,latest_sustained_upward_crossing,latest_sustained_upward_crossing,1.8833,zero_baseline_breakout_before_fp100,0.0,4.72159623292552,58.528081855004686,1.987,2500.6686,257.87736926772504,2500.6686,257.87736926772504,1.8685,-0.5144721725780672,1.987,257.87736926772504,258.3918414403031,258.3918414403031,1.987,257.87736926772504,257.87736926772504,1.8685,-0.5144721725780672,1.987,257.87736926772504,258.3918414403031,258.3918414403031,False,ok,ok,0.0,2.7444,989,True,True,True,True,True,True,True,183.54312024642417,138.77191814499534,44.77120210142882,197.30000000000004,93.59999999999991,212.09999999999997,93.59999999999991,93.59999999999991,212.09999999999997,93.59999999999991,2.7444
68_4,218.0,74.0,21,college,R,31.0,34.0,73.4984,69.9,99.7,163,68,1.6444780880772958,1.6929903880830222,1.8222,1.6472,1.6944,latest_sustained_upward_crossing,latest_sustained_upward_crossing,1.6287,zero_baseline_breakout_before_fp100,0.0,4.516667655429914,64.29038808302212,1.7222,2550.1531,262.9803775909906,2550.1531,262.9803775909906,1.4907,-0.2868788985337299,1.7222,262.9803775909906,263.26725648952436,263.26725648952436,1.7222,262.9803775909906,262.9803775909906,1.4907,-0.2868788985337299,1.7222,262.9803775909906,263.26725648952436,263.26725648952436,False,ok,ok,0.0,2.5278,911,True,True,True,True,True,True,True,177.72191192270427,129.20961191697788,48.512300005726374,193.5,100.00000000000009,331.5000000000001,100.00000000000009,100.00000000000009,331.5000000000001,100.00000000000009,2.5278
68_5,218.0,74.0,21,college,R,31.0,34.0,75.1569,78.4,99.5,163,68,1.7171969729798855,1.7681632471193154,1.9,1.7194,1.7694,latest_sustained_upward_crossing,latest_sustained_upward_crossing,1.7056,zero_baseline_breakout_before_fp100,0.0,4.618175019979831,62.56324711931538,1.8019,2580.1436,266.07309897079426,2580.1436,266.07309897079426,1.5528,-0.3401524306457846,1.8019,266.07309897079426,266.41325140144005,266.41325140144005,1.8019,266.07309897079426,266.07309897079426,1.5528,-0.3401524306457846,1.8019,266.07309897079426,266.41325140144005,266.41325140144005,False,ok,ok,0.0,2.55,919,True,True,True,True,True,True,True,182.80302702011443,131.83675288068451,50.96627413942989,194.39999999999992,98.09999999999985,347.19999999999993,98.09999999999985,98.09999999999985,347.19999999999993,98.09999999999985,2.55
69_1,201.0,73.0,19,college,R,31.0,34.0,64.8262,62.6,93.1,164,69,0.8962170353940752,0.9244223899765247,1.0444,0.8972,0.925,latest_sustained_upward_crossing,latest_sustained_upward_crossing,0.8926,zero_baseline_breakout_before_fp100,0.0,5.29101433488211,31.822389976524757,0.9583,2492.9212,278.8213831830276,2492.9212,278.8213831830276,0.887,-1.9324957022513614,0.9583,278.8213831830276,280.75387888527894,280.75387888527894,0.9583,278.8213831830276,278.8213831830276,0.887,-1.9324957022513614,0.9583,278.8213831830276,280.75387888527894,280.75387888527894,False,ok,ok,0.0,1.3528,488,True,True,True,True,True,True,True,148.18296460592484,119.9776100234753,28.205354582449548,151.80000000000004,86.09999999999995,157.39999999999998,86.09999999999995,86.09999999999995,157.39999999999998,86.09999999999995,1.3528
69_2,201.0,73.0,19,college,R,31.0,34.0,65.5026,67.4,94.3,164,69,1.1667,1.1917,1.3194,,,,,,,,,,,,,,,,,,,,,,,,,,,,,,,,,0.0,1.7194,620,True,True,False,True,True,True,True,152.69999999999985,127.69999999999993,24.99999999999991,,,,,,,,1.7194
69_3,201.0,73.0,19,college,R,31.0,34.0,69.8654,69.9,92.8,164,69,1.1229675785726765,1.152344354661214,1.2806,1.125,1.1528,latest_sustained_upward_crossing,latest_sustained_upward_crossing,1.1185,zero_baseline_breakout_before_fp100,0.0,3.9245588663349347,33.84435466121394,1.187,2383.4171,266.5738702547359,2383.4171,266.5738702547359,1.1139,-2.2394885316118613,1.187,266.5738702547359,268.81335878634775,268.81335878634775,1.187,266.5738702547359,266.5738702547359,1.1139,-2.2394885316118613,1.187,266.5738702547359,268.81335878634775,268.81335878634775,False,ok,ok,0.0,1.6778,605,True,True,True,True,True,True,True,157.63242142732346,128.25564533878597,29.376776088537504,162.0999999999999,93.59999999999991,166.70000000000007,93.59999999999991,93.59999999999991,166.70000000000007,93.59999999999991,1.6778
69_4,201.0,73.0,19,college,R,31.0,34.0,64.7597,68.0,96.5,164,69,1.1365459616278786,1.1663621827655706,1.2944,1.1389,1.1667,latest_sustained_upward_crossing,latest_sustained_upward_crossing,1.1324,zero_baseline_breakout_before_fp100,0.0,4.432600761207458,33.9621827655705,1.213,2314.4046,258.85515026193434,2314.4046,258.85515026193434,1.1269,-1.963488019730155,1.213,258.85515026193434,260.8186382816645,260.8186382816645,1.213,258.85515026193434,258.85515026193434,1.1269,-1.963488019730155,1.213,258.85515026193434,260.8186382816645,260.8186382816645,False,ok,ok,0.0,1.6583,598,True,True,True,True,True,True,True,157.8540383721214,128.0378172344294,29.816221137692,161.99999999999991,81.39999999999992,167.49999999999997,81.39999999999992,81.39999999999992,167.49999999999997,81.39999999999992,1.6583
69_5,201.0,73.0,19,college,R,31.0,34.0,66.9887,68.6,94.0,164,69,1.3407562124974062,1.3719906579134102,1.4972,1.3417,1.3722,latest_sustained_upward_crossing,latest_sustained_upward_crossing,1.337,zero_baseline_breakout_before_fp100,0.0,4.675578635451167,34.990657913410274,1.4037,2108.8103,235.86040534157894,2108.8103,235.86040534157894,1.3315,-2.7808195189715312,1.4037,235.86040534157894,238.64122486055047,238.64122486055047,1.4037,235.86040534157894,235.86040534157894,1.3315,-2.7808195189715312,1.4037,235.86040534157894,238.64122486055047,238.64122486055047,False,ok,ok,0.0,1.9639,708,True,True,True,True,True,True,True,156.44378750259392,125.20934208658984,31.234445416004064,160.20000000000013,93.50000000000014,165.7000000000002,93.50000000000014,93.50000000000014,165.7000000000002,93.50000000000014,1.9639
72_1,187.0,70.0,19,college,R,30.0,33.0,61.6612,60.4,81.9,8,72,1.342733772470131,1.6033019652358016,1.7528,1.3444,1.6056,latest_sustained_upward_crossing,latest_sustained_upward_crossing,1.5556,last_local_min_after_zero_baseline_plus5bw_breakout,1.0,17.056094692687875,47.7019652358015,1.6843,1387.8697,166.8478718793271,1387.8697,166.8478718793271,1.2982,-0.1392372822972046,1.6843,166.8478718793271,166.98710916162432,166.98710916162432,1.6843,166.8478718793271,166.8478718793271,1.2982,-0.1392372822972046,1.6843,166.8478718793271,166.98710916162432,166.98710916162432,False,ok,ok,0.0,2.2417,808,True,True,True,True,True,True,True,410.06622752986897,149.4980347641983,260.5681927656707,197.19999999999982,68.5,454.5999999999999,68.5,68.5,454.5999999999999,68.5,2.2417
72_2,187.0,70.0,19,college,R,30.0,33.0,60.6199,64.7,82.7,8,72,1.5644626115731919,1.6372592867494125,1.7722,,1.7417,latest_sustained_upward_crossing,latest_sustained_upward_crossing,1.5657,last_local_min_after_zero_baseline_plus5bw_breakout,1.0,10.466269931513954,71.55928674941237,1.6583,1369.3071,164.61630049582678,1369.3071,164.61630049582678,1.4509,-0.10908643581115822,1.6583,164.61630049582678,164.72538693163793,164.72538693163793,1.6583,164.61630049582678,164.61630049582678,1.4509,-0.10908643581115822,1.6583,164.61630049582678,164.72538693163793,164.72538693163793,False,ok,ok,0.0,2.2306,804,True,True,True,True,True,True,True,207.7373884268081,134.94071325058755,72.79667517622057,206.49999999999991,113.89999999999989,321.2999999999999,113.89999999999989,113.89999999999989,321.2999999999999,113.89999999999989,2.2306
72_3,187.0,70.0,19,college,R,30.0,33.0,52.8558,,79.8,8,72,1.1694,1.2639,1.3778,,,,,,,,,,,,,,,,,,,,,,,,,,,,,,,,,0.0,1.8167,655,True,True,False,True,True,True,True,208.39999999999992,113.89999999999989,94.50000000000003,,,,,,,,1.8167
72_4,187.0,70.0,19,college,R,30.0,33.0,59.8451,57.4,80.5,8,72,1.1501566766590756,1.2302617641406128,1.3528,1.05,1.2306,latest_sustained_upward_crossing,latest_sustained_upward_crossing,1.1722,last_local_min_after_zero_baseline_plus5bw_breakout,1.0,14.872300336569182,58.06176414061292,1.2546,1551.4252,186.51029920168978,1551.4252,186.51029920168978,1.0037,0.6346344441779858,1.2546,186.51029920168978,185.8756647575118,186.51029920168978,1.2546,186.51029920168978,186.51029920168978,1.0037,0.6346344441779858,1.2546,186.51029920168978,185.8756647575118,186.51029920168978,False,ok,ok,0.0,1.8444,665,True,True,True,True,True,True,True,202.64332334092438,122.53823585938717,80.10508748153723,180.60000000000008,98.20000000000006,349.09999999999997,98.20000000000006,98.20000000000006,349.09999999999997,98.20000000000006,1.8444
72_5,187.0,70.0,19,college,R,30.0,33.0,57.2506,56.4,78.0,8,72,1.1639,1.2222,1.3472,,,,,,,,,,,,,,,,,,,,,,,,,,,,,,,,,0.0,1.7639,636,True,True,False,True,True,True,True,183.3,125.0,58.30000000000002,,,,,,,,1.7639
73_1,147.0,71.0,17,high_school,R,30.0,33.0,56.4365,58.1,76.0,167,73,2.0115460957320206,2.0543262538684046,2.1722,2.0139,2.0556,latest_sustained_upward_crossing,latest_sustained_upward_crossing,2.0065,zero_baseline_breakout_before_fp100,0.0,4.82614603395719,47.82625386840466,2.0833,1152.1967,176.20688596440414,1152.1967,176.20688596440414,1.9982,-0.03902805597179365,2.0833,176.20688596440414,176.24591402037592,176.24591402037592,2.0833,176.20688596440414,176.20688596440414,1.9982,-0.03902805597179365,2.0833,176.20688596440414,176.24591402037592,176.24591402037592,False,ok,ok,0.0,2.8278,1019,True,True,True,True,True,True,True,160.65390426797956,117.87374613159551,42.78015813638403,165.7000000000002,88.9000000000002,174.00000000000014,88.9000000000002,88.9000000000002,174.00000000000014,88.9000000000002,2.8278
73_2,147.0,71.0,17,high_school,R,30.0,33.0,55.9183,57.5,78.7,167,73,1.364961315805006,1.4138745867235463,1.5472,1.3722,1.4306,latest_sustained_upward_crossing,latest_sustained_upward_crossing,1.3602,zero_baseline_breakout_before_fp100,0.0,4.788183998784,53.67458672354619,1.4556,1078.897,164.99707093965617,1078.897,164.99707093965617,1.3537,0.1360017640114267,1.4556,164.99707093965617,164.86106917564473,164.99707093965617,1.4556,164.99707093965617,164.99707093965617,1.3537,0.1360017640114267,1.4556,164.99707093965617,164.86106917564473,164.99707093965617,False,ok,ok,0.0,2.2167,799,True,True,True,True,True,True,True,182.23868419499388,133.32541327645365,48.91327091854025,186.99999999999983,91.59999999999991,193.5,91.59999999999991,91.59999999999991,193.5,91.59999999999991,2.2167
73_3,147.0,71.0,17,high_school,R,30.0,33.0,54.0463,49.9,81.9,167,73,1.8667,1.9389,2.0611,,,,,,,,,,,,,,,,,,,,,,,,,,,,,,,,,0.0,2.8667,1033,True,True,False,True,True,True,True,194.40000000000012,122.20000000000009,72.20000000000005,,,,,,,,2.8667
73_4,147.0,71.0,17,high_school,R,30.0,33.0,54.9402,53.5,76.4,167,73,2.08566218891137,2.1304211621372997,2.2556,2.0861,2.1306,latest_sustained_upward_crossing,latest_sustained_upward_crossing,2.0815,zero_baseline_breakout_before_fp100,0.0,5.670971565030004,48.921162137299575,2.1537,1214.7063,185.7665574674388,1214.7063,185.7665574674388,2.0732,0.1050637713660746,2.1537,185.7665574674388,185.6614936960727,185.7665574674388,2.1537,185.7665574674388,185.7665574674388,2.0732,0.1050637713660746,2.1537,185.7665574674388,185.6614936960727,185.7665574674388,False,ok,ok,0.0,2.8778,1037,True,True,True,True,True,True,True,169.93781108863004,125.17883786270012,44.75897322592992,174.0999999999997,101.89999999999966,182.3999999999999,101.89999999999966,101.89999999999966,182.3999999999999,101.89999999999966,2.8778
73_5,147.0,71.0,17,high_school,R,30.0,33.0,55.8053,53.9,80.1,167,73,1.5194,1.5694,1.6861,,,,,,,,,,,,,,,,,,,,,,,,,,,,,,,,,0.0,2.35,847,True,True,False,True,True,True,True,166.69999999999985,116.70000000000003,49.99999999999982,,,,,,,,2.35
81_1,197.0,71.0,19,college,R,30.0,33.0,65.3704,68.9,90.8,176,81,1.108583496188772,1.2867970375563913,1.4167,1.1083,1.2889,latest_sustained_upward_crossing,latest_sustained_upward_crossing,1.2324,last_local_min_after_zero_baseline_plus5bw_breakout,1.0,25.973899679650103,54.39703755639136,1.3537,1525.1428,174.04352332034952,1525.1428,174.04352332034952,1.0898,-0.7455668775810183,1.3537,174.04352332034952,174.78909019793053,174.78909019793053,1.3537,174.04352332034952,174.04352332034952,1.0898,-0.7455668775810183,1.3537,174.04352332034952,174.78909019793053,174.78909019793053,False,ok,ok,0.0,1.8222,657,True,True,True,True,True,True,True,308.11650381122814,129.90296244360877,178.21354136761934,184.30000000000013,63.00000000000017,326.9,63.00000000000017,63.00000000000017,326.9,63.00000000000017,1.8222
81_2,197.0,71.0,19,college,R,30.0,33.0,67.9466,72.0,91.9,176,81,1.4315628568161352,1.4675738894717307,1.5861,1.4333,1.4694,latest_sustained_upward_crossing,latest_sustained_upward_crossing,1.4148,zero_baseline_breakout_before_fp100,0.0,4.468739953748663,52.77388947173067,1.4852,1517.6057,173.18341799800342,1517.6057,173.18341799800342,1.4009,-0.9303552641587485,1.4852,173.18341799800342,174.11377326216217,174.11377326216217,1.4852,173.18341799800342,173.18341799800342,1.4009,-0.9303552641587485,1.4852,173.18341799800342,174.11377326216217,174.11377326216217,False,ok,ok,0.0,2.0306,732,True,True,True,True,True,True,True,154.5371431838649,118.52611052826933,36.01103265559558,171.3,100.89999999999999,185.20000000000005,100.89999999999999,100.89999999999999,185.20000000000005,100.89999999999999,2.0306
81_3,197.0,71.0,19,college,R,30.0,33.0,69.0888,75.1,96.8,176,81,0.9690690510634798,1.0181165044523623,1.1333,0.9694,1.0194,latest_sustained_upward_crossing,latest_sustained_upward_crossing,0.9602,zero_baseline_breakout_before_fp100,0.0,4.449419407316181,57.9165044523623,1.0407,1453.2755,165.84229907857977,1453.2755,165.84229907857977,0.9482,-1.098642446080677,1.0407,165.84229907857977,166.94094152466045,166.94094152466045,1.0407,165.84229907857977,165.84229907857977,0.9482,-1.098642446080677,1.0407,165.84229907857977,166.94094152466045,166.94094152466045,False,ok,ok,0.0,1.5417,556,True,True,True,True,True,True,True,164.23094893652012,115.18349554763762,49.0474533888825,173.0999999999999,92.60000000000002,185.09999999999994,92.60000000000002,92.60000000000002,185.09999999999994,92.60000000000002,1.5417
81_4,197.0,71.0,19,college,R,30.0,33.0,70.2928,75.3,91.7,176,81,1.1558254128392396,1.385177675563227,1.5083,1.1556,1.3861,latest_sustained_upward_crossing,latest_sustained_upward_crossing,1.3269,last_local_min_after_zero_baseline_plus5bw_breakout,1.0,24.613557203323843,58.27767556322705,1.4111,1430.2539,163.2151612286212,1430.2539,163.2151612286212,1.1389,-0.8440719941708391,1.4111,163.2151612286212,164.05923322279205,164.05923322279205,1.4111,163.2151612286212,163.2151612286212,1.1389,-0.8440719941708391,1.4111,163.2151612286212,164.05923322279205,164.05923322279205,False,ok,ok,0.0,1.8833,679,True,True,True,True,True,True,True,352.4745871607604,123.12232443677296,229.35226272398745,181.4,97.19999999999996,369.4,97.19999999999996,97.19999999999996,369.4,97.19999999999996,1.8833
81_5,197.0,71.0,19,college,R,30.0,33.0,67.7032,72.0,91.2,176,81,1.190269548302367,1.3482482063299395,1.4694,1.1917,1.35,latest_sustained_upward_crossing,latest_sustained_upward_crossing,1.3019,last_local_min_after_zero_baseline_plus5bw_breakout,1.0,26.451672049844948,46.348206329939416,1.3713,1692.9082,193.1882757377938,1692.9082,193.1882757377938,1.1722,-0.9567275213921912,1.3713,193.1882757377938,194.14500325918598,194.14500325918598,1.3713,193.1882757377938,193.1882757377938,1.1722,-0.9567275213921912,1.3713,193.1882757377938,194.14500325918598,194.14500325918598,False,ok,ok,0.0,1.7806,642,True,True,True,True,True,True,True,279.13045169763296,121.15179367006057,157.97865802757238,167.49999999999997,98.10000000000008,297.20000000000016,98.10000000000008,98.10000000000008,297.20000000000016,98.10000000000008,1.7806
84_1,198.0,74.0,24,independent,L,31.0,34.0,71.5208,75.9,95.0,177,84,1.2406452881842154,1.305385561111421,1.4389,1.2417,1.3056,latest_sustained_upward_crossing,latest_sustained_upward_crossing,1.2333,zero_baseline_breakout_before_fp100,0.0,5.38570497179388,72.08556111142084,1.3315,1714.2754,194.6386064911168,1714.2754,194.6386064911168,1.2157,-0.009957446621045219,1.3315,194.6386064911168,194.64856393773786,194.64856393773786,1.3315,194.6386064911168,194.6386064911168,1.2157,-0.009957446621045219,1.3315,194.6386064911168,194.64856393773786,194.64856393773786,False,ok,ok,0.0,1.8139,654,True,True,True,True,True,True,True,198.2547118157847,133.51443888857918,64.74027292720552,205.6,107.40000000000016,223.20000000000007,107.40000000000016,107.40000000000016,223.20000000000007,107.40000000000016,1.8139
84_2,198.0,74.0,24,independent,L,31.0,34.0,70.2543,71.1,95.7,177,84,1.1268215115593168,1.185810384802335,1.3278,1.1278,1.1861,latest_sustained_upward_crossing,latest_sustained_upward_crossing,1.1185,zero_baseline_breakout_before_fp100,0.0,4.663777068077102,67.31038480233487,1.2454,1612.9035,183.12885411798186,1612.9035,183.12885411798186,1.1028,-0.16539352899517187,1.2454,183.12885411798186,183.29424764697703,183.29424764697703,1.2454,183.12885411798186,183.12885411798186,1.1028,-0.16539352899517187,1.2454,183.12885411798186,183.29424764697703,183.29424764697703,False,ok,ok,0.0,1.8083,652,True,True,True,True,True,True,True,200.97848844068332,141.9896151976652,58.98887324301816,209.30000000000004,82.40000000000003,225.00000000000009,82.40000000000003,82.40000000000003,225.00000000000009,82.40000000000003,1.8083
84_3,198.0,74.0,24,independent,L,31.0,34.0,69.3481,69.6,93.2,177,84,1.1783527032800307,1.238578873741905,1.3667,1.1806,1.2389,latest_sustained_upward_crossing,latest_sustained_upward_crossing,1.1722,zero_baseline_breakout_before_fp100,0.0,5.047541829526734,66.3788737419051,1.2769,1542.8577,175.1758630743284,1542.8577,175.1758630743284,1.1593,-0.4623911215987076,1.2769,175.1758630743284,175.6382541959271,175.6382541959271,1.2769,175.1758630743284,175.1758630743284,1.1593,-0.4623911215987076,1.2769,175.1758630743284,175.6382541959271,175.6382541959271,False,ok,ok,0.0,1.7417,628,True,True,True,True,True,True,True,188.3472967199693,128.12112625809502,60.22617046187428,194.5000000000001,89.8000000000001,207.40000000000003,89.8000000000001,89.8000000000001,207.40000000000003,89.8000000000001,1.7417
84_4,198.0,74.0,24,independent,L,31.0,34.0,70.0833,71.7,91.3,177,84,1.1954964451710874,1.2564474749224406,1.3833,1.1972,1.2583,latest_sustained_upward_crossing,latest_sustained_upward_crossing,1.187,zero_baseline_breakout_before_fp100,0.0,4.540856133016609,69.44747492244052,1.2833,1664.4647,188.98310607598683,1664.4647,188.98310607598683,1.1722,-0.39943326354432246,1.2833,188.98310607598683,189.38253933953115,189.38253933953115,1.2833,188.98310607598683,188.98310607598683,1.1722,-0.39943326354432246,1.2833,188.98310607598683,189.38253933953115,189.38253933953115,False,ok,ok,0.0,1.7472,630,True,True,True,True,True,True,True,187.80355482891252,126.85252507755939,60.95102975135313,196.29999999999993,99.99999999999987,211.10000000000008,99.99999999999987,99.99999999999987,211.10000000000008,99.99999999999987,1.7472
84_5,198.0,74.0,24,independent,L,31.0,34.0,71.2026,71.4,96.5,177,84,1.3781288154543059,1.4435212304980636,1.5806,1.3806,1.4444,latest_sustained_upward_crossing,latest_sustained_upward_crossing,1.3694,zero_baseline_breakout_before_fp100,0.0,4.3214750635985,74.12123049806362,1.4713,1725.1468,195.87294383656754,1725.1468,195.87294383656754,1.3546,-0.5709011755979427,1.4713,195.87294383656754,196.4438450121655,196.4438450121655,1.4713,195.87294383656754,195.87294383656754,1.3546,-0.5709011755979427,1.4713,195.87294383656754,196.4438450121655,196.4438450121655,False,ok,ok,0.0,2.0056,723,True,True,True,True,True,True,True,202.47118454569411,137.07876950193642,65.3924150437577,211.20000000000005,109.29999999999995,225.99999999999997,109.29999999999995,109.29999999999995,225.99999999999997,109.29999999999995,2.0056
86_1,228.0,74.0,21,college,R,31.0,34.0,67.4661,61.5,91.7,178,86,1.2160840386584857,1.2487635475078578,1.3917,1.2167,1.2528,latest_sustained_upward_crossing,latest_sustained_upward_crossing,1.2102,zero_baseline_breakout_before_fp100,0.0,4.889908293691631,38.56354750785784,1.2732,1957.4833,193.0086630721166,1957.4833,193.0086630721166,1.1982,-0.4295724221025489,1.2732,193.0086630721166,193.43823549421916,193.43823549421916,1.2732,193.0086630721166,193.0086630721166,1.1982,-0.4295724221025489,1.2732,193.0086630721166,193.43823549421916,193.43823549421916,False,ok,ok,0.0,1.8444,665,True,True,True,True,True,True,True,175.61596134151424,142.93645249214217,32.6795088493721,181.5,118.49999999999983,193.5,118.49999999999983,118.49999999999983,193.5,118.49999999999983,1.8444
86_2,228.0,74.0,21,college,R,31.0,34.0,70.7922,69.0,96.8,178,86,1.1715817857715665,1.1917,1.3028,1.1722,1.1917,latest_sustained_upward_crossing,not_detected,,missing_force_or_fp100,0.0,,,1.1963,1090.892,107.562402435856,1090.892,107.562402435856,1.1157,-99.01970203830831,1.1963,107.562402435856,206.5821044741643,206.5821044741643,1.1963,107.562402435856,107.562402435856,1.1157,-99.01970203830831,1.1963,107.562402435856,206.5821044741643,206.5821044741643,False,ok,ok,0.0,1.6278,587,True,True,True,True,True,True,True,131.21821422843348,111.09999999999998,20.118214228433516,,106.50000000000004,187.10000000000005,106.50000000000004,106.50000000000004,187.10000000000005,106.50000000000004,1.6278
86_3,228.0,74.0,21,college,R,31.0,34.0,72.8335,68.4,97.9,178,86,2.133317671542826,2.1444,2.2667,2.1333,2.1444,latest_sustained_upward_crossing,not_detected,,missing_force_or_fp100,0.0,,,2.1509,1320.0335,130.15584911779675,1320.0335,130.15584911779675,2.087,-98.58818718805706,2.1509,130.15584911779675,228.7440363058538,228.7440363058538,2.1509,130.15584911779675,130.15584911779675,2.087,-98.58818718805706,2.1509,130.15584911779675,228.7440363058538,228.7440363058538,False,ok,ok,0.0,2.5972,936,True,True,True,True,True,True,True,133.38232845717403,122.30000000000007,11.08232845717394,,115.80000000000013,179.69999999999996,115.80000000000013,115.80000000000013,179.69999999999996,115.80000000000013,2.5972
86_4,228.0,74.0,21,college,R,31.0,34.0,71.1357,67.7,92.5,178,86,1.4978089673717474,,1.6333,1.5,,latest_sustained_upward_crossing,not_detected,,missing_force_or_fp100,0.0,,,1.4602,1004.8505,99.078674945706,-1004.8505,-99.078674945706,1.4602,-99.078674945706,1.5167,88.43505609457927,187.51373104028528,187.51373104028528,1.4602,99.078674945706,-99.078674945706,1.4602,-99.078674945706,1.5167,88.43505609457927,187.51373104028528,187.51373104028528,False,ok,ok,0.0,2.1083,760,True,True,True,False,False,True,True,135.49103262825258,,,,173.10000000000002,173.10000000000002,116.60000000000004,173.10000000000002,173.10000000000002,116.60000000000004,2.1083
86_5,228.0,74.0,21,college,R,31.0,34.0,74.6894,71.6,100.4,178,86,1.5426117475313286,1.5583,1.6833,1.5444,1.5583,latest_sustained_upward_crossing,not_detected,,missing_force_or_fp100,0.0,,,1.5611,1107.8606,109.23551341473663,1107.8606,109.23551341473663,1.4972,-98.98471861154907,1.5611,109.23551341473663,208.22023202628571,208.22023202628571,1.5611,109.23551341473663,109.23551341473663,1.4972,-98.98471861154907,1.5611,109.23551341473663,208.22023202628571,208.22023202628571,False,ok,ok,0.0,2.075,748,True,True,True,True,True,True,True,140.68825246867144,125.0,15.688252468671449,,122.20000000000009,186.09999999999994,122.20000000000009,122.20000000000009,186.09999999999994,122.20000000000009,2.075
89_1,207.0,74.0,22,milb,R,31.0,34.0,74.0327,74.5,95.1,179,89,1.1983209766568053,1.2425899189856482,1.3806,1.2,1.2444,latest_sustained_upward_crossing,latest_sustained_upward_crossing,1.1926,zero_baseline_breakout_before_fp100,0.0,4.297765005818684,49.98991898564809,1.3083,1841.7965,200.02527756814933,1841.7965,200.02527756814933,1.1833,-0.7655016020862553,1.3083,200.02527756814933,200.7907791702356,200.7907791702356,1.3083,200.02527756814933,200.02527756814933,1.1833,-0.7655016020862553,1.3083,200.02527756814933,200.7907791702356,200.7907791702356,False,ok,ok,0.0,1.6611,599,True,True,True,True,True,True,True,182.27902334319478,138.01008101435187,44.26894232884293,187.99999999999994,72.30000000000003,197.30000000000004,72.30000000000003,72.30000000000003,197.30000000000004,72.30000000000003,1.6611
89_2,207.0,74.0,22,milb,R,31.0,34.0,73.3095,78.0,97.5,179,89,1.4566403467291862,1.499636478735692,1.6389,1.4583,1.5,latest_sustained_upward_crossing,latest_sustained_upward_crossing,1.4509,zero_baseline_breakout_before_fp100,0.0,4.03118976808658,48.73647873569187,1.5852,1692.9015,183.85478115146617,1692.9015,183.85478115146617,1.4426,-0.8905583643939934,1.5852,183.85478115146617,184.74533951586017,184.74533951586017,1.5852,183.85478115146617,183.85478115146617,1.4426,-0.8905583643939934,1.5852,183.85478115146617,184.74533951586017,184.74533951586017,False,ok,ok,0.0,2.075,748,True,True,True,True,True,True,True,182.25965327081383,139.26352126430808,42.99613200650576,187.99999999999994,53.70000000000008,196.29999999999993,53.70000000000008,53.70000000000008,196.29999999999993,53.70000000000008,2.075
89_3,207.0,74.0,22,milb,R,31.0,34.0,72.5907,72.6,96.1,179,89,1.480233212043689,1.5260129640134057,1.6639,1.4806,1.5278,latest_sustained_upward_crossing,latest_sustained_upward_crossing,1.4722,zero_baseline_breakout_before_fp100,0.0,4.274739817051627,53.81296401340574,1.6,1602.59,174.0466493328337,1602.59,174.0466493328337,1.4593,-0.5803763245962246,1.6,174.0466493328337,174.62702565742993,174.62702565742993,1.6,174.0466493328337,174.0466493328337,1.4593,-0.5803763245962246,1.6,174.0466493328337,174.62702565742993,174.62702565742993,False,ok,ok,0.0,2.0667,745,True,True,True,True,True,True,True,183.66678795631097,137.88703598659424,45.77975196971673,191.7,63.89999999999985,204.59999999999988,63.89999999999985,63.89999999999985,204.59999999999988,63.89999999999985,2.0667
89_4,207.0,74.0,22,milb,R,31.0,34.0,73.3997,76.5,94.0,179,89,1.9704414559793912,2.0121051307430493,2.1556,1.9722,2.0139,latest_sustained_upward_crossing,latest_sustained_upward_crossing,1.9648,zero_baseline_breakout_before_fp100,0.0,4.160809148955283,47.305130743049205,2.0787,1823.2046,198.00613486806319,1823.2046,198.00613486806319,1.9556,-0.7429338250931611,2.0787,198.00613486806319,198.74906869315635,198.74906869315635,2.0787,198.00613486806319,198.00613486806319,1.9556,-0.7429338250931611,2.0787,198.00613486806319,198.74906869315635,198.74906869315635,False,ok,ok,0.0,2.5917,934,True,True,True,True,True,True,True,185.15854402060893,143.49486925695086,41.663674763658065,190.80000000000007,76.90000000000019,200.00000000000017,76.90000000000019,76.90000000000019,200.00000000000017,76.90000000000019,2.5917
89_5,207.0,74.0,22,milb,R,31.0,34.0,72.8765,72.2,93.7,179,89,2.0822375842038707,2.1301977842227218,2.2694,2.0833,2.1306,latest_sustained_upward_crossing,latest_sustained_upward_crossing,2.0769,zero_baseline_breakout_before_fp100,0.0,4.470920277151222,53.297784222721575,2.2028,1842.235,200.07290013894567,1842.235,200.07290013894567,2.0676,-0.9071420965732305,2.2028,200.07290013894567,200.9800422355189,200.9800422355189,2.2028,200.07290013894567,200.07290013894567,2.0676,-0.9071420965732305,2.2028,200.07290013894567,200.9800422355189,200.9800422355189,False,ok,ok,0.0,2.8278,1019,True,True,True,True,True,True,True,187.16241579612935,139.20221577727833,47.96020001885104,192.4999999999999,66.60000000000022,201.79999999999998,66.60000000000022,66.60000000000022,201.79999999999998,66.60000000000022,2.8278
103_1,236.0,75.0,18,high_school,R,31.0,34.0,69.2154,66.8,97.2,4,103,1.5697126371367598,1.5937039059841753,1.7528,1.5722,1.5944,latest_sustained_upward_crossing,latest_sustained_upward_crossing,1.5639,zero_baseline_breakout_before_fp100,0.0,3.766243499457887,29.80390598417526,1.6787,2322.2798,221.21579127761484,2322.2798,221.21579127761484,1.5556,-1.2817634303558954,1.6787,221.21579127761484,222.49755470797075,222.49755470797075,1.6787,221.21579127761484,221.21579127761484,1.5556,-1.2817634303558954,1.6787,221.21579127761484,222.49755470797075,222.49755470797075,False,ok,ok,0.0,2.2306,804,True,True,True,True,True,True,True,183.08736286324012,159.09609401582458,23.991268847415537,188.89999999999984,74.09999999999984,197.19999999999982,74.09999999999984,74.09999999999984,197.19999999999982,74.09999999999984,2.2306
103_2,236.0,75.0,18,high_school,R,31.0,34.0,66.0435,65.0,88.8,4,103,1.4952091679780117,1.5228047070915505,1.6722,1.4972,1.525,latest_sustained_upward_crossing,latest_sustained_upward_crossing,1.4898,zero_baseline_breakout_before_fp100,0.0,3.3868604770578146,33.00470709155046,1.5444,2270.0012,216.23583500107753,2270.0012,216.23583500107753,1.4843,-1.3158753297301713,1.5444,216.23583500107753,217.5517103308077,217.5517103308077,1.5444,216.23583500107753,216.23583500107753,1.4843,-1.3158753297301713,1.5444,216.23583500107753,217.5517103308077,217.5517103308077,False,ok,ok,0.0,2.025,730,True,True,True,True,True,True,True,176.99083202198818,149.39529290844945,27.595539113538734,182.3999999999999,127.79999999999991,187.89999999999995,127.79999999999991,127.79999999999991,187.89999999999995,127.79999999999991,2.025
103_3,236.0,75.0,18,high_school,R,31.0,34.0,65.0387,69.2,88.9,4,103,1.4994029907347382,1.5245761656566492,1.6944,1.5,1.525,latest_sustained_upward_crossing,latest_sustained_upward_crossing,1.4935,zero_baseline_breakout_before_fp100,0.0,3.9740343159084905,31.076165656649167,1.6204,1942.1915,185.0093298340526,1942.1915,185.0093298340526,1.4833,-0.9425019681344932,1.6204,185.0093298340526,185.9518318021871,185.9518318021871,1.6204,185.0093298340526,185.0093298340526,1.4833,-0.9425019681344932,1.6204,185.0093298340526,185.9518318021871,185.9518318021871,False,ok,ok,0.0,2.05,739,True,True,True,True,True,True,True,194.99700926526177,169.82383434335068,25.17317492191107,200.89999999999986,73.99999999999984,211.09999999999985,73.99999999999984,73.99999999999984,211.09999999999985,73.99999999999984,2.05
103_4,236.0,75.0,18,high_school,R,31.0,34.0,60.9263,58.5,83.1,4,103,1.3106938278513558,1.334868225149816,1.4944,1.3139,1.3361,latest_sustained_upward_crossing,latest_sustained_upward_crossing,1.3046,zero_baseline_breakout_before_fp100,0.0,4.119702890393671,30.268225149816086,1.4306,2509.2788,239.0289470192799,2509.2788,239.0289470192799,1.2944,-0.875964236459174,1.4306,239.0289470192799,239.90491125573908,239.90491125573908,1.4306,239.0289470192799,239.0289470192799,1.2944,-0.875964236459174,1.4306,239.0289470192799,239.90491125573908,239.90491125573908,False,ok,ok,0.0,1.8806,678,True,True,True,True,True,True,True,183.70617214864416,159.5317748501839,24.17439729846027,189.79999999999995,63.799999999999855,199.99999999999994,63.799999999999855,63.799999999999855,199.99999999999994,63.799999999999855,1.8806
103_5,236.0,75.0,18,high_school,R,31.0,34.0,66.0698,68.2,91.6,4,103,1.5857585179167508,1.6142186434648298,1.7694,1.5861,1.6167,latest_sustained_upward_crossing,latest_sustained_upward_crossing,1.5806,zero_baseline_breakout_before_fp100,0.0,4.138249067857898,33.61864346482979,1.688,2492.2496,237.40677903038176,2492.2496,237.40677903038176,1.5722,-0.9492176590194037,1.688,237.40677903038176,238.35599668940117,238.35599668940117,1.688,237.40677903038176,237.40677903038176,1.5722,-0.9492176590194037,1.688,237.40677903038176,238.35599668940117,238.35599668940117,False,ok,ok,0.0,2.1417,772,True,True,True,True,True,True,True,183.64148208324926,155.1813565351703,28.460125548078974,188.80000000000007,81.40000000000013,197.20000000000005,81.40000000000013,81.40000000000013,197.20000000000005,81.40000000000013,2.1417
111_1,173.0,67.0,25,college,L,30.0,33.0,62.8316,64.4,81.7,10,111,1.4349892767429597,1.5348710413150488,1.6444,1.4361,1.5361,latest_sustained_upward_crossing,latest_sustained_upward_crossing,1.4213,zero_baseline_breakout_before_fp100,0.0,4.981692797003397,113.5710413150488,1.5694,1601.0371,208.0505539371268,1601.0371,208.0505539371268,1.3546,0.1596793232823533,1.5694,208.0505539371268,207.89087461384446,208.0505539371268,1.5694,208.0505539371268,208.0505539371268,1.3546,0.1596793232823533,1.5694,208.0505539371268,207.89087461384446,208.0505539371268,False,ok,ok,0.0,2.3194,836,True,False,True,True,True,True,True,209.41072325704036,109.52895868495128,99.88176457208908,223.10000000000008,75.00000000000017,289.80000000000007,75.00000000000017,75.00000000000017,289.80000000000007,75.00000000000017,2.3194
111_2,173.0,67.0,25,college,L,30.0,33.0,64.4307,62.0,79.3,10,111,1.2216513327802545,1.3161086504095392,1.4278,1.2222,1.3167,latest_sustained_upward_crossing,latest_sustained_upward_crossing,1.2074,zero_baseline_breakout_before_fp100,0.0,5.130739368165759,108.70865040953915,1.3528,1848.7596,240.24144029927913,1848.7596,240.24144029927913,1.1417,0.10371099276663914,1.3528,240.24144029927913,240.13772930651248,240.24144029927913,1.3528,240.24144029927913,240.24144029927913,1.1417,0.10371099276663914,1.3528,240.24144029927913,240.13772930651248,240.24144029927913,False,ok,ok,0.0,1.7,613,True,False,True,True,True,True,True,206.14866721974545,111.69134959046079,94.45731762928466,220.39999999999992,74.99999999999996,286.1,74.99999999999996,74.99999999999996,286.1,74.99999999999996,1.7
111_3,173.0,67.0,25,college,L,30.0,33.0,60.9335,57.5,79.2,10,111,1.0785400216328644,1.1806700914289405,1.2972,1.0806,1.1833,latest_sustained_upward_crossing,latest_sustained_upward_crossing,1.0639,zero_baseline_breakout_before_fp100,0.0,5.050168943690168,116.77009142894046,1.2222,1762.9617,229.09222919002863,1762.9617,229.09222919002863,1.013,0.13075303962134105,1.2222,229.09222919002863,228.9614761504073,229.09222919002863,1.2222,229.09222919002863,229.09222919002863,1.013,0.13075303962134105,1.2222,229.09222919002863,228.9614761504073,229.09222919002863,False,ok,ok,0.0,1.5972,576,True,False,True,True,True,True,True,218.65997836713547,116.52990857105938,102.13006979607609,233.29999999999984,74.99999999999996,284.2,74.99999999999996,74.99999999999996,284.2,74.99999999999996,1.5972
111_4,173.0,67.0,25,college,L,30.0,33.0,62.3658,63.6,83.8,10,111,1.0544036153912937,1.1622499976242022,1.2944,1.0556,1.1639,latest_sustained_upward_crossing,latest_sustained_upward_crossing,1.0389,zero_baseline_breakout_before_fp100,0.0,5.1885208466346455,123.34999762420229,1.2074,1588.6186,206.4368025730465,1588.6186,206.4368025730465,0.513,0.17516904930388366,1.2074,206.4368025730465,206.2616335237426,206.4368025730465,1.2074,206.4368025730465,206.4368025730465,0.513,0.17516904930388366,1.2074,206.4368025730465,206.2616335237426,206.4368025730465,False,ok,ok,0.0,1.6361,590,True,False,True,True,True,True,True,239.9963846087063,132.15000237579778,107.84638223290854,255.50000000000006,86.99999999999997,781.4,86.99999999999997,86.99999999999997,781.4,86.99999999999997,1.6361
111_5,173.0,67.0,25,college,L,30.0,33.0,62.0994,64.2,74.8,10,111,1.0261955192698877,1.1172430967393228,1.2333,1.0278,1.1194,latest_sustained_upward_crossing,latest_sustained_upward_crossing,1.012,zero_baseline_breakout_before_fp100,0.0,5.0378812736449605,105.24309673932275,1.1583,1849.2174,240.30093020341212,1849.2174,240.30093020341212,0.9509,0.1170305977767638,1.1583,240.30093020341212,240.18389960563536,240.30093020341212,1.1583,240.30093020341212,240.30093020341212,0.9509,0.1170305977767638,1.1583,240.30093020341212,240.18389960563536,240.30093020341212,False,ok,ok,0.0,1.6056,579,True,False,True,True,True,True,True,207.10448073011233,116.0569032606773,91.04757746943504,221.30000000000004,74.99999999999996,282.4000000000001,74.99999999999996,74.99999999999996,282.4000000000001,74.99999999999996,1.6056
111_6,173.0,67.0,25,college,L,30.0,33.0,65.8984,65.4,86.8,10,111,1.0823336525412781,1.1636666634891848,1.2806,1.0833,1.1639,latest_sustained_upward_crossing,latest_sustained_upward_crossing,1.0685,zero_baseline_breakout_before_fp100,0.0,5.172937864268137,95.16666348918478,1.2009,1844.3467,239.66799556806762,1844.3467,239.66799556806762,0.9991,0.14418959726082292,1.2009,239.66799556806762,239.5238059708068,239.66799556806762,1.2009,239.66799556806762,239.66799556806762,0.9991,0.14418959726082292,1.2009,239.66799556806762,239.5238059708068,239.66799556806762,False,ok,ok,0.0,1.6917,610,True,False,True,True,True,True,True,198.26634745872184,116.93333651081517,81.33301094790669,212.09999999999997,79.69999999999987,281.5,79.69999999999987,79.69999999999987,281.5,79.69999999999987,1.6917
111_7,173.0,67.0,25,college,L,30.0,33.0,66.1865,68.5,81.3,10,111,1.1584033887577352,1.242935787353248,1.3556,1.1611,1.2444,latest_sustained_upward_crossing,latest_sustained_upward_crossing,1.1463,zero_baseline_breakout_before_fp100,0.0,5.076993902004102,96.63578735324796,1.2889,1987.5088,258.27153336728685,1987.5088,258.27153336728685,1.0926,0.1596273443359723,1.2889,258.27153336728685,258.1119060229509,258.27153336728685,1.2889,258.27153336728685,258.27153336728685,1.0926,0.1596273443359723,1.2889,258.27153336728685,258.1119060229509,258.27153336728685,False,ok,ok,0.0,1.825,658,True,False,True,True,True,True,True,197.19661124226474,112.66421264675186,84.53239859551287,209.2999999999998,66.69999999999999,262.9999999999999,66.69999999999999,66.69999999999999,262.9999999999999,66.69999999999999,1.825
111_8,173.0,67.0,25,college,L,30.0,33.0,64.8073,65.2,87.8,10,111,1.1013287352874508,1.1732796958275535,1.2917,1.1028,1.175,latest_sustained_upward_crossing,latest_sustained_upward_crossing,1.088,zero_baseline_breakout_before_fp100,0.0,4.926629511671727,85.27969582755345,1.2074,1768.4195,229.8014559239238,1768.4195,229.8014559239238,1.0213,0.1139508452036911,1.2074,229.8014559239238,229.6875050787201,229.8014559239238,1.2074,229.8014559239238,229.8014559239238,1.0213,0.1139508452036911,1.2074,229.8014559239238,229.6875050787201,229.8014559239238,False,ok,ok,0.0,1.8056,651,True,False,True,True,True,True,True,190.37126471254928,118.42030417244654,71.95096054010276,203.7,84.30000000000004,270.4,84.30000000000004,84.30000000000004,270.4,84.30000000000004,1.8056
121_1,189.0,71.0,19,college,R,30.0,33.0,69.4883,83.4,95.6,22,121,1.3321255531406582,1.3686678825522423,1.4694,1.3333,1.3694,latest_sustained_upward_crossing,latest_sustained_upward_crossing,1.3278,zero_baseline_breakout_before_fp100,0.0,5.037810985587915,40.867882552242165,1.4065,1724.8564,205.16568480387733,1724.8564,205.16568480387733,1.3204,-0.7459731675329706,1.4065,205.16568480387733,205.9116579714103,205.9116579714103,1.4065,205.16568480387733,205.16568480387733,1.3204,-0.7459731675329706,1.4065,205.16568480387733,205.9116579714103,205.9116579714103,False,ok,ok,0.0,1.7528,632,True,False,True,True,True,True,True,137.27444685934188,100.73211744775779,36.542329411584085,141.59999999999994,62.899999999999956,149.00000000000003,62.899999999999956,62.899999999999956,149.00000000000003,62.899999999999956,1.7528
121_2,189.0,71.0,19,college,R,30.0,33.0,66.8883,73.8,92.2,22,121,1.375477192316514,1.4126681883229977,1.5194,1.3778,1.4139,latest_sustained_upward_crossing,latest_sustained_upward_crossing,1.3676,zero_baseline_breakout_before_fp100,0.0,4.439792608899946,45.06818832299775,1.4556,1851.7723,220.26189080456265,1851.7723,220.26189080456265,1.3528,-0.4422194119834295,1.4556,220.26189080456265,220.70411021654607,220.70411021654607,1.4556,220.26189080456265,220.26189080456265,1.3528,-0.4422194119834295,1.4556,220.26189080456265,220.70411021654607,220.70411021654607,False,ok,ok,0.0,1.8972,684,True,False,True,True,True,True,True,143.92280768348598,106.73181167700241,37.190996006483566,151.80000000000015,63.80000000000008,166.60000000000008,63.80000000000008,63.80000000000008,166.60000000000008,63.80000000000008,1.8972
121_3,189.0,71.0,19,college,R,30.0,33.0,67.3292,76.7,89.8,22,121,1.2807013915794752,1.3145133438957501,1.4083,1.2833,1.3167,latest_sustained_upward_crossing,latest_sustained_upward_crossing,1.2759,zero_baseline_breakout_before_fp100,0.0,4.563597755577451,38.613343895750106,1.3426,1936.1956,230.3037494531453,1936.1956,230.3037494531453,1.2676,-1.0661415443245672,1.3426,230.3037494531453,231.36989099746987,231.36989099746987,1.3426,230.3037494531453,230.3037494531453,1.2676,-1.0661415443245672,1.3426,230.3037494531453,231.36989099746987,231.36989099746987,False,ok,ok,0.0,1.7722,639,True,False,True,True,True,True,True,127.59860842052495,93.78665610424997,33.81195231627498,132.40000000000006,65.70000000000009,140.70000000000005,65.70000000000009,65.70000000000009,140.70000000000005,65.70000000000009,1.7722
121_4,189.0,71.0,19,college,R,30.0,33.0,70.4725,80.0,99.2,22,121,1.6249987121122695,1.6570605254625523,1.7472,1.6278,1.6583,latest_sustained_upward_crossing,latest_sustained_upward_crossing,1.6204,zero_baseline_breakout_before_fp100,0.0,4.305351543317904,36.66052546255227,1.6889,1914.7376,227.75139479653643,1914.7376,227.75139479653643,1.6139,-1.4013566572547143,1.6889,227.75139479653643,229.15275145379115,229.15275145379115,1.6889,227.75139479653643,227.75139479653643,1.6139,-1.4013566572547143,1.6889,227.75139479653643,229.15275145379115,229.15275145379115,False,ok,ok,0.0,2.0056,723,True,False,True,True,True,True,True,122.20128788773054,90.13947453744775,32.0618133502828,126.80000000000003,58.30000000000002,133.30000000000018,58.30000000000002,58.30000000000002,133.30000000000018,58.30000000000002,2.0056
121_5,189.0,71.0,19,college,R,30.0,33.0,70.7974,85.0,92.8,22,121,1.1884245321910274,1.2254788474325555,1.3167,1.1889,1.2278,latest_sustained_upward_crossing,latest_sustained_upward_crossing,1.1833,zero_baseline_breakout_before_fp100,0.0,3.924792613498898,42.178847432555514,1.2574,1681.9238,200.05900097824934,1681.9238,200.05900097824934,1.1769,-1.316405045000541,1.2574,200.05900097824934,201.3754060232499,201.3754060232499,1.2574,200.05900097824934,200.05900097824934,1.1769,-1.316405045000541,1.2574,200.05900097824934,201.3754060232499,201.3754060232499,False,ok,ok,0.0,1.6389,591,True,False,True,True,True,True,True,128.2754678089726,91.22115256744445,37.05431524152814,133.39999999999998,59.29999999999991,139.79999999999993,59.29999999999991,59.29999999999991,139.79999999999993,59.29999999999991,1.6389
121_6,189.0,71.0,19,college,R,30.0,33.0,74.103,87.3,101.8,22,121,1.1745620559050283,1.2084931681784443,1.3028,1.175,1.2111,latest_sustained_upward_crossing,latest_sustained_upward_crossing,1.1704,zero_baseline_breakout_before_fp100,0.0,4.858576055900314,38.093168178444216,1.238,1805.2051,214.72288391830872,1805.2051,214.72288391830872,1.163,-1.4196625283355282,1.238,214.72288391830872,216.14254644664425,216.14254644664425,1.238,214.72288391830872,214.72288391830872,1.163,-1.4196625283355282,1.238,214.72288391830872,216.14254644664425,216.14254644664425,False,ok,ok,0.0,1.5778,569,True,False,True,True,True,True,True,128.23794409497168,94.30683182155563,33.931112273416055,132.39999999999986,64.79999999999997,139.79999999999993,64.79999999999997,64.79999999999997,139.79999999999993,64.79999999999997,1.5778
121_7,189.0,71.0,19,college,R,30.0,33.0,71.4564,77.0,91.7,22,121,1.3523414667661797,1.3824373404538872,1.4806,1.3528,1.3833,latest_sustained_upward_crossing,latest_sustained_upward_crossing,1.3482,zero_baseline_breakout_before_fp100,0.0,4.768196283731569,34.23734045388716,1.4102,1944.8602,231.33437356339104,1944.8602,231.33437356339104,1.3417,-1.5178291001548634,1.4102,231.33437356339104,232.8522026635459,232.8522026635459,1.4102,231.33437356339104,231.33437356339104,1.3417,-1.5178291001548634,1.4102,231.33437356339104,232.8522026635459,232.8522026635459,False,ok,ok,0.0,1.7444,629,True,False,True,True,True,True,True,128.2585332338202,98.16265954611269,30.095873687707495,132.39999999999986,70.40000000000002,138.90000000000003,70.40000000000002,70.40000000000002,138.90000000000003,70.40000000000002,1.7444
121_8,189.0,71.0,19,college,R,30.0,33.0,71.9167,,96.1,22,121,1.4923400904748079,1.5280325346335621,1.6056,1.4944,1.5306,latest_sustained_upward_crossing,latest_sustained_upward_crossing,1.488,zero_baseline_breakout_before_fp100,0.0,4.540835587706754,40.03253463356216,1.5565,1754.0249,208.63517668575335,1754.0249,208.63517668575335,1.4815,-1.510799360188157,1.5565,208.63517668575335,210.1459760459415,210.1459760459415,1.5565,208.63517668575335,208.63517668575335,1.4815,-1.510799360188157,1.5565,208.63517668575335,210.1459760459415,210.1459760459415,False,ok,ok,0.0,1.8806,678,True,False,True,True,True,True,True,113.25990952519204,77.56746536643777,35.69244415875428,117.59999999999992,49.09999999999992,124.09999999999988,49.09999999999992,49.09999999999992,124.09999999999988,49.09999999999992,1.8806
123_1,140.0,63.0,21,college,R,29.0,32.0,55.4608,59.0,74.6,9,123,0.9490757494240858,0.9897449264868801,1.1472,0.4972,0.9917,latest_sustained_upward_crossing,latest_sustained_upward_crossing,0.9472,last_local_min_before_fp100_plus5bw_breakout,8.0,9.358745294086717,42.544926486880016,1.0778,1232.9645,197.98674723000116,1232.9645,197.98674723000116,0.4796,0.05727810714496761,1.0778,197.98674723000116,197.92946912285618,197.98674723000116,1.0778,197.98674723000116,197.98674723000116,0.4796,0.05727810714496761,1.0778,197.98674723000116,197.92946912285618,197.98674723000116,False,ok,ok,0.0,1.5028,542,True,True,True,True,True,True,True,198.1242505759142,157.45507351311994,40.66917706279427,199.99999999999994,69.3999999999999,667.6,69.3999999999999,69.3999999999999,667.6,69.3999999999999,1.5028
123_2,140.0,63.0,21,college,R,29.0,32.0,51.726,57.9,75.4,9,123,0.9595848288109495,1.0037648178110856,1.1694,0.4972,1.0056,latest_sustained_upward_crossing,latest_sustained_upward_crossing,0.9574,last_local_min_before_fp100_plus5bw_breakout,8.0,9.091824346324612,46.36481781108559,1.088,1215.6496,195.20635839511357,1215.6496,195.20635839511357,0.4759,0.34978665767839345,1.088,195.20635839511357,194.85657173743516,195.20635839511357,1.088,195.20635839511357,195.20635839511357,0.4759,0.34978665767839345,1.088,195.20635839511357,194.85657173743516,195.20635839511357,False,ok,ok,0.0,1.5278,551,True,True,True,True,True,True,True,209.81517118905046,165.63518218891437,44.17998900013609,211.99999999999997,81.39999999999992,693.5,81.39999999999992,81.39999999999992,693.5,81.39999999999992,1.5278
123_3,140.0,63.0,21,college,R,29.0,32.0,53.0681,56.6,76.1,9,123,0.4,1.0472,1.2194,,,,,,,,,,,,,,,,,,,,,,,,,,,,,,,,,0.0,1.5944,575,True,True,False,True,True,True,True,819.4,172.20000000000013,647.1999999999999,,,,,,,,1.5944
123_4,140.0,63.0,21,college,R,29.0,32.0,54.0188,60.9,82.1,9,123,0.8139754720269433,0.8607660143185756,1.0167,0.3389,0.8611,latest_sustained_upward_crossing,latest_sustained_upward_crossing,0.8111,last_local_min_before_fp100_plus5bw_breakout,6.0,7.911671852600728,49.666014318575535,0.9241,1289.9567,207.1384302634394,1289.9567,207.1384302634394,0.312,0.524993113259762,0.9241,207.1384302634394,206.61343715017964,207.1384302634394,0.9241,207.1384302634394,207.1384302634394,0.312,0.524993113259762,0.9241,207.1384302634394,206.61343715017964,207.1384302634394,False,ok,ok,0.0,1.4667,529,True,True,True,True,True,True,True,202.7245279730566,155.93398568142436,46.79054229163226,205.59999999999988,92.59999999999991,704.6999999999999,92.59999999999991,92.59999999999991,704.6999999999999,92.59999999999991,1.4667
123_5,140.0,63.0,21,college,R,29.0,32.0,53.9154,56.4,74.5,9,123,0.9672507806676827,1.0218582745771434,1.1722,0.5528,1.0222,latest_sustained_upward_crossing,latest_sustained_upward_crossing,0.9676,last_local_min_before_fp100_plus5bw_breakout,7.0,10.52968439944516,54.25827457714338,1.0833,1253.5871,201.29827930852036,1253.5871,201.29827930852036,0.5315,0.3855473374125798,1.0833,201.29827930852036,200.91273197110777,201.29827930852036,1.0833,201.29827930852036,201.29827930852036,0.5315,0.3855473374125798,1.0833,201.29827930852036,200.91273197110777,201.29827930852036,False,ok,ok,0.0,1.5917,574,True,True,True,True,True,True,True,204.94921933231726,150.3417254228565,54.607493909460736,204.59999999999988,88.89999999999998,640.6999999999999,88.89999999999998,88.89999999999998,640.6999999999999,88.89999999999998,1.5917
123_6,140.0,63.0,21,college,R,29.0,32.0,51.3863,52.2,74.1,9,123,0.9671021484914191,1.0136709642971173,1.1583,0.5111,1.0139,latest_sustained_upward_crossing,latest_sustained_upward_crossing,0.9657,last_local_min_before_fp100_plus5bw_breakout,8.0,9.687748459433267,47.970964297117334,1.0732,1285.803,206.47143818705013,1285.803,206.47143818705013,0.4907,0.2636527169086692,1.0732,206.47143818705013,206.20778547014146,206.47143818705013,1.0732,206.47143818705013,206.47143818705013,0.4907,0.2636527169086692,1.0732,206.47143818705013,206.20778547014146,206.47143818705013,False,ok,ok,0.0,1.6333,589,True,True,True,True,True,True,True,191.19785150858104,144.62903570288276,46.56881580569827,192.6000000000001,85.10000000000018,667.6000000000001,85.10000000000018,85.10000000000018,667.6000000000001,85.10000000000018,1.6333
123_7,140.0,63.0,21,college,R,29.0,32.0,52.732,51.9,73.2,9,123,1.2873215677425789,1.3363298341932552,1.4722,0.8972,1.3389,latest_sustained_upward_crossing,latest_sustained_upward_crossing,1.2843,last_local_min_before_fp100_plus5bw_breakout,8.0,8.075693590975291,52.02983419325524,1.3954,1293.2963,207.67469593941735,1293.2963,207.67469593941735,0.8787,0.39288574362655526,1.3954,207.67469593941735,207.2818101957908,207.67469593941735,1.3954,207.67469593941735,207.67469593941735,0.8787,0.39288574362655526,1.3954,207.67469593941735,207.2818101957908,207.67469593941735,False,ok,ok,0.0,1.9333,697,True,True,True,True,True,True,True,184.87843225742105,135.87016580674472,49.00826645067635,187.89999999999995,76.79999999999998,593.4999999999999,76.79999999999998,76.79999999999998,593.4999999999999,76.79999999999998,1.9333
123_8,140.0,63.0,21,college,R,29.0,32.0,54.8351,58.5,57.1,9,123,1.007444002573252,1.0597568509022575,1.2194,0.5417,1.0611,latest_sustained_upward_crossing,latest_sustained_upward_crossing,1.0056,last_local_min_before_fp100_plus5bw_breakout,9.0,9.068496167888965,54.15685090225742,1.1389,1102.3213,177.00834743364166,1102.3213,177.00834743364166,0.5185,0.4007540566349752,1.1389,177.00834743364166,176.60759337700668,177.00834743364166,1.1389,177.00834743364166,177.00834743364166,0.5185,0.4007540566349752,1.1389,177.00834743364166,176.60759337700668,177.00834743364166,False,ok,ok,0.0,1.825,658,True,True,True,True,True,True,True,211.95599742674798,159.64314909774257,52.312848329005405,213.79999999999998,80.50000000000001,700.9000000000001,80.50000000000001,80.50000000000001,700.9000000000001,80.50000000000001,1.825
123_9,140.0,63.0,21,college,R,29.0,32.0,54.2957,53.7,78.7,9,123,1.757813979655862,1.8056630736288508,1.95,1.325,1.8056,latest_sustained_upward_crossing,latest_sustained_upward_crossing,1.7546,last_local_min_before_fp100_plus5bw_breakout,9.0,7.397615977795288,51.06307362885087,1.8741,1217.5112,195.5052900583069,1217.5112,195.5052900583069,1.3065,0.17764723839214372,1.8741,195.5052900583069,195.32764281991476,195.5052900583069,1.8741,195.5052900583069,195.5052900583069,1.3065,0.17764723839214372,1.8741,195.5052900583069,195.32764281991476,195.5052900583069,False,ok,ok,0.0,2.5444,917,True,True,True,True,True,True,True,192.1860203441379,144.33692637114913,47.849093972988754,195.4,75.89999999999986,643.5,75.89999999999986,75.89999999999986,643.5,75.89999999999986,2.5444
125_1,209.0,71.0,19,college,L,30.0,33.0,70.5564,68.1,85.2,24,125,1.1017071381043768,1.1340915019383229,1.2722,1.1028,1.1361,latest_sustained_upward_crossing,latest_sustained_upward_crossing,1.0972,zero_baseline_breakout_before_fp100,0.0,5.03531031639604,36.89150193832291,1.1583,2167.9277,233.1911650474921,2167.9277,233.1911650474921,1.088,-1.3530056323678985,1.1583,233.1911650474921,234.54417067986,234.54417067986,1.1583,233.1911650474921,233.1911650474921,1.088,-1.3530056323678985,1.1583,233.1911650474921,234.54417067986,234.54417067986,False,ok,ok,0.0,1.6139,582,True,True,True,True,True,True,True,170.49286189562318,138.10849806167712,32.384363833946054,175.00000000000006,113.89999999999989,184.19999999999993,113.89999999999989,113.89999999999989,184.19999999999993,113.89999999999989,1.6139
125_2,209.0,71.0,19,college,L,30.0,33.0,68.1518,66.1,90.0,24,125,1.5109050520937783,1.540451910278345,1.6778,1.5139,1.5417,latest_sustained_upward_crossing,latest_sustained_upward_crossing,1.5065,zero_baseline_breakout_before_fp100,0.0,4.5951732554282385,33.95191027834499,1.562,2032.2178,218.59365347481435,2032.2178,218.59365347481435,1.4991,-1.6057919946520793,1.562,218.59365347481435,220.1994454694664,220.1994454694664,1.562,218.59365347481435,218.59365347481435,1.4991,-1.6057919946520793,1.562,218.59365347481435,220.1994454694664,220.1994454694664,False,ok,ok,0.0,1.9667,709,True,True,True,True,True,True,True,166.8949479062216,137.34808972165501,29.546858184566595,171.3,115.7999999999999,178.69999999999985,115.7999999999999,115.7999999999999,178.69999999999985,115.7999999999999,1.9667
125_3,209.0,71.0,19,college,L,30.0,33.0,65.2957,66.4,90.3,24,125,1.1673130059356538,1.199412571733601,1.3333,1.1694,1.2,latest_sustained_upward_crossing,latest_sustained_upward_crossing,1.162,zero_baseline_breakout_before_fp100,0.0,4.245801302502564,37.412571733601126,1.2194,2114.0638,227.39734378906098,2114.0638,227.39734378906098,1.1537,-1.4445211581035613,1.2194,227.39734378906098,228.84186494716454,228.84186494716454,1.2194,227.39734378906098,227.39734378906098,1.1537,-1.4445211581035613,1.2194,227.39734378906098,228.84186494716454,228.84186494716454,False,ok,ok,0.0,1.8,649,True,True,True,True,True,True,True,165.98699406434613,133.88742826639887,32.099565797947264,171.3,113.89999999999989,179.6,113.89999999999989,113.89999999999989,179.6,113.89999999999989,1.8
125_4,209.0,71.0,19,college,L,30.0,33.0,67.8211,66.0,98.1,24,125,1.1206968098338648,1.1584536092151083,1.2972,1.1222,1.1583,latest_sustained_upward_crossing,latest_sustained_upward_crossing,1.1157,zero_baseline_breakout_before_fp100,0.0,4.961401766341716,42.7536092151084,1.1806,1854.5985,199.48819552899815,1854.5985,199.48819552899815,1.1056,-1.2500452877108976,1.1806,199.48819552899815,200.73824081670904,200.73824081670904,1.1806,199.48819552899815,199.48819552899815,1.1056,-1.2500452877108976,1.1806,199.48819552899815,200.73824081670904,200.73824081670904,False,ok,ok,0.0,1.8861,680,True,True,True,True,True,True,True,176.50319016613514,138.7463907848916,37.756799381243546,181.5,116.59999999999981,191.6,116.59999999999981,116.59999999999981,191.6,116.59999999999981,1.8861
125_5,209.0,71.0,19,college,L,30.0,33.0,73.671,70.1,93.9,24,125,0.9278052527763467,0.9603517243810662,1.0861,0.9306,0.9611,latest_sustained_upward_crossing,latest_sustained_upward_crossing,0.9232,zero_baseline_breakout_before_fp100,0.0,4.703716808961947,37.151724381066174,0.9796,2199.3772,236.57400182067465,2199.3772,236.57400182067465,0.9148,-1.3836076152919654,0.9796,236.57400182067465,237.95760943596662,237.95760943596662,0.9796,236.57400182067465,236.57400182067465,0.9148,-1.3836076152919654,0.9796,236.57400182067465,237.95760943596662,237.95760943596662,False,ok,ok,0.0,1.7722,639,True,True,True,True,True,True,True,158.29474722365333,125.74827561893387,32.546471604719464,162.90000000000003,106.50000000000004,171.30000000000013,106.50000000000004,106.50000000000004,171.30000000000013,106.50000000000004,1.7722
125_6,209.0,71.0,19,college,L,30.0,33.0,69.1993,68.7,86.3,24,125,1.0222150252384605,1.0562155306286272,1.1917,1.0222,1.0583,latest_sustained_upward_crossing,latest_sustained_upward_crossing,1.0167,zero_baseline_breakout_before_fp100,0.0,5.011017283575061,39.515530628627225,1.0759,1855.794,199.61678839573182,1855.794,199.61678839573182,1.0056,-0.7063088248597275,1.0759,199.61678839573182,200.32309722059154,200.32309722059154,1.0759,199.61678839573182,199.61678839573182,1.0056,-0.7063088248597275,1.0759,199.61678839573182,200.32309722059154,200.32309722059154,False,ok,ok,0.0,1.6028,578,True,True,True,True,True,True,True,169.48497476153946,135.48446937137282,34.00050539016664,175.00000000000006,115.7999999999999,186.09999999999994,115.7999999999999,115.7999999999999,186.09999999999994,115.7999999999999,1.6028
125_7,209.0,71.0,19,college,L,30.0,33.0,67.4599,73.3,89.3,24,125,1.0745395682319847,1.1016675786370482,1.2417,1.075,1.1028,latest_sustained_upward_crossing,latest_sustained_upward_crossing,1.0704,zero_baseline_breakout_before_fp100,0.0,4.8997238857781875,31.26757863704821,1.1194,1922.5851,206.80111212747045,1922.5851,206.80111212747045,1.063,-1.4768871920643758,1.1194,206.80111212747045,208.2779993195348,208.2779993195348,1.1194,206.80111212747045,206.80111212747045,1.063,-1.4768871920643758,1.1194,206.80111212747045,208.2779993195348,208.2779993195348,False,ok,ok,0.0,1.5833,571,True,True,True,True,True,True,True,167.16043176801531,140.0324213629518,27.12801040506352,171.3,122.30000000000007,178.70000000000007,122.30000000000007,122.30000000000007,178.70000000000007,122.30000000000007,1.5833
140_1,178.0,70.0,22,college,R,31.0,34.0,65.8156,72.1,93.2,37,140,1.2093461900030062,1.2514890438903603,1.3694,1.2111,1.2528,latest_sustained_upward_crossing,latest_sustained_upward_crossing,1.2037,zero_baseline_breakout_before_fp100,0.0,3.5261059847536984,47.78904389036032,1.288,1649.6072,208.3407028979661,1649.6072,208.3407028979661,1.1972,-1.0715935053377392,1.288,208.3407028979661,209.41229640330386,209.41229640330386,1.288,208.3407028979661,208.3407028979661,1.1972,-1.0715935053377392,1.288,208.3407028979661,209.41229640330386,209.41229640330386,False,ok,ok,0.0,1.6361,590,True,True,True,True,True,True,True,160.0538099969937,117.91095610963964,42.14285388735406,165.69999999999996,81.39999999999992,172.1999999999999,81.39999999999992,81.39999999999992,172.1999999999999,81.39999999999992,1.6361
140_2,178.0,70.0,22,college,R,31.0,34.0,65.8513,67.3,93.9,37,140,1.034043714691618,1.0717060292983063,1.1806,1.0361,1.0722,latest_sustained_upward_crossing,latest_sustained_upward_crossing,1.0287,zero_baseline_breakout_before_fp100,0.0,3.5464873745254852,43.00602929830632,1.1009,1485.535,187.618850159923,1485.535,187.618850159923,1.0232,-1.2717239835583225,1.1009,187.618850159923,188.89057414348133,188.89057414348133,1.1009,187.618850159923,187.618850159923,1.0232,-1.2717239835583225,1.1009,187.618850159923,188.89057414348133,188.89057414348133,False,ok,ok,0.0,1.4778,533,True,True,True,True,True,True,True,146.55628530838217,108.89397070169382,37.66231460668834,151.90000000000015,79.7000000000001,157.39999999999998,79.7000000000001,79.7000000000001,157.39999999999998,79.7000000000001,1.4778
140_3,178.0,70.0,22,college,R,31.0,34.0,68.1171,72.8,92.8,37,140,1.170517396393379,1.208820504294956,1.3194,1.1722,1.2111,latest_sustained_upward_crossing,latest_sustained_upward_crossing,1.1657,zero_baseline_breakout_before_fp100,0.0,3.954514863323372,43.12050429495606,1.2435,1588.4648,200.61859148085506,1588.4648,200.61859148085506,1.1602,-1.4926808633052049,1.2435,200.61859148085506,202.11127234416026,202.11127234416026,1.2435,200.61859148085506,200.61859148085506,1.1602,-1.4926808633052049,1.2435,200.61859148085506,202.11127234416026,202.11127234416026,False,ok,ok,0.0,1.5639,564,True,True,True,True,True,True,True,148.88260360662088,110.57949570504388,38.30310790157698,153.69999999999996,75.89999999999986,159.20000000000002,75.89999999999986,75.89999999999986,159.20000000000002,75.89999999999986,1.5639
140_4,178.0,70.0,22,college,R,31.0,34.0,68.9085,72.6,90.6,37,140,1.1489050334251938,1.187697580429282,1.3056,1.15,1.1889,latest_sustained_upward_crossing,latest_sustained_upward_crossing,1.1444,zero_baseline_breakout_before_fp100,0.0,4.145795625317319,43.29758042928189,1.212,1560.1048,197.03680405037687,1560.1048,197.03680405037687,1.1389,-1.8160394796046868,1.212,197.03680405037687,198.85284352998156,198.85284352998156,1.212,197.03680405037687,197.03680405037687,1.1389,-1.8160394796046868,1.212,197.03680405037687,198.85284352998156,198.85284352998156,False,ok,ok,0.0,1.5611,563,True,True,True,True,True,True,True,156.6949665748063,117.90241957071812,38.792547004088185,161.20000000000002,93.60000000000012,166.70000000000007,93.60000000000012,93.60000000000012,166.70000000000007,93.60000000000012,1.5611
140_5,178.0,70.0,22,college,R,31.0,34.0,66.9716,70.9,90.8,37,140,1.2056342710273615,1.2451866186536762,1.3694,1.2083,1.2472,latest_sustained_upward_crossing,latest_sustained_upward_crossing,1.2,zero_baseline_breakout_before_fp100,0.0,3.836122420586915,45.186618653676234,1.2722,1493.1035,188.5747302081449,1493.1035,188.5747302081449,1.1926,-0.7097647743935587,1.2722,188.5747302081449,189.28449498253846,189.28449498253846,1.2722,188.5747302081449,188.5747302081449,1.1926,-0.7097647743935587,1.2722,188.5747302081449,189.28449498253846,189.28449498253846,False,ok,ok,0.0,1.6722,603,True,True,True,True,True,True,True,163.7657289726384,124.21338134632376,39.552347626314656,169.4,97.19999999999996,176.79999999999984,97.19999999999996,97.19999999999996,176.79999999999984,97.19999999999996,1.6722
140_6,178.0,70.0,22,college,R,31.0,34.0,70.6165,70.4,90.4,37,140,1.0884955314110958,1.1279676540446317,1.25,1.0889,1.1306,latest_sustained_upward_crossing,latest_sustained_upward_crossing,1.0833,zero_baseline_breakout_before_fp100,0.0,4.042727485519649,44.6676540446318,1.15,1576.6855,199.13089935533208,1576.6855,199.13089935533208,1.0759,-1.0601383530124793,1.15,199.13089935533208,200.19103770834457,200.19103770834457,1.15,199.13089935533208,199.13089935533208,1.0759,-1.0601383530124793,1.15,199.13089935533208,200.19103770834457,200.19103770834457,False,ok,ok,0.0,1.6083,580,True,True,True,True,True,True,True,161.50446858890422,122.03234595536827,39.472122633535946,166.70000000000007,100.00000000000009,174.0999999999999,100.00000000000009,100.00000000000009,174.0999999999999,100.00000000000009,1.6083
140_7,178.0,70.0,22,college,R,31.0,34.0,67.7413,77.5,92.4,37,140,1.275943024664304,1.3183068745743889,1.4333,1.2778,1.3194,latest_sustained_upward_crossing,latest_sustained_upward_crossing,1.2704,zero_baseline_breakout_before_fp100,0.0,3.8128636843623287,47.906874574388915,1.3519,1621.9051,204.84200636842274,1621.9051,204.84200636842274,1.263,-0.7670910548834757,1.3519,204.84200636842274,205.60909742330622,205.60909742330622,1.3519,204.84200636842274,204.84200636842274,1.263,-0.7670910548834757,1.3519,204.84200636842274,205.60909742330622,205.60909742330622,False,ok,ok,0.0,1.8417,664,True,True,True,True,True,True,True,157.35697533569603,114.99312542561113,42.36384991008491,162.90000000000003,81.39999999999992,170.30000000000013,81.39999999999992,81.39999999999992,170.30000000000013,81.39999999999992,1.8417
140_8,178.0,70.0,22,college,R,31.0,34.0,69.8687,66.7,89.4,37,140,1.376188984686856,1.4153716925999529,1.5361,1.3778,1.4167,latest_sustained_upward_crossing,latest_sustained_upward_crossing,1.3713,zero_baseline_breakout_before_fp100,0.0,4.381652598133493,44.07169259995292,1.4426,1806.7583,228.18844036855216,1806.7583,228.18844036855216,1.3639,-0.9308353215835804,1.4426,228.18844036855216,229.11927569013574,229.11927569013574,1.4426,228.18844036855216,228.18844036855216,1.3639,-0.9308353215835804,1.4426,228.18844036855216,229.11927569013574,229.11927569013574,False,ok,ok,0.0,1.9194,692,True,True,True,True,True,True,True,159.911015313144,120.72830740004714,39.18270791309686,164.80000000000007,93.49999999999991,172.20000000000013,93.49999999999991,93.49999999999991,172.20000000000013,93.49999999999991,1.9194
160_1,155.0,64.0,20,college,R,30.0,33.0,58.9162,62.1,75.2,51,160,1.073560524499826,1.1398514578353824,1.2444,1.075,1.1417,latest_sustained_upward_crossing,latest_sustained_upward_crossing,1.0685,zero_baseline_breakout_before_fp100,0.0,5.560234142812979,71.35145783538243,1.1565,807.6382,117.1382517079615,807.6382,117.1382517079615,1.0583,0.6653909601608926,1.1565,117.1382517079615,116.47286074780061,117.1382517079615,1.1565,117.1382517079615,117.1382517079615,1.0583,0.6653909601608926,1.1565,117.1382517079615,116.47286074780061,117.1382517079615,False,ok,ok,0.0,1.6056,579,True,True,True,True,True,True,True,170.83947550017388,104.54854216461752,66.29093333555636,175.89999999999995,87.89999999999986,186.09999999999994,87.89999999999986,87.89999999999986,186.09999999999994,87.89999999999986,1.6056
160_2,155.0,64.0,20,college,R,30.0,33.0,58.7089,60.9,75.6,51,160,1.224031311085282,1.2968158036896884,1.3917,1.225,1.2972,latest_sustained_upward_crossing,latest_sustained_upward_crossing,1.2194,zero_baseline_breakout_before_fp100,0.0,5.180817221569767,77.41580368968837,1.3194,882.8024,128.03991903750037,882.8024,128.03991903750037,1.212,-0.027629744296848103,1.3194,128.03991903750037,128.06754878179723,128.06754878179723,1.3194,128.03991903750037,128.03991903750037,1.212,-0.027629744296848103,1.3194,128.03991903750037,128.06754878179723,128.06754878179723,False,ok,ok,0.0,1.6667,601,True,True,True,True,True,True,True,167.66868891471788,94.88419631031152,72.78449260440634,172.2999999999999,72.30000000000003,179.69999999999996,72.30000000000003,72.30000000000003,179.69999999999996,72.30000000000003,1.6667
160_3,155.0,64.0,20,college,R,30.0,33.0,60.7297,62.1,84.7,51,160,1.2352505258655566,1.3172114202804914,1.4111,1.2361,1.3194,latest_sustained_upward_crossing,latest_sustained_upward_crossing,1.2306,zero_baseline_breakout_before_fp100,0.0,6.062270478586863,86.61142028049152,1.3389,799.8285,116.00554822221298,799.8285,116.00554822221298,1.2185,0.6925565827687649,1.3389,116.00554822221298,115.31299163944422,116.00554822221298,1.3389,116.00554822221298,116.00554822221298,1.2185,0.6925565827687649,1.3389,116.00554822221298,115.31299163944422,116.00554822221298,False,ok,ok,0.0,1.7417,628,True,True,True,True,True,True,True,175.8494741344434,93.88857971950858,81.96089441493481,180.5000000000001,72.20000000000005,192.6000000000001,72.20000000000005,72.20000000000005,192.6000000000001,72.20000000000005,1.7417
160_4,155.0,64.0,20,college,R,30.0,33.0,59.5475,57.9,81.4,51,160,1.0069639431428152,1.0632406624135295,1.1472,1.0083,1.0639,latest_sustained_upward_crossing,latest_sustained_upward_crossing,1.0028,zero_baseline_breakout_before_fp100,0.0,5.777315971688164,60.44066241352964,1.0944,789.9859,114.57799692973971,789.9859,114.57799692973971,0.9935,0.18750516234627415,1.0944,114.57799692973971,114.39049176739344,114.57799692973971,1.0944,114.57799692973971,114.57799692973971,0.9935,0.18750516234627415,1.0944,114.57799692973971,114.39049176739344,114.57799692973971,False,ok,ok,0.0,1.4528,524,True,True,True,True,True,True,True,140.23605685718476,83.95933758647045,56.27671927071432,144.4000000000001,52.799999999999955,153.69999999999996,52.799999999999955,52.799999999999955,153.69999999999996,52.799999999999955,1.4528
160_5,155.0,64.0,20,college,R,30.0,33.0,59.924,61.4,81.9,51,160,1.351315671726607,1.4089459465928689,1.5111,1.3528,1.4111,latest_sustained_upward_crossing,latest_sustained_upward_crossing,1.3472,zero_baseline_breakout_before_fp100,0.0,6.02041079743261,61.74594659286892,1.4315,854.5211,123.93805506173948,854.5211,123.93805506173948,1.338,0.3822187146744557,1.4315,123.93805506173948,123.55583634706502,123.93805506173948,1.4315,123.93805506173948,123.93805506173948,1.338,0.3822187146744557,1.4315,123.93805506173948,123.55583634706502,123.93805506173948,False,ok,ok,0.0,1.8306,660,True,True,True,True,True,True,True,159.78432827339307,102.15405340713124,57.63027486626182,163.90000000000015,79.60000000000011,173.10000000000002,79.60000000000011,79.60000000000011,173.10000000000002,79.60000000000011,1.8306
160_6,155.0,64.0,20,college,R,30.0,33.0,55.8131,59.2,80.5,51,160,1.3861548386257898,1.4525226655830896,1.5417,1.3861,1.4528,latest_sustained_upward_crossing,latest_sustained_upward_crossing,1.3815,zero_baseline_breakout_before_fp100,0.0,5.507168994263485,71.02266558308968,1.4741,830.7325,120.48780343349799,830.7325,120.48780343349799,1.3722,0.3303531159313959,1.4741,120.48780343349799,120.15745031756659,120.48780343349799,1.4741,120.48780343349799,120.48780343349799,1.3722,0.3303531159313959,1.4741,120.48780343349799,120.15745031756659,120.48780343349799,False,ok,ok,0.0,1.875,676,True,True,True,True,True,True,True,155.54516137421027,89.17733441691044,66.36782695729981,160.20000000000013,67.60000000000011,169.49999999999997,67.60000000000011,67.60000000000011,169.49999999999997,67.60000000000011,1.875
160_7,155.0,64.0,20,college,R,30.0,33.0,62.8402,62.5,86.4,51,160,1.1386222519391054,1.1840045051972559,1.3,1.1389,1.1861,latest_sustained_upward_crossing,latest_sustained_upward_crossing,1.1343,zero_baseline_breakout_before_fp100,0.0,5.371459471140976,49.70450519725578,1.238,872.3904,126.52978309199494,872.3904,126.52978309199494,1.1269,0.031632793864265464,1.238,126.52978309199494,126.49815029813068,126.52978309199494,1.238,126.52978309199494,126.52978309199494,1.1269,0.031632793864265464,1.238,126.52978309199494,126.49815029813068,126.52978309199494,False,ok,ok,0.0,1.6056,579,True,True,True,True,True,True,True,161.37774806089467,115.99549480274418,45.382253258150484,165.69999999999996,62.00000000000006,173.10000000000002,62.00000000000006,62.00000000000006,173.10000000000002,62.00000000000006,1.6056
160_8,155.0,64.0,20,college,R,30.0,33.0,60.3778,60.1,75.9,51,160,1.5185746288377182,1.5846312286494446,1.7139,1.5194,1.5861,latest_sustained_upward_crossing,latest_sustained_upward_crossing,1.5139,zero_baseline_breakout_before_fp100,0.0,5.721923389374836,70.73122864944459,1.6657,837.2753,121.43675824182039,837.2753,121.43675824182039,1.5028,0.3818851272105042,1.6657,121.43675824182039,121.05487311460988,121.43675824182039,1.6657,121.43675824182039,121.43675824182039,1.5028,0.3818851272105042,1.6657,121.43675824182039,121.05487311460988,121.43675824182039,False,ok,ok,0.0,2.05,739,True,True,True,True,True,True,True,195.32537116228178,129.26877135055537,66.0565998117264,199.99999999999994,48.20000000000002,211.10000000000008,48.20000000000002,48.20000000000002,211.10000000000008,48.20000000000002,2.05
164_1,226.0,76.0,19,independent,L,30.0,33.0,72.0429,,96.5,54,164,1.554086761544033,1.5884734676830787,1.7083,1.5556,1.5889,latest_sustained_upward_crossing,latest_sustained_upward_crossing,1.55,zero_baseline_breakout_before_fp100,0.0,4.832408664332903,38.47346768307869,1.6278,2459.7947,244.68311802847742,2459.7947,244.68311802847742,1.5463,-1.6314961943906414,1.6278,244.68311802847742,246.31461422286807,246.31461422286807,1.6278,244.68311802847742,244.68311802847742,1.5463,-1.6314961943906414,1.6278,244.68311802847742,246.31461422286807,246.31461422286807,False,ok,ok,0.0,1.9667,709,True,True,True,True,True,True,True,154.21323845596692,119.8265323169212,34.38670613904571,158.2999999999999,80.50000000000001,161.99999999999991,80.50000000000001,80.50000000000001,161.99999999999991,80.50000000000001,1.9667
164_2,226.0,76.0,19,independent,L,30.0,33.0,69.869,69.9,91.2,54,164,0.5220671519505574,0.5560174667555969,0.6806,0.5222,0.5583,latest_sustained_upward_crossing,latest_sustained_upward_crossing,0.5176,zero_baseline_breakout_before_fp100,0.0,4.104781927966619,38.41746675559698,0.5935,2005.2767,199.47085643604962,2005.2767,199.47085643604962,0.5139,-1.76508841146154,0.5935,199.47085643604962,201.23594484751115,201.23594484751115,0.5935,199.47085643604962,199.47085643604962,0.5139,-1.76508841146154,0.5935,199.47085643604962,201.23594484751115,201.23594484751115,False,ok,ok,0.0,1.0306,372,True,True,True,True,True,True,True,158.53284804944258,124.58253324440305,33.95031480503952,163.00000000000003,87.09999999999995,166.69999999999996,87.09999999999995,87.09999999999995,166.69999999999996,87.09999999999995,1.0306
164_3,226.0,76.0,19,independent,L,30.0,33.0,73.8753,77.7,94.1,54,164,0.9730631311903328,1.0039087942826108,1.1306,0.975,1.0056,latest_sustained_upward_crossing,latest_sustained_upward_crossing,0.9685,zero_baseline_breakout_before_fp100,0.0,3.7112194086109036,35.40879428261079,1.0343,2417.5757,240.48346813084805,2417.5757,240.48346813084805,0.9648,-2.4472343442875952,1.0343,240.48346813084805,242.93070247513566,242.93070247513566,1.0343,240.48346813084805,240.48346813084805,0.9648,-2.4472343442875952,1.0343,240.48346813084805,242.93070247513566,242.93070247513566,False,ok,ok,0.0,1.3806,498,True,True,True,True,True,True,True,157.53686880966723,126.69120571738924,30.845663092277988,162.10000000000002,96.30000000000005,165.80000000000007,96.30000000000005,96.30000000000005,165.80000000000007,96.30000000000005,1.3806
164_4,226.0,76.0,19,independent,L,30.0,33.0,69.4392,69.9,89.7,54,164,1.0543516507342328,1.0832902111696396,1.2056,1.0556,1.0833,latest_sustained_upward_crossing,latest_sustained_upward_crossing,1.05,zero_baseline_breakout_before_fp100,0.0,4.271955639189836,33.29021116963959,1.1232,2594.4547,258.078150009689,2594.4547,258.078150009689,1.0463,-1.7085280729458936,1.1232,258.078150009689,259.7866780826349,259.7866780826349,1.1232,258.078150009689,258.078150009689,1.0463,-1.7085280729458936,1.1232,258.078150009689,259.7866780826349,259.7866780826349,False,ok,ok,0.0,1.4111,509,True,True,True,True,True,True,True,151.24834926576725,122.30978883036036,28.938560435406878,155.59999999999997,82.40000000000003,159.3,82.40000000000003,82.40000000000003,159.3,82.40000000000003,1.4111
164_5,226.0,76.0,19,independent,L,30.0,33.0,73.9805,77.2,104.2,54,164,0.9772173220649736,1.0037556912112835,1.1306,0.9778,1.0056,latest_sustained_upward_crossing,latest_sustained_upward_crossing,0.9732,zero_baseline_breakout_before_fp100,0.0,4.251962154607051,30.55569121128354,1.0417,2568.3611,255.48254176295697,2568.3611,255.48254176295697,0.9694,-3.142381396079523,1.0417,255.48254176295697,258.6249231590365,258.6249231590365,1.0417,255.48254176295697,255.48254176295697,0.9694,-3.142381396079523,1.0417,255.48254176295697,258.6249231590365,258.6249231590365,False,ok,ok,0.0,1.4417,520,True,True,True,True,True,True,True,153.38267793502646,126.84430878871655,26.538369146309915,157.4000000000001,88.89999999999998,161.20000000000002,88.89999999999998,88.89999999999998,161.20000000000002,88.89999999999998,1.4417
164_6,226.0,76.0,19,independent,L,30.0,33.0,69.7295,74.5,98.6,54,164,0.8324769759215588,0.8640648518109162,0.9944,0.8333,0.8667,latest_sustained_upward_crossing,latest_sustained_upward_crossing,0.8278,zero_baseline_breakout_before_fp100,0.0,3.8843790529103566,36.26485181091621,0.8954,1943.4006,193.31585615109012,1943.4006,193.31585615109012,0.8232,-1.5083486406052564,0.8954,193.31585615109012,194.82420479169537,194.82420479169537,0.8954,193.31585615109012,193.31585615109012,0.8232,-1.5083486406052564,0.8954,193.31585615109012,194.82420479169537,194.82420479169537,False,ok,ok,0.0,1.4139,510,True,True,True,True,True,True,True,161.92302407844116,130.33514818908375,31.58787588935741,166.59999999999997,98.99999999999997,171.1999999999999,98.99999999999997,98.99999999999997,171.1999999999999,98.99999999999997,1.4139
164_7,226.0,76.0,19,independent,L,30.0,33.0,69.2243,69.8,91.9,54,164,0.8430073038999494,0.874250112151076,0.9944,0.8444,0.875,latest_sustained_upward_crossing,latest_sustained_upward_crossing,0.8389,zero_baseline_breakout_before_fp100,0.0,4.322243328382193,35.350112151075976,0.912,2445.6965,243.28072801007914,2445.6965,243.28072801007914,0.8352,-2.5385903324915513,0.912,243.28072801007914,245.81931834257068,245.81931834257068,0.912,243.28072801007914,243.28072801007914,0.8352,-2.5385903324915513,0.912,243.28072801007914,245.81931834257068,245.81931834257068,False,ok,ok,0.0,1.2389,447,True,True,True,True,True,True,True,151.39269610005059,120.149887848924,31.242808251126576,155.49999999999997,82.39999999999992,159.1999999999999,82.39999999999992,82.39999999999992,159.1999999999999,82.39999999999992,1.2389
164_8,226.0,76.0,19,independent,L,30.0,33.0,74.9375,75.9,89.7,54,164,1.1715700220979035,1.203589177851805,1.3417,1.1722,1.2056,latest_sustained_upward_crossing,latest_sustained_upward_crossing,1.1676,zero_baseline_breakout_before_fp100,0.0,4.93047907893469,35.98917785180511,1.2389,2554.9767,254.1511555603034,2554.9767,254.1511555603034,1.163,-1.507861222985266,1.2389,254.1511555603034,255.65901678328868,255.65901678328868,1.2389,254.1511555603034,254.1511555603034,1.163,-1.507861222985266,1.2389,254.1511555603034,255.65901678328868,255.65901678328868,False,ok,ok,0.0,1.6333,589,True,True,True,True,True,True,True,170.12997790209639,138.1108221481948,32.01915575390157,174.0999999999999,102.8,178.69999999999985,102.8,102.8,178.69999999999985,102.8,1.6333
164_9,226.0,76.0,19,independent,L,30.0,33.0,76.6637,75.2,99.9,54,164,0.8126030241760004,0.840437068684136,0.9722,0.8139,0.8417,latest_sustained_upward_crossing,latest_sustained_upward_crossing,0.8083,zero_baseline_breakout_before_fp100,0.0,4.691230754554251,32.13706868413602,0.8759,2825.4385,281.05479777548277,2825.4385,281.05479777548277,0.8037,-1.1791428011442453,0.8759,281.05479777548277,282.233940576627,282.233940576627,0.8759,281.05479777548277,281.05479777548277,0.8037,-1.1791428011442453,0.8759,281.05479777548277,282.233940576627,282.233940576627,False,ok,ok,0.0,1.2917,466,True,True,True,True,True,True,True,159.59697582399957,131.7629313158639,27.834044508135648,163.89999999999992,96.29999999999994,168.49999999999997,96.29999999999994,96.29999999999994,168.49999999999997,96.29999999999994,1.2917
167_1,194.0,72.0,17,college,R,31.0,34.0,73.0392,74.0,95.8,56,167,0.5757858704828046,0.6389816121708385,0.7639,0.5778,0.6389,latest_sustained_upward_crossing,latest_sustained_upward_crossing,0.5648,zero_baseline_breakout_before_fp100,0.0,4.793022098171447,74.18161217083852,0.6694,1947.3321,225.65859343363522,1947.3321,225.65859343363522,0.5491,-0.4752043885851064,0.6694,225.65859343363522,226.13379782222032,226.13379782222032,0.6694,225.65859343363522,225.65859343363522,0.5491,-0.4752043885851064,0.6694,225.65859343363522,226.13379782222032,226.13379782222032,False,ok,ok,0.0,1.1083,400,True,False,True,True,True,True,True,188.1141295171954,124.91838782916153,63.19574168803388,199.10000000000005,94.50000000000003,214.79999999999998,94.50000000000003,94.50000000000003,214.79999999999998,94.50000000000003,1.1083
167_2,194.0,72.0,17,college,R,31.0,34.0,73.5162,80.2,87.3,56,167,1.0007111321818776,1.0606484191132983,1.1833,1.0028,1.0611,latest_sustained_upward_crossing,latest_sustained_upward_crossing,0.9944,zero_baseline_breakout_before_fp100,0.0,4.571754339001546,66.24841911329837,1.0907,2062.1136,238.95957678526943,2062.1136,238.95957678526943,0.9833,-0.7159469552271174,1.0907,238.95957678526943,239.67552374049654,239.67552374049654,1.0907,238.95957678526943,238.95957678526943,0.9833,-0.7159469552271174,1.0907,238.95957678526943,239.67552374049654,239.67552374049654,False,ok,ok,0.0,1.6222,585,True,True,True,True,True,True,True,182.58886781812245,122.6515808867017,59.93728693142075,188.90000000000006,92.60000000000002,200.00000000000006,92.60000000000002,92.60000000000002,200.00000000000006,92.60000000000002,1.6222
167_3,194.0,72.0,17,college,R,31.0,34.0,73.5834,72.7,97.8,56,167,0.9453906422559769,0.9943589990612546,1.1222,0.9472,0.9944,latest_sustained_upward_crossing,latest_sustained_upward_crossing,0.9389,zero_baseline_breakout_before_fp100,0.0,4.912992910740269,55.45899906125462,1.0287,1999.3752,231.6893946225675,1999.3752,231.6893946225675,0.9269,-0.5395530515243645,1.0287,231.6893946225675,232.22894767409187,232.22894767409187,1.0287,231.6893946225675,231.6893946225675,0.9269,-0.5395530515243645,1.0287,231.6893946225675,232.22894767409187,232.22894767409187,False,ok,ok,0.0,1.4167,511,True,True,True,True,True,True,True,176.80935774402317,127.84100093874551,48.968356805277665,183.30000000000013,93.50000000000014,195.30000000000015,93.50000000000014,93.50000000000014,195.30000000000015,93.50000000000014,1.4167
167_4,194.0,72.0,17,college,R,31.0,34.0,75.0576,76.2,90.4,56,167,1.2298970685635686,1.2833404697160586,1.4111,1.2306,1.2833,latest_sustained_upward_crossing,latest_sustained_upward_crossing,1.2232,zero_baseline_breakout_before_fp100,0.0,4.694003915356832,60.140469716058576,1.3083,2155.7359,249.8086130292782,2155.7359,249.8086130292782,1.212,-0.7338389659561313,1.3083,249.8086130292782,250.54245199523433,250.54245199523433,1.3083,249.8086130292782,249.8086130292782,1.212,-0.7338389659561313,1.3083,249.8086130292782,250.54245199523433,250.54245199523433,False,ok,ok,0.0,1.7028,614,True,True,True,True,True,True,True,181.2029314364314,127.75953028394139,53.443401152490026,187.89999999999995,102.8,199.10000000000005,102.8,102.8,199.10000000000005,102.8,1.7028
167_5,194.0,72.0,17,college,R,31.0,34.0,73.8101,76.8,94.5,56,167,0.8994840607158806,0.9544945468075896,1.0806,0.9,0.9556,latest_sustained_upward_crossing,latest_sustained_upward_crossing,0.8917,zero_baseline_breakout_before_fp100,0.0,4.770524844205416,62.794546807589555,0.9889,2164.3056,250.80167756518773,2164.3056,250.80167756518773,0.8778,-0.44673245182267945,0.9889,250.80167756518773,251.2484100170104,251.2484100170104,0.9889,250.80167756518773,250.80167756518773,0.8778,-0.44673245182267945,0.9889,250.80167756518773,251.2484100170104,251.2484100170104,False,ok,ok,0.0,1.4694,530,True,True,True,True,True,True,True,181.1159392841194,126.1054531924104,55.010486091709,188.89999999999995,91.7,202.79999999999998,91.7,91.7,202.79999999999998,91.7,1.4694
167_6,194.0,72.0,17,college,R,31.0,34.0,71.0143,75.7,89.1,56,167,1.0085330758359639,1.0654505196382122,1.1889,1.0083,1.0667,latest_sustained_upward_crossing,latest_sustained_upward_crossing,1.0028,zero_baseline_breakout_before_fp100,0.0,4.930923775652899,62.65051963821233,1.0944,2215.9968,256.79170026593647,2215.9968,256.79170026593647,0.9907,-0.6174018391393359,1.0944,256.79170026593647,257.4091021050758,257.4091021050758,1.0944,256.79170026593647,256.79170026593647,0.9907,-0.6174018391393359,1.0944,256.79170026593647,257.4091021050758,257.4091021050758,False,ok,ok,0.0,1.5,541,True,True,True,True,True,True,True,180.36692416403622,123.44948036178782,56.91744380224839,186.10000000000016,94.50000000000003,198.20000000000005,94.50000000000003,94.50000000000003,198.20000000000005,94.50000000000003,1.5
167_7,194.0,72.0,17,college,R,31.0,34.0,76.147,75.7,97.5,56,167,1.037884035066409,1.083667646535889,1.2111,1.0389,1.0861,latest_sustained_upward_crossing,latest_sustained_upward_crossing,1.0204,zero_baseline_breakout_before_fp100,0.0,4.878910293533218,63.267646535889014,1.1176,2098.2737,243.14984166326306,2098.2737,243.14984166326306,1.0019,-0.32384075895921244,1.1176,243.14984166326306,243.47368242222228,243.47368242222228,1.1176,243.14984166326306,243.14984166326306,1.0019,-0.32384075895921244,1.1176,243.14984166326306,243.47368242222228,243.47368242222228,False,ok,ok,0.0,1.4917,538,True,True,True,True,True,True,True,173.21596493359115,127.43235346411109,45.783611469480064,190.7000000000001,93.50000000000014,209.20000000000005,93.50000000000014,93.50000000000014,209.20000000000005,93.50000000000014,1.4917
167_8,194.0,72.0,17,college,R,31.0,34.0,71.9658,73.9,97.2,56,167,0.8903950964160996,0.9444013551871442,1.0694,0.8917,0.9444,latest_sustained_upward_crossing,latest_sustained_upward_crossing,0.8778,zero_baseline_breakout_before_fp100,0.0,4.979376987579133,66.60135518714416,0.9722,2275.216,263.65407437062316,2275.216,263.65407437062316,0.8611,-0.3804485778784049,0.9722,263.65407437062316,264.03452294850155,264.03452294850155,0.9722,263.65407437062316,263.65407437062316,0.8611,-0.3804485778784049,0.9722,263.65407437062316,264.03452294850155,264.03452294850155,False,ok,ok,0.0,1.425,514,True,True,True,True,True,True,True,179.0049035839003,124.99864481285572,54.00625877104459,191.59999999999988,97.19999999999996,208.29999999999993,97.19999999999996,97.19999999999996,208.29999999999993,97.19999999999996,1.425
174_1,169.0,70.0,18,high_school,R,30.0,33.0,65.8157,63.6,81.1,19,174,0.8062091683082456,0.9250221100933184,1.0972,0.8083,0.925,latest_sustained_upward_crossing,latest_sustained_upward_crossing,0.8704,last_local_min_after_zero_baseline_plus5bw_breakout,1.0,31.420524829288432,54.62211009331841,0.9602,1073.1715,142.75653886247846,1073.1715,142.75653886247846,0.7935,0.06830733271045931,0.9602,142.75653886247846,142.68823152976802,142.75653886247846,0.9602,142.75653886247846,142.75653886247846,0.7935,0.06830733271045931,0.9602,142.75653886247846,142.68823152976802,142.75653886247846,False,ok,ok,0.0,1.5417,556,True,True,True,True,True,True,True,290.99083169175435,172.1778899066816,118.81294178507274,226.8,136.9999999999999,303.7,136.9999999999999,136.9999999999999,303.7,136.9999999999999,1.5417
174_2,169.0,70.0,18,high_school,R,30.0,33.0,60.6736,65.6,79.7,19,174,0.8639684110291004,0.8985049923133182,1.0333,,1.1861,latest_sustained_upward_crossing,latest_sustained_upward_crossing,0.8593,zero_baseline_breakout_before_fp100,0.0,4.228555278652829,39.2049923133182,0.9296,1315.571,175.00125803550472,1315.571,175.00125803550472,0.8537,-1.084164407121296,0.9296,175.00125803550472,176.08542244262603,176.08542244262603,0.9296,175.00125803550472,175.00125803550472,0.8537,-1.084164407121296,0.9296,175.00125803550472,176.08542244262603,176.08542244262603,False,ok,ok,0.0,1.5278,551,True,True,True,True,True,True,True,169.33158897089973,134.79500768668197,34.536581284217775,174.00000000000014,103.70000000000013,179.60000000000008,103.70000000000013,103.70000000000013,179.60000000000008,103.70000000000013,1.5278
174_3,169.0,70.0,18,high_school,R,30.0,33.0,62.855,63.9,78.9,19,174,0.9473708000419938,0.9958547181397702,1.1667,0.95,0.9972,latest_sustained_upward_crossing,latest_sustained_upward_crossing,0.9417,zero_baseline_breakout_before_fp100,0.0,4.428758871191172,54.15471813977024,1.0241,1105.6741,147.0801336281162,1105.6741,147.0801336281162,0.9324,-0.36912564272298654,1.0241,147.0801336281162,147.44925927083918,147.44925927083918,1.0241,147.0801336281162,147.0801336281162,0.9324,-0.36912564272298654,1.0241,147.0801336281162,147.44925927083918,147.44925927083918,False,ok,ok,0.0,1.7139,618,True,True,True,True,True,True,True,219.32919995800626,170.84528186022985,48.48391809777641,225.00000000000009,142.60000000000005,234.30000000000007,142.60000000000005,142.60000000000005,234.30000000000007,142.60000000000005,1.7139
174_4,169.0,70.0,18,high_school,R,30.0,33.0,63.0783,65.5,77.0,19,174,0.7574583289845152,0.8258955526085455,0.9806,0.7583,0.8278,latest_sustained_upward_crossing,latest_sustained_upward_crossing,0.7519,zero_baseline_breakout_before_fp100,0.0,5.043905937479801,73.99555260854551,0.85,1122.0687,149.26099321303323,1122.0687,149.26099321303323,0.7398,-0.0286797681253652,0.85,149.26099321303323,149.2896729811586,149.2896729811586,0.85,149.26099321303323,149.26099321303323,0.7398,-0.0286797681253652,0.85,149.26099321303323,149.2896729811586,149.2896729811586,False,ok,ok,0.0,1.4944,539,True,True,True,True,True,True,True,223.1416710154849,154.7044473914545,68.43722362403038,228.70000000000002,130.60000000000005,240.8,130.60000000000005,130.60000000000005,240.8,130.60000000000005,1.4944
174_5,169.0,70.0,18,high_school,R,30.0,33.0,59.4919,60.0,76.9,19,174,0.7043038250513174,0.7339901971336207,0.8806,0.7056,0.7333,latest_sustained_upward_crossing,latest_sustained_upward_crossing,0.7,zero_baseline_breakout_before_fp100,0.0,4.288930525542957,33.990197133620725,0.7639,1249.5317,166.21650937520124,1249.5317,166.21650937520124,0.6954,-1.7630608106677423,0.7639,166.21650937520124,167.979570185869,167.979570185869,0.7639,166.21650937520124,166.21650937520124,0.6954,-1.7630608106677423,0.7639,166.21650937520124,167.979570185869,167.979570185869,False,ok,ok,0.0,1.3833,499,True,True,True,True,True,True,True,176.29617494868265,146.60980286637937,29.686372082303293,180.60000000000008,116.70000000000003,185.20000000000005,116.70000000000003,116.70000000000003,185.20000000000005,116.70000000000003,1.3833
174_6,169.0,70.0,18,high_school,R,30.0,33.0,62.809,65.2,77.4,19,174,0.802939581857506,0.8407396432280961,0.9806,,,latest_sustained_upward_crossing,latest_sustained_upward_crossing,0.7982,zero_baseline_breakout_before_fp100,0.0,4.2233016509328225,42.53964322809611,0.862,1118.9966,148.85233312185542,1118.9966,148.85233312185542,0.7917,-1.0220160413134547,0.862,148.85233312185542,149.8743491631689,149.8743491631689,0.862,148.85233312185542,148.85233312185542,0.7917,-1.0220160413134547,0.862,148.85233312185542,149.8743491631689,149.8743491631689,False,ok,ok,0.0,1.45,523,True,True,True,True,True,True,True,177.660418142494,139.8603567719039,37.80006137059011,182.4,118.60000000000004,188.90000000000006,118.60000000000004,118.60000000000004,188.90000000000006,118.60000000000004,1.45
174_7,169.0,70.0,18,high_school,R,30.0,33.0,61.0525,64.1,87.2,19,174,1.3069847470100544,1.355677738476773,1.5111,1.3083,1.3556,latest_sustained_upward_crossing,latest_sustained_upward_crossing,1.3,zero_baseline_breakout_before_fp100,0.0,4.986136377260457,55.677738476773044,1.3796,1168.7628,155.4723844969971,1168.7628,155.4723844969971,1.2861,0.0626538533722032,1.3796,155.4723844969971,155.4097306436249,155.4723844969971,1.3796,155.4723844969971,155.4723844969971,1.2861,0.0626538533722032,1.3796,155.4723844969971,155.4097306436249,155.4723844969971,False,ok,ok,0.0,2.0056,723,True,True,True,True,True,True,True,204.1152529899457,155.42226152322704,48.69299146671868,211.10000000000008,131.50000000000017,225.00000000000009,131.50000000000017,131.50000000000017,225.00000000000009,131.50000000000017,2.0056
174_8,169.0,70.0,18,high_school,R,30.0,33.0,62.502,68.1,77.8,19,174,0.8070086143780105,0.8376868405210596,0.9917,0.8083,0.8389,latest_sustained_upward_crossing,latest_sustained_upward_crossing,0.8019,zero_baseline_breakout_before_fp100,0.0,4.1458274655652465,35.786840521059624,0.9139,1426.8843,189.80849195604839,1426.8843,189.80849195604839,0.7954,-0.4566015959662154,0.9139,189.80849195604839,190.2650935520146,190.2650935520146,0.9139,189.80849195604839,189.80849195604839,0.7954,-0.4566015959662154,0.9139,189.80849195604839,190.2650935520146,190.2650935520146,False,ok,ok,0.0,1.4,505,True,True,True,True,True,True,True,184.6913856219895,154.01315947894045,30.67822614304905,189.80000000000007,77.79999999999998,196.30000000000004,77.79999999999998,77.79999999999998,196.30000000000004,77.79999999999998,1.4
178_1,175.0,71.0,18,college,R,30.0,33.0,58.397,60.1,76.9,64,178,1.0187407485279398,1.1034608636232597,1.2389,1.0194,1.1056,latest_sustained_upward_crossing,latest_sustained_upward_crossing,1.0056,zero_baseline_breakout_before_fp100,0.0,4.744077005913681,97.86086362325963,1.1417,1455.2454,186.94410304103448,1455.2454,186.94410304103448,0.9861,-0.19912933868329533,1.1417,186.94410304103448,187.14323237971777,187.14323237971777,1.1417,186.94410304103448,186.94410304103448,0.9861,-0.19912933868329533,1.1417,186.94410304103448,187.14323237971777,187.14323237971777,False,ok,ok,0.0,1.6611,599,True,True,True,True,True,True,True,220.15925147206005,135.4391363767402,84.72011509531984,233.29999999999984,97.19999999999996,252.79999999999993,97.19999999999996,97.19999999999996,252.79999999999993,97.19999999999996,1.6611
178_2,175.0,71.0,18,college,R,30.0,33.0,59.1322,61.1,77.3,64,178,1.0486282142261725,1.193032105025343,1.3361,1.05,1.1944,latest_sustained_upward_crossing,latest_sustained_upward_crossing,1.112,last_local_min_after_zero_baseline_plus5bw_breakout,1.0,17.997203490148678,81.03210502534286,1.2398,1366.4876,175.54207606407545,1366.4876,175.54207606407545,1.0259,-0.26871734124102775,1.2398,175.54207606407545,175.81079340531647,175.81079340531647,1.2398,175.54207606407545,175.54207606407545,1.0259,-0.26871734124102775,1.2398,175.54207606407545,175.81079340531647,175.81079340531647,False,ok,ok,0.0,1.7583,634,True,True,True,True,True,True,True,287.4717857738276,143.0678949746571,144.40389079917048,224.09999999999997,96.30000000000005,310.20000000000005,96.30000000000005,96.30000000000005,310.20000000000005,96.30000000000005,1.7583
178_3,175.0,71.0,18,college,R,30.0,33.0,62.9897,62.7,72.8,64,178,1.0490547488557975,1.1655084891244283,1.3028,1.05,1.1667,latest_sustained_upward_crossing,latest_sustained_upward_crossing,1.0944,last_local_min_after_zero_baseline_plus5bw_breakout,1.0,17.970131959437836,71.10848912442825,1.2065,1380.3885,177.3278169995652,1380.3885,177.3278169995652,1.025,-0.3694959788754031,1.2065,177.3278169995652,177.69731297844058,177.69731297844058,1.2065,177.3278169995652,177.3278169995652,1.025,-0.3694959788754031,1.2065,177.3278169995652,177.69731297844058,177.69731297844058,False,ok,ok,0.0,1.6639,600,True,True,True,True,True,True,True,253.74525114420243,137.29151087557167,116.45374026863075,208.39999999999992,96.30000000000005,277.80000000000007,96.30000000000005,96.30000000000005,277.80000000000007,96.30000000000005,1.6639
178_4,175.0,71.0,18,college,R,30.0,33.0,62.0208,61.4,84.3,64,178,1.3661531856530436,1.4347953450738993,1.5806,1.3667,1.4361,latest_sustained_upward_crossing,latest_sustained_upward_crossing,1.3565,zero_baseline_breakout_before_fp100,0.0,4.23188817882642,78.29534507389924,1.4815,1490.0519,191.41542445699483,1490.0519,191.41542445699483,1.5917,-0.8618275642593973,1.4815,191.41542445699483,192.2772520212542,192.2772520212542,1.4815,191.41542445699483,191.41542445699483,1.3407,-0.5261171579752507,1.4815,191.41542445699483,191.94154161497008,191.94154161497008,False,ok,ok,0.0,2.1,757,True,True,True,True,True,True,True,214.44681434695644,145.80465492610074,68.64215942085572,224.09999999999997,99.09999999999997,-11.099999999999888,99.09999999999997,99.09999999999997,239.9,99.09999999999997,2.1
178_5,175.0,71.0,18,college,R,30.0,33.0,57.2604,61.4,79.6,64,178,0.9686074475244022,1.2233861586614625,1.375,0.9694,1.225,latest_sustained_upward_crossing,latest_sustained_upward_crossing,1.1463,last_local_min_after_zero_baseline_plus5bw_breakout,2.0,63.152729812042026,77.0861586614624,1.3009,1385.3284,177.96240768414143,1385.3284,177.96240768414143,0.9482,-0.17946176771857528,1.3009,177.96240768414143,178.14186945186,178.14186945186,1.3009,177.96240768414143,177.96240768414143,0.9482,-0.17946176771857528,1.3009,177.96240768414143,178.14186945186,178.14186945186,False,ok,ok,0.0,1.8806,678,True,True,True,True,True,True,True,406.3925524755978,151.6138413385375,254.7787111370603,228.6999999999999,74.10000000000005,426.79999999999995,74.10000000000005,74.10000000000005,426.79999999999995,74.10000000000005,1.8806
178_6,175.0,71.0,18,college,R,30.0,33.0,60.0856,59.7,84.5,64,178,0.9685274822099543,1.146186990169233,1.2861,0.9694,1.1472,latest_sustained_upward_crossing,latest_sustained_upward_crossing,1.0917,last_local_min_after_zero_baseline_plus5bw_breakout,2.0,43.90368811258303,54.48699016923308,1.1907,1628.3034,209.17552365509405,1628.3034,209.17552365509405,0.9472,-0.295347566329117,1.1907,209.17552365509405,209.47087122142318,209.47087122142318,1.1907,209.17552365509405,209.17552365509405,0.9472,-0.295347566329117,1.1907,209.17552365509405,209.47087122142318,209.47087122142318,False,ok,ok,0.0,1.7389,627,True,True,True,True,True,True,True,317.5725177900457,139.91300983076704,177.65950795927864,194.40000000000012,95.39999999999993,338.9,95.39999999999993,95.39999999999993,338.9,95.39999999999993,1.7389
178_7,175.0,71.0,18,college,R,30.0,33.0,59.4885,61.3,80.1,64,178,1.3503876526054932,1.4814329905993189,1.6528,1.3528,1.4833,latest_sustained_upward_crossing,latest_sustained_upward_crossing,1.4574,last_local_min_after_zero_baseline_plus5bw_breakout,1.0,68.73032583557199,24.03299059931885,1.5287,1404.2377,180.39153896855146,1404.2377,180.39153896855146,1.3324,-0.33049483880427966,1.5287,180.39153896855146,180.72203380735573,180.72203380735573,1.5287,180.39153896855146,180.39153896855146,1.3324,-0.33049483880427966,1.5287,180.39153896855146,180.72203380735573,180.72203380735573,False,ok,ok,0.0,2.0361,734,True,True,True,True,True,True,True,302.41234739450687,171.36700940068118,131.04533799382568,195.4,124.1000000000001,320.40000000000003,124.1000000000001,124.1000000000001,320.40000000000003,124.1000000000001,2.0361
178_8,175.0,71.0,18,college,R,30.0,33.0,60.0741,54.5,75.0,64,178,1.4402668540443093,1.6288510332461528,1.8111,1.4417,1.6306,latest_sustained_upward_crossing,latest_sustained_upward_crossing,1.5917,last_local_min_after_zero_baseline_plus5bw_breakout,2.0,45.484916385320126,37.15103324615288,1.7361,1343.2109,172.55189873504543,1343.2109,172.55189873504543,1.4259,-0.24051987666391447,1.7361,172.55189873504543,172.79241861170934,172.79241861170934,1.7361,172.55189873504543,172.55189873504543,1.4259,-0.24051987666391447,1.7361,172.55189873504543,172.79241861170934,172.79241861170934,False,ok,ok,0.0,2.2167,799,True,True,True,True,True,True,True,370.8331459556906,182.24896675384716,188.58417920184345,219.40000000000003,74.99999999999996,385.2,74.99999999999996,74.99999999999996,385.2,74.99999999999996,2.2167
179_1,205.0,72.0,21,college,R,31.0,34.0,75.3783,68.2,101.2,65,179,1.7253286627579667,1.7630783190406258,1.925,1.7278,1.7639,latest_sustained_upward_crossing,latest_sustained_upward_crossing,1.7139,zero_baseline_breakout_before_fp100,0.0,5.160739255710325,49.178319040625865,1.8444,1932.0498,211.8741822195854,1932.0498,211.8741822195854,1.6787,0.06865994110901408,1.8444,211.8741822195854,211.8055222784764,211.8741822195854,1.8444,211.8741822195854,211.8741822195854,1.6787,0.06865994110901408,1.8444,211.8741822195854,211.8055222784764,211.8741822195854,False,ok,ok,0.0,2.2583,814,True,True,True,True,True,True,True,199.67133724203333,161.9216809593742,37.74965628265914,211.10000000000008,80.60000000000001,246.29999999999995,80.60000000000001,80.60000000000001,246.29999999999995,80.60000000000001,2.2583
179_2,205.0,72.0,21,college,R,31.0,34.0,72.5433,73.1,93.7,65,179,0.8942787230933644,0.931165737939941,1.0861,0.8944,0.9333,latest_sustained_upward_crossing,latest_sustained_upward_crossing,0.8778,zero_baseline_breakout_before_fp100,0.0,4.8975482979373925,53.36573793994093,1.0056,1953.0687,214.17917572889107,1953.0687,214.17917572889107,0.8611,-0.00883882966520769,1.0056,214.17917572889107,214.18801455855626,214.18801455855626,1.0056,214.17917572889107,214.17917572889107,0.8611,-0.00883882966520769,1.0056,214.17917572889107,214.18801455855626,214.18801455855626,False,ok,ok,0.0,1.4222,513,True,True,True,True,True,True,True,191.82127690663563,154.93426206005913,36.88701484657653,208.30000000000004,80.50000000000001,225.00000000000009,80.50000000000001,80.50000000000001,225.00000000000009,80.50000000000001,1.4222
179_3,205.0,72.0,21,college,R,31.0,34.0,74.9458,71.7,95.5,65,179,1.0556411724000458,1.1297602167301286,1.3167,1.0583,1.1306,latest_sustained_upward_crossing,latest_sustained_upward_crossing,1.0426,zero_baseline_breakout_before_fp100,0.0,4.983491757016039,87.16021673012864,1.2157,1899.0065,208.25055814667778,1899.0065,208.25055814667778,1.0111,0.006075324608591886,1.2157,208.25055814667778,208.2444828220692,208.25055814667778,1.2157,208.25055814667778,208.25055814667778,1.0111,0.006075324608591886,1.2157,208.25055814667778,208.2444828220692,208.25055814667778,False,ok,ok,0.0,1.5944,575,True,True,True,True,True,True,True,261.05882759995416,186.93978326987138,74.11904433008276,274.1,100.99999999999997,305.59999999999985,100.99999999999997,100.99999999999997,305.59999999999985,100.99999999999997,1.5944
179_4,205.0,72.0,21,college,R,31.0,34.0,74.3123,70.2,93.0,65,179,0.7824831422100941,0.8317422863948917,0.9944,0.7833,0.8333,latest_sustained_upward_crossing,latest_sustained_upward_crossing,0.7685,zero_baseline_breakout_before_fp100,0.0,4.900058933250265,63.242286394891714,0.912,1891.1558,207.38962762493279,1891.1558,207.38962762493279,0.3926,0.0962620928054505,0.912,207.38962762493279,207.29336553212732,207.38962762493279,0.912,207.38962762493279,207.38962762493279,0.3926,0.0962620928054505,0.912,207.38962762493279,207.29336553212732,207.38962762493279,False,ok,ok,0.0,1.35,487,True,True,True,True,True,True,True,211.9168577899059,162.65771360510828,49.2591441847976,225.89999999999998,82.39999999999992,601.7999999999998,82.39999999999992,82.39999999999992,601.7999999999998,82.39999999999992,1.35
179_5,205.0,72.0,21,college,R,31.0,34.0,76.4045,75.5,92.4,65,179,1.203498886606273,1.2449012911395412,1.4194,1.2056,1.2472,latest_sustained_upward_crossing,latest_sustained_upward_crossing,1.187,zero_baseline_breakout_before_fp100,0.0,4.735185925102446,57.90129113954112,1.338,1985.6211,217.7489662846442,1985.6211,217.7489662846442,0.775,-0.08789481360625265,1.338,217.7489662846442,217.83686109825047,217.83686109825047,1.338,217.7489662846442,217.7489662846442,0.775,-0.08789481360625265,1.338,217.7489662846442,217.83686109825047,217.83686109825047,False,ok,ok,0.0,1.7944,647,True,True,True,True,True,True,True,215.90111339372697,174.4987088604588,41.402404533268154,232.39999999999995,81.39999999999992,644.4,81.39999999999992,81.39999999999992,644.4,81.39999999999992,1.7944
179_6,205.0,72.0,21,college,R,31.0,34.0,75.5484,76.9,98.7,65,179,1.1063002435584095,1.1475081855849218,1.3361,1.1056,1.15,latest_sustained_upward_crossing,latest_sustained_upward_crossing,1.0889,zero_baseline_breakout_before_fp100,0.0,5.121599276879756,58.60818558492187,1.237,1876.4572,205.77773653663226,1876.4572,205.77773653663226,0.5463,0.23816588420469062,1.237,205.77773653663226,205.53957065242756,205.77773653663226,1.237,205.77773653663226,205.77773653663226,0.5463,0.23816588420469062,1.237,205.77773653663226,205.53957065242756,205.77773653663226,False,ok,ok,0.0,1.6361,590,True,True,True,True,True,True,True,229.79975644159057,188.5918144150782,41.20794202651234,247.20000000000007,99.09999999999997,789.8000000000001,99.09999999999997,99.09999999999997,789.8000000000001,99.09999999999997,1.6361
179_7,205.0,72.0,21,college,R,31.0,34.0,75.8069,79.4,106.7,65,179,0.6516424767416208,0.7002734621598948,0.8639,0.6528,0.7028,latest_sustained_upward_crossing,latest_sustained_upward_crossing,0.6352,zero_baseline_breakout_before_fp100,0.0,4.991058497052011,65.07346215989485,0.7787,1955.303,214.42419554428773,1955.303,214.42419554428773,0.0935,-0.0736276704369782,0.7787,214.42419554428773,214.49782321472472,214.49782321472472,0.7787,214.42419554428773,214.42419554428773,0.0935,-0.0736276704369782,0.7787,214.42419554428773,214.49782321472472,214.49782321472472,False,ok,ok,0.0,1.1333,409,True,True,True,True,True,True,True,212.25752325837922,163.62653784010516,48.630985418274044,228.70000000000002,85.20000000000006,770.4,85.20000000000006,85.20000000000006,770.4,85.20000000000006,1.1333
180_1,179.0,71.0,21,college,R,30.0,33.0,63.0226,,89.9,67,180,1.0336977980733388,1.0757934120300319,1.2,1.0361,1.0778,latest_sustained_upward_crossing,latest_sustained_upward_crossing,1.0287,zero_baseline_breakout_before_fp100,0.0,4.4624383123643545,47.09341203003192,1.163,1528.977,192.02664993894626,1528.977,192.02664993894626,1.0204,-0.6932655675415544,1.163,192.02664993894626,192.7199155064878,192.7199155064878,1.163,192.02664993894626,192.02664993894626,1.0204,-0.6932655675415544,1.163,192.02664993894626,192.7199155064878,192.7199155064878,False,ok,ok,0.0,1.5222,549,True,True,True,True,True,True,True,166.30220192666113,124.20658796996808,42.095613956693036,171.3,36.99999999999992,179.6,36.99999999999992,36.99999999999992,179.6,36.99999999999992,1.5222
180_2,179.0,71.0,21,college,R,30.0,33.0,66.6155,66.1,83.7,67,180,0.8141300503190183,0.8551664028958924,0.9833,0.8167,0.8556,latest_sustained_upward_crossing,latest_sustained_upward_crossing,0.8093,zero_baseline_breakout_before_fp100,0.0,4.862702398219189,45.86640289589239,0.8917,1491.8963,187.36962592982704,1491.8963,187.36962592982704,0.8,-0.6310474946864665,0.8917,187.36962592982704,188.0006734245135,188.0006734245135,0.8917,187.36962592982704,187.36962592982704,0.8,-0.6310474946864665,0.8917,187.36962592982704,188.0006734245135,188.0006734245135,False,ok,ok,0.0,1.3028,470,True,True,True,True,True,True,True,169.16994968098166,128.13359710410754,41.0363525768741,173.99999999999994,91.59999999999991,183.2999999999999,91.59999999999991,91.59999999999991,183.2999999999999,91.59999999999991,1.3028
180_3,179.0,71.0,21,college,R,30.0,33.0,61.812,66.1,89.5,67,180,1.1551358068850826,1.1981497117891988,1.325,1.1556,1.2,latest_sustained_upward_crossing,latest_sustained_upward_crossing,1.15,zero_baseline_breakout_before_fp100,0.0,4.298149000583175,48.14971178919891,1.2759,1392.4084,174.87478254993258,1392.4084,174.87478254993258,1.1426,-0.6120580465320673,1.2759,174.87478254993258,175.48684059646465,175.48684059646465,1.2759,174.87478254993258,174.87478254993258,1.1426,-0.6120580465320673,1.2759,174.87478254993258,175.48684059646465,175.48684059646465,False,ok,ok,0.0,1.6417,592,True,True,True,True,True,True,True,169.8641931149174,126.85028821080112,43.01390490411627,175.00000000000006,49.09999999999992,182.3999999999999,49.09999999999992,49.09999999999992,182.3999999999999,49.09999999999992,1.6417
180_4,179.0,71.0,21,college,R,30.0,33.0,66.6869,65.7,96.4,67,180,1.1190206717860944,1.1567432508403614,1.2833,1.1194,1.1583,latest_sustained_upward_crossing,latest_sustained_upward_crossing,1.1139,zero_baseline_breakout_before_fp100,0.0,4.4832163324912795,42.843250840361556,1.2009,1568.7385,197.0203598780411,1568.7385,197.0203598780411,1.1056,-0.5083696312128086,1.2009,197.0203598780411,197.5287295092539,197.5287295092539,1.2009,197.0203598780411,197.0203598780411,1.1056,-0.5083696312128086,1.2009,197.0203598780411,197.5287295092539,197.5287295092539,False,ok,ok,0.0,1.65,595,True,True,True,True,True,True,True,164.27932821390567,126.55674915963866,37.722579054267015,169.4000000000002,82.40000000000003,177.7000000000002,82.40000000000003,82.40000000000003,177.7000000000002,82.40000000000003,1.65
180_5,179.0,71.0,21,college,R,30.0,33.0,65.2609,66.8,85.2,67,180,1.1526483005734018,1.1913220492456746,1.325,1.1528,1.1917,latest_sustained_upward_crossing,latest_sustained_upward_crossing,1.1472,zero_baseline_breakout_before_fp100,0.0,3.874537438459143,44.122049245674646,1.2111,1592.2602,199.97448754109223,1592.2602,199.97448754109223,1.1398,-0.8879953252359712,1.2111,199.97448754109223,200.8624828663282,200.8624828663282,1.2111,199.97448754109223,199.97448754109223,1.1398,-0.8879953252359712,1.2111,199.97448754109223,200.8624828663282,200.8624828663282,False,ok,ok,0.0,1.6889,609,True,True,True,True,True,True,True,172.35169942659812,133.6779507543253,38.6737486722728,177.79999999999995,113.89999999999989,185.20000000000005,113.89999999999989,113.89999999999989,185.20000000000005,113.89999999999989,1.6889
180_6,179.0,71.0,21,college,R,30.0,33.0,65.8067,66.5,89.3,67,180,0.9010944667467063,0.934284174443326,1.0694,0.9028,0.9361,latest_sustained_upward_crossing,latest_sustained_upward_crossing,0.8963,zero_baseline_breakout_before_fp100,0.0,4.429245194344702,37.984174443326026,1.0287,1337.6394,167.99625684908412,1337.6394,167.99625684908412,0.8889,-0.785148373558475,1.0287,167.99625684908412,168.7814052226426,168.7814052226426,1.0287,167.99625684908412,167.99625684908412,0.8889,-0.785148373558475,1.0287,167.99625684908412,168.7814052226426,168.7814052226426,False,ok,ok,0.0,1.4361,518,True,True,True,True,True,True,True,168.30553325329356,135.11582555667388,33.189707696619664,173.0999999999999,40.69999999999996,180.4999999999999,40.69999999999996,40.69999999999996,180.4999999999999,40.69999999999996,1.4361
180_7,179.0,71.0,21,college,R,30.0,33.0,63.4928,46.1,86.8,67,180,0.8583436770503472,0.8962080179011188,1.0444,0.8583,0.8972,latest_sustained_upward_crossing,latest_sustained_upward_crossing,0.8537,zero_baseline_breakout_before_fp100,0.0,4.666524643388817,42.5080179011188,0.9935,1302.0985,163.53261876766427,1302.0985,163.53261876766427,0.8463,-0.7917168136277545,0.9935,163.53261876766427,164.32433558129202,164.32433558129202,0.9935,163.53261876766427,163.53261876766427,0.8463,-0.7917168136277545,0.9935,163.53261876766427,164.32433558129202,164.32433558129202,False,ok,ok,0.0,1.4222,513,True,True,True,True,True,True,True,186.0563229496528,148.19198209888117,37.86434085077162,190.7,50.89999999999995,198.09999999999994,50.89999999999995,50.89999999999995,198.09999999999994,50.89999999999995,1.4222
180_8,179.0,71.0,21,college,R,30.0,33.0,66.7986,65.2,83.8,67,180,,,0.9611,,,,,,,,,,,,,,,,,,,,,,,,,,,,,,,,,0.0,1.2694,458,True,True,False,False,False,True,True,,,,,,,,,,,1.2694
181_1,152.0,69.0,20,college,R,30.0,33.0,61.3805,63.4,86.3,68,181,1.0280266409929602,1.0650042698034057,1.2167,1.0306,1.0667,latest_sustained_upward_crossing,latest_sustained_upward_crossing,1.0241,zero_baseline_breakout_before_fp100,0.0,4.6831800564444235,40.90426980340567,1.0963,1363.0897,201.60181237130286,1363.0897,201.60181237130286,1.0176,-2.131307101062698,1.0963,201.60181237130286,203.73311947236556,203.73311947236556,1.0963,201.60181237130286,201.60181237130286,1.0176,-2.131307101062698,1.0963,201.60181237130286,203.73311947236556,203.73311947236556,False,ok,ok,0.0,1.525,550,True,False,True,True,True,True,True,188.67335900703975,151.6957301965942,36.97762881044553,192.59999999999988,120.39999999999984,199.09999999999982,120.39999999999984,120.39999999999984,199.09999999999982,120.39999999999984,1.525
181_2,152.0,69.0,20,college,R,30.0,33.0,59.5611,64.3,87.9,68,181,0.7091991960473204,0.7456536266757202,0.8972,0.7083,0.7472,latest_sustained_upward_crossing,latest_sustained_upward_crossing,0.7019,zero_baseline_breakout_before_fp100,0.0,4.51214516893466,43.75362667572025,0.7787,1405.1324,207.81995378707538,1405.1324,207.81995378707538,0.6889,-0.6480857287893907,0.7787,207.81995378707538,208.46803951586477,208.46803951586477,0.7787,207.81995378707538,207.81995378707538,0.6889,-0.6480857287893907,0.7787,207.81995378707538,208.46803951586477,208.46803951586477,False,ok,ok,0.0,1.2,433,True,False,True,True,True,True,True,188.0008039526796,151.54637332427978,36.45443062839981,195.30000000000004,118.50000000000006,208.30000000000004,118.50000000000006,118.50000000000006,208.30000000000004,118.50000000000006,1.2
181_3,152.0,69.0,20,college,R,30.0,33.0,60.8011,62.4,85.2,68,181,0.6921964299118022,0.7254888289825709,0.8778,0.6944,0.7278,latest_sustained_upward_crossing,latest_sustained_upward_crossing,0.687,zero_baseline_breakout_before_fp100,0.0,3.9073751818594684,38.48882898257089,0.7583,1408.5748,208.32908688294353,1408.5748,208.32908688294353,0.6796,-1.3802973304958732,0.7583,208.32908688294353,209.7093842134394,209.7093842134394,0.7583,208.32908688294353,208.32908688294353,0.6796,-1.3802973304958732,0.7583,208.32908688294353,209.7093842134394,209.7093842134394,False,ok,ok,0.0,1.2111,437,True,False,True,True,True,True,True,185.60357008819784,152.31117101742907,33.29239907076875,190.79999999999998,119.50000000000006,198.20000000000005,119.50000000000006,119.50000000000006,198.20000000000005,119.50000000000006,1.2111
181_4,152.0,69.0,20,college,R,30.0,33.0,61.3563,59.3,88.3,68,181,0.7748702953693882,0.8139351365102779,0.9639,0.775,0.8139,latest_sustained_upward_crossing,latest_sustained_upward_crossing,0.7694,zero_baseline_breakout_before_fp100,0.0,4.113980168589627,44.535136510277965,0.8982,1380.1761,204.12890153271385,1380.1761,204.12890153271385,0.7602,-1.2668575546038032,0.8982,204.12890153271385,205.39575908731766,205.39575908731766,0.8982,204.12890153271385,204.12890153271385,0.7602,-1.2668575546038032,0.8982,204.12890153271385,205.39575908731766,205.39575908731766,False,ok,ok,0.0,1.3917,502,True,False,True,True,True,True,True,189.02970463061175,149.96486348972203,39.064841140889705,194.5,65.69999999999997,203.7,65.69999999999997,65.69999999999997,203.7,65.69999999999997,1.3917
181_5,152.0,69.0,20,college,R,30.0,33.0,61.7012,65.0,84.7,68,181,0.7698930606033315,0.8061295967526332,0.9611,0.7694,0.8083,latest_sustained_upward_crossing,latest_sustained_upward_crossing,0.763,zero_baseline_breakout_before_fp100,0.0,3.558729049251415,43.12959675263317,0.9009,1420.0989,210.03350842317533,1420.0989,210.03350842317533,0.7537,-1.1151115180128461,0.9009,210.03350842317533,211.14861994118817,211.14861994118817,0.9009,210.03350842317533,210.03350842317533,0.7537,-1.1151115180128461,0.9009,210.03350842317533,211.14861994118817,211.14861994118817,False,ok,ok,0.0,1.2722,459,True,False,True,True,True,True,True,191.20693939666845,154.97040324736676,36.23653614930167,198.09999999999994,60.19999999999992,207.39999999999992,60.19999999999992,60.19999999999992,207.39999999999992,60.19999999999992,1.2722
181_6,152.0,69.0,20,college,R,30.0,33.0,63.172,63.6,88.5,68,181,1.1871518895285533,1.2279554120525258,1.3889,1.1889,1.2306,latest_sustained_upward_crossing,latest_sustained_upward_crossing,1.1741,zero_baseline_breakout_before_fp100,0.0,4.215626175005565,53.855412052525864,1.3102,1261.2935,186.54609123093212,1261.2935,186.54609123093212,1.15,-0.9900615434147424,1.3102,186.54609123093212,187.53615277434687,187.53615277434687,1.3102,186.54609123093212,186.54609123093212,1.15,-0.9900615434147424,1.3102,186.54609123093212,187.53615277434687,187.53615277434687,False,ok,ok,0.0,1.7361,626,True,False,True,True,True,True,True,201.7481104714467,160.94458794747425,40.80352252397246,214.8000000000001,78.69999999999999,238.90000000000012,78.69999999999999,78.69999999999999,238.90000000000012,78.69999999999999,1.7361
181_7,152.0,69.0,20,college,R,30.0,33.0,61.5163,62.5,91.8,68,181,1.071145607471555,1.1028697351185432,1.2611,1.0722,1.1028,latest_sustained_upward_crossing,latest_sustained_upward_crossing,1.0667,zero_baseline_breakout_before_fp100,0.0,3.8950211300328914,36.169735118543265,1.137,1452.0021,214.75201149780366,1452.0021,214.75201149780366,1.0611,-2.276693410973917,1.137,214.75201149780366,217.02870490877757,217.02870490877757,1.137,214.75201149780366,214.75201149780366,1.0611,-2.276693410973917,1.137,214.75201149780366,217.02870490877757,217.02870490877757,False,ok,ok,0.0,1.6417,592,True,False,True,True,True,True,True,189.95439252844503,158.23026488145686,31.724127646988176,194.40000000000012,124.1000000000001,200.00000000000017,124.1000000000001,124.1000000000001,200.00000000000017,124.1000000000001,1.6417
181_8,152.0,69.0,20,college,R,30.0,33.0,62.3225,63.5,89.0,68,181,0.8307998928439092,0.865072979349841,1.0139,0.8333,0.8667,latest_sustained_upward_crossing,latest_sustained_upward_crossing,0.8259,zero_baseline_breakout_before_fp100,0.0,2.9935981684665403,39.172979349840986,0.8954,1616.6511,239.10370075576125,1616.6511,239.10370075576125,0.8213,-2.8842987399436733,0.8954,239.10370075576125,241.9879994957049,241.9879994957049,0.8954,239.10370075576125,239.10370075576125,0.8213,-2.8842987399436733,0.8954,239.10370075576125,241.9879994957049,241.9879994957049,False,ok,ok,0.0,1.3806,498,True,False,True,True,True,True,True,183.10010715609081,148.82702065015906,34.27308650593175,188.00000000000006,118.50000000000006,192.6,118.50000000000006,118.50000000000006,192.6,118.50000000000006,1.3806
185_1,186.0,70.0,17,high_school,R,30.0,33.0,70.2772,66.5,86.8,71,185,0.8892957045658938,0.9195031009336317,1.05,0.8917,0.9222,latest_sustained_upward_crossing,latest_sustained_upward_crossing,0.8852,zero_baseline_breakout_before_fp100,0.0,4.980523402218862,34.30310093363176,0.9509,1664.5943,201.19122863950506,1664.5943,201.19122863950506,0.8778,-1.1909435058136166,0.9509,201.19122863950506,202.38217214531866,202.38217214531866,0.9509,201.19122863950506,201.19122863950506,0.8778,-1.1909435058136166,0.9509,201.19122863950506,202.38217214531866,202.38217214531866,False,ok,ok,0.0,1.5472,558,True,True,True,True,True,True,True,160.70429543410626,130.4968990663683,30.20739636773795,164.80000000000007,99.10000000000008,172.20000000000002,99.10000000000008,99.10000000000008,172.20000000000002,99.10000000000008,1.5472
185_2,186.0,70.0,17,high_school,R,30.0,33.0,66.4849,69.3,90.5,71,185,0.8629067569836177,0.8901425346512383,1.0222,0.8639,0.8917,latest_sustained_upward_crossing,latest_sustained_upward_crossing,0.8574,zero_baseline_breakout_before_fp100,0.0,4.755379591909892,32.742534651238216,0.9167,1323.1692,159.92487601690755,1323.1692,159.92487601690755,0.8472,-0.26620521353371807,0.9167,159.92487601690755,160.19108123044126,160.19108123044126,0.9167,159.92487601690755,159.92487601690755,0.8472,-0.26620521353371807,0.9167,159.92487601690755,160.19108123044126,160.19108123044126,False,ok,ok,0.0,1.3333,481,True,True,True,True,True,True,True,159.29324301638226,132.05746534876172,27.235777667620532,164.79999999999995,105.50000000000004,175.00000000000006,105.50000000000004,105.50000000000004,175.00000000000006,105.50000000000004,1.3333
185_3,186.0,70.0,17,high_school,R,30.0,33.0,69.4874,67.6,91.8,71,185,1.03542627610332,1.0632136870231474,1.2,1.0389,1.0639,latest_sustained_upward_crossing,latest_sustained_upward_crossing,1.0315,zero_baseline_breakout_before_fp100,0.0,4.5767851678483495,31.713687023147365,1.0861,1657.988,200.3927580369317,1657.988,200.3927580369317,1.0259,-2.292773230043392,1.0861,200.3927580369317,202.6855312669751,202.6855312669751,1.0861,200.3927580369317,200.3927580369317,1.0259,-2.292773230043392,1.0861,200.3927580369317,202.6855312669751,202.6855312669751,False,ok,ok,0.0,1.4833,535,True,True,True,True,True,True,True,164.57372389668,136.7863129768525,27.787410919827504,168.4999999999999,113.89999999999989,174.0999999999999,113.89999999999989,113.89999999999989,174.0999999999999,113.89999999999989,1.4833
185_4,186.0,70.0,17,high_school,R,30.0,33.0,66.8749,68.5,90.2,71,185,1.1769777027234276,1.201582233311176,1.3389,1.1778,1.2028,latest_sustained_upward_crossing,latest_sustained_upward_crossing,1.1732,zero_baseline_breakout_before_fp100,0.0,4.7739771641222575,28.382233311176066,1.2315,1590.8706,192.2806119307669,1590.8706,192.2806119307669,1.1685,-2.602912879499701,1.2315,192.2806119307669,194.8835248102666,194.8835248102666,1.2315,192.2806119307669,192.2806119307669,1.1685,-2.602912879499701,1.2315,192.2806119307669,194.8835248102666,194.8835248102666,False,ok,ok,0.0,1.6722,603,True,True,True,True,True,True,True,161.92229727657238,137.3177666888239,24.604530587748474,165.69999999999996,107.39999999999993,170.3999999999999,107.39999999999993,107.39999999999993,170.3999999999999,107.39999999999993,1.6722
185_5,186.0,70.0,17,high_school,R,30.0,33.0,68.1975,68.2,96.6,71,185,1.1117028333231875,1.137038344104397,1.2694,1.1139,1.1389,latest_sustained_upward_crossing,latest_sustained_upward_crossing,1.1083,zero_baseline_breakout_before_fp100,0.0,5.420428006375704,28.73834410439691,1.1593,1563.5166,188.97447008695246,1563.5166,188.97447008695246,1.1028,-2.3694500007429564,1.1593,188.97447008695246,191.3439200876954,191.3439200876954,1.1593,188.97447008695246,188.97447008695246,1.1028,-2.3694500007429564,1.1593,188.97447008695246,191.3439200876954,191.3439200876954,False,ok,ok,0.0,1.6361,590,True,True,True,True,True,True,True,157.69716667681254,132.36165589560312,25.335510781209436,161.10000000000002,110.10000000000008,166.60000000000008,110.10000000000008,110.10000000000008,166.60000000000008,110.10000000000008,1.6361
185_6,186.0,70.0,17,high_school,R,30.0,33.0,70.1479,68.6,95.7,71,185,0.8948392809986982,0.9196681097688773,1.0528,0.8972,0.9194,latest_sustained_upward_crossing,latest_sustained_upward_crossing,0.8907,zero_baseline_breakout_before_fp100,0.0,4.027531844316698,28.968109768877206,0.9398,1663.2398,201.0275169656202,1663.2398,201.0275169656202,0.8852,-2.868223691861955,0.9398,201.0275169656202,203.89574065748215,203.89574065748215,0.9398,201.0275169656202,201.0275169656202,0.8852,-2.868223691861955,0.9398,201.0275169656202,203.89574065748215,203.89574065748215,False,ok,ok,0.0,1.4,505,True,True,True,True,True,True,True,157.9607190013017,133.1318902311227,24.828828770179,162.0999999999999,112.99999999999999,167.59999999999997,112.99999999999999,112.99999999999999,167.59999999999997,112.99999999999999,1.4
190_1,223.0,70.0,18,college,R,30.0,33.0,59.2348,61.1,81.2,76,190,0.9749636432721009,1.2209480855868293,1.3389,0.975,1.2222,latest_sustained_upward_crossing,latest_sustained_upward_crossing,1.1398,last_local_min_after_zero_baseline_plus5bw_breakout,1.0,45.493467996542144,81.1480855868294,1.2574,1690.8827,170.45988909830015,1690.8827,170.45988909830015,0.9528,-0.04362099985577621,1.2574,170.45988909830015,170.50351009815594,170.50351009815594,1.2574,170.45988909830015,170.45988909830015,0.9528,-0.04362099985577621,1.2574,170.45988909830015,170.50351009815594,170.50351009815594,False,ok,ok,0.0,1.5944,575,True,True,True,True,True,True,True,363.936356727899,117.95191441317066,245.98444231472837,199.10000000000005,81.4999999999999,386.1,81.4999999999999,81.4999999999999,386.1,81.4999999999999,1.5944
190_2,223.0,70.0,18,college,R,30.0,33.0,63.0737,64.4,76.4,76,190,1.1865928687357694,1.2598055395254233,1.3806,1.1889,1.2611,latest_sustained_upward_crossing,latest_sustained_upward_crossing,1.1713,zero_baseline_breakout_before_fp100,0.0,5.029336012327891,88.50553952542329,1.2898,1884.5889,189.98764070972368,1884.5889,189.98764070972368,1.1491,-0.062089608992772286,1.2898,189.98764070972368,190.04973031871646,190.04973031871646,1.2898,189.98764070972368,189.98764070972368,1.1491,-0.062089608992772286,1.2898,189.98764070972368,190.04973031871646,190.04973031871646,False,ok,ok,0.0,1.7083,616,True,True,True,True,True,True,True,194.00713126423062,120.79446047457677,73.21267078965388,209.30000000000004,90.8,231.50000000000003,90.8,90.8,231.50000000000003,90.8,1.7083
190_3,223.0,70.0,18,college,R,30.0,33.0,64.455,,94.8,76,190,1.1425073125113663,1.2708871132338555,1.4111,1.1444,1.2722,latest_sustained_upward_crossing,latest_sustained_upward_crossing,1.1982,last_local_min_after_zero_baseline_plus5bw_breakout,1.0,19.65713624460957,72.68711323385557,1.338,1592.7561,160.56763024817812,1592.7561,160.56763024817812,1.1213,-0.648689733699938,1.338,160.56763024817812,161.21631998187806,161.21631998187806,1.338,160.56763024817812,160.56763024817812,1.1213,-0.648689733699938,1.338,160.56763024817812,161.21631998187806,161.21631998187806,False,ok,ok,0.0,1.9444,701,True,True,True,True,True,True,True,268.5926874886337,140.21288676614452,128.37980072248922,212.9000000000001,73.09999999999994,289.80000000000007,73.09999999999994,73.09999999999994,289.80000000000007,73.09999999999994,1.9444
190_4,223.0,70.0,18,college,R,30.0,33.0,62.2675,61.4,94.2,76,190,0.9888046922594281,1.0595331614669217,1.1889,0.9889,1.0611,latest_sustained_upward_crossing,latest_sustained_upward_crossing,0.9759,zero_baseline_breakout_before_fp100,0.0,4.330741183889542,83.63316146692168,1.0852,1744.9419,175.90966112372973,1744.9419,175.90966112372973,0.3056,-0.49392440211087474,1.0852,175.90966112372973,176.4035855258406,176.4035855258406,1.0852,175.90966112372973,175.90966112372973,0.3056,-0.49392440211087474,1.0852,175.90966112372973,176.4035855258406,176.4035855258406,False,ok,ok,0.0,1.4639,528,True,True,True,True,True,True,True,200.09530774057194,129.3668385330784,70.72846920749353,213.00000000000009,103.70000000000013,883.3000000000001,103.70000000000013,103.70000000000013,883.3000000000001,103.70000000000013,1.4639
190_5,223.0,70.0,18,college,R,30.0,33.0,64.0124,66.4,79.3,76,190,1.2998173942538935,1.3676866471509193,1.4917,1.3,1.3694,latest_sustained_upward_crossing,latest_sustained_upward_crossing,1.2917,zero_baseline_breakout_before_fp100,0.0,4.5442260658493145,75.98664715091918,1.3935,2039.6537,205.61990698759743,2039.6537,205.61990698759743,1.2778,-0.5070802617854271,1.3935,205.61990698759743,206.12698724938286,206.12698724938286,1.3935,205.61990698759743,205.61990698759743,1.2778,-0.5070802617854271,1.3935,205.61990698759743,206.12698724938286,206.12698724938286,False,ok,ok,0.0,1.8361,662,True,True,True,True,True,True,True,191.8826057461065,124.01335284908077,67.86925289702572,199.99999999999994,98.20000000000006,213.89999999999998,98.20000000000006,98.20000000000006,213.89999999999998,98.20000000000006,1.8361
190_6,223.0,70.0,18,college,R,30.0,33.0,62.2365,64.7,81.3,76,190,1.6991740073612407,1.783940069121053,1.9361,1.7,1.7861,latest_sustained_upward_crossing,latest_sustained_upward_crossing,1.7398,last_local_min_after_zero_baseline_plus5bw_breakout,1.0,20.721329359417823,44.140069121052946,1.8685,1727.5217,174.15351011451415,1727.5217,174.15351011451415,1.6778,-0.5266174694860267,1.8685,174.15351011451415,174.68012758400016,174.68012758400016,1.8685,174.15351011451415,174.15351011451415,1.6778,-0.5266174694860267,1.8685,174.15351011451415,174.68012758400016,174.68012758400016,False,ok,ok,0.0,2.2306,804,True,True,True,True,True,True,True,236.92599263875925,152.15993087894697,84.76606175981227,196.29999999999993,67.59999999999988,258.29999999999995,67.59999999999988,67.59999999999988,258.29999999999995,67.59999999999988,2.2306
190_7,223.0,70.0,18,college,R,30.0,33.0,63.0385,65.1,87.7,76,190,1.1854006822616874,1.2506692274373152,1.3889,1.1861,1.2528,latest_sustained_upward_crossing,latest_sustained_upward_crossing,1.1759,zero_baseline_breakout_before_fp100,0.0,4.447848793733594,74.7692274373153,1.3269,1751.7231,176.59328193311728,1751.7231,176.59328193311728,1.1602,-0.4206447515558396,1.3269,176.59328193311728,177.01392668467312,177.01392668467312,1.3269,176.59328193311728,176.59328193311728,1.1602,-0.4206447515558396,1.3269,176.59328193311728,177.01392668467312,177.01392668467312,False,ok,ok,0.0,1.8472,666,True,True,True,True,True,True,True,203.49931773831264,138.2307725626848,65.26854517562785,213.00000000000009,62.00000000000006,228.70000000000013,62.00000000000006,62.00000000000006,228.70000000000013,62.00000000000006,1.8472
190_8,223.0,70.0,18,college,R,30.0,33.0,61.1702,63.0,88.4,76,190,1.21532407162405,1.2787789732962127,1.4,1.2167,1.2806,latest_sustained_upward_crossing,latest_sustained_upward_crossing,1.2102,zero_baseline_breakout_before_fp100,0.0,4.517217563308072,68.57897329621277,1.3083,1985.5106,200.16167690372572,1985.5106,200.16167690372572,1.2009,-0.881563571617301,1.3083,200.16167690372572,201.04324047534303,201.04324047534303,1.3083,200.16167690372572,200.16167690372572,1.2009,-0.881563571617301,1.3083,200.16167690372572,201.04324047534303,201.04324047534303,False,ok,ok,0.0,1.7556,633,True,True,True,True,True,True,True,184.6759283759498,121.2210267037872,63.45490167216261,189.79999999999995,91.69999999999989,199.09999999999982,91.69999999999989,91.69999999999989,199.09999999999982,91.69999999999989,1.7556
198_1,171.0,76.0,18,college,R,30.0,33.0,61.73,64.6,91.4,82,198,0.9292778993812693,0.9687769694136792,1.125,1.1389,,latest_sustained_upward_crossing,latest_sustained_upward_crossing,0.9259,last_local_min_before_fp100_plus5bw_breakout,6.0,8.644759172361898,42.87696941367925,1.013,1417.6872,186.37939244161277,1417.6872,186.37939244161277,0.6324,-0.2526405531876476,1.013,186.37939244161277,186.63203299480043,186.63203299480043,1.013,186.37939244161277,186.37939244161277,0.6324,-0.2526405531876476,1.013,186.37939244161277,186.63203299480043,186.63203299480043,False,ok,ok,0.0,1.4028,506,True,True,True,True,True,True,True,195.72210061873074,156.22303058632082,39.49907003240993,199.10000000000005,112.0000000000001,492.6,112.0000000000001,112.0000000000001,492.6,112.0000000000001,1.4028
198_2,171.0,76.0,18,college,R,30.0,33.0,61.7618,63.5,87.0,82,198,1.1769870862491,1.233227410788103,1.3917,1.4056,,latest_sustained_upward_crossing,latest_sustained_upward_crossing,1.1815,last_local_min_before_fp100_plus5bw_breakout,8.0,12.560828107359264,51.727410788102944,1.2889,1414.3022,185.93437590805385,1414.3022,185.93437590805385,0.9435,-0.2712694580045752,1.2889,185.93437590805385,186.20564536605843,186.20564536605843,1.2889,185.93437590805385,185.93437590805385,0.9435,-0.2712694580045752,1.2889,185.93437590805385,186.20564536605843,186.20564536605843,False,ok,ok,0.0,1.8,649,True,True,True,True,True,True,True,214.71291375089984,158.472589211897,56.24032453900285,210.19999999999993,102.8,448.19999999999993,102.8,102.8,448.19999999999993,102.8,1.8
198_3,171.0,76.0,18,college,R,30.0,33.0,62.5455,65.5,86.4,82,198,1.170985086655408,1.217666056376062,1.3722,,,latest_sustained_upward_crossing,latest_sustained_upward_crossing,1.1611,zero_baseline_breakout_before_fp100,0.0,7.04729404415707,56.56605637606194,1.2611,1356.2292,178.29968014634997,1356.2292,178.29968014634997,1.0083,-0.471375710805178,1.2611,178.29968014634997,178.77105585715515,178.77105585715515,1.2611,178.29968014634997,178.29968014634997,1.0083,-0.471375710805178,1.2611,178.29968014634997,178.77105585715515,178.77105585715515,False,ok,ok,0.0,1.7194,620,True,True,True,True,True,True,True,201.2149133445922,154.53394362393814,46.680969720654055,211.10000000000008,111.09999999999998,363.9000000000001,111.09999999999998,111.09999999999998,363.9000000000001,111.09999999999998,1.7194
198_4,171.0,76.0,18,college,R,30.0,33.0,62.032,63.2,79.0,82,198,0.9674893676467552,1.0083968677414121,1.1583,,,latest_sustained_upward_crossing,latest_sustained_upward_crossing,0.9426,last_local_min_before_fp100_plus5bw_breakout,9.0,5.571288385487792,65.79686774141213,1.0898,1327.7302,174.55299589527294,1327.7302,174.55299589527294,0.7944,-0.18208209718732993,1.0898,174.55299589527294,174.73507799246028,174.73507799246028,1.0898,174.55299589527294,174.55299589527294,0.7944,-0.18208209718732993,1.0898,174.55299589527294,174.73507799246028,174.73507799246028,False,ok,ok,0.0,1.5167,547,True,True,True,True,True,True,True,190.81063235324493,149.903132258588,40.90750009465693,215.7000000000001,68.5,363.9000000000001,68.5,68.5,363.9000000000001,68.5,1.5167
198_5,171.0,76.0,18,college,R,30.0,33.0,63.7734,65.0,82.0,82,198,1.318892128645878,1.3776837965925885,1.5333,1.9556,,latest_sustained_upward_crossing,latest_sustained_upward_crossing,1.3046,zero_baseline_breakout_before_fp100,0.0,5.655601405856653,73.08379659258857,1.4676,1279.0385,168.15163354753554,1279.0385,168.15163354753554,1.1472,-0.1610473422776023,1.4676,168.15163354753554,168.31268088981315,168.31268088981315,1.4676,168.15163354753554,168.15163354753554,1.1472,-0.1610473422776023,1.4676,168.15163354753554,168.31268088981315,168.31268088981315,False,ok,ok,0.0,1.9806,714,True,True,True,True,True,True,True,214.4078713541222,155.61620340741155,58.791667946710646,228.70000000000013,65.70000000000009,386.10000000000014,65.70000000000009,65.70000000000009,386.10000000000014,65.70000000000009,1.9806
198_6,171.0,76.0,18,college,R,30.0,33.0,63.1897,68.6,79.5,82,198,0.8501291003220606,0.9010216705229583,1.05,,,latest_sustained_upward_crossing,latest_sustained_upward_crossing,0.8333,zero_baseline_breakout_before_fp100,0.0,4.690014128447424,67.7216705229583,0.9482,1321.7125,173.76186561639628,1321.7125,173.76186561639628,0.6509,-0.1454421834789481,0.9482,173.76186561639628,173.9073077998752,173.9073077998752,0.9482,173.76186561639628,173.76186561639628,0.6509,-0.1454421834789481,0.9482,173.76186561639628,173.9073077998752,173.9073077998752,False,ok,ok,0.0,1.3528,488,True,True,True,True,True,True,True,199.87089967793946,148.9783294770417,50.892570200897765,216.70000000000002,101.8,399.1,101.8,101.8,399.1,101.8,1.3528
198_7,171.0,76.0,18,college,R,30.0,33.0,63.4766,65.0,87.5,82,198,1.3007438812523244,1.3505418090163364,1.5111,1.1278,1.3528,latest_sustained_upward_crossing,latest_sustained_upward_crossing,1.3037,last_local_min_before_fp100_plus5bw_breakout,11.0,11.255066309547972,46.84180901633628,1.4232,1374.3624,180.6836015071567,1374.3624,180.6836015071567,1.062,-0.3381205384520533,1.4232,180.6836015071567,181.02172204560875,181.02172204560875,1.4232,180.6836015071567,180.6836015071567,1.062,-0.3381205384520533,1.4232,180.6836015071567,181.02172204560875,181.02172204560875,False,ok,ok,0.0,1.9444,701,True,True,True,True,True,True,True,210.35611874767568,160.55819098366376,49.79792776401193,207.40000000000003,87.90000000000009,449.1000000000001,87.90000000000009,87.90000000000009,449.1000000000001,87.90000000000009,1.9444
199_1,200.0,73.0,18,college,R,31.0,34.0,67.8799,65.7,82.3,83,199,0.6973141569246244,0.7382496532224782,0.8778,0.6972,0.7389,latest_sustained_upward_crossing,latest_sustained_upward_crossing,0.6917,zero_baseline_breakout_before_fp100,0.0,3.8759052010395116,46.54965322247817,0.7769,2518.3383,283.07248579274716,2518.3383,283.07248579274716,0.6843,-0.628273553275182,0.7769,283.07248579274716,283.7007593460223,283.7007593460223,0.7769,283.07248579274716,283.07248579274716,0.6843,-0.628273553275182,0.7769,283.07248579274716,283.7007593460223,283.7007593460223,False,ok,ok,0.0,1.1028,398,True,True,True,True,True,True,True,180.48584307537564,139.55034677752187,40.93549629785376,186.10000000000005,100.89999999999999,193.5,100.89999999999999,100.89999999999999,193.5,100.89999999999999,1.1028
199_2,200.0,73.0,18,college,R,31.0,34.0,69.0059,69.8,89.9,83,199,1.071023097257492,1.113993282574286,1.2611,1.0722,1.1167,latest_sustained_upward_crossing,latest_sustained_upward_crossing,1.063,zero_baseline_breakout_before_fp100,0.0,4.359267570796682,50.993282574286035,1.1519,2567.7189,288.62308604051265,2567.7189,288.62308604051265,0.313,-0.5100128087586294,1.1519,288.62308604051265,289.1330988492713,289.1330988492713,1.1519,288.62308604051265,288.62308604051265,0.313,-0.5100128087586294,1.1519,288.62308604051265,289.1330988492713,289.1330988492713,False,ok,ok,0.0,1.6639,600,True,True,True,True,True,True,True,190.07690274250822,147.10671742571412,42.97018531679409,198.10000000000016,109.20000000000019,948.1000000000001,109.20000000000019,109.20000000000019,948.1000000000001,109.20000000000019,1.6639
199_3,200.0,73.0,18,college,R,31.0,34.0,71.2742,72.2,82.7,83,199,0.8351235935437842,0.8759416078831674,1.0139,0.8361,0.8778,latest_sustained_upward_crossing,latest_sustained_upward_crossing,0.8296,zero_baseline_breakout_before_fp100,0.0,4.279050450277226,46.341607883167434,0.9037,2334.3917,262.39606542653814,2334.3917,262.39606542653814,0.8204,-0.8295674809248752,0.9037,262.39606542653814,263.225632907463,263.225632907463,0.9037,262.39606542653814,262.39606542653814,0.8204,-0.8295674809248752,0.9037,262.39606542653814,263.225632907463,263.225632907463,False,ok,ok,0.0,1.2889,465,True,True,True,True,True,True,True,178.77640645621585,137.95839211683258,40.818014339383254,184.3,110.20000000000007,193.5,110.20000000000007,110.20000000000007,193.5,110.20000000000007,1.2889
199_4,200.0,73.0,18,college,R,31.0,34.0,68.7899,69.1,87.8,83,199,0.8280429589395865,0.8733461790904561,1.0083,0.8278,0.875,latest_sustained_upward_crossing,latest_sustained_upward_crossing,0.8222,zero_baseline_breakout_before_fp100,0.0,4.395211875986909,51.146179090456044,0.9037,2543.5501,285.90640484854265,2543.5501,285.90640484854265,0.1889,-0.45560904452898254,0.9037,285.90640484854265,286.3620138930716,286.3620138930716,0.9037,285.90640484854265,285.90640484854265,0.1889,-0.45560904452898254,0.9037,285.90640484854265,286.3620138930716,286.3620138930716,False,ok,ok,0.0,1.3444,485,True,True,True,True,True,True,True,180.2570410604135,134.95382090954388,45.30322015086963,186.09999999999994,104.60000000000002,819.3999999999999,104.60000000000002,104.60000000000002,819.3999999999999,104.60000000000002,1.3444
199_5,200.0,73.0,18,college,R,31.0,34.0,66.1653,69.5,84.8,83,199,1.0567406514345683,1.104940342970721,1.25,1.0583,1.1056,latest_sustained_upward_crossing,latest_sustained_upward_crossing,1.0509,zero_baseline_breakout_before_fp100,0.0,4.112256760959745,54.04034297072102,1.1417,2635.275,296.21669376091444,2635.275,296.21669376091444,1.0407,-0.65010250164997,1.1417,296.21669376091444,296.86679626256443,296.86679626256443,1.1417,296.21669376091444,296.21669376091444,1.0407,-0.65010250164997,1.1417,296.21669376091444,296.86679626256443,296.86679626256443,False,ok,ok,0.0,1.6944,611,True,True,True,True,True,True,True,193.2593485654317,145.05965702927904,48.19969153615267,199.10000000000005,108.30000000000007,209.30000000000004,108.30000000000007,108.30000000000007,209.30000000000004,108.30000000000007,1.6944
199_6,200.0,73.0,18,college,R,31.0,34.0,70.7418,71.7,93.4,83,199,1.096775619301526,1.1369670144816821,1.2806,1.0972,1.1389,latest_sustained_upward_crossing,latest_sustained_upward_crossing,1.0889,zero_baseline_breakout_before_fp100,0.0,3.9740581080015214,48.06701448168216,1.1769,2532.2213,284.63299707126,2532.2213,284.63299707126,0.3278,-0.5694860146551296,1.1769,284.63299707126,285.2024830859151,285.2024830859151,1.1769,284.63299707126,284.63299707126,0.3278,-0.5694860146551296,1.1769,284.63299707126,285.2024830859151,285.2024830859151,False,ok,ok,0.0,1.6722,603,True,True,True,True,True,True,True,183.82438069847407,143.6329855183178,40.19139518015624,191.7,103.6999999999999,952.8,103.6999999999999,103.6999999999999,952.8,103.6999999999999,1.6722
199_7,200.0,73.0,18,college,R,31.0,34.0,69.2292,72.3,83.9,83,199,1.277328908810611,1.3188745423062258,1.4556,1.2778,1.3194,latest_sustained_upward_crossing,latest_sustained_upward_crossing,1.2694,zero_baseline_breakout_before_fp100,0.0,4.442721278893969,49.47454230622572,1.3528,2537.2747,285.2010218277849,2537.2747,285.2010218277849,1.2565,-0.7400822811248301,1.3528,285.2010218277849,285.94110410890977,285.94110410890977,1.3528,285.2010218277849,285.2010218277849,1.2565,-0.7400822811248301,1.3528,285.2010218277849,285.94110410890977,285.94110410890977,False,ok,ok,0.0,1.7417,628,True,True,True,True,True,True,True,178.27109118938898,136.7254576937742,41.545633495614794,186.19999999999993,102.8,199.10000000000005,102.8,102.8,199.10000000000005,102.8,1.7417
199_8,200.0,73.0,18,college,R,31.0,34.0,68.7635,69.5,96.7,83,199,1.183015650645445,1.2288643359989841,1.3667,1.1833,1.2306,latest_sustained_upward_crossing,latest_sustained_upward_crossing,1.1759,zero_baseline_breakout_before_fp100,0.0,3.8017658564169814,52.964335998984204,1.262,2501.9295,281.2280632999963,2501.9295,281.2280632999963,0.5296,-0.625710731323868,1.262,281.2280632999963,281.85377403132014,281.85377403132014,1.262,281.2280632999963,281.2280632999963,0.5296,-0.625710731323868,1.262,281.2280632999963,281.85377403132014,281.85377403132014,False,ok,ok,0.0,1.7389,627,True,True,True,True,True,True,True,183.68434935455502,137.83566400101589,45.84868535353914,190.80000000000007,104.70000000000002,837.1,104.70000000000002,104.70000000000002,837.1,104.70000000000002,1.7389
200_1,186.0,71.0,22,college,L,30.0,33.0,70.2625,75.4,98.5,85,200,1.1163848983963622,1.173222915817787,1.2944,1.1194,1.175,latest_sustained_upward_crossing,latest_sustained_upward_crossing,1.1019,zero_baseline_breakout_before_fp100,0.0,4.703431804951075,71.32291581778682,1.2046,1619.8657,195.785105364107,1619.8657,195.785105364107,1.0852,-0.4148329325268681,1.2046,195.785105364107,196.1999382966339,196.1999382966339,1.2046,195.785105364107,195.785105364107,1.0852,-0.4148329325268681,1.2046,195.785105364107,196.1999382966339,196.1999382966339,False,ok,ok,0.0,1.6028,578,True,True,True,True,True,True,True,178.01510160363776,121.17708418221306,56.838017421424695,192.4999999999999,89.8000000000001,209.20000000000005,89.8000000000001,89.8000000000001,209.20000000000005,89.8000000000001,1.6028
200_2,186.0,71.0,22,college,L,30.0,33.0,69.0081,74.2,92.2,85,200,0.9686275924154061,1.0265749696720963,1.15,0.9694,1.0278,latest_sustained_upward_crossing,latest_sustained_upward_crossing,0.9546,zero_baseline_breakout_before_fp100,0.0,4.603575966690247,71.97496967209626,1.0611,1624.1052,196.29751262983964,1624.1052,196.29751262983964,0.9398,-0.4871827353969175,1.0611,196.29751262983964,196.78469536523656,196.78469536523656,1.0611,196.29751262983964,196.29751262983964,0.9398,-0.4871827353969175,1.0611,196.29751262983964,196.78469536523656,196.78469536523656,False,ok,ok,0.0,1.4139,510,True,True,True,True,True,True,True,181.37240758459384,123.42503032790364,57.94737725669019,195.39999999999992,88.89999999999998,210.19999999999993,88.89999999999998,88.89999999999998,210.19999999999993,88.89999999999998,1.4139
200_3,186.0,71.0,22,college,L,30.0,33.0,70.2241,76.9,93.1,85,200,0.7683603140711424,0.8357514404970245,0.9611,0.7694,0.8361,latest_sustained_upward_crossing,latest_sustained_upward_crossing,0.7444,zero_baseline_breakout_before_fp100,0.0,4.40459019127834,91.3514404970246,0.8815,1722.0255,208.1326519582327,1722.0255,208.1326519582327,0.2676,-0.39293219032831667,0.8815,208.1326519582327,208.52558414856102,208.52558414856102,0.8815,208.1326519582327,208.1326519582327,0.2676,-0.39293219032831667,0.8815,208.1326519582327,208.52558414856102,208.52558414856102,False,ok,ok,0.0,1.3167,475,True,True,True,True,True,True,True,192.7396859288576,125.3485595029754,67.39112642588219,216.70000000000002,79.60000000000001,693.5,79.60000000000001,79.60000000000001,693.5,79.60000000000001,1.3167
200_4,186.0,71.0,22,college,L,30.0,33.0,71.7851,73.3,93.0,85,200,0.8824727650947162,0.9362493086007763,1.0611,0.8833,0.9389,latest_sustained_upward_crossing,latest_sustained_upward_crossing,0.8648,zero_baseline_breakout_before_fp100,0.0,4.439652423529468,71.44930860077625,0.9806,1613.4127,195.00516336958574,1613.4127,195.00516336958574,0.2954,-0.44266814736310667,0.9806,195.00516336958574,195.44783151694884,195.44783151694884,0.9806,195.00516336958574,195.00516336958574,0.2954,-0.44266814736310667,0.9806,195.00516336958574,195.44783151694884,195.44783151694884,False,ok,ok,0.0,1.4083,508,True,True,True,True,True,True,True,178.62723490528376,124.85069139922366,53.776543506060094,196.29999999999993,80.4999999999999,765.6999999999999,80.4999999999999,80.4999999999999,765.6999999999999,80.4999999999999,1.4083
200_5,186.0,71.0,22,college,L,30.0,33.0,71.5187,76.3,92.2,85,200,1.0198102033259988,1.079221602458497,1.2028,1.0194,1.0806,latest_sustained_upward_crossing,latest_sustained_upward_crossing,1.0102,zero_baseline_breakout_before_fp100,0.0,4.469936932511726,69.02160245849709,1.112,1685.2041,203.6822325940509,1685.2041,203.6822325940509,0.9972,-0.7041233654862117,1.112,203.6822325940509,204.38635595953713,204.38635595953713,1.112,203.6822325940509,203.6822325940509,0.9972,-0.7041233654862117,1.112,203.6822325940509,204.38635595953713,204.38635595953713,False,ok,ok,0.0,1.6417,592,True,True,True,True,True,True,True,182.98979667400127,123.57839754150302,59.41139913249827,192.6000000000001,90.8,205.6000000000001,90.8,90.8,205.6000000000001,90.8,1.6417
200_6,186.0,71.0,22,college,L,30.0,33.0,72.2684,78.1,94.7,85,200,0.948403660345517,1.008118275232239,1.1361,0.95,1.0111,latest_sustained_upward_crossing,latest_sustained_upward_crossing,0.9352,zero_baseline_breakout_before_fp100,0.0,4.586745156728349,72.91827523223904,1.0509,1533.3003,185.32237628731622,1533.3003,185.32237628731622,0.6963,-0.3690734347543979,1.0509,185.32237628731622,185.69144972207062,185.69144972207062,1.0509,185.32237628731622,185.32237628731622,0.6963,-0.3690734347543979,1.0509,185.32237628731622,185.69144972207062,185.69144972207062,False,ok,ok,0.0,1.5111,545,True,True,True,True,True,True,True,187.69633965448307,127.98172476776104,59.71461488672203,200.9000000000001,85.20000000000016,439.80000000000007,85.20000000000016,85.20000000000016,439.80000000000007,85.20000000000016,1.5111
200_7,186.0,71.0,22,college,L,30.0,33.0,71.183,78.6,95.8,85,200,1.103287131723941,1.1636203702460197,1.2861,1.1056,1.1639,latest_sustained_upward_crossing,latest_sustained_upward_crossing,1.0861,zero_baseline_breakout_before_fp100,0.0,4.512060525998929,77.52037024601965,1.2028,1557.7318,188.27529010091396,1557.7318,188.27529010091396,0.9426,-0.3743794092715967,1.2028,188.27529010091396,188.64966951018556,188.64966951018556,1.2028,188.27529010091396,188.27529010091396,0.9426,-0.3743794092715967,1.2028,188.27529010091396,188.64966951018556,188.64966951018556,False,ok,ok,0.0,1.5972,576,True,True,True,True,True,True,True,182.81286827605902,122.4796297539803,60.33323852207872,199.99999999999994,83.29999999999993,343.5,83.29999999999993,83.29999999999993,343.5,83.29999999999993,1.5972
200_8,186.0,71.0,22,college,L,30.0,33.0,72.2114,68.1,92.1,85,200,1.0527125017945946,1.1112689716324027,1.2361,1.0528,1.1139,latest_sustained_upward_crossing,latest_sustained_upward_crossing,1.0454,zero_baseline_breakout_before_fp100,0.0,4.571612855827363,65.86897163240258,1.1435,1603.9258,193.85852898126655,1603.9258,193.85852898126655,1.0333,-0.5858811133182042,1.1435,193.85852898126655,194.44441009458475,194.44441009458475,1.1435,193.85852898126655,193.85852898126655,1.0333,-0.5858811133182042,1.1435,193.85852898126655,194.44441009458475,194.44441009458475,False,ok,ok,0.0,1.5444,557,True,True,True,True,True,True,True,183.38749820540534,124.8310283675973,58.556469837808045,190.69999999999987,92.60000000000002,202.79999999999987,92.60000000000002,92.60000000000002,202.79999999999987,92.60000000000002,1.5444
201_1,208.0,71.0,22,college,R,31.0,34.0,67.469,71.8,95.5,86,201,1.760465193230604,1.8131311587130634,1.9111,1.7611,1.8139,latest_sustained_upward_crossing,latest_sustained_upward_crossing,1.7546,zero_baseline_breakout_before_fp100,0.0,3.909708531648122,58.53115871306347,1.8398,2036.4241,220.0992065479394,2036.4241,220.0992065479394,1.7463,-0.7378164663733395,1.8398,220.0992065479394,220.83702301431273,220.83702301431273,1.8398,220.0992065479394,220.0992065479394,1.7463,-0.7378164663733395,1.8398,220.0992065479394,220.83702301431273,220.83702301431273,False,ok,ok,0.0,2.3,829,True,True,True,True,True,True,True,150.6348067693961,97.96884128693661,52.6659654824595,156.50000000000009,71.29999999999993,164.80000000000007,71.29999999999993,71.29999999999993,164.80000000000007,71.29999999999993,2.3
201_2,208.0,71.0,22,college,R,31.0,34.0,66.118,,91.1,86,201,1.370465603890594,1.4193686018104992,1.5194,1.3722,1.4194,latest_sustained_upward_crossing,latest_sustained_upward_crossing,1.3639,zero_baseline_breakout_before_fp100,0.0,3.959894457952716,55.46860181049929,1.4509,1911.2586,206.57116627520043,1911.2586,206.57116627520043,1.3546,-0.5337915423898995,1.4509,206.57116627520043,207.10495781759033,207.10495781759033,1.4509,206.57116627520043,206.57116627520043,1.3546,-0.5337915423898995,1.4509,206.57116627520043,207.10495781759033,207.10495781759033,False,ok,ok,0.0,1.8417,664,True,True,True,True,True,True,True,148.93439610940607,100.0313981895009,48.902997919905154,155.5000000000002,68.5,164.80000000000007,68.5,68.5,164.80000000000007,68.5,1.8417
201_3,208.0,71.0,22,college,R,31.0,34.0,67.0141,,94.0,86,201,1.3211636688153294,1.3716679294405103,1.4694,1.3222,1.3722,latest_sustained_upward_crossing,latest_sustained_upward_crossing,1.3148,zero_baseline_breakout_before_fp100,0.0,3.9879930327523385,56.86792944051034,1.4009,2018.6621,218.17946787135205,2018.6621,218.17946787135205,1.3056,-0.5587691129427272,1.4009,218.17946787135205,218.7382369842948,218.7382369842948,1.4009,218.17946787135205,218.17946787135205,1.3056,-0.5587691129427272,1.4009,218.17946787135205,218.7382369842948,218.7382369842948,False,ok,ok,0.0,1.7472,630,True,True,True,True,True,True,True,148.2363311846706,97.73207055948974,50.504260625180876,154.60000000000008,68.5,163.79999999999995,68.5,68.5,163.79999999999995,68.5,1.7472
201_5,208.0,71.0,22,college,R,31.0,34.0,68.0758,73.4,91.3,86,201,1.3381834863098674,1.3881234118823742,1.4861,1.3389,1.3889,latest_sustained_upward_crossing,latest_sustained_upward_crossing,1.3324,zero_baseline_breakout_before_fp100,0.0,3.9062206870162384,55.72341188237417,1.4139,2156.8632,233.11641172997776,2156.8632,233.11641172997776,1.325,-0.7297211827973689,1.4139,233.11641172997776,233.84613291277512,233.84613291277512,1.4139,233.11641172997776,233.11641172997776,1.325,-0.7297211827973689,1.4139,233.11641172997776,233.84613291277512,233.84613291277512,False,ok,ok,0.0,1.7611,635,True,True,True,True,True,True,True,147.9165136901326,97.97658811762577,49.939925572506816,153.69999999999996,72.20000000000005,161.10000000000002,72.20000000000005,72.20000000000005,161.10000000000002,72.20000000000005,1.7611
201_6,208.0,71.0,22,college,R,31.0,34.0,65.4739,65.7,93.6,86,201,1.5069235188160885,1.5650422829508104,1.6611,1.5083,1.5667,latest_sustained_upward_crossing,latest_sustained_upward_crossing,1.5009,zero_baseline_breakout_before_fp100,0.0,4.628478543504151,64.14228295081048,1.5954,2134.913,230.7440072767165,2134.913,230.7440072767165,1.4898,-0.45188759187093414,1.5954,230.7440072767165,231.19589486858743,231.19589486858743,1.5954,230.7440072767165,230.7440072767165,1.4898,-0.45188759187093414,1.5954,230.7440072767165,231.19589486858743,231.19589486858743,False,ok,ok,0.0,2.0278,731,True,True,True,True,True,True,True,154.17648118391148,96.05771704918963,58.118764134721836,160.20000000000013,65.70000000000009,171.3,65.70000000000009,65.70000000000009,171.3,65.70000000000009,2.0278
201_7,208.0,71.0,22,college,R,31.0,34.0,64.6777,63.7,89.4,86,201,1.443142764374388,1.5008159790127096,1.5972,1.4444,1.5028,latest_sustained_upward_crossing,latest_sustained_upward_crossing,1.438,zero_baseline_breakout_before_fp100,0.0,4.4442267613173225,62.81597901270963,1.5296,1908.8519,206.31104719666519,1908.8519,206.31104719666519,1.4296,-0.6361228439884168,1.5296,206.31104719666519,206.9471700406536,206.9471700406536,1.5296,206.31104719666519,206.31104719666519,1.4296,-0.6361228439884168,1.5296,206.31104719666519,206.9471700406536,206.9471700406536,False,ok,ok,0.0,1.8722,675,True,True,True,True,True,True,True,154.057235625612,96.38402098729037,57.673214638321646,159.20000000000002,67.59999999999988,167.59999999999997,67.59999999999988,67.59999999999988,167.59999999999997,67.59999999999988,1.8722
201_8,208.0,71.0,22,college,R,31.0,34.0,67.3944,68.1,94.9,86,201,1.663801253885579,1.7116644911694097,1.8111,1.6639,1.7139,latest_sustained_upward_crossing,latest_sustained_upward_crossing,1.6583,zero_baseline_breakout_before_fp100,0.0,4.401071200659716,53.364491169409554,1.7796,1929.7495,208.56968535497234,1929.7495,208.56968535497234,1.65,-0.6460447002270563,1.7796,208.56968535497234,209.2157300551994,209.2157300551994,1.7796,208.56968535497234,208.56968535497234,1.65,-0.6460447002270563,1.7796,208.56968535497234,209.2157300551994,209.2157300551994,False,ok,ok,0.0,2.0944,755,True,True,True,True,True,True,True,147.29874611442085,99.43550883059027,47.86323728383057,152.7999999999998,31.49999999999986,161.10000000000002,31.49999999999986,31.49999999999986,161.10000000000002,31.49999999999986,2.0944
203_1,186.0,72.0,19,college,L,30.0,33.0,60.7909,54.9,78.4,87,203,1.1199665175198597,1.1630089337034817,1.2917,1.1222,1.1639,latest_sustained_upward_crossing,latest_sustained_upward_crossing,1.1157,zero_baseline_breakout_before_fp100,0.0,4.294116005246593,47.30893370348177,1.1917,1575.705,190.44762133536761,1575.705,190.44762133536761,1.1102,-2.0184338004502784,1.1917,190.44762133536761,192.4660551358179,192.4660551358179,1.1917,190.44762133536761,190.44762133536761,1.1102,-2.0184338004502784,1.1917,190.44762133536761,192.4660551358179,192.4660551358179,False,ok,ok,0.0,1.5694,566,True,True,True,True,True,True,True,171.73348248014042,128.6910662965184,43.04241618362204,176.00000000000017,100.00000000000009,181.5,100.00000000000009,100.00000000000009,181.5,100.00000000000009,1.5694
203_2,186.0,72.0,19,college,L,30.0,33.0,59.3141,55.0,82.7,87,203,1.325712705724355,1.3725820686756374,1.4889,1.3278,1.375,latest_sustained_upward_crossing,latest_sustained_upward_crossing,1.3213,zero_baseline_breakout_before_fp100,0.0,3.4839101198940816,51.28206867563745,1.3944,1888.0286,228.19662048615973,1888.0286,228.19662048615973,1.3167,-2.9651816134495825,1.3944,228.19662048615973,231.1618020996093,231.1618020996093,1.3944,228.19662048615973,228.19662048615973,1.3167,-2.9651816134495825,1.3944,228.19662048615973,231.1618020996093,231.1618020996093,False,ok,ok,0.0,1.775,640,True,True,True,True,True,True,True,163.18729427564494,116.31793132436252,46.86936295128241,167.59999999999997,94.4999999999998,172.1999999999999,94.4999999999998,94.4999999999998,172.1999999999999,94.4999999999998,1.775
203_3,186.0,72.0,19,college,L,30.0,33.0,63.4148,60.1,76.0,87,203,1.344603047346751,1.383263929421479,1.5139,1.3472,1.3833,latest_sustained_upward_crossing,latest_sustained_upward_crossing,1.3407,zero_baseline_breakout_before_fp100,0.0,4.656534043048627,42.56392942147902,1.4028,1643.5629,198.6492679911904,1643.5629,198.6492679911904,1.3352,-2.170518259106114,1.4028,198.6492679911904,200.81978625029652,200.81978625029652,1.4028,198.6492679911904,198.6492679911904,1.3352,-2.170518259106114,1.4028,198.6492679911904,200.81978625029652,200.81978625029652,False,ok,ok,0.0,1.8472,666,True,True,True,True,True,True,True,169.29695265324906,130.63607057852101,38.660882074728065,173.20000000000002,111.09999999999998,178.70000000000007,111.09999999999998,111.09999999999998,178.70000000000007,111.09999999999998,1.8472
203_4,186.0,72.0,19,college,L,30.0,33.0,64.9769,56.9,74.0,87,203,1.2221365710425576,1.2333673159670224,1.3528,1.1972,1.2361,latest_sustained_upward_crossing,latest_sustained_upward_crossing,1.2213,last_local_min_after_zero_baseline_plus5bw_breakout,1.0,16.018070176883377,12.067315967022374,1.2491,2034.121,245.85408179723953,2034.121,245.85408179723953,1.1824,-0.6938135790097413,1.2491,245.85408179723953,246.54789537624927,246.54789537624927,1.2491,245.85408179723953,245.85408179723953,1.1824,-0.6938135790097413,1.2491,245.85408179723953,246.54789537624927,246.54789537624927,False,ok,ok,0.0,1.5333,553,True,True,True,True,True,True,True,130.66342895744242,119.43268403297758,11.230744924464853,131.49999999999994,103.6999999999999,170.40000000000012,103.6999999999999,103.6999999999999,170.40000000000012,103.6999999999999,1.5333
204_1,207.0,77.0,20,college,R,31.0,34.0,69.4163,,92.5,88,204,0.7624916269491882,0.8055092743751469,0.925,0.7639,0.8083,latest_sustained_upward_crossing,latest_sustained_upward_crossing,0.7574,zero_baseline_breakout_before_fp100,0.0,3.8160407739191875,48.109274375146896,0.8426,2580.9229,280.2968837515399,2580.9229,280.2968837515399,0.7519,-1.1144007376397416,0.8426,280.2968837515399,281.41128448917965,281.41128448917965,0.8426,280.2968837515399,280.2968837515399,0.7519,-1.1144007376397416,0.8426,280.2968837515399,281.41128448917965,281.41128448917965,False,ok,ok,0.0,1.1806,426,True,True,True,True,True,True,True,162.50837305081188,119.49072562485318,43.01764742595871,167.60000000000008,82.40000000000003,173.10000000000002,82.40000000000003,82.40000000000003,173.10000000000002,82.40000000000003,1.1806
204_2,207.0,77.0,20,college,R,31.0,34.0,73.7843,,90.2,88,204,0.7351990094845139,0.7832381953049571,0.9028,0.7361,0.7861,latest_sustained_upward_crossing,latest_sustained_upward_crossing,0.7296,zero_baseline_breakout_before_fp100,0.0,3.7625261517384283,53.63819530495706,0.8213,2626.299,285.2248804099438,2626.299,285.2248804099438,0.7232,-0.9048722864714226,0.8213,285.2248804099438,286.1297526964152,286.1297526964152,0.8213,285.2248804099438,285.2248804099438,0.7232,-0.9048722864714226,0.8213,285.2248804099438,286.1297526964152,286.1297526964152,False,ok,ok,0.0,1.2139,438,True,True,True,True,True,True,True,167.60099051548616,119.56180469504297,48.039185820443194,173.20000000000002,81.50000000000001,179.60000000000008,81.50000000000001,81.50000000000001,179.60000000000008,81.50000000000001,1.2139
204_3,207.0,77.0,20,college,R,31.0,34.0,73.9074,,90.7,88,204,0.7888885758082914,0.8352742148960923,0.9639,0.7889,0.8361,latest_sustained_upward_crossing,latest_sustained_upward_crossing,0.7824,zero_baseline_breakout_before_fp100,0.0,3.935613066842174,52.87421489609234,0.8741,2722.992,295.7260645331068,2722.992,295.7260645331068,0.55,-0.4245087907151427,0.8741,295.7260645331068,296.15057332382196,296.15057332382196,0.8741,295.7260645331068,295.7260645331068,0.55,-0.4245087907151427,0.8741,295.7260645331068,296.15057332382196,296.15057332382196,False,ok,ok,0.0,1.1889,429,True,True,True,True,True,True,True,175.01142419170856,128.62578510390765,46.38563908780091,181.5,89.8,413.8999999999999,89.8,89.8,413.8999999999999,89.8,1.1889
204_4,207.0,77.0,20,college,R,31.0,34.0,71.9188,86.2,91.8,88,204,0.5552308880959647,0.595467996088929,0.7139,0.5556,0.5972,latest_sustained_upward_crossing,latest_sustained_upward_crossing,0.55,zero_baseline_breakout_before_fp100,0.0,4.284519229671518,45.46799608892893,0.6306,2335.0824,253.59778086477,2335.0824,253.59778086477,0.5426,-0.3850749128220122,0.6306,253.59778086477,253.982855777592,253.982855777592,0.6306,253.59778086477,253.59778086477,0.5426,-0.3850749128220122,0.6306,253.59778086477,253.982855777592,253.982855777592,False,ok,ok,0.0,0.95,343,True,True,True,True,True,True,True,158.66911190403533,118.432003911071,40.23710799296432,163.89999999999992,83.29999999999993,171.3,83.29999999999993,83.29999999999993,171.3,83.29999999999993,0.95
204_5,207.0,77.0,20,college,R,31.0,34.0,74.1085,80.4,96.1,88,204,1.3657903327745389,1.4110116622095175,1.5306,1.3667,1.4111,latest_sustained_upward_crossing,latest_sustained_upward_crossing,1.3602,zero_baseline_breakout_before_fp100,0.0,4.328278715276256,50.81166220951738,1.4435,2466.5285,267.87326821516444,2466.5285,267.87326821516444,1.1046,-0.7090495785972737,1.4435,267.87326821516444,268.5823177937617,268.5823177937617,1.4435,267.87326821516444,267.87326821516444,1.1046,-0.7090495785972737,1.4435,267.87326821516444,268.5823177937617,268.5823177937617,False,ok,ok,0.0,1.8583,670,True,True,True,True,True,True,True,164.80966722546108,119.5883377904825,45.221329434978585,170.3999999999999,87.09999999999995,425.99999999999994,87.09999999999995,87.09999999999995,425.99999999999994,87.09999999999995,1.8583
204_6,207.0,77.0,20,college,R,31.0,34.0,71.5742,77.4,100.2,88,204,0.8493763079291663,0.8931692139636125,1.0139,0.85,0.8944,latest_sustained_upward_crossing,latest_sustained_upward_crossing,0.8426,zero_baseline_breakout_before_fp100,0.0,3.9808291150790884,50.56921396361247,0.9306,2645.1266,287.269620920604,2645.1266,287.269620920604,0.6102,-0.7954435468263712,0.9306,287.269620920604,288.0650644674304,288.0650644674304,0.9306,287.269620920604,287.269620920604,0.6102,-0.7954435468263712,0.9306,287.269620920604,288.0650644674304,288.0650644674304,False,ok,ok,0.0,1.2028,434,True,True,True,True,True,True,True,164.52369207083373,120.73078603638754,43.79290603444619,171.3,83.30000000000004,403.70000000000005,83.30000000000004,83.30000000000004,403.70000000000005,83.30000000000004,1.2028
204_7,207.0,77.0,20,college,R,31.0,34.0,71.3286,79.0,93.3,88,204,1.0207223334894624,1.0597876582099242,1.1861,1.0222,1.0611,latest_sustained_upward_crossing,latest_sustained_upward_crossing,1.0157,zero_baseline_breakout_before_fp100,0.0,3.994165606969137,44.08765820992411,1.0944,2777.2582,301.61955587027063,2777.2582,301.61955587027063,1.0093,-1.2001430857439181,1.0944,301.61955587027063,302.8196989560146,302.8196989560146,1.0944,301.61955587027063,301.61955587027063,1.0093,-1.2001430857439181,1.0944,301.61955587027063,302.8196989560146,302.8196989560146,False,ok,ok,0.0,1.425,514,True,True,True,True,True,True,True,165.37766651053752,126.31234179007578,39.06532472046176,170.3999999999999,91.69999999999989,176.79999999999984,91.69999999999989,91.69999999999989,176.79999999999984,91.69999999999989,1.425
204_8,207.0,77.0,20,college,R,31.0,34.0,75.561,76.9,99.5,88,204,0.7651337994997944,0.8077589178599227,0.9389,0.7667,0.8083,latest_sustained_upward_crossing,latest_sustained_upward_crossing,0.7602,zero_baseline_breakout_before_fp100,0.0,4.452306301092575,47.55891785992272,0.8398,2645.615,287.3226627987725,2645.615,287.3226627987725,0.7519,-0.7938362171848994,0.8398,287.3226627987725,288.1164990159574,288.1164990159574,0.8398,287.3226627987725,287.3226627987725,0.7519,-0.7938362171848994,0.8398,287.3226627987725,288.1164990159574,288.1164990159574,False,ok,ok,0.0,1.2222,441,True,True,True,True,True,True,True,173.7662005002055,131.14108214007726,42.625118360128276,178.69999999999996,99.09999999999997,186.99999999999994,99.09999999999997,99.09999999999997,186.99999999999994,99.09999999999997,1.2222
215_1,158.0,72.0,18,college,L,30.0,33.0,58.2627,59.5,83.4,96,215,1.5206341704143016,1.552390731798146,1.675,1.5222,1.5528,latest_sustained_upward_crossing,latest_sustained_upward_crossing,1.5157,zero_baseline_breakout_before_fp100,0.0,2.7286072478137635,36.69073179814597,1.5713,1587.2764,225.84425942274976,1587.2764,225.84425942274976,1.5111,-3.2512210832730313,1.5713,225.84425942274976,229.0954805060228,229.0954805060228,1.5713,225.84425942274976,225.84425942274976,1.5111,-3.2512210832730313,1.5713,225.84425942274976,229.0954805060228,229.0954805060228,False,ok,ok,0.0,2.3806,858,True,True,True,True,True,True,True,154.36582958569844,122.60926820185402,31.756561383844417,159.3,103.70000000000013,163.89999999999992,103.70000000000013,103.70000000000013,163.89999999999992,103.70000000000013,2.3806
215_2,158.0,72.0,18,college,L,30.0,33.0,59.0244,57.2,78.5,96,215,2.5937395199120177,2.6201130366176546,2.7611,2.5972,2.6222,latest_sustained_upward_crossing,latest_sustained_upward_crossing,2.5889,zero_baseline_breakout_before_fp100,0.0,3.539725614593252,31.2130366176544,2.638,1324.3713,188.43703305186443,1324.3713,188.43703305186443,2.5815,-2.6423445578312283,2.638,188.43703305186443,191.07937760969565,191.07937760969565,2.638,188.43703305186443,188.43703305186443,2.5815,-2.6423445578312283,2.638,188.43703305186443,191.07937760969565,191.07937760969565,False,ok,ok,0.0,3.4639,1248,True,True,True,True,True,True,True,167.3604800879822,140.9869633823453,26.373516705636924,172.19999999999968,123.1,179.59999999999977,123.1,123.1,179.59999999999977,123.1,3.4639
215_4,158.0,72.0,18,college,L,30.0,33.0,57.4422,56.9,73.8,96,215,1.5767041622696834,1.6072635537586284,1.7472,1.5778,1.6083,latest_sustained_upward_crossing,latest_sustained_upward_crossing,1.5722,zero_baseline_breakout_before_fp100,0.0,3.2113128925627357,35.06355375862835,1.6343,1170.1022,166.48698664450012,1170.1022,166.48698664450012,1.5667,-3.6460026614495615,1.6343,166.48698664450012,170.13298930594968,170.13298930594968,1.6343,166.48698664450012,166.48698664450012,1.5667,-3.6460026614495615,1.6343,166.48698664450012,170.13298930594968,170.13298930594968,False,ok,ok,0.0,2.5056,903,True,True,True,True,True,True,True,170.49583773031674,139.9364462413717,30.559391488945042,175.00000000000006,112.9,180.5000000000001,112.9,112.9,180.5000000000001,112.9,2.5056
215_5,158.0,72.0,18,college,L,30.0,33.0,58.2955,56.7,81.0,96,215,1.7583063108070434,1.7911050379784443,1.925,1.7611,1.7917,latest_sustained_upward_crossing,latest_sustained_upward_crossing,1.7537,zero_baseline_breakout_before_fp100,0.0,3.5342259140530623,37.4050379784443,1.812,1346.4515,191.57869534641262,1346.4515,191.57869534641262,1.7472,-2.6612968054392128,1.812,191.57869534641262,194.23999215185182,194.23999215185182,1.812,191.57869534641262,191.57869534641262,1.7472,-2.6612968054392128,1.812,191.57869534641262,194.23999215185182,194.23999215185182,False,ok,ok,0.0,2.6,937,True,True,True,True,True,True,True,166.6936891929567,133.8949620215557,32.79872717140098,171.3,112.99999999999999,177.79999999999995,112.99999999999999,112.99999999999999,177.79999999999995,112.99999999999999,2.6
219_1,187.0,72.0,21,college,L,31.0,34.0,65.819,58.5,89.7,99,219,1.206197544075923,1.2340290712189004,1.3639,1.2083,1.2361,latest_sustained_upward_crossing,latest_sustained_upward_crossing,1.2,zero_baseline_breakout_before_fp100,0.0,0.7517048150868894,34.02907121890042,1.2778,2616.2674,314.524229441179,2616.2674,314.524229441179,1.1954,-4.106285619037435,1.2778,314.524229441179,318.6305150602164,318.6305150602164,1.2778,314.524229441179,314.524229441179,1.1954,-4.106285619037435,1.2778,314.524229441179,318.6305150602164,318.6305150602164,False,ok,ok,0.0,1.8917,682,True,True,True,True,True,True,True,157.70245592407696,129.8709287810995,27.83152714297743,163.89999999999992,86.09999999999984,168.4999999999999,86.09999999999984,86.09999999999984,168.4999999999999,86.09999999999984,1.8917
219_2,187.0,72.0,21,college,L,31.0,34.0,67.9863,67.1,94.7,99,219,1.1122507030490685,1.1405110738131254,1.2222,1.1139,1.1417,latest_sustained_upward_crossing,latest_sustained_upward_crossing,1.1065,zero_baseline_breakout_before_fp100,0.0,0.8975039161415763,34.01107381312541,1.1722,2704.9447,325.1848979383763,2704.9447,325.1848979383763,1.1028,-4.456266258152978,1.1722,325.1848979383763,329.6411641965293,329.6411641965293,1.1722,325.1848979383763,325.1848979383763,1.1028,-4.456266258152978,1.1722,325.1848979383763,329.6411641965293,329.6411641965293,False,ok,ok,0.0,1.6944,611,True,True,True,True,True,True,True,109.94929695093147,81.68892618687451,28.260370764056965,115.69999999999992,50.00000000000004,119.39999999999995,50.00000000000004,50.00000000000004,119.39999999999995,50.00000000000004,1.6944
219_3,187.0,72.0,21,college,L,31.0,34.0,69.2239,71.8,91.6,99,219,1.1596272959403713,1.187101482409674,1.3139,1.1611,1.1889,latest_sustained_upward_crossing,latest_sustained_upward_crossing,1.1537,zero_baseline_breakout_before_fp100,0.0,1.2953195704756117,33.401482409674,1.2259,2507.6863,301.470752258619,2507.6863,301.470752258619,1.1491,-3.745797866752513,1.2259,301.470752258619,305.2165501253715,305.2165501253715,1.2259,301.470752258619,301.470752258619,1.1491,-3.745797866752513,1.2259,301.470752258619,305.2165501253715,305.2165501253715,False,ok,ok,0.0,1.7861,644,True,True,True,True,True,True,True,154.27270405962878,126.79851759032613,27.474186469302666,160.20000000000013,88.00000000000009,164.80000000000007,88.00000000000009,88.00000000000009,164.80000000000007,88.00000000000009,1.7861
219_4,187.0,72.0,21,college,L,31.0,34.0,67.6366,66.2,90.6,99,219,1.6834300533650375,1.7149729382022754,1.8444,1.6861,1.7167,latest_sustained_upward_crossing,latest_sustained_upward_crossing,1.6769,zero_baseline_breakout_before_fp100,0.0,2.0713672551700903,38.07293820227531,1.7648,2288.9171,275.17060646485834,2288.9171,275.17060646485834,1.4306,-2.9668288679846255,1.7648,275.17060646485834,278.137435332843,278.137435332843,1.7648,275.17060646485834,275.17060646485834,1.4306,-2.9668288679846255,1.7648,275.17060646485834,278.137435332843,278.137435332843,False,ok,ok,0.0,2.3472,846,True,True,True,True,True,True,True,160.96994663496255,129.42706179772466,31.542884837237885,167.49999999999997,79.60000000000011,413.79999999999995,79.60000000000011,79.60000000000011,413.79999999999995,79.60000000000011,2.3472
219_5,187.0,72.0,21,college,L,31.0,34.0,67.1348,65.0,84.7,99,219,1.4086605809907449,1.4331921409660267,1.5611,1.4111,1.4333,latest_sustained_upward_crossing,latest_sustained_upward_crossing,1.4028,zero_baseline_breakout_before_fp100,0.0,1.2092323836621475,30.392140966026602,1.4769,2412.5736,290.0364284285816,2412.5736,290.0364284285816,1.3982,-3.887379413429614,1.4769,290.0364284285816,293.92380784201123,293.92380784201123,1.4769,290.0364284285816,290.0364284285816,1.3982,-3.887379413429614,1.4769,290.0364284285816,293.92380784201123,293.92380784201123,False,ok,ok,0.0,2.125,766,True,True,True,True,True,True,True,152.43941900925506,127.90785903397328,24.53155997528178,158.2999999999999,84.19999999999983,162.89999999999984,84.19999999999983,84.19999999999983,162.89999999999984,84.19999999999983,2.125
219_6,187.0,72.0,21,college,L,31.0,34.0,70.2676,73.0,96.0,99,219,1.0269731991550128,1.0503390342749082,1.1778,1.0306,1.0528,latest_sustained_upward_crossing,latest_sustained_upward_crossing,1.0213,zero_baseline_breakout_before_fp100,0.0,1.3126225752560923,29.03903427490806,1.0889,2418.6331,290.7648935572985,2418.6331,290.7648935572985,1.0167,-4.281552441573349,1.0889,290.7648935572985,295.04644599887183,295.04644599887183,1.0889,290.7648935572985,290.7648935572985,1.0167,-4.281552441573349,1.0889,290.7648935572985,295.04644599887183,295.04644599887183,False,ok,ok,0.0,1.6528,596,True,True,True,True,True,True,True,150.82680084498713,127.4609657250918,23.365835119895316,156.49999999999986,88.89999999999998,161.10000000000002,88.89999999999998,88.89999999999998,161.10000000000002,88.89999999999998,1.6528
219_7,187.0,72.0,21,college,L,31.0,34.0,68.5911,73.0,91.0,99,219,1.3353424396367246,1.3630623818506806,1.4944,1.3361,1.3639,latest_sustained_upward_crossing,latest_sustained_upward_crossing,1.3296,zero_baseline_breakout_before_fp100,0.0,1.5908121508474558,33.462381850680735,1.413,2291.6448,275.4985269750656,2291.6448,275.4985269750656,1.3241,-4.021519423434121,1.413,275.4985269750656,279.52004639849974,279.52004639849974,1.413,275.4985269750656,275.4985269750656,1.3241,-4.021519423434121,1.413,275.4985269750656,279.52004639849974,279.52004639849974,False,ok,ok,0.0,2.0028,722,True,True,True,True,True,True,True,159.05756036327534,131.33761814931933,27.719942213956017,164.80000000000007,81.39999999999992,170.2999999999999,81.39999999999992,81.39999999999992,170.2999999999999,81.39999999999992,2.0028
219_8,187.0,72.0,21,college,L,31.0,34.0,71.1902,70.2,95.3,99,219,1.0574718625924284,1.0820773277204325,1.2111,1.0611,1.0833,latest_sustained_upward_crossing,latest_sustained_upward_crossing,1.0519,zero_baseline_breakout_before_fp100,0.0,1.304973130973337,30.177327720432466,1.1167,2610.9197,313.8813359732626,2610.9197,313.8813359732626,1.0472,-4.250884654736864,1.1167,313.8813359732626,318.13222062799946,318.13222062799946,1.1167,313.8813359732626,313.8813359732626,1.0472,-4.250884654736864,1.1167,313.8813359732626,318.13222062799946,318.13222062799946,False,ok,ok,0.0,1.675,604,True,True,True,True,True,True,True,153.62813740757164,129.02267227956753,24.6054651280041,159.20000000000002,94.40000000000003,163.90000000000015,94.40000000000003,94.40000000000003,163.90000000000015,94.40000000000003,1.675
236_1,175.0,67.0,21,milb,L,30.0,33.0,65.0907,63.8,87.3,113,236,0.9360357499930181,1.1711711396164781,1.3056,0.9361,1.1722,latest_sustained_upward_crossing,latest_sustained_upward_crossing,1.1185,last_local_min_after_zero_baseline_plus5bw_breakout,2.0,35.00851586152085,52.67113961647807,1.2083,1458.6601,187.38276309703207,1458.6601,187.38276309703207,0.9194,-0.19684271057635855,1.2083,187.38276309703207,187.57960580760843,187.57960580760843,1.2083,187.38276309703207,187.38276309703207,0.9194,-0.19684271057635855,1.2083,187.38276309703207,187.57960580760843,187.57960580760843,False,ok,ok,0.0,1.6778,605,True,False,True,True,True,True,True,369.56425000698204,134.42886038352196,235.13538962346004,187.10000000000005,97.30000000000017,386.2000000000001,97.30000000000017,97.30000000000017,386.2000000000001,97.30000000000017,1.6778
236_2,175.0,67.0,21,milb,L,30.0,33.0,64.2192,63.7,92.7,113,236,1.6034108495748387,1.6565581136247653,1.7806,1.6056,1.6583,latest_sustained_upward_crossing,latest_sustained_upward_crossing,1.587,zero_baseline_breakout_before_fp100,0.0,4.840016394904031,69.55811362476538,1.7,1494.6364,192.00435965678423,1494.6364,192.00435965678423,0.1472,-0.5553294743526336,1.7,192.00435965678423,192.55968913113688,192.55968913113688,1.7,192.00435965678423,192.00435965678423,0.1472,-0.5553294743526336,1.7,192.00435965678423,192.55968913113688,192.55968913113688,False,ok,ok,0.0,2.1333,769,True,False,True,True,True,True,True,177.18915042516124,124.04188637523461,53.14726404992665,193.6,80.60000000000001,1633.3999999999999,80.60000000000001,80.60000000000001,1633.3999999999999,80.60000000000001,2.1333
236_3,175.0,67.0,21,milb,L,30.0,33.0,66.3842,66.8,95.6,113,236,1.3740426553956295,1.5744266860744431,1.6917,1.375,1.575,latest_sustained_upward_crossing,latest_sustained_upward_crossing,1.5269,last_local_min_before_fp100_plus5bw_breakout,15.0,20.961737486459313,47.52668607444321,1.6037,1156.6764,148.5892565657537,1156.6764,148.5892565657537,0.1861,-0.6593838994435757,1.6037,148.5892565657537,149.24864046519727,149.24864046519727,1.6037,148.5892565657537,148.5892565657537,0.1861,-0.6593838994435757,1.6037,148.5892565657537,149.24864046519727,149.24864046519727,False,ok,ok,0.0,2.1111,761,True,False,True,True,True,True,True,317.65734460437045,117.27331392555685,200.38403067881362,164.80000000000007,88.00000000000009,1505.6000000000001,88.00000000000009,88.00000000000009,1505.6000000000001,88.00000000000009,2.1111
236_4,175.0,67.0,21,milb,L,30.0,33.0,69.1479,71.2,82.4,113,236,1.2660004157961324,1.324446315176753,1.4444,1.2667,1.325,latest_sustained_upward_crossing,latest_sustained_upward_crossing,1.2315,zero_baseline_breakout_before_fp100,0.0,4.66203949970037,92.94631517675289,1.3639,1547.3658,198.77809719059945,1547.3658,198.77809719059945,0.1685,-0.5075672086133591,1.3639,198.77809719059945,199.2856643992128,199.2856643992128,1.3639,198.77809719059945,198.77809719059945,0.1685,-0.5075672086133591,1.3639,198.77809719059945,199.2856643992128,199.2856643992128,False,ok,ok,0.0,1.8222,657,True,False,True,True,True,True,True,178.39958420386748,119.95368482324697,58.4458993806205,212.89999999999986,80.50000000000001,1275.8999999999999,80.50000000000001,80.50000000000001,1275.8999999999999,80.50000000000001,1.8222
244_1,174.0,70.0,22,independent,R,30.0,33.0,69.4503,71.9,95.3,120,244,0.695336077131911,0.762522428807244,0.9056,0.6972,0.7639,latest_sustained_upward_crossing,latest_sustained_upward_crossing,0.7306,last_local_min_after_zero_baseline_plus5bw_breakout,1.0,16.62156612925902,31.92242880724394,0.8454,1361.9364,175.9629210633941,1361.9364,175.9629210633941,0.6778,-0.09299855013892798,0.8454,175.9629210633941,176.05591961353304,176.05591961353304,0.8454,175.9629210633941,175.9629210633941,0.6778,-0.09299855013892798,0.8454,175.9629210633941,176.05591961353304,176.05591961353304,False,ok,ok,0.0,1.2333,445,True,True,True,True,True,True,True,210.2639228680889,143.07757119275598,67.18635167533293,174.99999999999994,60.19999999999992,227.8,60.19999999999992,60.19999999999992,227.8,60.19999999999992,1.2333
244_2,174.0,70.0,22,independent,R,30.0,33.0,68.3034,70.6,88.9,120,244,0.7541858050164507,0.7941615208150662,0.9306,0.7556,0.7944,latest_sustained_upward_crossing,latest_sustained_upward_crossing,0.7491,zero_baseline_breakout_before_fp100,0.0,4.782359582513211,45.0615208150662,0.8241,1586.5053,204.97734466202414,1586.5053,204.97734466202414,0.7407,-0.4667627981201793,0.8241,204.97734466202414,205.44410746014432,205.44410746014432,0.8241,204.97734466202414,204.97734466202414,0.7407,-0.4667627981201793,0.8241,204.97734466202414,205.44410746014432,205.44410746014432,False,ok,ok,0.0,1.2444,449,True,True,True,True,True,True,True,176.41419498354927,136.43847918493378,39.975715798615475,181.5,106.49999999999993,189.89999999999995,106.49999999999993,106.49999999999993,189.89999999999995,106.49999999999993,1.2444
244_3,174.0,70.0,22,independent,R,30.0,33.0,68.9395,71.2,88.1,120,244,0.8273796956616919,0.8879883987251382,1.0417,0.8278,0.8889,latest_sustained_upward_crossing,latest_sustained_upward_crossing,0.8213,zero_baseline_breakout_before_fp100,0.0,5.059538065306781,66.68839872513821,0.9694,1349.542,174.3615578655031,1349.542,174.3615578655031,0.8111,-0.2809982588179417,0.9694,174.3615578655031,174.64255612432103,174.64255612432103,0.9694,174.3615578655031,174.3615578655031,0.8111,-0.2809982588179417,0.9694,174.3615578655031,174.64255612432103,174.64255612432103,False,ok,ok,0.0,1.3972,504,True,True,True,True,True,True,True,214.32030433830818,153.71160127486183,60.60870306344634,220.40000000000003,72.30000000000003,230.60000000000002,72.30000000000003,72.30000000000003,230.60000000000002,72.30000000000003,1.3972
244_4,174.0,70.0,22,independent,R,30.0,33.0,67.5877,69.1,93.8,120,244,0.9519469284312257,0.9920525209689639,1.1333,0.9528,0.9944,latest_sustained_upward_crossing,latest_sustained_upward_crossing,0.9454,zero_baseline_breakout_before_fp100,0.0,5.457623175316666,46.652520968963884,1.0463,1470.7848,190.02619334033503,1470.7848,190.02619334033503,0.9324,0.1920436856439324,1.0463,190.02619334033503,189.8341496546911,190.02619334033503,1.0463,190.02619334033503,190.02619334033503,0.9324,0.1920436856439324,1.0463,190.02619334033503,189.8341496546911,190.02619334033503,False,ok,ok,0.0,1.4278,515,True,True,True,True,True,True,True,181.35307156877423,141.24747903103608,40.105592537738154,187.89999999999995,86.99999999999997,200.89999999999998,86.99999999999997,86.99999999999997,200.89999999999998,86.99999999999997,1.4278
244_5,174.0,70.0,22,independent,R,30.0,33.0,68.185,,90.2,120,244,0.9218334220275904,0.9744343992641689,1.1194,0.9222,0.975,latest_sustained_upward_crossing,latest_sustained_upward_crossing,0.9167,zero_baseline_breakout_before_fp100,0.0,5.394975352502306,57.7343992641689,1.0,1580.128,204.1533940454626,1580.128,204.1533940454626,0.9056,-0.18011847561639271,1.0,204.1533940454626,204.33351252107897,204.33351252107897,1.0,204.1533940454626,204.1533940454626,0.9056,-0.18011847561639271,1.0,204.1533940454626,204.33351252107897,204.33351252107897,False,ok,ok,0.0,1.675,604,True,True,True,True,True,True,True,197.5665779724095,144.9656007358311,52.600977236578416,202.7,119.39999999999995,213.79999999999998,119.39999999999995,119.39999999999995,213.79999999999998,119.39999999999995,1.675
244_6,174.0,70.0,22,independent,R,30.0,33.0,69.4354,73.9,93.6,120,244,0.9471531737149201,0.9980509352969017,1.1389,0.9472,1.0,latest_sustained_upward_crossing,latest_sustained_upward_crossing,0.9417,zero_baseline_breakout_before_fp100,0.0,4.623803917355128,56.35093529690172,1.0241,1584.9732,204.77939651161034,1584.9732,204.77939651161034,0.9333,-0.28614044038994696,1.0241,204.77939651161034,205.0655369520003,205.0655369520003,1.0241,204.77939651161034,204.77939651161034,0.9333,-0.28614044038994696,1.0241,204.77939651161034,205.0655369520003,205.0655369520003,False,ok,ok,0.0,1.475,532,True,True,True,True,True,True,True,191.7468262850799,140.84906470309832,50.89776158198156,197.20000000000005,114.80000000000001,205.6,114.80000000000001,114.80000000000001,205.6,114.80000000000001,1.475
244_7,174.0,70.0,22,independent,R,30.0,33.0,71.2672,70.8,99.7,120,244,1.0540343155883674,1.110967227257018,1.2472,1.0556,1.1111,latest_sustained_upward_crossing,latest_sustained_upward_crossing,1.0491,zero_baseline_breakout_before_fp100,0.0,5.121625765771367,61.86722725701799,1.1389,1553.7302,200.74278397758624,1553.7302,200.74278397758624,1.0398,-0.33770437670620995,1.1389,200.74278397758624,201.08048835429244,201.08048835429244,1.1389,200.74278397758624,200.74278397758624,1.0398,-0.33770437670620995,1.1389,200.74278397758624,201.08048835429244,201.08048835429244,False,ok,ok,0.0,1.5194,548,True,True,True,True,True,True,True,193.16568441163272,136.23277274298218,56.932911668650554,198.10000000000016,108.30000000000007,207.40000000000003,108.30000000000007,108.30000000000007,207.40000000000003,108.30000000000007,1.5194
244_8,174.0,70.0,22,independent,R,30.0,33.0,71.1497,69.8,89.1,120,244,0.7609455650247273,0.8234723559538206,0.9722,0.7611,0.825,latest_sustained_upward_crossing,latest_sustained_upward_crossing,0.7556,zero_baseline_breakout_before_fp100,0.0,4.774413749179585,67.87235595382057,0.8556,1687.0004,217.9613660513914,1687.0004,217.9613660513914,0.7463,-0.12746925474724416,0.8556,217.9613660513914,218.08883530613863,218.08883530613863,0.8556,217.9613660513914,217.9613660513914,0.7463,-0.12746925474724416,0.8556,217.9613660513914,218.08883530613863,218.08883530613863,False,ok,ok,0.0,1.3083,472,True,True,True,True,True,True,True,211.25443497527263,148.72764404617934,62.5267909290933,216.5999999999999,116.59999999999992,225.89999999999998,116.59999999999992,116.59999999999992,225.89999999999998,116.59999999999992,1.3083
254_1,186.0,75.0,18,high_school,R,30.0,33.0,63.0482,72.6,94.0,73,254,0.8683438221275289,0.9061260887928118,1.0222,0.8694,0.9083,latest_sustained_upward_crossing,latest_sustained_upward_crossing,0.9,last_local_min_after_zero_baseline_plus5bw_breakout,1.0,76.81087366583976,6.126088792811735,0.9287,1703.1036,205.8456560762969,1703.1036,205.8456560762969,0.8602,-5.588484422358199,0.9287,205.8456560762969,211.4341404986551,211.4341404986551,0.9287,205.8456560762969,205.8456560762969,0.8602,-5.588484422358199,0.9287,205.8456560762969,211.4341404986551,211.4341404986551,False,ok,ok,0.0,1.2889,465,True,True,True,True,True,True,True,153.85617787247108,116.07391120718825,37.78226666528284,122.19999999999997,93.50000000000003,162.00000000000003,93.50000000000003,93.50000000000003,162.00000000000003,93.50000000000003,1.2889
254_2,186.0,75.0,18,high_school,R,30.0,33.0,72.0304,77.0,92.1,73,254,0.9573759785810011,1.0023569075112737,1.1278,0.9583,1.0028,latest_sustained_upward_crossing,latest_sustained_upward_crossing,0.9519,zero_baseline_breakout_before_fp100,0.0,1.6136653694999161,50.45690751127374,1.0611,1366.7993,165.19822906435246,1366.7993,165.19822906435246,0.9482,-3.692740706928615,1.0611,165.19822906435246,168.89096977128108,168.89096977128108,1.0611,165.19822906435246,165.19822906435246,0.9482,-3.692740706928615,1.0611,165.19822906435246,168.89096977128108,168.89096977128108,False,ok,ok,0.0,1.4139,510,True,True,True,True,True,True,True,170.42402141899882,125.44309248872621,44.98092893027261,175.89999999999995,66.69999999999999,179.59999999999988,66.69999999999999,66.69999999999999,179.59999999999988,66.69999999999999,1.4139
254_3,186.0,75.0,18,high_school,R,30.0,33.0,71.1146,71.8,90.5,73,254,0.9644160297445519,1.004892838803589,1.1306,0.9667,1.0056,latest_sustained_upward_crossing,latest_sustained_upward_crossing,0.9593,zero_baseline_breakout_before_fp100,0.0,1.9210592500180743,45.59283880358889,1.0287,1463.25,176.85574515469372,1463.25,176.85574515469372,0.9556,-3.9113371878353487,1.0287,176.85574515469372,180.76708234252908,180.76708234252908,1.0287,176.85574515469372,176.85574515469372,0.9556,-3.9113371878353487,1.0287,176.85574515469372,180.76708234252908,180.76708234252908,False,ok,ok,0.0,1.3972,504,True,True,True,True,True,True,True,166.18397025544817,125.70716119641112,40.47680905903705,171.3,101.9000000000001,175.00000000000006,101.9000000000001,101.9000000000001,175.00000000000006,101.9000000000001,1.3972
254_4,186.0,75.0,18,high_school,R,30.0,33.0,70.0133,74.1,83.6,73,254,0.9369459042445418,0.9765653963078971,1.1,0.9389,0.9778,latest_sustained_upward_crossing,latest_sustained_upward_crossing,0.9315,zero_baseline_breakout_before_fp100,0.0,2.0185795494488077,45.065396307897075,1.0537,1569.5822,189.7075889714974,1569.5822,189.7075889714974,0.9269,-3.211770433722677,1.0537,189.7075889714974,192.91935940522006,192.91935940522006,1.0537,189.7075889714974,189.7075889714974,0.9269,-3.211770433722677,1.0537,189.7075889714974,192.91935940522006,192.91935940522006,False,ok,ok,0.0,1.4139,510,True,True,True,True,True,True,True,163.05409575545826,123.43460369210302,39.619492063355246,168.50000000000009,46.30000000000001,173.10000000000014,46.30000000000001,46.30000000000001,173.10000000000014,46.30000000000001,1.4139
254_5,186.0,75.0,18,high_school,R,30.0,33.0,65.8226,68.7,86.7,73,254,1.0410287087494947,1.0831372456633208,1.1972,1.0417,1.0833,latest_sustained_upward_crossing,latest_sustained_upward_crossing,1.0361,zero_baseline_breakout_before_fp100,0.0,1.9376490409043554,47.03724566332079,1.162,1629.2556,196.92001584517863,1629.2556,196.92001584517863,1.0324,-4.456426355833403,1.162,196.92001584517863,201.37644220101203,201.37644220101203,1.162,196.92001584517863,196.92001584517863,1.0324,-4.456426355833403,1.162,196.92001584517863,201.37644220101203,201.37644220101203,False,ok,ok,0.0,1.5028,542,True,True,True,True,True,True,True,156.17129125050533,114.06275433667923,42.1085369138261,161.10000000000002,35.20000000000012,164.80000000000007,35.20000000000012,35.20000000000012,164.80000000000007,35.20000000000012,1.5028
254_6,186.0,75.0,18,high_school,R,30.0,33.0,69.531,73.5,94.0,73,254,1.0152168547660305,1.0525688686934849,1.1806,1.0167,1.0528,latest_sustained_upward_crossing,latest_sustained_upward_crossing,1.0102,zero_baseline_breakout_before_fp100,0.0,2.0397579453912327,42.368868693484885,1.1287,1551.2428,187.49099696555854,1551.2428,187.49099696555854,1.0065,-3.965968178308557,1.1287,187.49099696555854,191.45696514386708,191.45696514386708,1.1287,187.49099696555854,187.49099696555854,1.0065,-3.965968178308557,1.1287,187.49099696555854,191.45696514386708,191.45696514386708,False,ok,ok,0.0,1.5611,563,True,True,True,True,True,True,True,165.38314523396957,128.03113130651522,37.35201392745435,170.40000000000012,51.900000000000055,174.10000000000014,51.900000000000055,51.900000000000055,174.10000000000014,51.900000000000055,1.5611
254_7,186.0,75.0,18,high_school,R,30.0,33.0,70.5254,75.8,86.8,73,254,0.9568770266727074,0.9924717581084642,1.1278,0.9583,0.9944,latest_sustained_upward_crossing,latest_sustained_upward_crossing,0.9519,zero_baseline_breakout_before_fp100,0.0,1.3716253399223912,40.57175810846425,1.0157,1516.2345,183.25971797488774,1516.2345,183.25971797488774,0.9482,-5.226300293924538,1.0157,183.25971797488774,188.48601826881227,188.48601826881227,1.0157,183.25971797488774,183.25971797488774,0.9482,-5.226300293924538,1.0157,183.25971797488774,188.48601826881227,188.48601826881227,False,ok,ok,0.0,1.4611,527,True,True,True,True,True,True,True,170.92297332729257,135.3282418915357,35.59473143575686,175.89999999999995,112.09999999999987,179.59999999999988,112.09999999999987,112.09999999999987,179.59999999999988,112.09999999999987,1.4611
254_8,186.0,75.0,18,high_school,R,30.0,33.0,60.9325,64.9,86.1,73,254,1.1368602395124885,1.1819132832108097,1.3111,1.1389,1.1833,latest_sustained_upward_crossing,latest_sustained_upward_crossing,1.1306,zero_baseline_breakout_before_fp100,0.0,2.1752412376291943,51.31328321080964,1.2667,1497.8649,181.03947584524914,1497.8649,181.03947584524914,0.3926,-2.2830556821804584,1.2667,181.03947584524914,183.3225315274296,183.3225315274296,1.2667,181.03947584524914,181.03947584524914,0.3926,-2.2830556821804584,1.2667,181.03947584524914,183.3225315274296,183.3225315274296,False,ok,ok,0.0,1.6222,585,True,True,True,True,True,True,True,174.23976048751143,129.18671678919026,45.05304369832119,180.4999999999999,44.39999999999999,918.4999999999999,44.39999999999999,44.39999999999999,918.4999999999999,44.39999999999999,1.6222
258_1,215.0,70.0,19,high_school,R,30.0,33.0,65.8105,68.0,95.5,127,258,0.8958868595886088,0.9515176337162828,1.0972,,,latest_sustained_upward_crossing,latest_sustained_upward_crossing,0.9009,last_local_min_after_zero_baseline_plus5bw_breakout,2.0,12.627864004458036,50.6176337162828,0.9935,1687.1132,176.40843505962908,1687.1132,176.40843505962908,0.6713,0.3731410206225595,0.9935,176.40843505962908,176.03529403900652,176.40843505962908,0.9935,176.40843505962908,176.40843505962908,0.6713,0.3731410206225595,0.9935,176.40843505962908,176.03529403900652,176.40843505962908,False,ok,ok,0.0,1.3722,495,True,True,True,True,True,True,True,201.31314041139115,145.6823662837171,55.63077412767403,196.29999999999993,103.6999999999999,425.8999999999999,103.6999999999999,103.6999999999999,425.8999999999999,103.6999999999999,1.3722
258_2,215.0,70.0,19,high_school,R,30.0,33.0,63.6572,64.0,87.7,127,258,1.2774026187236174,1.3355933312109862,1.4972,,,latest_sustained_upward_crossing,latest_sustained_upward_crossing,1.287,last_local_min_after_zero_baseline_plus5bw_breakout,2.0,15.1632611099311,48.5933312109863,1.3907,1699.0288,177.65435759096636,1699.0288,177.65435759096636,1.0639,0.5951790627937205,1.3907,177.65435759096636,177.05917852817262,177.65435759096636,1.3907,177.65435759096636,177.65435759096636,1.0639,0.5951790627937205,1.3907,177.65435759096636,177.05917852817262,177.65435759096636,False,ok,ok,0.0,1.8556,669,True,True,True,True,True,True,True,219.7973812763827,161.60666878901387,58.19071248736884,210.20000000000016,106.50000000000004,433.3,106.50000000000004,106.50000000000004,433.3,106.50000000000004,1.8556
258_3,215.0,70.0,19,high_school,R,30.0,33.0,64.3623,64.5,80.9,127,258,0.9055564115581191,1.0789041764682263,1.2472,0.9056,1.0806,latest_sustained_upward_crossing,latest_sustained_upward_crossing,1.0454,last_local_min_after_zero_baseline_plus5bw_breakout,3.0,26.959753964558136,33.504176468226234,1.1722,1596.7697,166.9619109895136,1596.7697,166.9619109895136,0.7907,0.5536364613552452,1.1722,166.9619109895136,166.40827452815836,166.9619109895136,1.1722,166.9619109895136,166.9619109895136,0.7907,0.5536364613552452,1.1722,166.9619109895136,166.40827452815836,166.9619109895136,False,ok,ok,0.0,1.5389,555,True,True,True,True,True,True,True,341.64358844188104,168.29582353177375,173.3477649101073,201.79999999999998,75.00000000000017,456.5000000000001,75.00000000000017,75.00000000000017,456.5000000000001,75.00000000000017,1.5389
258_4,215.0,70.0,19,high_school,R,30.0,33.0,66.6887,68.0,97.2,127,258,1.2007924810015682,1.2859096208230756,1.4361,,,latest_sustained_upward_crossing,latest_sustained_upward_crossing,1.2278,last_local_min_after_zero_baseline_plus5bw_breakout,2.0,14.151584576722868,58.10962082307558,1.3713,1684.2801,176.11219961000575,1684.2801,176.11219961000575,0.9204,0.5766297109306812,1.3713,176.11219961000575,175.53556989907506,176.11219961000575,1.3713,176.11219961000575,176.11219961000575,0.9204,0.5766297109306812,1.3713,176.11219961000575,175.53556989907506,176.11219961000575,False,ok,ok,0.0,1.7111,617,True,True,True,True,True,True,True,235.30751899843173,150.19037917692435,85.11713982150737,208.29999999999993,64.79999999999997,515.6999999999999,64.79999999999997,64.79999999999997,515.6999999999999,64.79999999999997,1.7111
258_5,215.0,70.0,19,high_school,R,30.0,33.0,70.0775,47.0,81.9,127,258,0.8508714973017899,0.9938880373191042,1.1556,0.65,0.9944,latest_sustained_upward_crossing,latest_sustained_upward_crossing,0.9463,last_local_min_after_zero_baseline_plus5bw_breakout,3.0,26.324127744177265,47.58803731910422,1.0806,1698.4072,177.58936166583635,1698.4072,177.58936166583635,0.4778,0.5932132915703545,1.0806,177.58936166583635,176.996148374266,177.58936166583635,1.0806,177.58936166583635,177.58936166583635,0.4778,0.5932132915703545,1.0806,177.58936166583635,176.996148374266,177.58936166583635,False,ok,ok,0.0,1.4583,526,True,True,True,True,True,True,True,304.72850269821004,161.7119626808957,143.01654001731436,209.29999999999993,74.99999999999996,677.8,74.99999999999996,74.99999999999996,677.8,74.99999999999996,1.4583
258_6,215.0,70.0,19,high_school,R,30.0,33.0,66.7058,66.5,95.2,127,258,1.3826920031539778,1.4472268132909702,1.6028,,,latest_sustained_upward_crossing,latest_sustained_upward_crossing,1.3843,last_local_min_after_zero_baseline_plus5bw_breakout,2.0,11.399822856414165,62.92681329097016,1.5361,1632.2389,170.670652089291,1632.2389,170.670652089291,1.1583,0.6097655035202931,1.5361,170.670652089291,170.0608865857707,170.670652089291,1.5361,170.670652089291,170.670652089291,1.1583,0.6097655035202931,1.5361,170.670652089291,170.0608865857707,170.670652089291,False,ok,ok,0.0,1.7472,630,True,True,True,True,True,True,True,220.10799684602222,155.57318670902976,64.53481013699248,218.49999999999991,66.69999999999999,444.4999999999999,66.69999999999999,66.69999999999999,444.4999999999999,66.69999999999999,1.7472
258_7,215.0,70.0,19,high_school,R,30.0,33.0,66.2657,67.8,94.5,127,258,1.1329679831373458,1.214531473934512,1.3694,,,latest_sustained_upward_crossing,latest_sustained_upward_crossing,1.1407,last_local_min_after_zero_baseline_plus5bw_breakout,2.0,11.838997429217374,73.83147393451206,1.3046,1689.9794,176.70813152135312,1689.9794,176.70813152135312,0.7083,0.48980117774540594,1.3046,176.70813152135312,176.2183303436077,176.70813152135312,1.3046,176.70813152135312,176.70813152135312,0.7083,0.48980117774540594,1.3046,176.70813152135312,176.2183303436077,176.70813152135312,False,ok,ok,0.0,1.6556,597,True,True,True,True,True,True,True,236.43201686265414,154.86852606548786,81.5634907971663,228.6999999999999,64.79999999999997,661.0999999999999,64.79999999999997,64.79999999999997,661.0999999999999,64.79999999999997,1.6556
258_8,215.0,70.0,19,high_school,R,30.0,33.0,66.5719,68.4,92.5,127,258,1.0644177640147137,1.2132731219360493,1.3722,,,latest_sustained_upward_crossing,latest_sustained_upward_crossing,1.1704,last_local_min_after_zero_baseline_plus5bw_breakout,3.0,25.61031660231385,42.873121936049195,1.3019,1737.0403,181.62892742378435,1737.0403,181.62892742378435,0.713,0.7321347621748303,1.3019,181.62892742378435,180.8967926616095,181.62892742378435,1.3019,181.62892742378435,181.62892742378435,0.713,0.7321347621748303,1.3019,181.62892742378435,180.8967926616095,181.62892742378435,False,ok,ok,0.0,1.7861,644,True,True,True,True,True,True,True,307.78223598528643,158.9268780639508,148.85535792133564,201.79999999999998,70.30000000000003,659.2000000000002,70.30000000000003,70.30000000000003,659.2000000000002,70.30000000000003,1.7861
263_1,181.0,71.0,20,college,L,30.0,33.0,71.008,71.0,90.0,53,263,1.7321913927498183,1.7773261810226635,1.9083,1.7333,1.7778,latest_sustained_upward_crossing,latest_sustained_upward_crossing,1.725,zero_baseline_breakout_before_fp100,0.0,2.290425404382212,52.3261810226634,1.8083,1412.3492,175.4191883629294,1412.3492,175.4191883629294,1.5194,-2.4502932759291194,1.8083,175.4191883629294,177.8694816388585,177.8694816388585,1.8083,175.4191883629294,175.4191883629294,1.5194,-2.4502932759291194,1.8083,175.4191883629294,177.8694816388585,177.8694816388585,False,ok,ok,0.0,2.2556,813,True,True,True,True,True,True,True,176.10860725018185,130.97381897733663,45.13478827284523,183.3,100.00000000000009,388.90000000000003,100.00000000000009,100.00000000000009,388.90000000000003,100.00000000000009,2.2556
263_2,181.0,71.0,20,college,L,30.0,33.0,69.5549,70.6,88.2,53,263,2.0545807654984474,2.095423188956845,2.2444,2.0556,2.0972,latest_sustained_upward_crossing,latest_sustained_upward_crossing,2.0463,zero_baseline_breakout_before_fp100,0.0,2.3074566727362935,49.123188956845084,2.1602,1304.8331,162.06527631486964,1304.8331,162.06527631486964,1.8315,-2.675164320944816,2.1602,162.06527631486964,164.74044063581445,164.74044063581445,2.1602,162.06527631486964,162.06527631486964,1.8315,-2.675164320944816,2.1602,162.06527631486964,164.74044063581445,164.74044063581445,False,ok,ok,0.0,2.6111,941,True,True,True,True,True,True,True,189.8192345015528,148.97681104315507,40.842423458397725,198.10000000000016,84.20000000000005,412.90000000000026,84.20000000000005,84.20000000000005,412.90000000000026,84.20000000000005,2.6111
263_3,181.0,71.0,20,college,L,30.0,33.0,70.4577,68.5,90.0,53,263,1.9608721885973566,2.004257707276483,2.1361,1.9639,2.0056,latest_sustained_upward_crossing,latest_sustained_upward_crossing,1.9509,zero_baseline_breakout_before_fp100,0.0,1.88633479956537,53.35770727648303,2.0769,1354.3333,168.21339103593343,1354.3333,168.21339103593343,1.7972,-2.752891081492081,2.0769,168.21339103593343,170.96628211742552,170.96628211742552,2.0769,168.21339103593343,168.21339103593343,1.7972,-2.752891081492081,2.0769,168.21339103593343,170.96628211742552,170.96628211742552,False,ok,ok,0.0,2.4694,890,True,True,True,True,True,True,True,175.2278114026433,131.84229272351678,43.38551867912655,185.19999999999982,59.1999999999997,338.9,59.1999999999997,59.1999999999997,338.9,59.1999999999997,2.4694
263_4,181.0,71.0,20,college,L,30.0,33.0,67.9294,66.2,91.0,53,263,1.7962950805994482,1.8345992807588127,1.9639,1.7972,1.8361,latest_sustained_upward_crossing,latest_sustained_upward_crossing,1.788,zero_baseline_breakout_before_fp100,0.0,1.928811050244002,46.5992807588127,1.9148,1357.7728,168.64059012973706,1357.7728,168.64059012973706,1.5796,-2.7355025444568986,1.9148,168.64059012973706,171.37609267419396,171.37609267419396,1.9148,168.64059012973706,168.64059012973706,1.5796,-2.7355025444568986,1.9148,168.64059012973706,171.37609267419396,171.37609267419396,False,ok,ok,0.0,2.3583,850,True,True,True,True,True,True,True,167.60491940055178,129.30071924118724,38.304200159364534,175.89999999999995,49.09999999999992,384.30000000000007,49.09999999999992,49.09999999999992,384.30000000000007,49.09999999999992,2.3583
263_5,181.0,71.0,20,college,L,30.0,33.0,66.7524,66.2,89.3,53,263,1.8230772777876787,1.864465389662553,2.0,1.825,1.8667,latest_sustained_upward_crossing,latest_sustained_upward_crossing,1.8167,zero_baseline_breakout_before_fp100,0.0,2.558152617692435,47.76538966255295,1.8917,1401.4124,174.0607958497409,1401.4124,174.0607958497409,1.6454,-2.5324541134203558,1.8917,174.0607958497409,176.59324996316127,176.59324996316127,1.8917,174.0607958497409,174.0607958497409,1.6454,-2.5324541134203558,1.8917,174.0607958497409,176.59324996316127,176.59324996316127,False,ok,ok,0.0,2.3056,831,True,True,True,True,True,True,True,176.9227222123213,135.53461033744708,41.388111874874234,183.3,108.30000000000007,354.6,108.30000000000007,108.30000000000007,354.6,108.30000000000007,2.3056
263_6,181.0,71.0,20,college,L,30.0,33.0,69.4095,66.8,99.3,53,263,1.7372279156659705,1.7733297076901458,1.9278,1.7389,1.775,latest_sustained_upward_crossing,latest_sustained_upward_crossing,1.7296,zero_baseline_breakout_before_fp100,0.0,2.173971887780877,43.72970769014572,1.8074,1265.5368,157.1845251156151,1265.5368,157.1845251156151,1.5352,-2.181950888325466,1.8074,157.1845251156151,159.36647600394056,159.36647600394056,1.8074,157.1845251156151,157.1845251156151,1.5352,-2.181950888325466,1.8074,157.1845251156151,159.36647600394056,159.36647600394056,False,ok,ok,0.0,2.2889,825,True,True,True,True,True,True,True,190.5720843340295,154.47029230985422,36.101792024175296,198.19999999999993,120.40000000000006,392.6000000000001,120.40000000000006,120.40000000000006,392.6000000000001,120.40000000000006,2.2889
263_7,181.0,71.0,20,college,L,30.0,33.0,69.4094,63.0,89.3,53,263,1.8452098291339496,1.8832979491770014,2.0278,1.8472,1.8861,latest_sustained_upward_crossing,latest_sustained_upward_crossing,1.837,zero_baseline_breakout_before_fp100,0.0,2.2718306289165646,46.29794917700147,1.9204,1436.8119,178.45754954100474,1436.8119,178.45754954100474,1.6333,-2.5634802316445593,1.9204,178.45754954100474,181.02102977264929,181.02102977264929,1.9204,178.45754954100474,178.45754954100474,1.6333,-2.5634802316445593,1.9204,178.45754954100474,181.02102977264929,181.02102977264929,False,ok,ok,0.0,2.3306,840,True,True,True,True,True,True,True,182.59017086605044,144.5020508229986,38.088120043051845,190.80000000000007,107.39999999999993,394.50000000000006,107.39999999999993,107.39999999999993,394.50000000000006,107.39999999999993,2.3306
263_8,181.0,71.0,20,college,L,30.0,33.0,70.5276,69.2,88.0,53,263,2.2453015222256045,2.282983417690507,2.4222,2.2472,2.2833,latest_sustained_upward_crossing,latest_sustained_upward_crossing,2.2389,zero_baseline_breakout_before_fp100,0.0,2.051266534565674,44.08341769050672,2.3102,1494.5224,185.62541501649685,1494.5224,185.62541501649685,2.0241,-2.661154128247898,2.3102,185.62541501649685,188.28656914474473,188.28656914474473,2.3102,185.62541501649685,185.62541501649685,2.0241,-2.661154128247898,2.3102,185.62541501649685,188.28656914474473,188.28656914474473,False,ok,ok,0.0,2.7278,983,True,True,True,True,True,True,True,176.8984777743956,139.2165823094933,37.681895464902304,183.3,112.0000000000001,398.10000000000036,112.0000000000001,112.0000000000001,398.10000000000036,112.0000000000001,2.7278
265_1,171.0,67.0,19,college,L,30.0,33.0,68.6022,67.1,92.9,44,265,2.1445626350842675,2.1708746693477834,2.3028,2.1472,2.1722,latest_sustained_upward_crossing,latest_sustained_upward_crossing,2.1398,zero_baseline_breakout_before_fp100,0.0,3.747081746077919,31.074669347783246,2.2176,1759.0263,231.2542943766566,1759.0263,231.2542943766566,2.1333,-2.1718647378730167,2.2176,231.2542943766566,233.4261591145296,233.4261591145296,2.2176,231.2542943766566,231.2542943766566,2.1333,-2.1718647378730167,2.2176,231.2542943766566,233.4261591145296,233.4261591145296,False,ok,ok,0.0,2.8194,1016,True,False,True,True,True,True,True,158.23736491573248,131.92533065221656,26.312034263515915,162.9999999999998,85.19999999999995,169.49999999999977,85.19999999999995,85.19999999999995,169.49999999999977,85.19999999999995,2.8194
265_2,171.0,67.0,19,college,L,30.0,33.0,66.2941,64.2,95.9,44,265,1.9041983012350623,1.9394926177188547,2.0778,1.9056,1.9417,latest_sustained_upward_crossing,latest_sustained_upward_crossing,1.8982,zero_baseline_breakout_before_fp100,0.0,3.715422119929046,41.292617718854615,1.9889,1639.0349,215.47935881243728,1639.0349,215.47935881243728,1.0583,-1.2319398614536552,1.9889,215.47935881243728,216.71129867389095,216.71129867389095,1.9889,215.47935881243728,215.47935881243728,1.0583,-1.2319398614536552,1.9889,215.47935881243728,216.71129867389095,216.71129867389095,False,ok,ok,0.0,2.6222,945,True,False,True,True,True,True,True,173.6016987649376,138.30738228114515,35.29431648379244,179.59999999999977,88.89999999999998,1019.4999999999999,88.89999999999998,88.89999999999998,1019.4999999999999,88.89999999999998,2.6222
265_3,171.0,67.0,19,college,L,30.0,33.0,64.146,63.1,91.1,44,265,2.0667183901972623,2.099012400996319,2.2389,2.0694,2.1,latest_sustained_upward_crossing,latest_sustained_upward_crossing,2.062,zero_baseline_breakout_before_fp100,0.0,3.888399725588721,37.01240099631909,2.1435,1726.0107,226.91382528792155,1726.0107,226.91382528792155,2.0546,-2.309971050577197,2.1435,226.91382528792155,229.22379633849874,229.22379633849874,2.1435,226.91382528792155,226.91382528792155,2.0546,-2.309971050577197,2.1435,226.91382528792155,229.22379633849874,229.22379633849874,False,ok,ok,0.0,2.6444,953,True,False,True,True,True,True,True,172.18160980273777,139.8875990036812,32.29401079905658,176.9000000000003,95.40000000000015,184.2999999999999,95.40000000000015,95.40000000000015,184.2999999999999,95.40000000000015,2.6444
265_4,171.0,67.0,19,college,L,30.0,33.0,63.7059,63.6,93.7,44,265,2.274056533556993,2.307846035857036,2.4417,2.275,2.3083,latest_sustained_upward_crossing,latest_sustained_upward_crossing,2.2694,zero_baseline_breakout_before_fp100,0.0,3.5446678569298666,38.44603585703599,2.3556,1772.8753,233.0749838813117,1772.8753,233.0749838813117,2.2639,-2.6562031163913145,2.3556,233.0749838813117,235.73118699770302,235.73118699770302,2.3556,233.0749838813117,233.0749838813117,2.2639,-2.6562031163913145,2.3556,233.0749838813117,235.73118699770302,235.73118699770302,False,ok,ok,0.0,2.8556,1029,True,False,True,True,True,True,True,167.64346644300687,133.85396414296392,33.78950230004296,172.2999999999999,86.10000000000007,177.79999999999995,86.10000000000007,86.10000000000007,177.79999999999995,86.10000000000007,2.8556
265_5,171.0,67.0,19,college,L,30.0,33.0,67.0391,59.0,90.9,44,265,2.135968817110554,2.1652759449187764,2.3056,2.1389,2.1667,latest_sustained_upward_crossing,latest_sustained_upward_crossing,2.1296,zero_baseline_breakout_before_fp100,0.0,4.0668533275541225,35.67594491877646,2.2157,1690.1999,222.2058790309136,1690.1999,222.2058790309136,0.9296,-0.9925117636936804,2.2157,222.2058790309136,223.19839079460726,223.19839079460726,2.2157,222.2058790309136,222.2058790309136,0.9296,-0.9925117636936804,2.2157,222.2058790309136,223.19839079460726,223.19839079460726,False,ok,ok,0.0,2.6722,963,True,False,True,True,True,True,True,169.6311828894461,140.3240550812237,29.307127808222422,176.00000000000017,89.90000000000009,1376.0,89.90000000000009,89.90000000000009,1376.0,89.90000000000009,2.6722
265_6,171.0,67.0,19,college,L,30.0,33.0,64.6115,59.0,89.6,44,265,1.6285251164405796,1.6527079003076766,1.7917,1.6306,1.6528,latest_sustained_upward_crossing,latest_sustained_upward_crossing,1.6222,zero_baseline_breakout_before_fp100,0.0,3.603925545522248,30.507900307676472,1.7019,1671.0987,219.69469740290305,1671.0987,219.69469740290305,1.612,-1.1987706823053785,1.7019,219.69469740290305,220.8934680852084,220.8934680852084,1.7019,219.69469740290305,219.69469740290305,1.612,-1.1987706823053785,1.7019,219.69469740290305,220.8934680852084,220.8934680852084,False,ok,ok,0.0,2.2111,797,True,False,True,True,True,True,True,163.17488355942044,138.9920996923235,24.182783867096937,169.49999999999997,89.8000000000001,179.69999999999996,89.8000000000001,89.8000000000001,179.69999999999996,89.8000000000001,2.2111
265_7,171.0,67.0,19,college,L,30.0,33.0,66.0962,68.4,93.8,44,265,2.373274968715297,2.404444786608416,2.5417,2.375,2.4056,latest_sustained_upward_crossing,latest_sustained_upward_crossing,2.3685,zero_baseline_breakout_before_fp100,0.0,3.4676899339991945,35.94478660841594,2.4509,1790.0769,235.33643038165653,1790.0769,235.33643038165653,2.363,-2.4203114868005375,2.4509,235.33643038165653,237.75674186845706,237.75674186845706,2.4509,235.33643038165653,235.33643038165653,2.363,-2.4203114868005375,2.4509,235.33643038165653,237.75674186845706,237.75674186845706,False,ok,ok,0.0,2.8778,1037,True,False,True,True,True,True,True,168.42503128470287,137.25521339158408,31.16981789311879,173.20000000000002,90.80000000000021,178.70000000000007,90.80000000000021,90.80000000000021,178.70000000000007,90.80000000000021,2.8778
265_8,171.0,67.0,19,college,L,30.0,33.0,67.5594,57.3,93.4,44,265,1.7028397966614264,1.732255176854379,1.8667,1.7056,1.7333,latest_sustained_upward_crossing,latest_sustained_upward_crossing,1.6963,zero_baseline_breakout_before_fp100,0.0,3.4179350052719126,35.955176854379104,1.7806,1631.9531,214.5483342666891,1631.9531,214.5483342666891,1.6861,-1.387938862552923,1.7806,214.5483342666891,215.936273129242,215.936273129242,1.7806,214.5483342666891,214.5483342666891,1.6861,-1.387938862552923,1.7806,214.5483342666891,215.936273129242,215.936273129242,False,ok,ok,0.0,2.2167,799,True,False,True,True,True,True,True,163.86020333857365,134.444823145621,29.415380192952647,170.40000000000012,86.10000000000007,180.60000000000008,86.10000000000007,86.10000000000007,180.60000000000008,86.10000000000007,2.2167
268_1,176.0,69.0,20,college,R,30.0,33.0,62.4225,65.8,85.2,78,268,1.934437128064385,1.9719481778340708,2.1139,1.9361,1.9722,latest_sustained_upward_crossing,latest_sustained_upward_crossing,1.9296,zero_baseline_breakout_before_fp100,0.0,2.8577146316022954,42.34817783407085,2.0074,1557.9729,199.00354603629592,1557.9729,199.00354603629592,1.925,-3.252270105441341,2.0074,199.00354603629592,202.25581614173726,202.25581614173726,2.0074,199.00354603629592,199.00354603629592,1.925,-3.252270105441341,2.0074,199.00354603629592,202.25581614173726,202.25581614173726,False,ok,ok,0.0,2.5167,907,True,True,True,True,True,True,True,179.46287193561506,141.9518221659293,37.511049769685776,184.30000000000013,106.50000000000004,188.90000000000006,106.50000000000004,106.50000000000004,188.90000000000006,106.50000000000004,2.5167
268_2,176.0,69.0,20,college,R,30.0,33.0,60.8795,61.8,85.8,78,268,2.5395708270810906,2.5752957372341134,2.7139,2.5417,2.5778,latest_sustained_upward_crossing,latest_sustained_upward_crossing,2.5361,zero_baseline_breakout_before_fp100,0.0,5.361713579783771,39.19573723411362,2.6083,1561.2953,199.42792400933445,1561.2953,199.42792400933445,2.5315,-2.4311937604831497,2.6083,199.42792400933445,201.8591177698176,201.8591177698176,2.6083,199.42792400933445,199.42792400933445,2.5315,-2.4311937604831497,2.6083,199.42792400933445,201.8591177698176,201.8591177698176,False,ok,ok,0.0,3.1472,1134,True,True,True,True,True,True,True,174.3291729189096,138.60426276588677,35.72491015302282,177.8000000000004,105.60000000000036,182.40000000000035,105.60000000000036,105.60000000000036,182.40000000000035,105.60000000000036,3.1472
268_3,176.0,69.0,20,college,R,30.0,33.0,60.8651,62.1,87.7,78,268,2.2869774606467046,2.3241929214250505,2.4722,2.2889,2.325,latest_sustained_upward_crossing,latest_sustained_upward_crossing,2.2833,zero_baseline_breakout_before_fp100,0.0,5.080534094751021,40.89292142505041,2.3611,1573.7088,201.01352958612054,1573.7088,201.01352958612054,2.2778,-2.1342032641215045,2.3611,201.01352958612054,203.14773285024205,203.14773285024205,2.3611,201.01352958612054,201.01352958612054,2.2778,-2.1342032641215045,2.3611,201.01352958612054,203.14773285024205,203.14773285024205,False,ok,ok,0.0,2.9222,1053,True,True,True,True,True,True,True,185.22253935329536,148.00707857494945,37.21546077834592,188.89999999999984,111.09999999999998,194.39999999999992,111.09999999999998,111.09999999999998,194.39999999999992,111.09999999999998,2.9222
268_4,176.0,69.0,20,college,R,30.0,33.0,62.7927,64.3,85.3,78,268,1.835390382437201,1.8729927753916351,2.0139,1.8361,1.875,latest_sustained_upward_crossing,latest_sustained_upward_crossing,1.8315,zero_baseline_breakout_before_fp100,0.0,4.390198576446488,41.492775391635206,1.9065,1634.4693,208.77461128332996,1634.4693,208.77461128332996,1.8269,-3.032557683269535,1.9065,208.77461128332996,211.8071689665995,211.8071689665995,1.9065,208.77461128332996,208.77461128332996,1.8269,-3.032557683269535,1.9065,208.77461128332996,211.8071689665995,211.8071689665995,False,ok,ok,0.0,2.4361,878,True,True,True,True,True,True,True,178.50961756279892,140.9072246083649,37.602392954434016,182.40000000000012,107.39999999999993,187.00000000000006,107.39999999999993,107.39999999999993,187.00000000000006,107.39999999999993,2.4361
268_5,176.0,69.0,20,college,R,30.0,33.0,61.6432,64.9,88.3,78,268,1.925851700211119,1.9630045164326655,2.1111,1.9278,1.9639,latest_sustained_upward_crossing,latest_sustained_upward_crossing,1.9213,zero_baseline_breakout_before_fp100,0.0,3.782454798259559,41.704516432665486,2.0296,1491.0657,190.4573318785531,1491.0657,190.4573318785531,1.9157,-2.1280210181863173,2.0296,190.4573318785531,192.58535289673944,192.58535289673944,2.0296,190.4573318785531,190.4573318785531,1.9157,-2.1280210181863173,2.0296,190.4573318785531,192.58535289673944,192.58535289673944,False,ok,ok,0.0,2.5528,920,True,True,True,True,True,True,True,185.2482997888809,148.0954835673345,37.15281622154642,189.79999999999995,81.50000000000013,195.4,81.50000000000013,81.50000000000013,195.4,81.50000000000013,2.5528
268_6,176.0,69.0,20,college,R,30.0,33.0,60.9943,62.3,89.1,78,268,1.9635232194131147,1.9957907940104518,2.1472,1.9667,1.9972,latest_sustained_upward_crossing,latest_sustained_upward_crossing,1.9593,zero_baseline_breakout_before_fp100,0.0,3.450918711066351,36.490794010451744,2.0343,1494.4182,190.885554595448,1494.4182,190.885554595448,1.9546,-3.6776443908413454,2.0343,190.885554595448,194.56319898628936,194.56319898628936,2.0343,190.885554595448,190.885554595448,1.9546,-3.6776443908413454,2.0343,190.885554595448,194.56319898628936,194.56319898628936,False,ok,ok,0.0,2.65,955,True,True,True,True,True,True,True,183.6767805868855,151.40920598954844,32.26757459733709,187.90000000000018,112.90000000000022,192.60000000000034,112.90000000000022,112.90000000000022,192.60000000000034,112.90000000000022,2.65
268_7,176.0,69.0,20,college,R,30.0,33.0,59.9956,60.5,85.0,78,268,1.9437347349277099,1.9816459816619796,2.1278,1.9472,1.9833,latest_sustained_upward_crossing,latest_sustained_upward_crossing,1.9398,zero_baseline_breakout_before_fp100,0.0,3.6816454189897256,41.845981661979614,2.012,1630.9694,208.32756081745063,1630.9694,208.32756081745063,1.9361,-4.431086454339173,2.012,208.32756081745063,212.7586472717898,212.7586472717898,2.012,208.32756081745063,208.32756081745063,1.9361,-4.431086454339173,2.012,208.32756081745063,212.7586472717898,212.7586472717898,False,ok,ok,0.0,2.6778,965,True,True,True,True,True,True,True,184.06526507229026,146.15401833802056,37.91124673426971,188.00000000000017,115.80000000000013,191.70000000000022,115.80000000000013,115.80000000000013,191.70000000000022,115.80000000000013,2.6778
268_8,176.0,69.0,20,college,R,30.0,33.0,62.7465,65.1,88.4,78,268,2.3306,2.3667,2.2694,2.3306,2.3667,not_detected,not_detected,,missing_force_or_fp100,0.0,,,2.3954,1620.3808,206.97505401353897,1620.3808,206.97505401353897,2.3185,-3.5107365238266954,2.3954,206.97505401353897,210.48579053736566,210.48579053736566,0.8398,1.2684461417226427,1.2684461417226427,1.4222,-0.8093377416225777,0.8398,1.2684461417226427,2.0777838833452202,2.0777838833452202,True,manual_force_dq,ok,0.0,2.7139,978,True,True,True,True,False,True,True,-61.19999999999992,-97.29999999999973,36.099999999999795,,-125.99999999999989,-49.099999999999696,-125.99999999999989,1429.6000000000001,847.2000000000002,1429.6000000000001,2.7139
273_1,186.0,73.0,20,college,L,31.0,34.0,61.0359,59.5,81.6,130,273,1.0709561449534881,1.1223068274024521,1.225,1.0722,1.125,latest_sustained_upward_crossing,latest_sustained_upward_crossing,1.0657,zero_baseline_breakout_before_fp100,0.0,4.955499365627431,56.60682740245204,1.1556,1831.7657,221.39640377400247,1831.7657,221.39640377400247,1.0556,-0.6958199383943767,1.1556,221.39640377400247,222.09222371239684,222.09222371239684,1.1556,221.39640377400247,221.39640377400247,1.0556,-0.6958199383943767,1.1556,221.39640377400247,222.09222371239684,222.09222371239684,False,ok,ok,0.0,1.5389,555,True,True,True,True,True,True,True,154.04385504651196,102.69317259754796,51.350682448964015,159.3,69.40000000000013,169.4,69.40000000000013,69.40000000000013,169.4,69.40000000000013,1.5389
273_2,186.0,73.0,20,college,L,31.0,34.0,67.882,66.7,84.7,130,273,1.4044039653459766,1.4659328422289089,1.5778,1.4056,1.4667,latest_sustained_upward_crossing,latest_sustained_upward_crossing,1.3954,zero_baseline_breakout_before_fp100,0.0,5.201370816439471,70.53284222890888,1.5009,2041.771,246.77869922449625,2041.771,246.77869922449625,1.3694,0.04099741585954014,1.5009,246.77869922449625,246.7377018086367,246.77869922449625,1.5009,246.77869922449625,246.77869922449625,1.3694,0.04099741585954014,1.5009,246.77869922449625,246.7377018086367,246.77869922449625,False,ok,ok,0.0,1.9056,687,True,True,True,True,True,True,True,173.39603465402354,111.86715777109124,61.528876882932295,182.40000000000012,76.90000000000019,208.40000000000015,76.90000000000019,76.90000000000019,208.40000000000015,76.90000000000019,1.9056
273_3,186.0,73.0,20,college,L,31.0,34.0,69.4471,67.8,85.5,130,273,0.9560008718315137,1.1589158118889473,1.2861,0.9583,1.1611,latest_sustained_upward_crossing,latest_sustained_upward_crossing,1.0926,last_local_min_after_zero_baseline_plus5bw_breakout,2.0,20.542713462765114,66.31581188894731,1.2037,1797.3854,217.24102801788297,1797.3854,217.24102801788297,0.9426,-0.19438721676562032,1.2037,217.24102801788297,217.4354152346486,217.4354152346486,1.2037,217.24102801788297,217.24102801788297,0.9426,-0.19438721676562032,1.2037,217.24102801788297,217.4354152346486,217.4354152346486,False,ok,ok,0.0,1.6167,583,True,True,True,True,True,True,True,330.0991281684863,127.18418811105269,202.9149400574336,193.5,82.40000000000003,343.5,82.40000000000003,82.40000000000003,343.5,82.40000000000003,1.6167
273_4,186.0,73.0,20,college,L,31.0,34.0,69.1054,57.7,84.1,130,273,1.1267382334900855,1.1988123756641849,1.3139,1.1278,1.2,latest_sustained_upward_crossing,latest_sustained_upward_crossing,1.1148,zero_baseline_breakout_before_fp100,0.0,5.378083300993172,84.01237566418484,1.2315,1931.8025,233.4873539239366,1931.8025,233.4873539239366,1.0407,0.19795273494915933,1.2315,233.4873539239366,233.28940118898745,233.4873539239366,1.2315,233.4873539239366,233.4873539239366,1.0407,0.19795273494915933,1.2315,233.4873539239366,233.28940118898745,233.4873539239366,False,ok,ok,0.0,1.6389,591,True,True,True,True,True,True,True,187.16176650991457,115.0876243358152,72.07414217409935,199.10000000000005,82.40000000000003,273.2000000000001,82.40000000000003,82.40000000000003,273.2000000000001,82.40000000000003,1.6389
273_5,186.0,73.0,20,college,L,31.0,34.0,66.87,63.9,81.2,130,273,1.131065130413045,1.186185077859785,1.2972,1.1333,1.1889,latest_sustained_upward_crossing,latest_sustained_upward_crossing,1.1222,zero_baseline_breakout_before_fp100,0.0,5.387399150396742,63.98507785978502,1.2194,1948.3216,235.4839353281976,1948.3216,235.4839353281976,1.0935,0.012291972856471793,1.2194,235.4839353281976,235.47164335534112,235.4839353281976,1.2194,235.4839353281976,235.4839353281976,1.0935,0.012291972856471793,1.2194,235.4839353281976,235.47164335534112,235.4839353281976,False,ok,ok,0.0,1.6611,599,True,True,True,True,True,True,True,166.1348695869549,111.0149221402148,55.11994744674009,174.99999999999983,77.79999999999987,203.7,77.79999999999987,77.79999999999987,203.7,77.79999999999987,1.6611
273_6,186.0,73.0,20,college,L,31.0,34.0,65.9019,60.8,88.6,130,273,0.8324991367766766,0.8866048752667909,1.0,0.8333,0.8889,latest_sustained_upward_crossing,latest_sustained_upward_crossing,0.825,zero_baseline_breakout_before_fp100,0.0,4.956131418601542,61.60487526679093,0.9241,1706.3434,206.2372345783657,1706.3434,206.2372345783657,0.8102,-0.16164488198864677,0.9241,206.2372345783657,206.39887946035435,206.39887946035435,0.9241,206.2372345783657,206.2372345783657,0.8102,-0.16164488198864677,0.9241,206.2372345783657,206.39887946035435,206.39887946035435,False,ok,ok,0.0,1.3528,488,True,True,True,True,True,True,True,167.50086322332336,113.39512473320912,54.10573849011424,175.00000000000006,75.89999999999996,189.79999999999995,75.89999999999996,75.89999999999996,189.79999999999995,75.89999999999996,1.3528
279_1,260.0,72.0,21,college,R,31.0,34.0,67.8866,71.7,84.2,136,279,1.202070751335888,1.2294664735882617,1.3556,1.4056,,latest_sustained_upward_crossing,latest_sustained_upward_crossing,1.1982,last_local_min_after_zero_baseline_plus5bw_breakout,3.0,4.748109325598927,31.266473588261732,1.2722,2268.7755,196.1696239542262,2268.7755,196.1696239542262,1.1926,-2.20223705308302,1.2722,196.1696239542262,198.37186100730923,198.37186100730923,1.2722,196.1696239542262,196.1696239542262,1.1926,-2.20223705308302,1.2722,196.1696239542262,198.37186100730923,198.37186100730923,False,ok,ok,0.0,1.6528,596,True,True,True,True,True,True,True,153.529248664112,126.13352641173825,27.395722252373744,157.39999999999998,83.39999999999992,162.9999999999998,83.39999999999992,83.39999999999992,162.9999999999998,83.39999999999992,1.6528
279_2,260.0,72.0,21,college,R,31.0,34.0,65.4844,73.0,63.9,136,279,1.294808457192867,1.3331093940428598,1.4472,1.4889,,latest_sustained_upward_crossing,latest_sustained_upward_crossing,1.2889,zero_baseline_breakout_before_fp100,0.0,4.395691807477198,44.20939404285984,1.3759,2558.2749,221.20118323938866,2558.2749,221.20118323938866,1.2787,-0.5004592933267576,1.3759,221.20118323938866,221.70164253271543,221.70164253271543,1.3759,221.20118323938866,221.20118323938866,1.2787,-0.5004592933267576,1.3759,221.20118323938866,221.70164253271543,221.70164253271543,False,ok,ok,0.0,1.7528,632,True,True,True,True,True,True,True,152.39154280713296,114.09060595714027,38.300936849992695,158.3000000000001,71.30000000000014,168.50000000000009,71.30000000000014,71.30000000000014,168.50000000000009,71.30000000000014,1.7528
279_3,260.0,72.0,21,college,R,31.0,34.0,70.998,70.1,77.9,136,279,1.374207463200425,1.4213323004394367,1.55,1.5806,1.8417,latest_sustained_upward_crossing,latest_sustained_upward_crossing,1.3667,last_local_min_after_zero_baseline_plus5bw_breakout,5.0,5.031807530820358,54.632300439436676,1.4713,2000.9194,173.0094521298894,2000.9194,173.0094521298894,1.3528,-0.5198620344156527,1.4713,173.0094521298894,173.52931416430508,173.52931416430508,1.4713,173.0094521298894,173.0094521298894,1.3528,-0.5198620344156527,1.4713,173.0094521298894,173.52931416430508,173.52931416430508,False,ok,ok,0.0,1.8778,677,True,True,True,True,True,True,True,175.79253679957498,128.66769956056334,47.12483723901162,183.3,78.69999999999999,197.20000000000005,78.69999999999999,78.69999999999999,197.20000000000005,78.69999999999999,1.8778
279_4,260.0,72.0,21,college,R,31.0,34.0,68.0521,73.8,84.4,136,279,1.2856079921487356,1.3147741577702674,1.4417,1.4806,,latest_sustained_upward_crossing,latest_sustained_upward_crossing,1.2815,last_local_min_after_zero_baseline_plus5bw_breakout,4.0,4.5306565176686835,33.27415777026732,1.3676,2049.4747,177.20778508173268,2049.4747,177.20778508173268,1.275,-2.0552811762796064,1.3676,177.20778508173268,179.2630662580123,179.2630662580123,1.3676,177.20778508173268,177.20778508173268,1.275,-2.0552811762796064,1.3676,177.20778508173268,179.2630662580123,179.2630662580123,False,ok,ok,0.0,1.775,640,True,True,True,True,True,True,True,156.0920078512644,126.92584222973258,29.166165621531846,160.1999999999999,74.10000000000005,166.70000000000007,74.10000000000005,74.10000000000005,166.70000000000007,74.10000000000005,1.775
279_5,260.0,72.0,21,college,R,31.0,34.0,67.3883,73.8,78.8,136,279,1.6357216000269914,1.6962214834432032,1.8139,1.8556,,latest_sustained_upward_crossing,latest_sustained_upward_crossing,1.65,last_local_min_after_zero_baseline_plus5bw_breakout,1.0,14.856693805121962,46.22148344320331,1.7352,2423.3772,209.53725656119153,2423.3772,209.53725656119153,1.4593,-0.5139478299126204,1.7352,209.53725656119153,210.05120439110414,210.05120439110414,1.7352,209.53725656119153,209.53725656119153,1.4593,-0.5139478299126204,1.7352,209.53725656119153,210.05120439110414,210.05120439110414,False,ok,ok,0.0,2.05,739,True,True,True,True,True,True,True,178.17839997300865,117.67851655679684,60.499883416211816,163.90000000000015,78.69999999999999,354.6,78.69999999999999,78.69999999999999,354.6,78.69999999999999,2.05
279_6,260.0,72.0,21,college,R,31.0,34.0,65.8468,71.3,63.8,136,279,1.5562584469754661,1.6043230683839231,1.75,1.7833,,latest_sustained_upward_crossing,latest_sustained_upward_crossing,1.5593,last_local_min_after_zero_baseline_plus5bw_breakout,2.0,12.457754013003624,45.023068383923224,1.6769,2047.3735,177.02610486971847,2047.3735,177.02610486971847,1.3491,-0.1829166612012363,1.6769,177.02610486971847,177.2090215309197,177.2090215309197,1.6769,177.02610486971847,177.02610486971847,1.3491,-0.1829166612012363,1.6769,177.02610486971847,177.2090215309197,177.2090215309197,False,ok,ok,0.0,2.1667,781,True,True,True,True,True,True,True,193.74155302453389,145.67693161607687,48.06462140845702,190.7000000000001,73.09999999999994,400.90000000000003,73.09999999999994,73.09999999999994,400.90000000000003,73.09999999999994,2.1667
279_7,260.0,72.0,21,college,R,31.0,34.0,67.9647,65.0,95.2,136,279,1.6718006668846768,1.8555318113450003,1.9861,2.0167,,latest_sustained_upward_crossing,latest_sustained_upward_crossing,1.8093,last_local_min_after_zero_baseline_plus5bw_breakout,1.0,19.4683308782051,46.23181134500043,1.8926,2170.6009,187.68095931382587,2170.6009,187.68095931382587,1.6472,-0.19996755488541682,1.8926,187.68095931382587,187.88092686871127,187.88092686871127,1.8926,187.68095931382587,187.68095931382587,1.6472,-0.19996755488541682,1.8926,187.68095931382587,187.88092686871127,187.88092686871127,False,ok,ok,0.0,2.4222,873,True,True,True,True,True,True,True,314.29933311532324,130.56818865499963,183.73114446032358,176.80000000000007,93.49999999999991,338.9,93.49999999999991,93.49999999999991,338.9,93.49999999999991,2.4222
279_8,260.0,72.0,21,college,R,31.0,34.0,71.1562,68.6,77.9,136,279,1.9892892152009096,2.030712824219118,2.1583,2.2,,latest_sustained_upward_crossing,latest_sustained_upward_crossing,1.9898,last_local_min_after_zero_baseline_plus5bw_breakout,1.0,11.234736906007525,40.91282421911813,2.0704,2427.5285,209.8961986248383,2427.5285,209.8961986248383,1.7917,-0.3318612325012834,2.0704,209.8961986248383,210.2280598573396,210.2280598573396,2.0704,209.8961986248383,209.8961986248383,1.7917,-0.3318612325012834,2.0704,209.8961986248383,210.2280598573396,210.2280598573396,False,ok,ok,0.0,2.4528,884,True,True,True,True,True,True,True,169.0107847990905,127.58717578088196,41.423609018208516,168.50000000000009,87.90000000000032,366.6,87.90000000000032,87.90000000000032,366.6,87.90000000000032,2.4528
282_1,188.0,71.0,20,college,R,30.0,33.0,75.3244,75.6,101.2,80,282,1.5662016462408577,1.6097042563739676,1.7528,1.5667,1.6111,latest_sustained_upward_crossing,latest_sustained_upward_crossing,1.562,zero_baseline_breakout_before_fp100,0.0,5.526325749488806,47.70425637396758,1.6472,1647.0237,196.9498176882376,1647.0237,196.9498176882376,1.5546,-0.00907606318144495,1.6472,196.9498176882376,196.95889375141905,196.95889375141905,1.6472,196.9498176882376,196.9498176882376,1.5546,-0.00907606318144495,1.6472,196.9498176882376,196.95889375141905,196.95889375141905,False,ok,ok,0.0,2.25,811,True,True,True,True,True,True,True,186.59835375914224,143.0957436260323,43.50261013310997,190.79999999999987,105.59999999999991,198.19999999999993,105.59999999999991,105.59999999999991,198.19999999999993,105.59999999999991,2.25
282_2,188.0,71.0,20,college,R,30.0,33.0,73.3782,74.6,101.4,80,282,1.4095086422618164,1.4540846148787867,1.6,1.4111,1.4556,latest_sustained_upward_crossing,latest_sustained_upward_crossing,1.4009,zero_baseline_breakout_before_fp100,0.0,5.140455548168586,53.184614878786675,1.4963,1607.0999,192.17576062310752,1607.0999,192.17576062310752,1.3861,-0.10912800078243295,1.4963,192.17576062310752,192.28488862388994,192.28488862388994,1.4963,192.17576062310752,192.17576062310752,1.3861,-0.10912800078243295,1.4963,192.17576062310752,192.28488862388994,192.28488862388994,False,ok,ok,0.0,2.1389,771,True,True,True,True,True,True,True,190.4913577381837,145.91538512121338,44.575972616970326,199.10000000000005,103.70000000000013,213.89999999999998,103.70000000000013,103.70000000000013,213.89999999999998,103.70000000000013,2.1389
282_3,188.0,71.0,20,college,R,30.0,33.0,73.2292,74.8,102.1,80,282,1.7846753569459277,1.825724202067119,1.9722,1.7861,1.8278,latest_sustained_upward_crossing,latest_sustained_upward_crossing,1.7796,zero_baseline_breakout_before_fp100,0.0,4.7713419133141795,46.12420206711887,1.8787,1723.5314,206.09854916474663,1723.5314,206.09854916474663,1.7713,-0.08247379151834759,1.8787,206.09854916474663,206.18102295626497,206.18102295626497,1.8787,206.09854916474663,206.09854916474663,1.7713,-0.08247379151834759,1.8787,206.09854916474663,206.18102295626497,206.18102295626497,False,ok,ok,0.0,2.4222,873,True,True,True,True,True,True,True,187.52464305407224,146.47579793288102,41.04884512119122,192.59999999999988,93.49999999999991,200.89999999999986,93.49999999999991,93.49999999999991,200.89999999999986,93.49999999999991,2.4222
282_4,188.0,71.0,20,college,R,30.0,33.0,78.3053,82.0,103.7,80,282,2.0223995730860964,2.0660777784726765,2.2083,2.025,2.0667,latest_sustained_upward_crossing,latest_sustained_upward_crossing,2.0176,zero_baseline_breakout_before_fp100,0.0,5.234000969112334,48.47777847267665,2.1083,1646.8621,196.93049368546923,1646.8621,196.93049368546923,2.0074,-0.08106275666273428,2.1083,196.93049368546923,197.01155644213196,197.01155644213196,2.1083,196.93049368546923,196.93049368546923,2.0074,-0.08106275666273428,2.1083,196.93049368546923,197.01155644213196,197.01155644213196,False,ok,ok,0.0,2.7028,974,True,True,True,True,True,True,True,185.90042691390352,142.22222152732346,43.678205386580075,190.7000000000001,100.00000000000009,200.89999999999986,100.00000000000009,100.00000000000009,200.89999999999986,100.00000000000009,2.7028
282_5,188.0,71.0,20,college,R,30.0,33.0,74.8864,78.2,107.0,80,282,1.5353209533691436,1.5746756102309047,1.7194,1.5361,1.575,latest_sustained_upward_crossing,latest_sustained_upward_crossing,1.5306,zero_baseline_breakout_before_fp100,0.0,4.90643900474187,44.075610230904786,1.6167,1503.031,179.73128220909598,1503.031,179.73128220909598,1.5222,-0.44978529711050114,1.6167,179.73128220909598,180.1810675062065,180.1810675062065,1.6167,179.73128220909598,179.73128220909598,1.5222,-0.44978529711050114,1.6167,179.73128220909598,180.1810675062065,180.1810675062065,False,ok,ok,0.0,2.2472,810,True,True,True,True,True,True,True,184.0790466308564,144.7243897690953,39.35465686176109,188.80000000000007,102.70000000000002,197.20000000000005,102.70000000000002,102.70000000000002,197.20000000000005,102.70000000000002,2.2472
282_6,188.0,71.0,20,college,R,30.0,33.0,76.3216,78.6,101.1,80,282,1.5666324423852631,1.6126234265248038,1.7611,1.5667,1.6139,latest_sustained_upward_crossing,latest_sustained_upward_crossing,1.5611,zero_baseline_breakout_before_fp100,0.0,5.403040271867425,51.52342652480391,1.6574,1550.82,185.44585379510485,1550.82,185.44585379510485,1.5482,0.06554137325098784,1.6574,185.44585379510485,185.38031242185386,185.44585379510485,1.6574,185.44585379510485,185.44585379510485,1.5482,0.06554137325098784,1.6574,185.44585379510485,185.38031242185386,185.44585379510485,False,ok,ok,0.0,2.3139,834,True,True,True,True,True,True,True,194.467557614737,148.47657347519626,45.99098413954073,200.00000000000017,103.70000000000013,212.9000000000001,103.70000000000013,103.70000000000013,212.9000000000001,103.70000000000013,2.3139
282_7,188.0,71.0,20,college,R,30.0,33.0,76.8066,77.2,104.0,80,282,1.8712912220881626,1.9154859298810507,2.0611,1.8722,1.9167,latest_sustained_upward_crossing,latest_sustained_upward_crossing,1.8667,zero_baseline_breakout_before_fp100,0.0,4.867672826794432,48.785929881050684,1.9657,1670.4938,199.75635405812997,1670.4938,199.75635405812997,1.8583,-0.6868869845435585,1.9657,199.75635405812997,200.44324104267352,200.44324104267352,1.9657,199.75635405812997,199.75635405812997,1.8583,-0.6868869845435585,1.9657,199.75635405812997,200.44324104267352,200.44324104267352,False,ok,ok,0.0,2.4028,866,True,True,True,True,True,True,True,189.80877791183758,145.61407011894946,44.194707792888146,194.40000000000012,95.40000000000015,202.8000000000001,95.40000000000015,95.40000000000015,202.8000000000001,95.40000000000015,2.4028
282_8,188.0,71.0,20,college,R,30.0,33.0,76.9099,76.7,103.7,80,282,1.8136347523343206,1.8549819557277216,2.0028,1.8167,1.8556,latest_sustained_upward_crossing,latest_sustained_upward_crossing,1.8093,zero_baseline_breakout_before_fp100,0.0,4.678245266167979,45.681955727721714,1.8963,1531.9162,183.1853520405673,1531.9162,183.1853520405673,1.8028,-1.1376887050670013,1.8963,183.1853520405673,184.3230407456343,184.3230407456343,1.8963,183.1853520405673,183.1853520405673,1.8028,-1.1376887050670013,1.8963,183.1853520405673,184.3230407456343,184.3230407456343,False,ok,ok,0.0,2.4417,880,True,True,True,True,True,True,True,189.16524766567954,147.8180442722785,41.34720339340103,193.50000000000023,106.50000000000004,200.00000000000017,106.50000000000004,106.50000000000004,200.00000000000017,106.50000000000004,2.4417
283_1,180.0,67.0,22,college,R,30.0,33.0,64.3319,69.8,87.1,31,283,1.37001633586642,1.402203124806172,1.525,1.3722,1.4028,latest_sustained_upward_crossing,latest_sustained_upward_crossing,1.3639,zero_baseline_breakout_before_fp100,0.0,3.846494975127115,38.303124806172036,1.4732,1455.2073,181.74645283393244,1455.2073,181.74645283393244,1.3556,-1.1619000436290807,1.4732,181.74645283393244,182.90835287756153,182.90835287756153,1.4732,181.74645283393244,181.74645283393244,1.3556,-1.1619000436290807,1.4732,181.74645283393244,182.90835287756153,182.90835287756153,False,ok,ok,0.0,2.0028,722,True,True,True,True,True,True,True,154.98366413358,122.79687519382799,32.18678893975202,161.10000000000002,51.79999999999985,169.4,51.79999999999985,51.79999999999985,169.4,51.79999999999985,2.0028
283_2,180.0,67.0,22,college,R,30.0,33.0,65.7614,63.1,85.7,31,283,1.159125368721601,1.189049728205815,1.3028,1.1611,1.1917,latest_sustained_upward_crossing,latest_sustained_upward_crossing,1.1519,zero_baseline_breakout_before_fp100,0.0,3.6146868333336757,37.14972820581508,1.2611,1487.0561,185.72417231556045,1487.0561,185.72417231556045,1.1426,-1.069541036173103,1.2611,185.72417231556045,186.79371335173354,186.79371335173354,1.2611,185.72417231556045,185.72417231556045,1.1426,-1.069541036173103,1.2611,185.72417231556045,186.79371335173354,186.79371335173354,False,ok,ok,0.0,1.8,649,True,True,True,True,True,True,True,143.67463127839898,113.75027179418495,29.924359484214015,150.90000000000003,41.69999999999985,160.1999999999999,41.69999999999985,41.69999999999985,160.1999999999999,41.69999999999985,1.8
283_3,180.0,67.0,22,college,R,30.0,33.0,64.9553,66.3,92.5,31,283,1.7361682566910663,1.7521098846115508,1.875,1.7361,1.7528,latest_sustained_upward_crossing,latest_sustained_upward_crossing,1.7287,zero_baseline_breakout_before_fp100,0.0,3.8918821375311468,23.409884611550915,1.7685,1438.5795,179.6697427539101,1438.5795,179.6697427539101,0.9185,-0.7641380869748583,1.7685,179.6697427539101,180.43388084088497,180.43388084088497,1.7685,179.6697427539101,179.6697427539101,0.9185,-0.7641380869748583,1.7685,179.6697427539101,180.43388084088497,180.43388084088497,False,ok,ok,0.0,2.3722,855,True,True,True,True,True,True,True,138.83174330893365,122.89011538844919,15.94162792048448,146.3000000000001,106.50000000000004,956.5,106.50000000000004,106.50000000000004,956.5,106.50000000000004,2.3722
283_4,180.0,67.0,22,college,R,30.0,33.0,65.3407,76.3,86.4,31,283,1.6953285811261352,1.7223734542214137,1.8361,1.6972,1.725,latest_sustained_upward_crossing,latest_sustained_upward_crossing,1.6898,zero_baseline_breakout_before_fp100,0.0,3.754086010128227,32.573454221413776,1.7944,1461.9224,182.58512757492988,1461.9224,182.58512757492988,1.6815,-1.8517762430673275,1.7944,182.58512757492988,184.4369038179972,184.4369038179972,1.7944,182.58512757492988,182.58512757492988,1.6815,-1.8517762430673275,1.7944,182.58512757492988,184.4369038179972,184.4369038179972,False,ok,ok,0.0,2.325,838,True,True,True,True,True,True,True,140.77141887386492,113.72654577858631,27.04487309527859,146.3000000000001,41.700000000000074,154.60000000000008,41.700000000000074,41.700000000000074,154.60000000000008,41.700000000000074,2.325
283_5,180.0,67.0,22,college,R,30.0,33.0,65.1983,70.9,88.9,31,283,1.3488047484592964,1.3771348065410414,1.5,1.35,1.3778,latest_sustained_upward_crossing,latest_sustained_upward_crossing,1.3435,zero_baseline_breakout_before_fp100,0.0,4.2642458263035685,33.63480654104145,1.4472,1523.6943,190.30005843722864,1523.6943,190.30005843722864,1.3352,-1.1444149036103695,1.4472,190.30005843722864,191.444473340839,191.444473340839,1.4472,190.30005843722864,190.30005843722864,1.3352,-1.1444149036103695,1.4472,190.30005843722864,191.444473340839,191.444473340839,False,ok,ok,0.0,2.0028,722,True,True,True,True,True,True,True,151.19525154070357,122.86519345895863,28.330058081744937,156.50000000000009,52.799999999999955,164.80000000000007,52.799999999999955,52.799999999999955,164.80000000000007,52.799999999999955,2.0028
283_6,180.0,67.0,22,college,R,30.0,33.0,64.3139,60.2,87.1,31,283,1.6158570703078012,1.6364701918120066,1.75,1.6167,1.6389,latest_sustained_upward_crossing,latest_sustained_upward_crossing,1.6102,zero_baseline_breakout_before_fp100,0.0,3.9601270798260257,26.270191812006516,1.6546,1680.2909,209.858011847615,1680.2909,209.858011847615,1.6009,-1.9492558986716417,1.6546,209.858011847615,211.80726774628664,211.80726774628664,1.6546,209.858011847615,209.858011847615,1.6009,-1.9492558986716417,1.6546,209.858011847615,211.80726774628664,211.80726774628664,False,ok,ok,0.0,2.3056,831,True,True,True,True,True,True,True,134.14292969219878,113.52980818799341,20.613121504205356,139.79999999999993,95.39999999999993,149.10000000000002,95.39999999999993,95.39999999999993,149.10000000000002,95.39999999999993,2.3056
283_7,180.0,67.0,22,college,R,30.0,33.0,64.6399,61.1,87.9,31,283,1.9182623052133014,1.941941245926674,2.0556,1.9194,1.9444,latest_sustained_upward_crossing,latest_sustained_upward_crossing,1.912,zero_baseline_breakout_before_fp100,0.0,3.305279934005096,29.94124592667413,1.9583,1737.1604,216.96066306400138,1737.1604,216.96066306400138,1.9046,-1.8397239858401444,1.9583,216.96066306400138,218.80038704984153,218.80038704984153,1.9583,216.96066306400138,216.96066306400138,1.9046,-1.8397239858401444,1.9583,216.96066306400138,218.80038704984153,218.80038704984153,False,ok,ok,0.0,2.5556,921,True,True,True,True,True,True,True,137.33769478669865,113.65875407332604,23.67894071337262,143.60000000000016,97.30000000000017,151.00000000000003,97.30000000000017,97.30000000000017,151.00000000000003,97.30000000000017,2.5556
287_1,169.0,70.0,20,college,R,30.0,33.0,65.2429,67.0,73.1,186,287,1.4609724691094885,1.4806,1.5778,1.4611,1.4806,latest_sustained_upward_crossing,not_detected,,missing_force_or_fp100,0.0,,,1.4852,814.4216,108.33683972304698,814.4216,108.33683972304698,1.288,-87.80598341353982,1.4852,108.33683972304698,196.1428231365868,196.1428231365868,1.4852,108.33683972304698,108.33683972304698,1.288,-87.80598341353982,1.4852,108.33683972304698,196.1428231365868,196.1428231365868,False,ok,ok,0.0,1.875,676,True,True,True,True,True,True,True,116.82753089051157,97.20000000000017,19.62753089051139,,92.60000000000002,289.80000000000007,92.60000000000002,92.60000000000002,289.80000000000007,92.60000000000002,1.875
287_2,169.0,70.0,20,college,R,30.0,33.0,68.2761,68.9,98.2,186,287,1.1331620811106278,1.149809895373963,1.2528,1.1333,1.15,latest_sustained_upward_crossing,latest_sustained_upward_crossing,1.0917,zero_baseline_breakout_before_fp100,0.0,-82.91296942646444,58.10989537396316,1.162,1001.7358,133.25394465156404,1001.7358,133.25394465156404,1.062,-87.67862715192932,1.162,133.25394465156404,220.93257180349337,220.93257180349337,1.162,133.25394465156404,133.25394465156404,1.062,-87.67862715192932,1.162,133.25394465156404,220.93257180349337,220.93257180349337,False,ok,ok,0.0,1.5917,574,True,True,True,True,True,True,True,119.63791888937214,102.99010462603687,16.64781426333528,161.10000000000002,90.8,190.79999999999987,90.8,90.8,190.79999999999987,90.8,1.5917
287_3,169.0,70.0,20,college,R,30.0,33.0,65.6445,68.1,89.1,186,287,0.9337988157901917,0.9556,1.05,0.9361,0.9556,latest_sustained_upward_crossing,not_detected,,missing_force_or_fp100,0.0,,,1.0028,797.6448,106.1051387309986,797.6448,106.1051387309986,0.7778,-87.69206247929789,1.0028,106.1051387309986,193.7972012102965,193.7972012102965,1.0028,106.1051387309986,106.1051387309986,0.7778,-87.69206247929789,1.0028,106.1051387309986,193.7972012102965,193.7972012102965,False,ok,ok,0.0,1.3444,485,True,True,True,True,True,True,True,116.20118420980829,94.40000000000003,21.801184209808255,,47.20000000000013,272.2,47.20000000000013,47.20000000000013,272.2,47.20000000000013,1.3444
287_4,169.0,70.0,20,college,R,30.0,33.0,67.0856,67.8,86.2,186,287,,,1.5056,,,not_detected,not_detected,,missing_force_or_fp100,0.0,,,1.8713,656.4724,87.32595645965674,-656.4724,-87.32595645965674,1.8713,-87.32595645965674,1.0972,-29.856543175199295,57.469413284457445,57.469413284457445,1.5,87.31397108345963,-87.31397108345963,1.5,-87.31397108345963,1.0972,-29.856543175199295,57.45742790826034,57.45742790826034,True,manual_force_dq,ok,0.0,1.8694,674,True,True,True,False,False,True,True,,,,,-365.69999999999993,-365.69999999999993,408.4000000000001,5.600000000000049,5.600000000000049,408.4000000000001,1.8694
287_5,169.0,70.0,20,college,R,30.0,33.0,64.9683,71.0,87.7,186,287,1.9728229838680897,1.9972,2.0972,1.975,1.9972,latest_sustained_upward_crossing,not_detected,,missing_force_or_fp100,0.0,,,2.0037,852.9911,113.46747198979683,852.9911,113.46747198979683,1.8972,-87.6685307029464,2.0037,113.46747198979683,201.13600269274323,201.13600269274323,2.0037,113.46747198979683,113.46747198979683,1.8972,-87.6685307029464,2.0037,113.46747198979683,201.13600269274323,201.13600269274323,False,ok,ok,0.0,2.4694,890,True,True,True,True,True,True,True,124.37701613191021,99.99999999999987,24.377016131910345,,93.50000000000014,199.99999999999994,93.50000000000014,93.50000000000014,199.99999999999994,93.50000000000014,2.4694
287_6,169.0,70.0,20,college,R,30.0,33.0,64.4248,70.7,74.8,186,287,1.50418715200652,1.516932351572985,1.6167,1.5056,1.5194,latest_sustained_upward_crossing,latest_sustained_upward_crossing,1.4583,zero_baseline_breakout_before_fp100,0.0,-82.68431298746276,58.632351572984966,1.5259,947.4955,126.0387348786037,947.4955,126.0387348786037,1.4509,-88.15721745694528,1.5259,126.0387348786037,214.19595233554898,214.19595233554898,1.5259,126.0387348786037,126.0387348786037,1.4509,-88.15721745694528,1.5259,126.0387348786037,214.19595233554898,214.19595233554898,False,ok,ok,0.0,1.9528,704,True,True,True,True,True,True,True,112.51284799348005,99.76764842701513,12.745199566464915,158.4000000000001,90.8,165.79999999999995,90.8,90.8,165.79999999999995,90.8,1.9528
287_7,169.0,70.0,20,college,R,30.0,33.0,64.6354,66.0,76.5,186,287,1.3568710527168517,1.3806,1.475,1.3583,1.3806,latest_sustained_upward_crossing,not_detected,,missing_force_or_fp100,0.0,,,1.4148,793.5772,105.56405420026233,793.5772,105.56405420026233,1.1796,-87.82583045159318,1.4148,105.56405420026233,193.3898846518555,193.3898846518555,1.4148,105.56405420026233,105.56405420026233,1.1796,-87.82583045159318,1.4148,105.56405420026233,193.3898846518555,193.3898846518555,False,ok,ok,0.0,1.8528,668,True,True,True,True,True,True,True,118.12894728314838,94.40000000000003,23.728947283148337,,60.20000000000003,295.4000000000001,60.20000000000003,60.20000000000003,295.4000000000001,60.20000000000003,1.8528
287_8,169.0,70.0,20,college,R,30.0,33.0,68.2059,70.6,86.1,186,287,1.589624947757129,1.65,1.7028,1.5917,1.65,latest_sustained_upward_crossing,not_detected,,missing_force_or_fp100,0.0,,,1.6528,754.8482,100.4122047581136,754.8482,100.4122047581136,1.4435,-87.57795531279538,1.6528,100.4122047581136,187.99016007090898,187.99016007090898,1.6528,100.4122047581136,100.4122047581136,1.4435,-87.57795531279538,1.6528,100.4122047581136,187.99016007090898,187.99016007090898,False,ok,ok,0.0,2.1222,765,True,True,True,True,True,True,True,113.17505224287116,52.80000000000018,60.375052242870986,,50.00000000000004,259.30000000000007,50.00000000000004,50.00000000000004,259.30000000000007,50.00000000000004,2.1222
291_1,201.0,75.0,19,college,R,30.0,33.0,71.2523,69.4,98.8,189,291,1.2325582027708024,1.2615117554082547,1.3972,1.2333,1.2639,latest_sustained_upward_crossing,latest_sustained_upward_crossing,1.2259,zero_baseline_breakout_before_fp100,0.0,3.924635184267037,35.61175540825467,1.3157,2160.2916,241.61834396958704,2160.2916,241.61834396958704,0.6954,-0.8268047915201705,1.3157,241.61834396958704,242.44514876110722,242.44514876110722,1.3157,241.61834396958704,241.61834396958704,0.6954,-0.8268047915201705,1.3157,241.61834396958704,242.44514876110722,242.44514876110722,False,ok,ok,0.0,1.8,649,True,True,True,True,True,True,True,164.64179722919758,135.68824459174533,28.95355263745225,171.3,81.4999999999999,701.8,81.4999999999999,81.4999999999999,701.8,81.4999999999999,1.8
291_2,201.0,75.0,19,college,R,30.0,33.0,69.3029,67.8,96.4,189,291,1.7525261227083375,1.7907711092974057,1.9361,1.7528,1.7917,latest_sustained_upward_crossing,latest_sustained_upward_crossing,1.7417,zero_baseline_breakout_before_fp100,0.0,3.9016595392250166,49.071109297405656,1.8657,2026.5709,226.66231947342462,2026.5709,226.66231947342462,1.2009,-0.7977250277363864,1.8657,226.66231947342462,227.460044501161,227.460044501161,1.8657,226.66231947342462,226.66231947342462,1.2009,-0.7977250277363864,1.8657,226.66231947342462,227.460044501161,227.460044501161,False,ok,ok,0.0,2.4278,875,True,True,True,True,True,True,True,183.57387729166243,145.32889070259424,38.24498658906816,194.39999999999992,70.40000000000002,735.1999999999998,70.40000000000002,70.40000000000002,735.1999999999998,70.40000000000002,2.4278
291_3,201.0,75.0,19,college,R,30.0,33.0,72.6393,70.3,101.7,189,291,1.18981069964777,1.2196377967712193,1.3667,1.1917,1.2222,latest_sustained_upward_crossing,latest_sustained_upward_crossing,1.1787,zero_baseline_breakout_before_fp100,0.0,3.798682963943617,40.937796771219226,1.287,2230.3588,249.45502714262992,2230.3588,249.45502714262992,0.6472,-0.9319728756966784,1.287,249.45502714262992,250.3870000183266,250.3870000183266,1.287,249.45502714262992,249.45502714262992,0.6472,-0.9319728756966784,1.287,249.45502714262992,250.3870000183266,250.3870000183266,False,ok,ok,0.0,1.7861,644,True,True,True,True,True,True,True,176.88930035223004,147.06220322878073,29.82709712344933,187.99999999999994,79.7000000000001,719.5,79.7000000000001,79.7000000000001,719.5,79.7000000000001,1.7861
291_4,201.0,75.0,19,college,R,30.0,33.0,73.1764,67.9,103.2,189,291,1.1315837015084456,1.1672311316907633,1.3278,1.1333,1.1694,latest_sustained_upward_crossing,latest_sustained_upward_crossing,1.1204,zero_baseline_breakout_before_fp100,0.0,3.8990370971788137,46.83113169076325,1.238,2037.0992,227.83985976975086,2037.0992,227.83985976975086,0.6685,-1.1075699108526043,1.238,227.83985976975086,228.94742968060348,228.94742968060348,1.238,227.83985976975086,227.83985976975086,0.6685,-1.1075699108526043,1.238,227.83985976975086,228.94742968060348,228.94742968060348,False,ok,ok,0.0,1.6,577,True,True,True,True,True,True,True,196.21629849155454,160.5688683092368,35.64743018231775,207.40000000000003,89.8000000000001,659.3000000000001,89.8000000000001,89.8000000000001,659.3000000000001,89.8000000000001,1.6
291_5,201.0,75.0,19,college,R,30.0,33.0,73.009,72.6,99.5,189,291,1.2592251859428754,1.2876741734165773,1.4333,1.2611,1.2889,latest_sustained_upward_crossing,latest_sustained_upward_crossing,1.25,zero_baseline_breakout_before_fp100,0.0,3.6089355315148035,37.674173416577304,1.3509,2274.5475,254.39732313460107,2274.5475,254.39732313460107,0.6593,-1.0648338426149742,1.3509,254.39732313460107,255.46215697721604,255.46215697721604,1.3509,254.39732313460107,254.39732313460107,0.6593,-1.0648338426149742,1.3509,254.39732313460107,255.46215697721604,255.46215697721604,False,ok,ok,0.0,1.8028,650,True,True,True,True,True,True,True,174.07481405712466,145.6258265834227,28.448987473701948,183.3,82.40000000000003,774.0,82.40000000000003,82.40000000000003,774.0,82.40000000000003,1.8028
291_6,201.0,75.0,19,college,R,30.0,33.0,74.368,67.8,101.0,189,291,1.290735656326065,1.3234175276624787,1.4806,1.2917,1.325,latest_sustained_upward_crossing,latest_sustained_upward_crossing,1.2741,zero_baseline_breakout_before_fp100,0.0,4.045797796437833,49.31752766247865,1.3991,2167.2165,242.39286110891908,2167.2165,242.39286110891908,0.8204,-1.0062828566887783,1.3991,242.39286110891908,243.39914396560786,243.39914396560786,1.3991,242.39286110891908,242.39286110891908,0.8204,-1.0062828566887783,1.3991,242.39286110891908,243.39914396560786,243.39914396560786,False,ok,ok,0.0,1.7667,637,True,True,True,True,True,True,True,189.8643436739349,157.18247233752126,32.68187133641365,206.49999999999991,81.4999999999999,660.1999999999999,81.4999999999999,81.4999999999999,660.1999999999999,81.4999999999999,1.7667
291_7,201.0,75.0,19,college,R,30.0,33.0,73.3348,83.5,104.2,189,291,1.2593798540250254,1.2897575752757295,1.4389,1.2611,1.2917,latest_sustained_upward_crossing,latest_sustained_upward_crossing,1.2472,zero_baseline_breakout_before_fp100,0.0,4.085616019598968,42.557575275729455,1.3583,2124.2649,237.58892886993613,2124.2649,237.58892886993613,0.6898,-0.7583219478093592,1.3583,237.58892886993613,238.34725081774548,238.34725081774548,1.3583,237.58892886993613,237.58892886993613,0.6898,-0.7583219478093592,1.3583,237.58892886993613,238.34725081774548,238.34725081774548,False,ok,ok,0.0,1.7472,630,True,True,True,True,True,True,True,179.52014597497467,149.14242472427054,30.37772125070415,191.7,80.60000000000001,749.1000000000001,80.60000000000001,80.60000000000001,749.1000000000001,80.60000000000001,1.7472
291_8,201.0,75.0,19,college,R,30.0,33.0,73.6571,70.9,101.5,189,291,1.4284806763787685,1.4526714282873772,1.6028,1.4306,1.4528,latest_sustained_upward_crossing,latest_sustained_upward_crossing,1.4185,zero_baseline_breakout_before_fp100,0.0,3.8192164351583653,34.17142828737707,1.5232,2206.6036,246.7981209709509,2206.6036,246.7981209709509,1.6213,-1.8929136699318179,1.5232,246.7981209709509,248.69103464088272,248.69103464088272,1.5232,246.7981209709509,246.7981209709509,0.9519,-1.0207108933353481,1.5232,246.7981209709509,247.81883186428624,247.81883186428624,False,ok,ok,0.0,1.9083,688,True,True,True,True,True,True,True,174.3193236212315,150.12857171262283,24.190751908608643,184.2999999999999,79.5999999999999,-18.49999999999996,79.5999999999999,79.5999999999999,650.9000000000001,79.5999999999999,1.9083
297_1,178.0,68.0,22,college,R,30.0,33.0,66.3198,67.6,93.4,26,297,1.8500677189738208,1.901122980798638,2.05,1.8528,1.9028,latest_sustained_upward_crossing,latest_sustained_upward_crossing,1.8343,zero_baseline_breakout_before_fp100,0.0,5.660834057471113,66.82298079863801,1.9519,1278.7852,161.50693778707813,1278.7852,161.50693778707813,1.7815,0.47682229425343275,1.9519,161.50693778707813,161.0301154928247,161.50693778707813,1.9519,161.50693778707813,161.50693778707813,1.7815,0.47682229425343275,1.9519,161.50693778707813,161.0301154928247,161.50693778707813,False,ok,ok,0.0,2.5139,906,True,True,True,True,True,True,True,199.932281026179,148.87701920136175,51.05526182481724,215.6999999999998,98.09999999999985,268.4999999999997,98.09999999999985,98.09999999999985,268.4999999999997,98.09999999999985,2.5139
297_2,178.0,68.0,22,college,R,30.0,33.0,67.2268,66.8,92.1,26,297,1.6849816411814682,1.7222240339654007,1.875,1.6861,1.7222,latest_sustained_upward_crossing,latest_sustained_upward_crossing,1.6759,zero_baseline_breakout_before_fp100,0.0,5.7857478911610105,46.324033965400744,1.7519,1139.8585,143.96089026176736,1139.8585,143.96089026176736,1.6463,0.2842064969959474,1.7519,143.96089026176736,143.6766837647714,143.96089026176736,1.7519,143.96089026176736,143.96089026176736,1.6463,0.2842064969959474,1.7519,143.96089026176736,143.6766837647714,143.96089026176736,False,ok,ok,0.0,2.4056,867,True,True,True,True,True,True,True,190.0183588185318,152.77596603459932,37.24239278393249,199.10000000000005,123.1,228.6999999999999,123.1,123.1,228.6999999999999,123.1,2.4056
297_3,178.0,68.0,22,college,R,30.0,33.0,67.9453,67.9,94.0,26,297,1.5438859420091933,1.5829891808085643,1.7361,1.5444,1.5833,latest_sustained_upward_crossing,latest_sustained_upward_crossing,1.5352,zero_baseline_breakout_before_fp100,0.0,5.268446614509621,47.789180808564424,1.6361,1125.2945,142.1214984374555,1125.2945,142.1214984374555,1.4982,0.1571641847139301,1.6361,142.1214984374555,141.96433425274157,142.1214984374555,1.6361,142.1214984374555,142.1214984374555,1.4982,0.1571641847139301,1.6361,142.1214984374555,141.96433425274157,142.1214984374555,False,ok,ok,0.0,2.1917,790,True,True,True,True,True,True,True,192.2140579908067,153.11081919143567,39.103238799371056,200.9000000000001,99.99999999999987,237.9,99.99999999999987,99.99999999999987,237.9,99.99999999999987,2.1917
297_4,178.0,68.0,22,college,R,30.0,33.0,68.8881,,96.9,26,297,2.0435324482861525,2.1099255110883295,2.2722,2.0472,2.1111,latest_sustained_upward_crossing,latest_sustained_upward_crossing,2.0287,zero_baseline_breakout_before_fp100,0.0,5.417619160753946,81.22551108832931,2.163,1187.1241,149.93040126226137,1187.1241,149.93040126226137,1.987,0.26392317325353565,2.163,149.93040126226137,149.66647808900782,149.93040126226137,2.163,149.93040126226137,149.93040126226137,1.987,0.26392317325353565,2.163,149.93040126226137,149.66647808900782,149.93040126226137,False,ok,ok,0.0,2.8056,1011,True,True,True,True,True,True,True,228.66755171384767,162.27448891167074,66.39306280217694,243.50000000000006,109.20000000000041,285.2000000000001,109.20000000000041,109.20000000000041,285.2000000000001,109.20000000000041,2.8056
297_5,178.0,68.0,22,college,R,30.0,33.0,68.056,67.3,94.2,26,297,1.62381915743105,1.6648846237235349,1.8139,1.625,1.6667,latest_sustained_upward_crossing,latest_sustained_upward_crossing,1.6176,zero_baseline_breakout_before_fp100,0.0,5.374863857795343,47.28462372353492,1.7028,1141.0503,144.1114112159156,1141.0503,144.1114112159156,1.6046,-0.15449931465810887,1.7028,144.1114112159156,144.2659105305737,144.2659105305737,1.7028,144.1114112159156,144.1114112159156,1.6046,-0.15449931465810887,1.7028,144.1114112159156,144.2659105305737,144.2659105305737,False,ok,ok,0.0,2.2694,818,True,True,True,True,True,True,True,190.08084256894998,149.01537627646522,41.06546629248476,196.30000000000015,111.09999999999998,209.30000000000004,111.09999999999998,111.09999999999998,209.30000000000004,111.09999999999998,2.2694
297_6,178.0,68.0,22,college,R,30.0,33.0,71.326,70.5,97.9,26,297,1.7381168116537538,1.7840951581611857,1.9333,1.7389,1.7861,latest_sustained_upward_crossing,latest_sustained_upward_crossing,1.7287,zero_baseline_breakout_before_fp100,0.0,5.697363653413327,55.39515816118579,1.8361,1188.9672,150.16317955609472,1188.9672,150.16317955609472,1.6944,0.671332548896573,1.8361,150.16317955609472,149.49184700719815,150.16317955609472,1.8361,150.16317955609472,150.16317955609472,1.6944,0.671332548896573,1.8361,150.16317955609472,149.49184700719815,150.16317955609472,False,ok,ok,0.0,2.3917,862,True,True,True,True,True,True,True,195.18318834624625,149.20484183881433,45.97834650743194,204.6000000000001,97.19999999999996,238.90000000000012,97.19999999999996,97.19999999999996,238.90000000000012,97.19999999999996,2.3917
297_7,178.0,68.0,22,college,R,30.0,33.0,70.7294,69.2,94.1,26,297,1.7790612450912073,1.905738165082347,2.0583,1.7806,1.9056,latest_sustained_upward_crossing,latest_sustained_upward_crossing,1.8398,last_local_min_after_zero_baseline_plus5bw_breakout,1.0,21.610161577403325,65.93816508234696,1.9565,1261.8077,159.36272776941442,1261.8077,159.36272776941442,1.7509,0.2684825006950117,1.9565,159.36272776941442,159.09424526871942,159.36272776941442,1.9565,159.36272776941442,159.36272776941442,1.7509,0.2684825006950117,1.9565,159.36272776941442,159.09424526871942,159.36272776941442,False,ok,ok,0.0,2.5278,911,True,True,True,True,True,True,True,279.23875490879266,152.56183491765296,126.67691999113973,218.49999999999991,101.80000000000011,307.4000000000001,101.80000000000011,101.80000000000011,307.4000000000001,101.80000000000011,2.5278
297_8,178.0,68.0,22,college,R,30.0,33.0,67.6003,70.1,92.6,26,297,1.707840307009532,1.746559412449929,1.9,1.7083,1.7472,latest_sustained_upward_crossing,latest_sustained_upward_crossing,1.6991,zero_baseline_breakout_before_fp100,0.0,5.346958129042413,47.45941244992902,1.7787,1158.624,146.33091959980115,1158.624,146.33091959980115,1.6843,-0.36969704395260056,1.7787,146.33091959980115,146.70061664375376,146.70061664375376,1.7787,146.33091959980115,146.33091959980115,1.6843,-0.36969704395260056,1.7787,146.33091959980115,146.70061664375376,146.70061664375376,False,ok,ok,0.0,2.3778,857,True,True,True,True,True,True,True,192.15969299046787,153.44058755007083,38.71910544039703,200.89999999999986,121.29999999999997,215.7,121.29999999999997,121.29999999999997,215.7,121.29999999999997,2.3778
300_1,214.0,76.0,18,high_school,R,30.0,33.0,65.4692,,87.9,79,300,1.6065045290137374,1.6772268061801832,1.7722,1.6083,1.6778,latest_sustained_upward_crossing,latest_sustained_upward_crossing,1.5991,zero_baseline_breakout_before_fp100,0.0,3.712971199491408,78.1268061801832,1.7065,1417.8806,148.94964445081908,1417.8806,148.94964445081908,0.7982,-0.9567406394243562,1.7065,148.94964445081908,149.90638509024345,149.90638509024345,1.7065,148.94964445081908,148.94964445081908,0.7982,-0.9567406394243562,1.7065,148.94964445081908,149.90638509024345,149.90638509024345,False,ok,ok,0.0,2.1472,774,True,True,True,True,True,True,True,165.6954709862626,94.97319381981684,70.72227716644575,173.10000000000002,65.70000000000009,974.0,65.70000000000009,65.70000000000009,974.0,65.70000000000009,2.1472
300_2,214.0,76.0,18,high_school,R,30.0,33.0,64.1789,70.7,91.4,79,300,1.2515511130275851,1.3254175953989964,1.425,1.2528,1.325,latest_sustained_upward_crossing,latest_sustained_upward_crossing,1.2435,zero_baseline_breakout_before_fp100,0.0,4.4091472744175,81.91759539899634,1.3537,1863.167,195.7273850862331,1863.167,195.7273850862331,1.2315,-1.0384177203862595,1.3537,195.7273850862331,196.76580280661938,196.76580280661938,1.3537,195.7273850862331,195.7273850862331,1.2315,-1.0384177203862595,1.3537,195.7273850862331,196.76580280661938,196.76580280661938,False,ok,ok,0.0,1.8389,663,True,True,True,True,True,True,True,173.4488869724149,99.58240460100365,73.86648237141125,181.5,71.30000000000014,193.5,71.30000000000014,71.30000000000014,193.5,71.30000000000014,1.8389
300_3,214.0,76.0,18,high_school,R,30.0,33.0,66.3052,69.0,93.8,79,300,1.3162086257659464,1.3747797326061098,1.4861,1.3167,1.375,latest_sustained_upward_crossing,latest_sustained_upward_crossing,1.2972,zero_baseline_breakout_before_fp100,0.0,4.489213368808057,77.57973260610984,1.4028,1913.1522,200.9783757322742,1913.1522,200.9783757322742,1.2741,-0.5881905389244914,1.4028,200.9783757322742,201.5665662711987,201.5665662711987,1.4028,200.9783757322742,200.9783757322742,1.2741,-0.5881905389244914,1.4028,200.9783757322742,201.5665662711987,201.5665662711987,False,ok,ok,0.0,1.9472,702,True,True,True,True,True,True,True,169.89137423405353,111.32026739389022,58.57110684016331,188.90000000000006,83.29999999999993,211.99999999999997,83.29999999999993,83.29999999999993,211.99999999999997,83.29999999999993,1.9472
300_4,214.0,76.0,18,high_school,R,30.0,33.0,65.5387,65.8,90.6,79,300,1.442873490885737,1.4977900362802163,1.6056,1.4444,1.5,latest_sustained_upward_crossing,latest_sustained_upward_crossing,1.4296,zero_baseline_breakout_before_fp100,0.0,4.4353531503352785,68.19003628021636,1.5361,1772.8388,186.2383256591682,1772.8388,186.2383256591682,1.4111,-0.5654890377079418,1.5361,186.2383256591682,186.80381469687615,186.80381469687615,1.5361,186.2383256591682,186.2383256591682,1.4111,-0.5654890377079418,1.5361,186.2383256591682,186.80381469687615,186.80381469687615,False,ok,ok,0.0,2.0472,738,True,True,True,True,True,True,True,162.7265091142629,107.80996371978358,54.91654539447932,175.99999999999994,69.4999999999999,194.4999999999999,69.4999999999999,69.4999999999999,194.4999999999999,69.4999999999999,2.0472
300_5,214.0,76.0,18,high_school,R,30.0,33.0,65.8671,67.0,95.7,79,300,1.7034901649630165,1.7695011084658296,1.8833,1.7056,1.7694,latest_sustained_upward_crossing,latest_sustained_upward_crossing,1.6898,zero_baseline_breakout_before_fp100,0.0,4.462111470439779,79.70110846582968,1.8046,2303.6992,242.00569269488304,2303.6992,242.00569269488304,0.7713,-0.5047065823451674,1.8046,242.00569269488304,242.5103992772282,242.5103992772282,1.8046,242.00569269488304,242.00569269488304,0.7713,-0.5047065823451674,1.8046,242.00569269488304,242.5103992772282,242.5103992772282,False,ok,ok,0.0,2.3028,830,True,True,True,True,True,True,True,179.80983503698346,113.79889153417034,66.01094350281312,193.5,78.69999999999999,1112.0,78.69999999999999,78.69999999999999,1112.0,78.69999999999999,2.3028
300_6,214.0,76.0,18,high_school,R,30.0,33.0,65.7367,69.0,91.1,79,300,1.3523386773452395,1.406683131360558,1.5222,1.3528,1.4083,latest_sustained_upward_crossing,latest_sustained_upward_crossing,1.3407,zero_baseline_breakout_before_fp100,0.0,4.119968696422426,65.98313136055789,1.4361,1919.8142,201.6782248813008,1919.8142,201.6782248813008,1.325,-0.6719056075013925,1.4361,201.6782248813008,202.3501304888022,202.3501304888022,1.4361,201.6782248813008,201.6782248813008,1.325,-0.6719056075013925,1.4361,201.6782248813008,202.3501304888022,202.3501304888022,False,ok,ok,0.0,2.1444,773,True,True,True,True,True,True,True,169.8613226547605,115.51686863944211,54.3444540153184,181.5,86.10000000000007,197.20000000000005,86.10000000000007,86.10000000000007,197.20000000000005,86.10000000000007,2.1444
300_7,214.0,76.0,18,high_school,R,30.0,33.0,64.9347,68.7,88.9,79,300,1.6764154739811519,1.7378460908838973,1.8472,1.6778,1.7389,latest_sustained_upward_crossing,latest_sustained_upward_crossing,1.6694,zero_baseline_breakout_before_fp100,0.0,4.113521042457936,68.4460908838973,1.7732,1862.0957,195.6148440485039,1862.0957,195.6148440485039,1.6593,-0.9982042328078459,1.7732,195.6148440485039,196.61304828131173,196.61304828131173,1.7732,195.6148440485039,195.6148440485039,1.6593,-0.9982042328078459,1.7732,195.6148440485039,196.61304828131173,196.61304828131173,False,ok,ok,0.0,2.375,856,True,True,True,True,True,True,True,170.78452601884808,109.35390911610266,61.43061690274543,177.79999999999995,73.99999999999984,187.89999999999995,73.99999999999984,73.99999999999984,187.89999999999995,73.99999999999984,2.375
300_8,214.0,76.0,18,high_school,R,30.0,33.0,67.2568,,89.7,79,300,1.3689754343835885,1.4285556885902,1.5389,1.3694,1.4306,latest_sustained_upward_crossing,latest_sustained_upward_crossing,1.3602,zero_baseline_breakout_before_fp100,0.0,4.4478350520439935,68.35568859019992,1.4639,1938.4095,203.63167803063953,1938.4095,203.63167803063953,1.337,-0.5433443063037371,1.4639,203.63167803063953,204.17502233694327,204.17502233694327,1.4639,203.63167803063953,203.63167803063953,1.337,-0.5433443063037371,1.4639,203.63167803063953,204.17502233694327,204.17502233694327,False,ok,ok,0.0,1.9694,710,True,True,True,True,True,True,True,169.92456561641146,110.34431140979994,59.58025420661151,178.69999999999985,74.99999999999996,201.89999999999998,74.99999999999996,74.99999999999996,201.89999999999998,74.99999999999996,1.9694
302_1,174.0,68.0,21,college,R,30.0,33.0,67.455,60.4,92.4,30,302,1.728863312744305,1.7556783200340151,1.8917,1.7306,1.7556,latest_sustained_upward_crossing,latest_sustained_upward_crossing,1.7194,zero_baseline_breakout_before_fp100,0.0,3.2959628269188284,36.278320034015096,1.8056,1804.2102,233.1049357402963,1804.2102,233.1049357402963,0.8694,-1.4630798577774857,1.8056,233.1049357402963,234.56801559807377,234.56801559807377,1.8056,233.1049357402963,233.1049357402963,0.8694,-1.4630798577774857,1.8056,233.1049357402963,234.56801559807377,234.56801559807377,False,ok,ok,0.0,2.2111,797,True,False,True,True,True,True,True,162.836687255695,136.0216799659848,26.815007289710202,172.2999999999999,86.09999999999984,1022.3,86.09999999999984,86.09999999999984,1022.3,86.09999999999984,2.2111
302_2,174.0,68.0,21,college,R,30.0,33.0,65.4465,,86.8,30,302,1.3681540809745063,1.404310860715904,1.5389,1.3694,1.4056,latest_sustained_upward_crossing,latest_sustained_upward_crossing,1.3537,zero_baseline_breakout_before_fp100,0.0,3.3480412853935677,50.61086071590415,1.4583,1637.5847,211.576830827579,1637.5847,211.576830827579,1.0694,-1.398208265634174,1.4583,211.576830827579,212.97503909321316,212.97503909321316,1.4583,211.576830827579,211.576830827579,1.0694,-1.398208265634174,1.4583,211.576830827579,212.97503909321316,212.97503909321316,False,ok,ok,0.0,1.8778,677,True,False,True,True,True,True,True,170.74591902549363,134.5891392840959,36.15677974139775,185.20000000000005,80.60000000000001,469.5,80.60000000000001,80.60000000000001,469.5,80.60000000000001,1.8778
302_3,174.0,68.0,21,college,R,30.0,33.0,71.6328,59.7,96.0,30,302,1.4442324017026882,1.4735713860897763,1.6111,1.4444,1.475,latest_sustained_upward_crossing,latest_sustained_upward_crossing,1.4333,zero_baseline_breakout_before_fp100,0.0,3.1374846820859528,40.271386089776314,1.5287,1728.9686,223.38368023858308,1728.9686,223.38368023858308,0.6602,-1.8774130759499341,1.5287,223.38368023858308,225.261093314533,225.261093314533,1.5287,223.38368023858308,223.38368023858308,0.6602,-1.8774130759499341,1.5287,223.38368023858308,225.261093314533,225.261093314533,False,ok,ok,0.0,1.9694,710,True,False,True,True,True,True,True,166.8675982973118,137.52861391022364,29.338984387088153,177.79999999999995,82.40000000000003,950.9,82.40000000000003,82.40000000000003,950.9,82.40000000000003,1.9694
302_4,174.0,68.0,21,college,R,30.0,33.0,69.909,62.8,99.8,30,302,1.5210652359656016,1.55122697286511,1.6861,1.5222,1.5528,latest_sustained_upward_crossing,latest_sustained_upward_crossing,1.5111,zero_baseline_breakout_before_fp100,0.0,3.4277032995842918,40.12697286510991,1.6093,1777.9098,229.70690980521172,1777.9098,229.70690980521172,0.6574,-1.6528625339362402,1.6093,229.70690980521172,231.35977233914795,231.35977233914795,1.6093,229.70690980521172,229.70690980521172,0.6574,-1.6528625339362402,1.6093,229.70690980521172,231.35977233914795,231.35977233914795,False,ok,ok,0.0,1.9556,705,True,False,True,True,True,True,True,165.0347640343983,134.87302713488992,30.161736899508405,174.99999999999983,76.79999999999998,1028.7,76.79999999999998,76.79999999999998,1028.7,76.79999999999998,1.9556
302_5,174.0,68.0,21,college,R,30.0,33.0,66.6791,64.8,84.5,30,302,1.6812600495449,1.7082301371165354,1.85,1.6833,1.7083,latest_sustained_upward_crossing,latest_sustained_upward_crossing,1.6741,zero_baseline_breakout_before_fp100,0.0,2.9447927137224044,34.13013711653545,1.7611,1632.9445,210.9773144725433,1632.9445,210.9773144725433,0.9259,-1.6484697155078938,1.7611,210.9773144725433,212.6257841880512,212.6257841880512,1.7611,210.9773144725433,210.9773144725433,0.9259,-1.6484697155078938,1.7611,210.9773144725433,212.6257841880512,212.6257841880512,False,ok,ok,0.0,2.2194,800,True,False,True,True,True,True,True,168.73995045510014,141.76986288346473,26.97008757163544,175.90000000000018,88.89999999999998,924.1000000000001,88.89999999999998,88.89999999999998,924.1000000000001,88.89999999999998,2.2194
302_6,174.0,68.0,21,college,R,30.0,33.0,66.8646,65.6,87.9,30,302,1.2500801165377684,1.2763574179406265,1.4139,1.25,1.2778,latest_sustained_upward_crossing,latest_sustained_upward_crossing,1.2435,zero_baseline_breakout_before_fp100,0.0,2.866164303867762,32.85741794062646,1.3352,1687.6463,218.04481668147582,1687.6463,218.04481668147582,0.4574,-1.4948890312203922,1.3352,218.04481668147582,219.53970571269622,219.53970571269622,1.3352,218.04481668147582,218.04481668147582,0.4574,-1.4948890312203922,1.3352,218.04481668147582,219.53970571269622,219.53970571269622,False,ok,ok,0.0,1.6806,606,True,False,True,True,True,True,True,163.81988346223153,137.54258205937342,26.27730140285811,170.3999999999999,78.69999999999999,956.4999999999999,78.69999999999999,78.69999999999999,956.4999999999999,78.69999999999999,1.6806
302_7,174.0,68.0,21,college,R,30.0,33.0,69.6708,63.1,95.3,30,302,1.0462345027180449,1.0761028475631793,1.2111,1.0472,1.0778,latest_sustained_upward_crossing,latest_sustained_upward_crossing,1.0361,zero_baseline_breakout_before_fp100,0.0,3.4994597606103692,40.00284756317929,1.1278,1832.0777,236.705431844765,1832.0777,236.705431844765,0.2537,-1.3167990041135593,1.1278,236.705431844765,238.02223084887856,238.02223084887856,1.1278,236.705431844765,236.705431844765,0.2537,-1.3167990041135593,1.1278,236.705431844765,238.02223084887856,238.02223084887856,False,ok,ok,0.0,1.4556,525,True,False,True,True,True,True,True,164.86549728195521,134.99715243682076,29.86834484513445,175.00000000000006,83.30000000000015,957.4,83.30000000000015,83.30000000000015,957.4,83.30000000000015,1.4556
302_8,174.0,68.0,21,college,R,30.0,33.0,72.8338,62.8,78.2,30,302,1.6346080262788323,1.6636152818000216,1.8028,1.6361,1.6639,latest_sustained_upward_crossing,latest_sustained_upward_crossing,1.6241,zero_baseline_breakout_before_fp100,0.0,3.5714617026662663,39.515281800021505,1.7148,1826.1991,235.945913538504,1826.1991,235.945913538504,0.8102,-1.4488031978853608,1.7148,235.945913538504,237.39471673638934,237.39471673638934,1.7148,235.945913538504,235.945913538504,0.8102,-1.4488031978853608,1.7148,235.945913538504,237.39471673638934,237.39471673638934,False,ok,ok,0.0,2.0889,753,True,False,True,True,True,True,True,168.19197372116767,139.18471819997836,29.00725552118932,178.69999999999985,87.99999999999986,992.5999999999999,87.99999999999986,87.99999999999986,992.5999999999999,87.99999999999986,2.0889
313_1,174.0,70.0,19,college,L,30.0,33.0,62.9895,63.7,90.2,90,313,1.2430102743954115,1.2949156075794097,1.4139,1.2444,1.2972,latest_sustained_upward_crossing,latest_sustained_upward_crossing,1.2333,zero_baseline_breakout_before_fp100,0.0,4.031693793389426,61.61560757940965,1.3232,1675.8876,216.5255862681407,1675.8876,216.5255862681407,1.2213,-0.6728118225180153,1.3232,216.5255862681407,217.1983980906587,217.1983980906587,1.3232,216.5255862681407,216.5255862681407,1.2213,-0.6728118225180153,1.3232,216.5255862681407,217.1983980906587,217.1983980906587,False,ok,ok,0.0,1.7444,629,True,True,True,True,True,True,True,170.88972560458848,118.98439242059023,51.90533318399826,180.59999999999988,90.7,192.59999999999988,90.7,90.7,192.59999999999988,90.7,1.7444
313_2,174.0,70.0,19,college,L,30.0,33.0,62.376,64.8,88.3,90,313,1.2239197352672837,1.2638836734480552,1.3889,1.225,1.2639,latest_sustained_upward_crossing,latest_sustained_upward_crossing,1.2176,zero_baseline_breakout_before_fp100,0.0,4.345984751873825,46.283673448055175,1.287,1559.5838,201.4990722702971,1559.5838,201.4990722702971,1.2074,-0.8816644986774723,1.287,201.4990722702971,202.38073676897457,202.38073676897457,1.287,201.4990722702971,201.4990722702971,1.2074,-0.8816644986774723,1.287,201.4990722702971,202.38073676897457,202.38073676897457,False,ok,ok,0.0,1.7417,628,True,True,True,True,True,True,True,164.9802647327163,125.01632655194483,39.963938180771486,171.3,101.9000000000001,181.5,101.9000000000001,101.9000000000001,181.5,101.9000000000001,1.7417
313_3,174.0,70.0,19,college,L,30.0,33.0,61.5672,64.8,82.7,90,313,1.4120929137513238,1.4560010959316623,1.575,1.4139,1.4583,latest_sustained_upward_crossing,latest_sustained_upward_crossing,1.3972,zero_baseline_breakout_before_fp100,0.0,4.362478341066208,58.801095931662275,1.4815,1705.0441,220.29262187126056,1705.0441,220.29262187126056,0.6204,-0.4390880420215987,1.4815,220.29262187126056,220.73170991328217,220.73170991328217,1.4815,220.29262187126056,220.29262187126056,0.6204,-0.4390880420215987,1.4815,220.29262187126056,220.73170991328217,220.73170991328217,False,ok,ok,0.0,1.8667,673,True,True,True,True,True,True,True,162.9070862486761,118.99890406833768,43.90818218033843,177.79999999999995,93.49999999999991,954.6,93.49999999999991,93.49999999999991,954.6,93.49999999999991,1.8667
313_4,174.0,70.0,19,college,L,30.0,33.0,61.2747,64.5,88.9,90,313,1.2938031675096113,1.3318564033351517,1.4528,1.2944,1.3333,latest_sustained_upward_crossing,latest_sustained_upward_crossing,1.2833,zero_baseline_breakout_before_fp100,0.0,4.275603896618563,48.55640333515154,1.3565,1679.7506,217.02468796192602,1679.7506,217.02468796192602,0.5759,-0.4179895935113362,1.3565,217.02468796192602,217.44267755543734,217.44267755543734,1.3565,217.02468796192602,217.02468796192602,0.5759,-0.4179895935113362,1.3565,217.02468796192602,217.44267755543734,217.44267755543734,False,ok,ok,0.0,1.7333,625,True,True,True,True,True,True,True,158.99683249038875,120.94359666484844,38.05323582554032,169.49999999999997,96.30000000000005,876.9000000000001,96.30000000000005,96.30000000000005,876.9000000000001,96.30000000000005,1.7333
313_5,174.0,70.0,19,college,L,30.0,33.0,60.6733,61.9,88.0,90,313,1.2800527669234523,1.3362755484437885,1.4528,1.2806,1.3389,latest_sustained_upward_crossing,latest_sustained_upward_crossing,1.2472,zero_baseline_breakout_before_fp100,0.0,4.52134560753149,89.07554844378839,1.363,1154.5148,149.16393791877522,1154.5148,149.16393791877522,0.6111,-0.40385505421542245,1.363,149.16393791877522,149.56779297299065,149.56779297299065,1.363,149.16393791877522,149.16393791877522,0.6111,-0.40385505421542245,1.363,149.16393791877522,149.56779297299065,149.56779297299065,False,ok,ok,0.0,1.6944,611,True,True,True,True,True,True,True,172.74723307654781,116.5244515562116,56.22278152033622,205.6,89.8000000000001,841.7000000000002,89.8000000000001,89.8000000000001,841.7000000000002,89.8000000000001,1.6944
313_6,174.0,70.0,19,college,L,30.0,33.0,63.6572,63.3,89.1,90,313,1.191174346871767,1.2359083473667427,1.3556,1.1917,1.2361,latest_sustained_upward_crossing,latest_sustained_upward_crossing,1.1824,zero_baseline_breakout_before_fp100,0.0,4.463716845772631,53.50834736674281,1.263,1669.8372,215.74387130876232,1669.8372,215.74387130876232,0.4509,-0.31411235773515106,1.263,215.74387130876232,216.05798366649748,216.05798366649748,1.263,215.74387130876232,215.74387130876232,0.4509,-0.31411235773515106,1.263,215.74387130876232,216.05798366649748,216.05798366649748,False,ok,ok,0.0,1.6361,590,True,True,True,True,True,True,True,164.42565312823288,119.6916526332572,44.73400049497567,173.20000000000002,92.60000000000002,904.6999999999998,92.60000000000002,92.60000000000002,904.6999999999998,92.60000000000002,1.6361
313_7,174.0,70.0,19,college,L,30.0,33.0,63.2584,64.8,81.5,90,313,1.7511055618568256,1.7925804813713442,1.9083,1.7528,1.7944,latest_sustained_upward_crossing,latest_sustained_upward_crossing,1.738,zero_baseline_breakout_before_fp100,0.0,4.531849611596918,54.58048137134419,1.8176,1677.8668,216.78129998088727,1677.8668,216.78129998088727,1.063,-0.3435184010966681,1.8176,216.78129998088727,217.12481838198394,217.12481838198394,1.8176,216.78129998088727,216.78129998088727,1.063,-0.3435184010966681,1.8176,216.78129998088727,217.12481838198394,217.12481838198394,False,ok,ok,0.0,2.1944,791,True,True,True,True,True,True,True,157.19443814317447,115.71951862865592,41.47491951451854,170.30000000000013,90.7,845.3000000000002,90.7,90.7,845.3000000000002,90.7,2.1944
313_8,174.0,70.0,19,college,L,30.0,33.0,61.7985,66.3,86.2,90,313,1.6849617902887806,1.7237292669867756,1.8417,1.6861,1.725,latest_sustained_upward_crossing,latest_sustained_upward_crossing,1.6732,zero_baseline_breakout_before_fp100,0.0,4.448607222386136,50.529266986775625,1.7472,1532.2928,197.97306027829723,1532.2928,197.97306027829723,0.8713,-0.3614385162734801,1.7472,197.97306027829723,198.3344987945707,198.3344987945707,1.7472,197.97306027829723,197.97306027829723,0.8713,-0.3614385162734801,1.7472,197.97306027829723,198.3344987945707,198.3344987945707,False,ok,ok,0.0,2.0694,746,True,True,True,True,True,True,True,156.73820971121933,117.97073301322425,38.76747669799507,168.4999999999999,94.4999999999998,970.4,94.4999999999998,94.4999999999998,970.4,94.4999999999998,2.0694
320_1,182.0,71.0,19,college,R,30.0,33.0,60.9538,,86.5,194,320,0.3346747140305059,0.7289339982720385,0.8556,0.3361,0.7306,latest_sustained_upward_crossing,latest_sustained_upward_crossing,0.6565,last_local_min_before_fp100_plus5bw_breakout,8.0,38.930262766752556,72.43399827203856,0.7611,1149.8583,142.03210392040353,1149.8583,142.03210392040353,0.3176,-0.05480644398486582,0.7611,142.03210392040353,142.0869103643884,142.0869103643884,0.7611,142.03210392040353,142.03210392040353,0.3176,-0.05480644398486582,0.7611,142.03210392040353,142.0869103643884,142.0869103643884,False,ok,ok,0.0,1.1583,418,True,True,True,True,True,True,True,520.9252859694942,126.6660017279615,394.2592842415326,199.10000000000005,94.50000000000003,538.0,94.50000000000003,94.50000000000003,538.0,94.50000000000003,1.1583
320_2,182.0,71.0,19,college,R,30.0,33.0,61.4977,,88.2,194,320,0.6789041309992039,0.7596203899344373,0.8833,0.6806,0.7611,latest_sustained_upward_crossing,latest_sustained_upward_crossing,0.6694,zero_baseline_breakout_before_fp100,0.0,5.287198264761427,90.22038993443726,0.8482,1432.2007,176.90743168725632,1432.2007,176.90743168725632,0.6491,0.39058701042268246,0.8482,176.90743168725632,176.51684467683364,176.90743168725632,0.8482,176.90743168725632,176.90743168725632,0.6491,0.39058701042268246,0.8482,176.90743168725632,176.51684467683364,176.90743168725632,False,ok,ok,0.0,1.1583,418,True,True,True,True,True,True,True,204.3958690007961,123.67961006556271,80.71625893523337,213.89999999999998,35.10000000000002,234.19999999999996,35.10000000000002,35.10000000000002,234.19999999999996,35.10000000000002,1.1583
320_3,182.0,71.0,19,college,R,30.0,33.0,62.7544,,92.6,194,320,0.5639662143549338,0.753066864554789,0.8944,0.5667,0.7556,latest_sustained_upward_crossing,latest_sustained_upward_crossing,0.6917,last_local_min_after_zero_baseline_plus5bw_breakout,1.0,24.13939721989712,61.36686455478901,0.8398,1519.2097,187.654904945492,1519.2097,187.654904945492,0.5324,0.20476142031487957,0.8398,187.654904945492,187.45014352517714,187.654904945492,0.8398,187.654904945492,187.654904945492,0.5324,0.20476142031487957,0.8398,187.654904945492,187.45014352517714,187.654904945492,False,ok,ok,0.0,1.1611,419,True,True,True,True,True,True,True,330.4337856450662,141.33313544521098,189.10065019985524,202.7,54.59999999999998,362.0,54.59999999999998,54.59999999999998,362.0,54.59999999999998,1.1611
320_4,182.0,71.0,19,college,R,30.0,33.0,59.7639,,88.8,194,320,0.5513407017149168,0.7365580464579847,0.875,0.5528,0.7389,latest_sustained_upward_crossing,latest_sustained_upward_crossing,0.6824,last_local_min_after_zero_baseline_plus5bw_breakout,1.0,28.400907224862816,54.158046457984724,0.8287,1429.4252,176.56459804903227,1429.4252,176.56459804903227,0.4889,0.3370651889698036,0.8287,176.56459804903227,176.22753286006247,176.56459804903227,0.8287,176.56459804903227,176.56459804903227,0.4889,0.3370651889698036,0.8287,176.56459804903227,176.22753286006247,176.56459804903227,False,ok,ok,0.0,1.3194,476,True,True,True,True,True,True,True,323.6592982850832,138.44195354201528,185.21734474306794,192.6,46.30000000000001,386.1,46.30000000000001,46.30000000000001,386.1,46.30000000000001,1.3194
320_5,182.0,71.0,19,college,R,30.0,33.0,63.0789,,86.9,194,320,0.9862490720846449,1.0619669171563608,1.1889,0.6778,1.0639,latest_sustained_upward_crossing,latest_sustained_upward_crossing,1.0398,last_local_min_before_fp100_plus5bw_breakout,10.0,33.182083373839966,22.166917156360768,1.1398,1517.4687,187.4398541927815,1517.4687,187.4398541927815,0.6611,0.052595410973080604,1.1398,187.4398541927815,187.3872587818084,187.4398541927815,1.1398,187.4398541927815,187.4398541927815,0.6611,0.052595410973080604,1.1398,187.4398541927815,187.3872587818084,187.4398541927815,False,ok,ok,0.0,1.6194,584,True,True,True,True,True,True,True,202.65092791535523,126.93308284363924,75.71784507171597,149.10000000000002,49.10000000000014,527.8000000000001,49.10000000000014,49.10000000000014,527.8000000000001,49.10000000000014,1.6194
320_6,182.0,71.0,19,college,R,30.0,33.0,56.9434,72.0,85.4,194,320,0.6854807631994938,0.7508575269755973,0.8694,0.3611,0.7528,latest_sustained_upward_crossing,latest_sustained_upward_crossing,0.6889,last_local_min_before_fp100_plus5bw_breakout,5.0,11.88240602159863,61.95752697559731,0.8324,1613.5756,199.31111277157146,1613.5756,199.31111277157146,0.4907,0.2900529451549739,0.8324,199.31111277157146,199.0210598264165,199.31111277157146,0.8324,199.31111277157146,199.31111277157146,0.4907,0.2900529451549739,0.8324,199.31111277157146,199.0210598264165,199.31111277157146,False,ok,ok,0.0,1.0778,389,True,True,True,True,True,True,True,183.91923680050616,118.54247302440268,65.37676377610346,180.5,36.99999999999992,378.69999999999993,36.99999999999992,36.99999999999992,378.69999999999993,36.99999999999992,1.0778
320_7,182.0,71.0,19,college,R,30.0,33.0,65.1588,69.5,87.5,194,320,0.668497656283425,0.7484850635644295,0.8806,0.4,0.75,latest_sustained_upward_crossing,latest_sustained_upward_crossing,0.6463,last_local_min_before_fp100_plus5bw_breakout,7.0,5.620566530969494,102.18506356442947,0.825,1524.2809,188.28130665551242,1524.2809,188.28130665551242,0.3843,0.3293821580573432,0.825,188.28130665551242,187.95192449745508,188.28130665551242,0.825,188.28130665551242,188.28130665551242,0.3843,0.3293821580573432,0.825,188.28130665551242,187.95192449745508,188.28130665551242,False,ok,ok,0.0,1.1917,430,True,True,True,True,True,True,True,212.1023437165751,132.1149364355706,79.98740728100451,234.30000000000007,55.600000000000094,496.30000000000007,55.600000000000094,55.600000000000094,496.30000000000007,55.600000000000094,1.1917
320_8,182.0,71.0,19,college,R,30.0,33.0,61.489,65.5,85.2,194,320,0.7156156366679641,0.7802874650479753,0.9111,0.7167,0.7806,latest_sustained_upward_crossing,latest_sustained_upward_crossing,0.6852,zero_baseline_breakout_before_fp100,0.0,5.5984336763615445,95.08746504797527,0.8546,1656.4756,204.61018071601757,1656.4756,204.61018071601757,0.5833,0.5268434637914124,0.8546,204.61018071601757,204.08333725222616,204.61018071601757,0.8546,204.61018071601757,204.61018071601757,0.5833,0.5268434637914124,0.8546,204.61018071601757,204.08333725222616,204.61018071601757,False,ok,ok,0.0,1.1556,417,True,True,True,True,True,True,True,195.48436333203588,130.81253495202472,64.67182838001118,225.89999999999998,56.49999999999999,327.79999999999995,56.49999999999999,56.49999999999999,327.79999999999995,56.49999999999999,1.1556
321_1,172.0,67.0,18,high_school,R,30.0,33.0,61.04,63.0,85.9,126,321,0.8777248379734223,0.8967155802415008,1.0222,0.8806,0.8972,latest_sustained_upward_crossing,latest_sustained_upward_crossing,0.8732,zero_baseline_breakout_before_fp100,0.0,4.9751064832002285,23.5155802415008,0.9167,2026.7461,264.9015399234966,2026.7461,264.9015399234966,0.8657,-0.5051927481751656,0.9167,264.9015399234966,265.40673267167176,265.40673267167176,0.9167,264.9015399234966,264.9015399234966,0.8657,-0.5051927481751656,0.9167,264.9015399234966,265.40673267167176,265.40673267167176,False,ok,ok,0.0,1.3639,492,True,True,True,True,True,True,True,144.47516202657772,125.48441975849923,18.99074226807851,149.00000000000003,105.50000000000004,156.49999999999997,105.50000000000004,105.50000000000004,156.49999999999997,105.50000000000004,1.3639
321_2,172.0,67.0,18,high_school,R,30.0,33.0,65.0598,67.1,87.6,126,321,1.0045893731664401,1.0342355211884608,1.1583,1.0056,1.0361,latest_sustained_upward_crossing,latest_sustained_upward_crossing,0.9991,zero_baseline_breakout_before_fp100,0.0,5.1649539452121624,35.135521188460864,1.0639,1642.7664,214.714289616533,1642.7664,214.714289616533,0.9324,0.15110559250887637,1.0639,214.714289616533,214.5631840240241,214.714289616533,1.0639,214.714289616533,214.714289616533,0.9324,0.15110559250887637,1.0639,214.714289616533,214.5631840240241,214.714289616533,False,ok,ok,0.0,1.4361,518,True,True,True,True,True,True,True,153.71062683355996,124.06447881153926,29.646148022020704,159.20000000000013,94.40000000000003,225.9000000000001,94.40000000000003,94.40000000000003,225.9000000000001,94.40000000000003,1.4361
321_3,172.0,67.0,18,high_school,R,30.0,33.0,60.5188,64.3,83.8,126,321,1.1646561485134215,1.1863079813634485,1.3222,1.1667,1.1889,latest_sustained_upward_crossing,latest_sustained_upward_crossing,1.1583,zero_baseline_breakout_before_fp100,0.0,4.382469668187791,28.007981363448398,1.2519,1647.9191,215.38776231484675,1647.9191,215.38776231484675,1.013,0.004117140527661626,1.2519,215.38776231484675,215.3836451743191,215.38776231484675,1.2519,215.38776231484675,215.38776231484675,1.013,0.004117140527661626,1.2519,215.38776231484675,215.3836451743191,215.38776231484675,False,ok,ok,0.0,1.6694,602,True,True,True,True,True,True,True,157.54385148657857,135.89201863655154,21.65183285002703,163.89999999999992,70.30000000000003,309.20000000000016,70.30000000000003,70.30000000000003,309.20000000000016,70.30000000000003,1.6694
321_4,172.0,67.0,18,high_school,R,30.0,33.0,58.2632,61.6,83.0,126,321,1.1656378493665818,1.1835635020288573,1.2889,1.1694,1.1861,latest_sustained_upward_crossing,latest_sustained_upward_crossing,1.1611,zero_baseline_breakout_before_fp100,0.0,4.559022341403399,22.463502028857274,1.2019,2350.9108,307.2707978284894,2350.9108,307.2707978284894,1.1537,-1.4675057275072765,1.2019,307.2707978284894,308.73830355599665,308.73830355599665,1.2019,307.2707978284894,307.2707978284894,1.1537,-1.4675057275072765,1.2019,307.2707978284894,308.73830355599665,308.73830355599665,False,ok,ok,0.0,1.5611,563,True,True,True,True,True,True,True,123.26215063341817,105.33649797114263,17.925652662275525,127.79999999999991,86.99999999999997,135.2,86.99999999999997,86.99999999999997,135.2,86.99999999999997,1.5611
321_5,172.0,67.0,18,high_school,R,30.0,33.0,61.6575,64.2,86.8,126,321,0.8014314293586308,0.8353195763249919,0.9611,0.8028,0.8361,latest_sustained_upward_crossing,latest_sustained_upward_crossing,0.7963,zero_baseline_breakout_before_fp100,0.0,3.9117271222093497,39.01957632499187,0.8833,1645.4951,215.07093854852766,1645.4951,215.07093854852766,0.7907,-0.7858771698625733,0.8833,215.07093854852766,215.85681571839024,215.85681571839024,0.8833,215.07093854852766,215.07093854852766,0.7907,-0.7858771698625733,0.8833,215.07093854852766,215.85681571839024,215.85681571839024,False,ok,ok,0.0,1.2472,450,True,True,True,True,True,True,True,159.6685706413692,125.78042367500808,33.88814696636111,164.79999999999995,77.79999999999998,170.4,77.79999999999998,77.79999999999998,170.4,77.79999999999998,1.2472
321_6,172.0,67.0,18,high_school,R,30.0,33.0,65.0164,63.5,89.6,126,321,1.35711041330153,1.3750680649085505,1.4861,1.3611,1.3778,latest_sustained_upward_crossing,latest_sustained_upward_crossing,1.3528,zero_baseline_breakout_before_fp100,0.0,4.560719172242717,22.26806490855049,1.3926,2553.3668,333.73237886557706,2553.3668,333.73237886557706,1.3444,-2.1803461314378714,1.3926,333.73237886557706,335.91272499701495,335.91272499701495,1.3926,333.73237886557706,333.73237886557706,1.3444,-2.1803461314378714,1.3926,333.73237886557706,335.91272499701495,335.91272499701495,False,ok,ok,0.0,1.8056,651,True,True,True,True,True,True,True,128.98958669847005,111.03193509144948,17.957651607020566,133.29999999999998,93.49999999999991,141.69999999999993,93.49999999999991,93.49999999999991,141.69999999999993,93.49999999999991,1.8056
321_7,172.0,67.0,18,high_school,R,30.0,33.0,61.7234,67.0,85.5,126,321,0.9889324452857723,1.013678697444942,1.1389,0.9917,1.0139,latest_sustained_upward_crossing,latest_sustained_upward_crossing,0.9833,zero_baseline_breakout_before_fp100,0.0,3.7392239315631532,30.378697444942148,1.038,1970.2923,257.5228660212584,1970.2923,257.5228660212584,0.9769,-0.6962280686586652,1.038,257.5228660212584,258.21909408991706,258.21909408991706,1.038,257.5228660212584,257.5228660212584,0.9769,-0.6962280686586652,1.038,257.5228660212584,258.21909408991706,258.21909408991706,False,ok,ok,0.0,1.425,514,True,True,True,True,True,True,True,149.96755471422773,125.22130255505792,24.746252159169813,155.60000000000008,100.89999999999999,162.00000000000003,100.89999999999999,100.89999999999999,162.00000000000003,100.89999999999999,1.425
321_8,172.0,67.0,18,high_school,R,30.0,33.0,63.8134,67.0,85.3,126,321,1.0844751821522491,1.1047487359777923,1.225,1.0861,1.1056,latest_sustained_upward_crossing,latest_sustained_upward_crossing,1.0796,zero_baseline_breakout_before_fp100,0.0,4.498772160740428,25.148735977792434,1.125,1992.8178,260.4670136071581,1992.8178,260.4670136071581,1.0713,-1.1175618529434277,1.125,260.4670136071581,261.5845754601015,261.5845754601015,1.125,260.4670136071581,260.4670136071581,1.0713,-1.1175618529434277,1.125,260.4670136071581,261.5845754601015,261.5845754601015,False,ok,ok,0.0,1.525,550,True,True,True,True,True,True,True,140.52481784775094,120.25126402220776,20.27355382554319,145.4000000000002,100.00000000000009,153.70000000000016,100.00000000000009,100.00000000000009,153.70000000000016,100.00000000000009,1.525
324_1,179.0,72.0,18,college,L,30.0,33.0,67.1736,65.2,94.1,195,324,1.8833,1.9639,1.9361,1.8833,1.9639,not_detected,not_detected,,missing_force_or_fp100,0.0,,,2.0074,1334.3426,167.58220650070172,1334.3426,167.58220650070172,1.8565,-0.9557519871360923,2.0074,167.58220650070172,168.5379584878378,168.5379584878378,1.9361,70.96630564961487,70.96630564961487,1.8565,-0.9557519871360923,1.9361,70.96630564961487,71.92205763675096,71.92205763675096,False,ok,ok,0.0,2.4389,879,True,True,True,True,False,True,True,52.799999999999955,-27.800000000000047,80.60000000000001,,-71.30000000000014,79.5999999999999,-71.30000000000014,0.0,79.5999999999999,0.0,2.4389
324_2,179.0,72.0,18,college,L,30.0,33.0,65.2487,61.3,91.4,195,324,1.7056630777888817,1.975,2.0167,1.7056,1.975,latest_sustained_upward_crossing,not_detected,,missing_force_or_fp100,0.0,,,2.0444,1266.5248,159.0648612821474,1266.5248,159.0648612821474,1.6824,-1.2382828242269404,2.0444,159.0648612821474,160.30314410637433,160.30314410637433,2.0167,143.4334433388454,143.4334433388454,1.6824,-1.2382828242269404,2.0167,143.4334433388454,144.67172616307232,144.67172616307232,False,ok,ok,0.0,2.5583,922,True,True,True,True,True,True,True,311.03692221111845,41.700000000000074,269.3369222111184,,-27.699999999999836,334.30000000000024,-27.699999999999836,0.0,334.30000000000024,0.0,2.5583
324_3,179.0,72.0,18,college,L,30.0,33.0,68.518,69.1,90.4,195,324,1.9722,2.075,2.0389,1.9722,2.075,not_detected,not_detected,,missing_force_or_fp100,0.0,,,2.1083,1369.6337,172.01447180335856,1369.6337,172.01447180335856,1.9546,-1.2542078376262644,2.1083,172.01447180335856,173.26867964098483,173.26867964098483,2.0343,97.39500826924699,97.39500826924699,1.9546,-1.2542078376262644,2.0343,97.39500826924699,98.64921610687325,98.64921610687325,False,ok,ok,0.0,2.6417,952,True,True,True,True,False,True,True,66.69999999999999,-36.10000000000024,102.80000000000022,,-69.3999999999999,84.30000000000004,-69.3999999999999,4.5999999999999375,84.30000000000004,4.5999999999999375,2.6417
324_4,179.0,72.0,18,college,L,30.0,33.0,66.5624,61.7,93.2,195,324,1.7306,1.8111,1.7917,1.7306,1.8111,not_detected,not_detected,,missing_force_or_fp100,0.0,,,1.862,1406.4457,176.63774935269544,1406.4457,176.63774935269544,1.0648,-0.947689007165772,1.862,176.63774935269544,177.5854383598612,177.5854383598612,1.7917,83.63381234513545,83.63381234513545,1.0648,-0.947689007165772,1.7917,83.63381234513545,84.58150135230123,84.58150135230123,False,ok,ok,0.0,2.3194,836,True,True,True,True,False,True,True,61.10000000000015,-19.399999999999864,80.50000000000001,,-70.30000000000003,726.9000000000001,-70.30000000000003,0.0,726.9000000000001,0.0,2.3194
324_5,179.0,72.0,18,college,L,30.0,33.0,67.8851,63.5,92.1,195,324,1.307015505242594,1.3861,1.4389,1.3083,1.3861,latest_sustained_upward_crossing,not_detected,,missing_force_or_fp100,0.0,,,1.4241,1607.6215,201.90373760679438,1607.6215,201.90373760679438,0.6352,-1.048513934271272,1.4241,201.90373760679438,202.95225154106566,202.95225154106566,1.4241,201.90373760679438,201.90373760679438,0.6352,-1.048513934271272,1.4241,201.90373760679438,202.95225154106566,202.95225154106566,False,ok,ok,0.0,2.0194,728,True,True,True,True,True,True,True,131.88449475740606,52.799999999999955,79.08449475740609,,14.800000000000146,803.7,14.800000000000146,14.800000000000146,803.7,14.800000000000146,2.0194
324_6,179.0,72.0,18,college,L,30.0,33.0,67.9485,63.7,97.7,195,324,1.4924237927452053,1.6,1.5667,1.4944,1.6,latest_sustained_upward_crossing,not_detected,,missing_force_or_fp100,0.0,,,1.637,1219.9809,153.2193389544124,1219.9809,153.2193389544124,1.475,-1.3889048161024087,1.637,153.2193389544124,154.6082437705148,154.6082437705148,1.5667,76.99939901450993,76.99939901450993,1.475,-1.3889048161024087,1.5667,76.99939901450993,78.38830383061234,78.38830383061234,False,ok,ok,0.0,2.1556,777,True,True,True,True,False,True,True,74.27620725479467,-33.30000000000011,107.57620725479478,,-70.30000000000003,91.69999999999989,-70.30000000000003,0.0,91.69999999999989,0.0,2.1556
324_7,179.0,72.0,18,college,L,30.0,33.0,70.4392,,95.0,195,324,1.4861,1.5556,1.5528,1.4861,1.5556,not_detected,not_detected,,missing_force_or_fp100,0.0,,,1.5926,1472.8041,184.97180620725152,1472.8041,184.97180620725152,0.8463,-1.1789784762209399,1.5926,184.97180620725152,186.15078468347247,186.15078468347247,1.5528,95.57866504144694,95.57866504144694,0.8463,-1.1789784762209399,1.5528,95.57866504144694,96.75764351766787,96.75764351766787,False,ok,ok,0.0,2.1472,774,True,True,True,True,False,True,True,66.69999999999999,-2.8000000000001357,69.50000000000011,,-39.800000000000054,706.4999999999999,-39.800000000000054,0.0,706.4999999999999,0.0,2.1472
324_8,179.0,72.0,18,college,L,30.0,33.0,68.9921,67.2,91.1,195,324,1.6361,1.6806,1.6972,1.6361,1.6806,not_detected,not_detected,,missing_force_or_fp100,0.0,,,1.7185,1402.6889,176.16592687368458,1402.6889,176.16592687368458,0.9435,-1.154375084068514,1.7185,176.16592687368458,177.3203019577531,177.3203019577531,1.6972,156.45996614874537,156.45996614874537,0.9435,-1.154375084068514,1.6972,156.45996614874537,157.61434123281387,157.61434123281387,False,ok,ok,0.0,2.25,811,True,True,True,True,True,True,True,61.09999999999993,16.599999999999948,44.499999999999986,,-21.299999999999876,753.7,-21.299999999999876,0.0,753.7,0.0,2.25
342_1,211.0,73.0,20,college,L,30.0,33.0,71.4068,79.8,95.9,200,342,1.3689474196675369,1.4389,1.4722,1.3694,1.4389,latest_sustained_upward_crossing,not_detected,,missing_force_or_fp100,0.0,,,1.4759,1758.1175,187.31779005525857,1758.1175,187.31779005525857,1.3463,-0.03991157823905391,1.4759,187.31779005525857,187.3577016334976,187.3577016334976,1.4722,185.0854159413937,185.0854159413937,1.3463,-0.03991157823905391,1.4722,185.0854159413937,185.12532751963275,185.12532751963275,False,ok,ok,0.0,1.9472,702,True,True,True,True,True,True,True,103.2525803324631,33.29999999999988,69.95258033246321,,-3.7000000000000366,125.8999999999999,-3.7000000000000366,0.0,125.8999999999999,0.0,1.9472
342_2,211.0,73.0,20,college,L,30.0,33.0,71.9894,76.8,96.3,200,342,1.4589834140778346,1.4972,1.55,1.4611,1.4972,latest_sustained_upward_crossing,not_detected,,missing_force_or_fp100,0.0,,,1.5454,1800.241,191.80581826121903,1800.241,191.80581826121903,1.4472,-1.30132414696738,1.5454,191.80581826121903,193.1071424081864,193.1071424081864,1.5454,191.80581826121903,191.80581826121903,1.4472,-1.30132414696738,1.5454,191.80581826121903,193.1071424081864,193.1071424081864,False,ok,ok,0.0,1.9944,719,True,True,True,True,True,True,True,91.01658592216543,52.799999999999955,38.21658592216548,,4.5999999999999375,102.8,4.5999999999999375,4.5999999999999375,102.8,4.5999999999999375,1.9944
342_3,211.0,73.0,20,college,L,30.0,33.0,72.3962,82.1,96.6,200,342,2.2520893276197467,2.2864243938177755,2.3639,2.2528,2.2889,latest_sustained_upward_crossing,latest_sustained_upward_crossing,2.2491,zero_baseline_breakout_before_fp100,0.0,6.40438437115762,37.324393817775636,2.3509,1912.3822,203.75384890089174,1912.3822,203.75384890089174,2.2407,-1.1775833381931216,2.3509,203.75384890089174,204.93143223908487,204.93143223908487,2.3509,203.75384890089174,203.75384890089174,2.2407,-1.1775833381931216,2.3509,203.75384890089174,204.93143223908487,204.93143223908487,False,ok,ok,0.0,2.8083,1012,True,True,True,True,True,True,True,111.81067238025344,77.4756061822246,34.33506619802884,114.80000000000024,12.9999999999999,123.2000000000002,12.9999999999999,12.9999999999999,123.2000000000002,12.9999999999999,2.8083
342_4,211.0,73.0,20,college,L,30.0,33.0,73.4176,,96.6,200,342,1.6482760240638352,1.6944,1.7528,1.65,1.6944,latest_sustained_upward_crossing,not_detected,,missing_force_or_fp100,0.0,,,1.75,1852.2577,197.34791274009623,1852.2577,197.34791274009623,1.6213,0.8022696021950134,1.75,197.34791274009623,196.5456431379012,197.34791274009623,1.75,197.34791274009623,197.34791274009623,1.6213,0.8022696021950134,1.75,197.34791274009623,196.5456431379012,197.34791274009623,False,ok,ok,0.0,2.1889,789,True,True,True,True,True,True,True,104.52397593616469,58.400000000000006,46.12397593616468,,2.7999999999999137,131.49999999999994,2.7999999999999137,2.7999999999999137,131.49999999999994,2.7999999999999137,2.1889
342_5,211.0,73.0,20,college,L,30.0,33.0,68.7366,75.6,87.7,200,342,1.4004707351553012,1.4417,1.5,1.4028,1.4417,latest_sustained_upward_crossing,not_detected,,missing_force_or_fp100,0.0,,,1.4972,1844.9232,196.56646193765536,1844.9232,196.56646193765536,1.388,-0.9181474251869916,1.4972,196.56646193765536,197.48460936284235,197.48460936284235,1.4972,196.56646193765536,196.56646193765536,1.388,-0.9181474251869916,1.4972,196.56646193765536,197.48460936284235,197.48460936284235,False,ok,ok,0.0,1.9833,715,True,True,True,True,True,True,True,99.52926484469882,58.30000000000002,41.2292648446988,,2.7999999999999137,112.0000000000001,2.7999999999999137,2.7999999999999137,112.0000000000001,2.7999999999999137,1.9833
342_6,211.0,73.0,20,college,L,30.0,33.0,73.9529,83.3,96.2,200,342,1.7128418591656054,1.7534018020261941,1.825,1.7139,1.7556,latest_sustained_upward_crossing,latest_sustained_upward_crossing,1.7093,zero_baseline_breakout_before_fp100,0.0,6.126011109323387,44.10180202619407,1.8083,1796.9858,191.4589945306163,1796.9858,191.4589945306163,1.6991,-0.5345232164108638,1.8083,191.4589945306163,191.99351774702717,191.99351774702717,1.8083,191.4589945306163,191.4589945306163,1.6991,-0.5345232164108638,1.8083,191.4589945306163,191.99351774702717,191.99351774702717,False,ok,ok,0.0,2.3167,835,True,True,True,True,True,True,True,112.15814083439457,71.59819797380584,40.55994286058873,115.69999999999992,16.69999999999994,125.8999999999999,16.69999999999994,16.69999999999994,125.8999999999999,16.69999999999994,2.3167
342_7,211.0,73.0,20,college,L,30.0,33.0,69.6332,73.2,90.5,200,342,1.4026867195429011,1.45,1.5056,1.4056,1.45,latest_sustained_upward_crossing,not_detected,,missing_force_or_fp100,0.0,,,1.5056,2010.181,214.17377537682762,2010.181,214.17377537682762,1.3833,-0.13281840211640308,1.5056,214.17377537682762,214.30659377894403,214.30659377894403,1.5056,214.17377537682762,214.17377537682762,1.3833,-0.13281840211640308,1.5056,214.17377537682762,214.30659377894403,214.30659377894403,False,ok,ok,0.0,1.9167,691,True,True,True,True,True,True,True,102.9132804570989,55.600000000000094,47.31328045709881,,0.0,122.30000000000007,0.0,0.0,122.30000000000007,0.0,1.9167
342_8,211.0,73.0,20,college,L,30.0,33.0,71.4152,82.4,100.6,200,342,2.1060183760912428,2.1861,2.2361,2.1083,2.1861,latest_sustained_upward_crossing,not_detected,,missing_force_or_fp100,0.0,,,2.225,1848.1452,196.90974839010124,1848.1452,196.90974839010124,2.0806,0.3464401703206292,2.225,196.90974839010124,196.56330821978062,196.90974839010124,2.225,196.90974839010124,196.90974839010124,2.0806,0.3464401703206292,2.225,196.90974839010124,196.56330821978062,196.90974839010124,False,ok,ok,0.0,2.75,991,True,True,True,True,True,True,True,130.08162390875722,49.99999999999982,80.0816239087574,,11.099999999999888,155.49999999999997,11.099999999999888,11.099999999999888,155.49999999999997,11.099999999999888,2.75
343_1,205.0,71.0,19,college,R,30.0,33.0,67.0852,65.2,90.0,201,343,1.486628732401129,1.83323293714393,1.9639,1.4889,1.8333,latest_sustained_upward_crossing,latest_sustained_upward_crossing,1.7065,last_local_min_after_zero_baseline_plus5bw_breakout,1.0,30.133619734753907,126.73293714393009,1.8917,1175.9793,128.96129928672673,1175.9793,128.96129928672673,1.4528,0.6270524568940146,1.8917,128.96129928672673,128.33424682983272,128.96129928672673,1.8917,128.96129928672673,128.96129928672673,1.4528,0.6270524568940146,1.8917,128.96129928672673,128.33424682983272,128.96129928672673,False,ok,ok,0.0,2.5778,929,True,True,True,True,True,True,True,477.2712675988711,130.66706285607,346.6042047428011,257.4000000000001,72.20000000000005,511.0999999999999,72.20000000000005,72.20000000000005,511.0999999999999,72.20000000000005,2.5778
343_2,205.0,71.0,19,college,R,30.0,33.0,69.2771,56.7,92.8,201,343,1.1322975803995468,1.4540429744146213,1.5833,1.1333,1.4556,latest_sustained_upward_crossing,latest_sustained_upward_crossing,1.3778,last_local_min_after_zero_baseline_plus5bw_breakout,2.0,50.42931048048312,76.24297441462136,1.5056,1135.9514,124.57172372896036,1135.9514,124.57172372896036,1.0972,0.8193244178370498,1.5056,124.57172372896036,123.75239931112331,124.57172372896036,1.5056,124.57172372896036,124.57172372896036,1.0972,0.8193244178370498,1.5056,124.57172372896036,123.75239931112331,124.57172372896036,False,ok,ok,0.0,2.1722,783,True,True,True,True,True,True,True,451.00241960045315,129.25702558537867,321.7453940150745,205.50000000000003,77.69999999999987,486.09999999999997,77.69999999999987,77.69999999999987,486.09999999999997,77.69999999999987,2.1722
343_3,205.0,71.0,19,college,R,30.0,33.0,65.1579,61.3,86.1,201,343,0.970709995285216,1.064198155773783,1.1944,0.9722,1.0639,latest_sustained_upward_crossing,latest_sustained_upward_crossing,0.962,zero_baseline_breakout_before_fp100,0.0,5.655140244507398,102.198155773783,1.088,971.801,106.57051498112283,971.801,106.57051498112283,0.9343,0.6151759649245109,1.088,106.57051498112283,105.95533901619831,106.57051498112283,1.088,106.57051498112283,106.57051498112283,0.9343,0.6151759649245109,1.088,106.57051498112283,105.95533901619831,106.57051498112283,False,ok,ok,0.0,1.7222,621,True,True,True,True,True,True,True,223.69000471478395,130.20184422621693,93.488160488567,232.39999999999995,106.39999999999984,260.0999999999999,106.39999999999984,106.39999999999984,260.0999999999999,106.39999999999984,1.7222
343_4,205.0,71.0,19,college,R,30.0,33.0,68.2875,63.0,82.5,201,343,1.3793099389536363,,1.8833,1.3806,,latest_sustained_upward_crossing,not_detected,,missing_force_or_fp100,0.0,,,1.8333,898.5536,98.5379927476323,898.5536,98.5379927476323,1.3407,0.392461583199073,1.8333,98.5379927476323,98.14553116443322,98.5379927476323,1.8333,98.5379927476323,98.5379927476323,1.3407,0.392461583199073,1.8333,98.5379927476323,98.14553116443322,98.5379927476323,False,ok,ok,0.0,2.3722,855,True,True,True,False,False,True,True,503.9900610463637,,,,50.00000000000004,542.6,50.00000000000004,50.00000000000004,542.6,50.00000000000004,2.3722
343_5,205.0,71.0,19,college,R,30.0,33.0,65.3756,72.3,82.5,201,343,1.608526426733359,2.141052729072298,2.2667,1.6111,2.1417,latest_sustained_upward_crossing,latest_sustained_upward_crossing,1.9759,last_local_min_after_zero_baseline_plus5bw_breakout,1.0,23.503855635350632,165.15272907229783,2.1889,1052.8442,115.45794724319924,1052.8442,115.45794724319924,1.5796,0.7176778766871614,2.1889,115.45794724319924,114.74026936651208,115.45794724319924,2.1889,115.45794724319924,115.45794724319924,1.5796,0.7176778766871614,2.1889,115.45794724319924,114.74026936651208,115.45794724319924,False,ok,ok,0.0,2.9694,1070,True,True,True,True,True,True,True,658.1735732666411,125.64727092770234,532.5263023389389,290.8000000000002,77.80000000000031,687.1000000000003,77.80000000000031,77.80000000000031,687.1000000000003,77.80000000000031,2.9694
343_6,205.0,71.0,19,college,R,30.0,33.0,68.9904,82.4,92.7,201,343,0.9757035107744718,1.1434151943141666,1.2778,0.9778,1.1417,latest_sustained_upward_crossing,latest_sustained_upward_crossing,0.9657,zero_baseline_breakout_before_fp100,0.0,5.404755978118449,177.7151943141666,1.2102,1093.6506,119.93289536789315,1093.6506,119.93289536789315,0.9361,0.49558857348643415,1.2102,119.93289536789315,119.43730679440672,119.93289536789315,1.2102,119.93289536789315,119.93289536789315,0.9361,0.49558857348643415,1.2102,119.93289536789315,119.43730679440672,119.93289536789315,False,ok,ok,0.0,1.8639,672,True,True,True,True,True,True,True,302.0964892255282,134.38480568583344,167.71168353969477,312.1,67.60000000000011,341.7,67.60000000000011,67.60000000000011,341.7,67.60000000000011,1.8639
343_7,205.0,71.0,19,college,R,30.0,33.0,68.5858,62.7,88.7,201,343,1.4554418918923515,1.8111627591554476,1.9111,1.4583,1.8111,latest_sustained_upward_crossing,latest_sustained_upward_crossing,1.6185,last_local_min_after_zero_baseline_plus5bw_breakout,2.0,23.702362254643855,192.6627591554475,1.8343,993.603,108.96138550669177,993.603,108.96138550669177,1.4204,0.4128150172668465,1.8343,108.96138550669177,108.54857048942492,108.96138550669177,1.8343,108.96138550669177,108.96138550669177,1.4204,0.4128150172668465,1.8343,108.96138550669177,108.54857048942492,108.96138550669177,False,ok,ok,0.0,2.5583,922,True,True,True,True,True,True,True,455.6581081076485,99.93724084455246,355.72086726309607,292.59999999999997,76.79999999999998,490.69999999999993,76.79999999999998,76.79999999999998,490.69999999999993,76.79999999999998,2.5583
343_8,205.0,71.0,19,college,R,30.0,33.0,70.3519,62.7,90.8,201,343,1.2128462139490959,1.3394404170633663,1.4833,1.2139,1.3389,latest_sustained_upward_crossing,latest_sustained_upward_crossing,1.1935,zero_baseline_breakout_before_fp100,0.0,5.519238239066784,145.94041706336625,1.4278,1157.7437,126.96153052440835,1157.7437,126.96153052440835,1.1491,0.5360103180843939,1.4278,126.96153052440835,126.42552020632395,126.96153052440835,1.4278,126.96153052440835,126.96153052440835,1.1491,0.5360103180843939,1.4278,126.96153052440835,126.42552020632395,126.96153052440835,False,ok,ok,0.0,2.0167,727,True,True,True,True,True,True,True,270.4537860509042,143.8595829366338,126.59420311427039,289.80000000000007,55.50000000000011,334.20000000000005,55.50000000000011,55.50000000000011,334.20000000000005,55.50000000000011,2.0167
343_9,205.0,71.0,19,college,R,30.0,33.0,69.9364,,92.6,201,343,1.1406374604240879,1.613974672032093,1.7056,1.1417,1.6139,latest_sustained_upward_crossing,latest_sustained_upward_crossing,1.4676,last_local_min_after_zero_baseline_plus5bw_breakout,2.0,21.886305941457998,146.3746720320931,1.6435,1067.5198,117.0673160848211,1067.5198,117.0673160848211,0.662,0.7161645286799669,1.6435,117.0673160848211,116.35115155614113,117.0673160848211,1.6435,117.0673160848211,117.0673160848211,0.662,0.7161645286799669,1.6435,117.0673160848211,116.35115155614113,117.0673160848211,False,ok,ok,0.0,2.2222,801,True,True,True,True,True,True,True,564.9625395759122,91.6253279679069,473.33721160800525,238.0,62.100000000000044,1043.6000000000001,62.100000000000044,62.100000000000044,1043.6000000000001,62.100000000000044,2.2222
349_1,202.0,74.0,19,high_school,R,31.0,34.0,67.0615,69.8,94.7,121,349,1.227346594884847,1.2666211672427612,1.3778,1.2278,1.2667,latest_sustained_upward_crossing,latest_sustained_upward_crossing,1.2213,zero_baseline_breakout_before_fp100,0.0,3.5453934954855493,45.32116724276114,1.3278,1820.0801,202.55954635355545,1820.0801,202.55954635355545,1.213,-1.5346771696210642,1.3278,202.55954635355545,204.0942235231765,204.0942235231765,1.3278,202.55954635355545,202.55954635355545,1.213,-1.5346771696210642,1.3278,202.55954635355545,204.0942235231765,204.0942235231765,False,ok,ok,0.0,1.9583,706,True,True,True,True,True,True,True,150.45340511515292,111.17883275723872,39.27457235791421,156.49999999999986,49.99999999999982,164.79999999999984,49.99999999999982,49.99999999999982,164.79999999999984,49.99999999999982,1.9583
349_3,202.0,74.0,19,high_school,R,31.0,34.0,67.6381,70.0,94.0,121,349,1.5917089754014955,1.6275924284046137,1.7361,1.5917,1.6278,latest_sustained_upward_crossing,latest_sustained_upward_crossing,1.5852,zero_baseline_breakout_before_fp100,0.0,3.216312874956925,42.39242840461377,1.6509,2160.3595,240.4297702505477,2160.3595,240.4297702505477,1.4185,-1.3488425294306863,1.6509,240.4297702505477,241.7786127799784,241.7786127799784,1.6509,240.4297702505477,240.4297702505477,1.4185,-1.3488425294306863,1.6509,240.4297702505477,241.7786127799784,241.7786127799784,False,ok,ok,0.0,2.1028,758,True,True,True,True,True,True,True,144.39102459850452,108.50757159538627,35.883453003118234,150.90000000000003,85.19999999999995,317.5999999999999,85.19999999999995,85.19999999999995,317.5999999999999,85.19999999999995,2.1028
349_4,202.0,74.0,19,high_school,R,31.0,34.0,68.7157,68.7,90.0,121,349,1.4111,1.45,1.5583,,,,,,,,,,,,,,,,,,,,,,,,,,,,,,,,,0.0,2.0417,736,True,True,False,True,True,True,True,147.2,108.30000000000007,38.899999999999935,,,,,,,,2.0417
349_5,202.0,74.0,19,high_school,R,31.0,34.0,66.5966,72.1,93.4,121,349,1.337913008933108,1.3800397148952523,1.4889,1.3389,1.3806,latest_sustained_upward_crossing,latest_sustained_upward_crossing,1.3324,zero_baseline_breakout_before_fp100,0.0,3.838968836372635,47.63971489525232,1.4259,1983.7081,220.7699610769182,1983.7081,220.7699610769182,1.325,-1.4029190964857257,1.4259,220.7699610769182,222.17288017340394,222.17288017340394,1.4259,220.7699610769182,220.7699610769182,1.325,-1.4029190964857257,1.4259,220.7699610769182,222.17288017340394,222.17288017340394,False,ok,ok,0.0,1.9167,691,True,True,True,True,True,True,True,150.98699106689196,108.86028510474755,42.126705962144406,156.49999999999986,62.99999999999994,163.89999999999992,62.99999999999994,62.99999999999994,163.89999999999992,62.99999999999994,1.9167
349_6,202.0,74.0,19,high_school,R,31.0,34.0,67.4499,77.2,92.1,121,349,1.4611,1.5,1.5944,,,,,,,,,,,,,,,,,,,,,,,,,,,,,,,,,0.0,2.0556,741,True,True,False,True,True,True,True,133.29999999999998,94.40000000000003,38.899999999999935,,,,,,,,2.0556
349_7,202.0,74.0,19,high_school,R,31.0,34.0,68.8657,76.2,93.3,121,349,1.356754086646883,1.3861829558806587,1.4861,1.3583,1.3889,latest_sustained_upward_crossing,latest_sustained_upward_crossing,1.3509,zero_baseline_breakout_before_fp100,0.0,3.6222468614580485,35.28295588065866,1.4287,2116.7665,235.57823745032067,2116.7665,235.57823745032067,1.1361,-1.131935286808189,1.4287,235.57823745032067,236.71017273712886,236.71017273712886,1.4287,235.57823745032067,235.57823745032067,1.1361,-1.131935286808189,1.4287,235.57823745032067,236.71017273712886,236.71017273712886,False,ok,ok,0.0,2.0056,723,True,True,True,True,True,True,True,129.34591335311697,99.91704411934133,29.428869233775636,135.2,57.39999999999989,349.9999999999999,57.39999999999989,57.39999999999989,349.9999999999999,57.39999999999989,2.0056
349_8,202.0,74.0,19,high_school,R,31.0,34.0,68.7958,67.1,87.5,121,349,1.3885223532877473,1.4259887654432708,1.5278,1.3889,1.4278,latest_sustained_upward_crossing,latest_sustained_upward_crossing,1.3824,zero_baseline_breakout_before_fp100,0.0,3.147894099615966,43.58876544327073,1.4537,2552.3198,284.0516419234502,2552.3198,284.0516419234502,1.3759,-1.452143351699646,1.4537,284.0516419234502,285.5037852751498,285.5037852751498,1.4537,284.0516419234502,284.0516419234502,1.3759,-1.452143351699646,1.4537,284.0516419234502,285.5037852751498,285.5037852751498,False,ok,ok,0.0,1.9889,717,True,True,True,True,True,True,True,139.27764671225273,101.81123455672925,37.466412155523486,145.39999999999998,74.10000000000005,151.90000000000015,74.10000000000005,74.10000000000005,151.90000000000015,74.10000000000005,1.9889
350_1,175.0,73.0,17,high_school,R,30.0,33.0,65.5628,65.9,87.2,207,350,1.360585505170849,1.4473236605291542,1.5528,1.3611,1.4472,latest_sustained_upward_crossing,latest_sustained_upward_crossing,1.3546,zero_baseline_breakout_before_fp100,0.0,4.84600802552528,92.72366052915415,1.5167,1272.5752,163.47787755677845,1272.5752,163.47787755677845,1.3435,-0.14372356887869867,1.5167,163.47787755677845,163.62160112565715,163.62160112565715,1.5167,163.47787755677845,163.47787755677845,1.3435,-0.14372356887869867,1.5167,163.47787755677845,163.62160112565715,163.62160112565715,False,ok,ok,0.0,2.1167,763,True,True,True,True,True,True,True,192.21449482915088,105.47633947084579,86.7381553583051,198.19999999999993,36.10000000000002,209.30000000000004,36.10000000000002,36.10000000000002,209.30000000000004,36.10000000000002,2.1167
350_2,175.0,73.0,17,high_school,R,30.0,33.0,62.6331,60.7,84.0,207,350,0.8187494459300397,0.9045564011779839,1.025,0.8194,0.9056,latest_sustained_upward_crossing,latest_sustained_upward_crossing,0.812,zero_baseline_breakout_before_fp100,0.0,5.089079767065971,92.5564011779838,0.9685,1081.8176,138.9727264460033,1081.8176,138.9727264460033,0.7991,0.06849607340554356,0.9685,138.9727264460033,138.90423037259774,138.9727264460033,0.9685,138.9727264460033,138.9727264460033,0.7991,0.06849607340554356,0.9685,138.9727264460033,138.90423037259774,138.9727264460033,False,ok,ok,0.0,1.5583,562,True,True,True,True,True,True,True,206.25055406996017,120.44359882201606,85.80695524794413,212.99999999999986,56.499999999999886,225.8999999999999,56.499999999999886,56.499999999999886,225.8999999999999,56.499999999999886,1.5583
350_4,175.0,73.0,17,high_school,R,30.0,33.0,62.3156,63.0,83.4,207,350,1.0676539955209399,1.1441378678643286,1.2472,1.0694,1.1444,latest_sustained_upward_crossing,latest_sustained_upward_crossing,1.063,zero_baseline_breakout_before_fp100,0.0,4.745630643517072,81.13786786432864,1.1741,1208.6304,155.2633844684386,1208.6304,155.2633844684386,1.0556,-0.6722301247634449,1.1741,155.2633844684386,155.93561459320205,155.93561459320205,1.1741,155.2633844684386,155.2633844684386,1.0556,-0.6722301247634449,1.1741,155.2633844684386,155.93561459320205,155.93561459320205,False,ok,ok,0.0,1.8028,650,True,True,True,True,True,True,True,179.54600447906023,103.0621321356715,76.48387234338871,184.20000000000013,73.10000000000016,191.6,73.10000000000016,73.10000000000016,191.6,73.10000000000016,1.8028
350_5,175.0,73.0,17,high_school,R,30.0,33.0,60.6943,57.4,82.6,207,350,1.0511221052156148,1.1366502259702018,1.25,1.0528,1.1389,latest_sustained_upward_crossing,latest_sustained_upward_crossing,1.0389,zero_baseline_breakout_before_fp100,0.0,4.754650205012247,97.75022597020188,1.1917,1282.1777,164.7114363431189,1282.1777,164.7114363431189,0.9278,0.009531899187343082,1.1917,164.7114363431189,164.70190444393154,164.7114363431189,1.1917,164.7114363431189,164.7114363431189,0.9278,0.009531899187343082,1.1917,164.7114363431189,164.70190444393154,164.7114363431189,False,ok,ok,0.0,1.7833,643,True,True,True,True,True,True,True,198.87789478438523,113.34977402979818,85.52812075458705,211.10000000000008,58.30000000000002,322.20000000000005,58.30000000000002,58.30000000000002,322.20000000000005,58.30000000000002,1.7833
350_6,175.0,73.0,17,high_school,R,30.0,33.0,66.3954,65.6,80.5,207,350,1.5176337243500293,1.5970497782947108,1.7278,1.5194,1.5972,latest_sustained_upward_crossing,latest_sustained_upward_crossing,1.5065,zero_baseline_breakout_before_fp100,0.0,4.809459758829938,90.54977829471089,1.6667,1228.7652,157.84994624414367,1228.7652,157.84994624414367,1.3185,0.10333503647302932,1.6667,157.84994624414367,157.74661120767064,157.84994624414367,1.6667,157.84994624414367,157.84994624414367,1.3185,0.10333503647302932,1.6667,157.84994624414367,157.74661120767064,157.84994624414367,False,ok,ok,0.0,2.325,838,True,True,True,True,True,True,True,210.16627564997071,130.75022170528916,79.41605394468154,221.30000000000004,61.09999999999993,409.3,61.09999999999993,61.09999999999993,409.3,61.09999999999993,2.325
350_7,175.0,73.0,17,high_school,R,30.0,33.0,64.4862,64.9,92.6,207,350,1.0022467847895975,1.0620964719634711,1.1861,1.0028,1.0639,latest_sustained_upward_crossing,latest_sustained_upward_crossing,0.9926,zero_baseline_breakout_before_fp100,0.0,5.0290622023715414,69.49647196347108,1.1361,1327.5869,170.54480449106904,1327.5869,170.54480449106904,0.8083,0.12966979837876158,1.1361,170.54480449106904,170.4151346926903,170.54480449106904,1.1361,170.54480449106904,170.54480449106904,0.8083,0.12966979837876158,1.1361,170.54480449106904,170.4151346926903,170.54480449106904,False,ok,ok,0.0,1.7694,638,True,True,True,True,True,True,True,183.85321521040242,124.0035280365288,59.84968717387362,193.4999999999999,49.99999999999982,377.7999999999999,49.99999999999982,49.99999999999982,377.7999999999999,49.99999999999982,1.7694
350_8,175.0,73.0,17,high_school,R,30.0,33.0,66.8345,55.4,88.1,207,350,1.2073897165874303,1.2806986231020894,1.3806,1.2083,1.2806,latest_sustained_upward_crossing,latest_sustained_upward_crossing,1.2028,zero_baseline_breakout_before_fp100,0.0,4.926968715792661,77.89862310208929,1.3343,1190.2037,152.89624906742222,1190.2037,152.89624906742222,1.1944,-0.4702874627350982,1.3343,152.89624906742222,153.3665365301573,153.3665365301573,1.3343,152.89624906742222,152.89624906742222,1.1944,-0.4702874627350982,1.3343,152.89624906742222,153.3665365301573,153.3665365301573,False,ok,ok,0.0,1.9083,688,True,True,True,True,True,True,True,173.2102834125697,99.90137689791068,73.30890651465904,177.79999999999995,46.30000000000001,186.20000000000013,46.30000000000001,46.30000000000001,186.20000000000013,46.30000000000001,1.9083
353_1,174.0,70.0,20,college,L,30.0,33.0,63.4835,67.0,91.9,98,353,1.93291175314867,1.975,2.0222,1.9333,1.975,latest_sustained_upward_crossing,not_detected,,missing_force_or_fp100,0.0,,,2.0222,1303.5545,168.41994793980993,1303.5545,168.41994793980993,1.913,-1.0638631030202288,2.0222,168.41994793980993,169.48381104283015,169.48381104283015,2.0222,168.41994793980993,168.41994793980993,1.913,-1.0638631030202288,2.0222,168.41994793980993,169.48381104283015,169.48381104283015,False,ok,ok,0.0,2.575,928,True,True,True,True,True,True,True,89.2882468513303,47.20000000000013,42.08824685133017,,0.0,109.20000000000019,0.0,0.0,109.20000000000019,0.0,2.575
353_2,174.0,70.0,20,college,L,30.0,33.0,66.7865,61.6,87.5,98,353,1.1518039119199093,1.2028,1.2389,1.1528,1.2028,latest_sustained_upward_crossing,not_detected,,missing_force_or_fp100,0.0,,,1.2528,1339.1835,173.02323405109067,1339.1835,173.02323405109067,0.95,-0.7585363821417702,1.2528,173.02323405109067,173.78177043323245,173.78177043323245,1.2389,163.84224353584722,163.84224353584722,0.95,-0.7585363821417702,1.2389,163.84224353584722,164.600779917989,164.600779917989,False,ok,ok,0.0,1.6472,594,True,True,True,True,True,True,True,87.09608808009062,36.099999999999795,50.996088080090814,,-13.900000000000023,288.8999999999999,-13.900000000000023,0.0,288.8999999999999,0.0,1.6472
353_3,174.0,70.0,20,college,L,30.0,33.0,65.9822,67.3,85.8,98,353,1.215108190171823,1.2611,1.3083,1.2167,1.2611,latest_sustained_upward_crossing,not_detected,,missing_force_or_fp100,0.0,,,1.312,1287.0945,166.29330701832234,1287.0945,166.29330701832234,1.0278,-0.9671435772714078,1.312,166.29330701832234,167.26045059559374,167.26045059559374,1.3083,165.76379151694783,165.76379151694783,1.0278,-0.9671435772714078,1.3083,165.76379151694783,166.73093509421923,166.73093509421923,False,ok,ok,0.0,1.8667,673,True,True,True,True,True,True,True,93.19180982817699,47.19999999999991,45.991809828177075,,-3.7000000000000366,280.5,-3.7000000000000366,0.0,280.5,0.0,1.8667
353_4,174.0,70.0,20,college,L,30.0,33.0,67.5187,65.1,89.7,98,353,1.3192845960734751,1.3639,1.4028,1.3194,1.3639,latest_sustained_upward_crossing,not_detected,,missing_force_or_fp100,0.0,,,1.4083,1305.6476,168.69037759429145,1305.6476,168.69037759429145,1.1083,-0.9914074390609197,1.4083,168.69037759429145,169.68178503335236,169.68178503335236,1.4028,167.1665218015524,167.1665218015524,1.1083,-0.9914074390609197,1.4028,167.1665218015524,168.1579292406133,168.1579292406133,False,ok,ok,0.0,1.7833,643,True,True,True,True,True,True,True,83.5154039265249,38.900000000000155,44.61540392652474,,-5.50000000000006,294.5,-5.50000000000006,0.0,294.5,0.0,1.7833
353_5,174.0,70.0,20,college,L,30.0,33.0,67.7412,63.1,92.8,98,353,2.2014004925586663,2.25,2.3028,2.2028,2.25,latest_sustained_upward_crossing,not_detected,,missing_force_or_fp100,0.0,,,2.313,1201.842,155.27863781059946,1201.842,155.27863781059946,1.9954,-1.1516290312077448,2.313,155.27863781059946,156.4302668418072,156.4302668418072,2.3028,152.5821708186302,152.5821708186302,1.9954,-1.1516290312077448,2.3028,152.5821708186302,153.73379984983794,153.73379984983794,False,ok,ok,0.0,3.0889,1113,True,True,True,True,True,True,True,101.39950744133364,52.799999999999955,48.59950744133368,,-10.200000000000209,307.3999999999999,-10.200000000000209,0.0,307.3999999999999,0.0,3.0889
353_6,174.0,70.0,20,college,L,30.0,33.0,65.3232,60.1,87.5,98,353,1.5764819180258003,1.6194,1.6639,1.5778,1.6194,latest_sustained_upward_crossing,not_detected,,missing_force_or_fp100,0.0,,,1.6648,1266.5424,163.63796455887493,1266.5424,163.63796455887493,1.3741,-1.1706861111542461,1.6648,163.63796455887493,164.80865067002918,164.80865067002918,1.6639,163.6057290236434,163.6057290236434,1.3741,-1.1706861111542461,1.6639,163.6057290236434,164.77641513479765,164.77641513479765,False,ok,ok,0.0,2.3444,845,True,True,True,True,True,True,True,87.41808197419965,44.499999999999986,42.918081974199666,,-0.9000000000001229,289.79999999999984,-0.9000000000001229,0.0,289.79999999999984,0.0,2.3444
353_7,174.0,70.0,20,college,L,30.0,33.0,63.6046,65.1,89.7,98,353,1.4106614447208432,1.4556,1.5,1.4111,1.4556,latest_sustained_upward_crossing,not_detected,,missing_force_or_fp100,0.0,,,1.488,1281.2726,165.5411143827933,1281.2726,165.5411143827933,1.2472,-1.0887471274113898,1.488,165.5411143827933,166.62986151020468,166.62986151020468,1.488,165.5411143827933,165.5411143827933,1.2472,-1.0887471274113898,1.488,165.5411143827933,166.62986151020468,166.62986151020468,False,ok,ok,0.0,2.0028,722,True,True,True,True,True,True,True,89.3385552791568,44.39999999999999,44.9385552791568,,12.00000000000001,252.79999999999993,12.00000000000001,12.00000000000001,252.79999999999993,12.00000000000001,2.0028
353_8,174.0,70.0,20,college,L,30.0,33.0,63.4409,66.1,87.2,98,353,1.595321263926864,1.6361,1.6944,1.5972,1.6361,latest_sustained_upward_crossing,not_detected,,missing_force_or_fp100,0.0,,,1.6954,1414.4847,182.75218990510766,1414.4847,182.75218990510766,1.1194,-1.1516548713161467,1.6954,182.75218990510766,183.9038447764238,183.9038447764238,1.6944,182.7400321341045,182.7400321341045,1.1194,-1.1516548713161467,1.6944,182.7400321341045,183.89168700542064,183.89168700542064,False,ok,ok,0.0,2.1861,788,True,True,True,True,True,True,True,99.078736073136,58.2999999999998,40.7787360731362,,-1.000000000000112,575.0,-1.000000000000112,0.0,575.0,0.0,2.1861
358_1,207.0,68.0,18,college,L,30.0,33.0,72.7336,73.7,99.8,58,358,1.3385855701418394,1.4167,1.475,1.1028,1.4167,latest_sustained_upward_crossing,not_detected,,missing_force_or_fp100,0.0,,,1.4778,1422.9753,154.53989045756177,1422.9753,154.53989045756177,1.0806,-0.9382135161965425,1.4778,154.53989045756177,155.47810397375832,155.47810397375832,1.475,154.3609229902522,154.3609229902522,1.0806,-0.9382135161965425,1.475,154.3609229902522,155.29913650644875,155.29913650644875,False,ok,ok,0.0,1.8917,682,True,True,True,True,True,True,True,136.41442985816064,58.30000000000002,78.11442985816063,,-2.7999999999999137,394.4000000000001,-2.7999999999999137,0.0,394.4000000000001,0.0,1.8917
358_3,207.0,68.0,18,college,L,30.0,33.0,73.9305,74.5,95.5,58,358,1.3892650004842861,1.4778,1.5139,1.2722,1.4778,latest_sustained_upward_crossing,not_detected,,missing_force_or_fp100,0.0,,,1.5232,1595.6804,173.2962435969748,1595.6804,173.2962435969748,0.737,-0.6402819347472869,1.5232,173.2962435969748,173.93652553172208,173.93652553172208,1.5139,169.67792736731394,169.67792736731394,0.737,-0.6402819347472869,1.5139,169.67792736731394,170.31820930206123,170.31820930206123,False,ok,ok,0.0,1.9667,709,True,True,True,True,True,True,True,124.63499951571389,36.10000000000002,88.53499951571386,,-9.300000000000086,776.9000000000001,-9.300000000000086,0.0,776.9000000000001,0.0,1.9667
358_5,207.0,68.0,18,college,L,30.0,33.0,73.2244,75.4,95.4,58,358,1.2114474459786289,1.3333,1.3667,1.0583,1.3333,latest_sustained_upward_crossing,not_detected,,missing_force_or_fp100,0.0,,,1.3852,1723.3564,187.16228544187516,1723.3564,187.16228544187516,0.788,-0.9153090688055728,1.3852,187.16228544187516,188.07759451068074,188.07759451068074,1.3667,166.11668220026078,166.11668220026078,0.788,-0.9153090688055728,1.3667,166.11668220026078,167.03199126906637,167.03199126906637,False,ok,ok,0.0,1.7722,639,True,True,True,True,True,True,True,155.25255402137117,33.4000000000001,121.85255402137108,,-18.49999999999996,578.7,-18.49999999999996,0.0,578.7,0.0,1.7722
358_6,207.0,68.0,18,college,L,30.0,33.0,73.024,73.9,101.0,58,358,1.1891480226460758,1.3083,1.3472,1.0389,1.3083,latest_sustained_upward_crossing,not_detected,,missing_force_or_fp100,0.0,,,1.3537,1740.2135,188.9930230431759,1740.2135,188.9930230431759,1.0167,-0.814633759505292,1.3537,188.9930230431759,189.80765680268118,189.80765680268118,1.3472,186.5116318868062,186.5116318868062,1.0167,-0.814633759505292,1.3472,186.5116318868062,187.3262656463115,187.3262656463115,False,ok,ok,0.0,1.7333,625,True,True,True,True,True,True,True,158.05197735392417,38.899999999999935,119.15197735392424,,-6.49999999999995,330.5,-6.49999999999995,0.0,330.5,0.0,1.7333
358_7,207.0,68.0,18,college,L,30.0,33.0,76.8577,76.4,100.6,58,358,1.0643226771680019,1.1417,1.1806,0.9389,1.1417,latest_sustained_upward_crossing,not_detected,,missing_force_or_fp100,0.0,,,1.1954,1392.8634,151.2696371176274,1392.8634,151.2696371176274,0.9176,-0.9379745888174048,1.1954,151.2696371176274,152.20761170644482,152.20761170644482,1.1806,144.09400716233375,144.09400716233375,0.9176,-0.9379745888174048,1.1806,144.09400716233375,145.03198175115116,145.03198175115116,False,ok,ok,0.0,1.6083,580,True,True,True,True,True,True,True,116.2773228319982,38.900000000000155,77.37732283199806,,-14.799999999999924,263.0000000000001,-14.799999999999924,0.0,263.0000000000001,0.0,1.6083
358_8,207.0,68.0,18,college,L,30.0,33.0,75.3953,79.0,101.4,58,358,1.1421246230391287,1.2194,1.2583,1.0222,1.2194,latest_sustained_upward_crossing,not_detected,,missing_force_or_fp100,0.0,,,1.2741,1466.7213,159.29085278836007,1466.7213,159.29085278836007,1.0009,-0.8325641732760323,1.2741,159.29085278836007,160.1234169616361,160.1234169616361,1.2583,152.3777605813971,152.3777605813971,1.0009,-0.8325641732760323,1.2583,152.3777605813971,153.21032475467314,153.21032475467314,False,ok,ok,0.0,1.5472,558,True,True,True,True,True,True,True,116.17537696087132,38.899999999999935,77.27537696087138,,-15.800000000000036,257.4000000000001,-15.800000000000036,0.0,257.4000000000001,0.0,1.5472
360_1,173.0,69.0,20,college,R,30.0,33.0,70.7704,70.8,94.4,210,360,1.4050157121920417,1.4442194206966659,1.5667,1.275,1.4444,latest_sustained_upward_crossing,latest_sustained_upward_crossing,1.4093,last_local_min_after_zero_baseline_plus5bw_breakout,1.0,12.741025829165519,34.91942069666587,1.4815,1651.791,214.64588955394012,1651.791,214.64588955394012,1.2407,0.33736935148571423,1.4815,214.64588955394012,214.30852020245442,214.64588955394012,1.4815,214.64588955394012,214.64588955394012,1.2407,0.33736935148571423,1.4815,214.64588955394012,214.30852020245442,214.64588955394012,False,ok,ok,0.0,1.9194,692,True,True,True,True,True,True,True,161.6842878079583,122.48057930333411,39.20370850462418,157.39999999999998,85.19999999999995,326.00000000000006,85.19999999999995,85.19999999999995,326.00000000000006,85.19999999999995,1.9194
360_2,173.0,69.0,20,college,R,30.0,33.0,70.3252,72.2,95.6,210,360,1.0556167008712436,1.1093143056295276,1.2333,0.9528,1.1111,latest_sustained_upward_crossing,latest_sustained_upward_crossing,1.0574,last_local_min_after_zero_baseline_plus5bw_breakout,1.0,11.226085677759155,51.9143056295277,1.1528,1553.0633,201.81648499239785,1553.0633,201.81648499239785,0.9194,0.8920756725268776,1.1528,201.81648499239785,200.92440931987096,201.81648499239785,1.1528,201.81648499239785,201.81648499239785,0.9194,0.8920756725268776,1.1528,201.81648499239785,200.92440931987096,201.81648499239785,False,ok,ok,0.0,1.5222,549,True,True,True,True,True,True,True,177.68329912875646,123.98569437047246,53.697604758284,175.90000000000018,80.50000000000001,313.9000000000001,80.50000000000001,80.50000000000001,313.9000000000001,80.50000000000001,1.5222
360_3,173.0,69.0,20,college,R,30.0,33.0,69.597,71.5,94.5,210,360,0.9821850332222944,1.0220140781207958,1.1389,0.9833,1.0222,latest_sustained_upward_crossing,latest_sustained_upward_crossing,0.9796,last_local_min_after_zero_baseline_plus5bw_breakout,1.0,8.789754492463313,42.414078120795786,1.0722,1515.3949,196.92157563275507,1515.3949,196.92157563275507,0.888,0.6465661140329404,1.0722,196.92157563275507,196.27500951872213,196.92157563275507,1.0722,196.92157563275507,196.92157563275507,0.888,0.6465661140329404,1.0722,196.92157563275507,196.27500951872213,196.92157563275507,False,ok,ok,0.0,1.4972,540,True,True,True,True,True,True,True,156.71496677770557,116.88592187920422,39.829044898501365,159.3,66.69999999999999,250.9,66.69999999999999,66.69999999999999,250.9,66.69999999999999,1.4972
360_4,173.0,69.0,20,college,R,30.0,33.0,68.0364,68.1,91.8,210,360,1.4891404163609607,1.5243104661118878,1.65,1.4889,1.525,latest_sustained_upward_crossing,latest_sustained_upward_crossing,1.4787,zero_baseline_breakout_before_fp100,0.0,5.468823430164212,45.6104661118879,1.5694,1508.1075,195.97459719811332,1508.1075,195.97459719811332,1.4074,0.34920755652398117,1.5694,195.97459719811332,195.62538964158932,195.97459719811332,1.5694,195.97459719811332,195.97459719811332,1.4074,0.34920755652398117,1.5694,195.97459719811332,195.62538964158932,195.97459719811332,False,ok,ok,0.0,1.9056,687,True,True,True,True,True,True,True,160.8595836390392,125.68953388811211,35.17004975092708,171.3,80.60000000000001,242.59999999999994,80.60000000000001,80.60000000000001,242.59999999999994,80.60000000000001,1.9056
360_5,173.0,69.0,20,college,R,30.0,33.0,70.175,67.3,94.1,210,360,2.7417,2.85,2.9778,,,,,,,,,,,,,,,,,,,,,,,,,,,,,,,,,0.0,3.4528,1244,True,True,False,True,True,True,True,236.09999999999997,127.7999999999997,108.30000000000028,,,,,,,,3.4528
360_6,173.0,69.0,20,college,R,30.0,33.0,69.0553,65.3,92.8,210,360,1.2589503493049214,1.30513215133239,1.4222,1.2611,1.3056,latest_sustained_upward_crossing,latest_sustained_upward_crossing,1.2583,last_local_min_after_zero_baseline_plus5bw_breakout,1.0,10.09776645832702,46.83215133238994,1.3565,1546.2347,200.92912640925502,1546.2347,200.92912640925502,1.1732,0.4666929700815785,1.3565,200.92912640925502,200.46243343917345,200.92912640925502,1.3565,200.92912640925502,200.92912640925502,1.1732,0.4666929700815785,1.3565,200.92912640925502,200.46243343917345,200.92912640925502,False,ok,ok,0.0,1.6889,609,True,True,True,True,True,True,True,163.24965069507846,117.06784866761,46.181802027468464,163.89999999999992,65.69999999999987,248.9999999999999,65.69999999999987,65.69999999999987,248.9999999999999,65.69999999999987,1.6889
360_7,173.0,69.0,20,college,R,30.0,33.0,67.6399,69.0,98.4,210,360,1.3062343421625198,1.544576625531904,1.6639,1.3083,1.5472,latest_sustained_upward_crossing,latest_sustained_upward_crossing,1.5102,last_local_min_after_zero_baseline_plus5bw_breakout,2.0,19.02292151973515,34.37662553190401,1.5926,1516.396,197.05166594081007,1516.396,197.05166594081007,1.1324,0.870283499256654,1.5926,197.05166594081007,196.1813824415534,197.05166594081007,1.5926,197.05166594081007,197.05166594081007,1.1324,0.870283499256654,1.5926,197.05166594081007,196.1813824415534,197.05166594081007,False,ok,ok,0.0,2.0667,745,True,True,True,True,True,True,True,357.6656578374802,119.32337446809593,238.34228336938423,153.69999999999996,71.29999999999993,531.4999999999999,71.29999999999993,71.29999999999993,531.4999999999999,71.29999999999993,2.0667
360_8,173.0,69.0,20,college,R,30.0,33.0,67.3336,68.6,95.0,210,360,1.4704248351693805,1.49810947379114,1.6167,0.9306,1.5,latest_sustained_upward_crossing,latest_sustained_upward_crossing,1.4648,zero_baseline_breakout_before_fp100,0.0,5.475873456965267,33.30947379113991,1.537,1688.2285,219.38084670083202,1688.2285,219.38084670083202,1.4398,0.3553800564067218,1.537,219.38084670083202,219.0254666444253,219.38084670083202,1.537,219.38084670083202,219.38084670083202,1.4398,0.3553800564067218,1.537,219.38084670083202,219.0254666444253,219.38084670083202,False,ok,ok,0.0,1.8889,681,True,True,True,True,True,True,True,146.27516483061953,118.59052620886001,27.684638621759518,151.89999999999992,79.7000000000001,176.90000000000006,79.7000000000001,79.7000000000001,176.90000000000006,79.7000000000001,1.8889
363_1,191.0,73.0,19,college,R,30.0,33.0,71.1714,75.0,100.6,34,363,0.975008911380586,1.0008628043576049,1.1472,0.9778,1.0028,latest_sustained_upward_crossing,latest_sustained_upward_crossing,0.9657,zero_baseline_breakout_before_fp100,0.0,4.395273779798436,35.162804357604884,1.0593,1759.4676,207.0911264767915,1759.4676,207.0911264767915,0.8065,-0.2853778866150355,1.0593,207.0911264767915,207.37650436340653,207.37650436340653,1.0593,207.0911264767915,207.0911264767915,0.8065,-0.2853778866150355,1.0593,207.0911264767915,207.37650436340653,207.37650436340653,False,ok,ok,0.0,1.4556,525,True,True,True,True,True,True,True,172.19108861941402,146.3371956423951,25.8538929770189,181.5,87.90000000000009,340.7,87.90000000000009,87.90000000000009,340.7,87.90000000000009,1.4556
363_2,191.0,73.0,19,college,R,30.0,33.0,71.3523,75.2,93.7,34,363,1.0712107014702041,1.0930861924034656,1.225,1.0722,1.0944,latest_sustained_upward_crossing,latest_sustained_upward_crossing,1.062,zero_baseline_breakout_before_fp100,0.0,3.8392334031701467,31.086192403465553,1.1426,1728.4137,203.43605085476946,1728.4137,203.43605085476946,0.1787,-1.2082951036924159,1.1426,203.43605085476946,204.64434595846188,204.64434595846188,1.1426,203.43605085476946,203.43605085476946,0.1787,-1.2082951036924159,1.1426,203.43605085476946,204.64434595846188,204.64434595846188,False,ok,ok,0.0,1.5389,555,True,True,True,True,True,True,True,153.78929852979596,131.91380759653447,21.875490933261467,163.00000000000003,82.40000000000003,1046.3,82.40000000000003,82.40000000000003,1046.3,82.40000000000003,1.5389
363_3,191.0,73.0,19,college,R,30.0,33.0,70.7232,76.6,100.9,34,363,1.0406103251382208,1.0635925529209658,1.1944,1.0417,1.0639,latest_sustained_upward_crossing,latest_sustained_upward_crossing,1.0324,zero_baseline_breakout_before_fp100,0.0,3.4825709339484052,31.192552920965788,1.1213,1644.3545,193.5421974989373,1644.3545,193.5421974989373,0.1056,-1.1875208741339098,1.1213,193.5421974989373,194.72971837307122,194.72971837307122,1.1213,193.5421974989373,193.5421974989373,0.1056,-1.1875208741339098,1.1213,193.5421974989373,194.72971837307122,194.72971837307122,False,ok,ok,0.0,1.7167,619,True,True,True,True,True,True,True,153.78967486177908,130.80744707903415,22.982227782744946,161.99999999999991,73.09999999999994,1088.8,73.09999999999994,73.09999999999994,1088.8,73.09999999999994,1.7167
363_4,191.0,73.0,19,college,R,30.0,33.0,70.4637,75.5,100.2,34,363,1.2384184150079556,1.257106709200036,1.3972,1.2389,1.2583,latest_sustained_upward_crossing,latest_sustained_upward_crossing,1.2296,zero_baseline_breakout_before_fp100,0.0,3.5064206218538168,27.506709200036063,1.3139,1641.5018,193.2064318068039,1641.5018,193.2064318068039,0.287,-1.1438773369084478,1.3139,193.2064318068039,194.35030914371234,194.35030914371234,1.3139,193.2064318068039,193.2064318068039,0.287,-1.1438773369084478,1.3139,193.2064318068039,194.35030914371234,194.35030914371234,False,ok,ok,0.0,1.65,595,True,True,True,True,True,True,True,158.78158499204443,140.0932907999639,18.688294192080512,167.59999999999997,83.29999999999993,1110.2,83.29999999999993,83.29999999999993,1110.2,83.29999999999993,1.65
363_5,191.0,73.0,19,college,R,30.0,33.0,71.8841,75.9,95.3,34,363,1.6544730840916646,1.676134113857475,1.8111,1.6556,1.6778,latest_sustained_upward_crossing,latest_sustained_upward_crossing,1.6472,zero_baseline_breakout_before_fp100,0.0,3.40971608129875,28.93411385747502,1.7222,1426.6309,167.91590828248212,1426.6309,167.91590828248212,0.7269,-1.236708129275551,1.7222,167.91590828248212,169.15261641175766,169.15261641175766,1.7222,167.91590828248212,167.91590828248212,0.7269,-1.236708129275551,1.7222,167.91590828248212,169.15261641175766,169.15261641175766,False,ok,ok,0.0,2.0861,752,True,True,True,True,True,True,True,156.62691590833532,134.9658861425249,21.66102976581041,163.89999999999992,88.89999999999998,1084.2,88.89999999999998,88.89999999999998,1084.2,88.89999999999998,2.0861
363_6,191.0,73.0,19,college,R,30.0,33.0,72.6495,76.7,100.1,34,363,1.2142410148158627,1.2453922062850808,1.3861,1.2139,1.2472,latest_sustained_upward_crossing,latest_sustained_upward_crossing,1.2083,zero_baseline_breakout_before_fp100,0.0,4.517588677006366,37.09220628508092,1.2954,1640.0744,193.03842537466898,1640.0744,193.03842537466898,1.088,-0.4753355584817376,1.2954,193.03842537466898,193.5137609331507,193.5137609331507,1.2954,193.03842537466898,193.03842537466898,1.088,-0.4753355584817376,1.2954,193.03842537466898,193.5137609331507,193.5137609331507,False,ok,ok,0.0,1.6889,609,True,True,True,True,True,True,True,171.85898518413745,140.70779371491926,31.151191469218187,177.80000000000018,90.7,298.1,90.7,90.7,298.1,90.7,1.6889
363_7,191.0,73.0,19,college,R,30.0,33.0,72.6779,75.9,97.7,34,363,1.2061379711438196,1.225804546571791,1.3722,1.2056,1.2278,latest_sustained_upward_crossing,latest_sustained_upward_crossing,1.1991,zero_baseline_breakout_before_fp100,0.0,3.9741741577428127,26.704546571791,1.2704,1585.2042,186.5801470136427,1585.2042,186.5801470136427,0.4259,-0.929308382318326,1.2704,186.5801470136427,187.50945539596103,187.50945539596103,1.2704,186.5801470136427,186.5801470136427,0.4259,-0.929308382318326,1.2704,186.5801470136427,187.50945539596103,187.50945539596103,False,ok,ok,0.0,1.7,613,True,True,True,True,True,True,True,166.0620288561805,146.39545342820904,19.666575427971456,173.10000000000002,101.80000000000011,946.3000000000002,101.80000000000011,101.80000000000011,946.3000000000002,101.80000000000011,1.7
363_8,191.0,73.0,19,college,R,30.0,33.0,70.9444,76.2,95.5,34,363,1.7847683411435795,1.8037054871327156,1.9361,1.7861,1.8056,latest_sustained_upward_crossing,latest_sustained_upward_crossing,1.7759,zero_baseline_breakout_before_fp100,0.0,3.621019178837465,27.805487132715577,1.85,1676.7935,197.36030080006128,1676.7935,197.36030080006128,0.8056,-1.0632168297331268,1.85,197.36030080006128,198.42351762979442,198.42351762979442,1.85,197.36030080006128,197.36030080006128,0.8056,-1.0632168297331268,1.85,197.36030080006128,198.42351762979442,198.42351762979442,False,ok,ok,0.0,2.2611,815,True,True,True,True,True,True,True,151.3316588564204,132.39451286728433,18.937145989136095,160.1999999999999,86.09999999999984,1130.5,86.09999999999984,86.09999999999984,1130.5,86.09999999999984,2.2611
376_1,186.0,68.0,19,college,R,31.0,34.0,67.5581,66.8,97.8,215,376,1.6690275863233937,1.7034740127821821,1.825,1.6694,1.7056,latest_sustained_upward_crossing,latest_sustained_upward_crossing,1.6639,zero_baseline_breakout_before_fp100,0.0,5.071160083094655,39.5740127821822,1.7574,2182.2395,263.7564277317658,2182.2395,263.7564277317658,2.1232,-0.3622808204521981,1.7574,263.7564277317658,264.11870855221804,264.11870855221804,1.7574,263.7564277317658,263.7564277317658,1.6528,-0.1673980570915775,1.7574,263.7564277317658,263.9238257888574,263.9238257888574,False,ok,ok,0.0,2.5167,907,True,True,True,True,True,True,True,155.9724136766063,121.52598721781783,34.44642645878848,161.10000000000002,67.59999999999988,-298.2000000000002,67.59999999999988,67.59999999999988,172.1999999999999,67.59999999999988,2.5167
376_2,186.0,68.0,19,college,R,31.0,34.0,66.1049,68.4,94.9,215,376,1.7773205540025652,1.8146863493195657,1.9417,1.7778,1.8167,latest_sustained_upward_crossing,latest_sustained_upward_crossing,1.7722,zero_baseline_breakout_before_fp100,0.0,5.219439426432783,42.48634931956574,1.8704,2109.0529,254.9107276269727,2109.0529,254.9107276269727,1.7611,-0.32183938369924375,1.8704,254.9107276269727,255.23256701067194,255.23256701067194,1.8704,254.9107276269727,254.9107276269727,1.7611,-0.32183938369924375,1.8704,254.9107276269727,255.23256701067194,255.23256701067194,False,ok,ok,0.0,2.4222,873,True,True,True,True,True,True,True,164.3794459974348,127.01365068043424,37.365795317000575,169.49999999999997,71.29999999999993,180.59999999999988,71.29999999999993,71.29999999999993,180.59999999999988,71.29999999999993,2.4222
376_3,186.0,68.0,19,college,R,31.0,34.0,66.5969,65.2,88.3,215,376,1.4913895866785574,1.535349071435627,1.6639,1.4917,1.5361,latest_sustained_upward_crossing,latest_sustained_upward_crossing,1.4843,zero_baseline_breakout_before_fp100,0.0,4.734004257076771,51.04907143562709,1.5898,2119.6359,256.1898421671894,2119.6359,256.1898421671894,1.4278,0.2175933012144166,1.5898,256.1898421671894,255.972248865975,256.1898421671894,1.5898,256.1898421671894,256.1898421671894,1.4278,0.2175933012144166,1.5898,256.1898421671894,255.972248865975,256.1898421671894,False,ok,ok,0.0,2.4278,875,True,True,True,True,True,True,True,172.51041332144257,128.5509285643729,43.959484757069674,179.6,74.09999999999984,236.09999999999997,74.09999999999984,74.09999999999984,236.09999999999997,74.09999999999984,2.4278
376_4,186.0,68.0,19,college,R,31.0,34.0,66.6973,67.3,92.3,215,376,1.480045868497479,1.5138456528788498,1.6444,1.4806,1.5139,latest_sustained_upward_crossing,latest_sustained_upward_crossing,1.4741,zero_baseline_breakout_before_fp100,0.0,5.480683486250702,39.74565287884979,1.5565,2194.0642,265.18562037125366,2194.0642,265.18562037125366,1.4296,0.34806709372731043,1.5565,265.18562037125366,264.83755327752635,265.18562037125366,1.5565,265.18562037125366,265.18562037125366,1.4296,0.34806709372731043,1.5565,265.18562037125366,264.83755327752635,265.18562037125366,False,ok,ok,0.0,2.2194,800,True,True,True,True,True,True,True,164.35413150252097,130.55434712115033,33.79978438137066,170.30000000000013,87.90000000000009,214.8000000000001,87.90000000000009,87.90000000000009,214.8000000000001,87.90000000000009,2.2194
376_6,186.0,68.0,19,college,R,31.0,34.0,64.9884,64.8,83.8,215,376,1.737814278457485,1.7889541346056168,1.9444,1.7389,1.7889,latest_sustained_upward_crossing,latest_sustained_upward_crossing,1.7315,zero_baseline_breakout_before_fp100,0.0,5.056609356246338,57.45413460561677,1.8611,2040.5368,246.62952761289887,2040.5368,246.62952761289887,1.7,0.33425222157888634,1.8611,246.62952761289887,246.29527539132,246.62952761289887,1.8611,246.62952761289887,246.62952761289887,1.7,0.33425222157888634,1.8611,246.62952761289887,246.29527539132,246.62952761289887,False,ok,ok,0.0,2.4778,893,True,True,True,True,True,True,True,206.58572154251488,155.4458653943831,51.13985614813177,212.89999999999986,83.29999999999993,244.39999999999995,83.29999999999993,83.29999999999993,244.39999999999995,83.29999999999993,2.4778
376_7,186.0,68.0,19,college,R,31.0,34.0,66.6412,65.5,90.2,215,376,1.4170472204064224,1.4543134625696164,1.575,1.4194,1.4556,latest_sustained_upward_crossing,latest_sustained_upward_crossing,1.412,zero_baseline_breakout_before_fp100,0.0,5.143468649662681,42.31346256961643,1.5074,1881.2634,227.3789444314045,1881.2634,227.3789444314045,1.4019,0.0747671033334656,1.5074,227.3789444314045,227.30417732807103,227.3789444314045,1.5074,227.3789444314045,227.3789444314045,1.4019,0.0747671033334656,1.5074,227.3789444314045,227.30417732807103,227.3789444314045,False,ok,ok,0.0,2.1333,769,True,True,True,True,True,True,True,157.95277959357756,120.6865374303836,37.266242163193965,163.00000000000003,67.59999999999988,173.10000000000002,67.59999999999988,67.59999999999988,173.10000000000002,67.59999999999988,2.1333
376_8,186.0,68.0,19,college,R,31.0,34.0,66.5418,66.4,95.6,215,376,1.2006797017990711,1.240348354417248,1.3611,1.2028,1.2417,latest_sustained_upward_crossing,latest_sustained_upward_crossing,1.1954,zero_baseline_breakout_before_fp100,0.0,5.279673577186045,44.948354417247984,1.288,2158.172,260.8475087866022,2158.172,260.8475087866022,1.1843,0.21667472703831842,1.288,260.8475087866022,260.6308340595639,260.8475087866022,1.288,260.8475087866022,260.8475087866022,1.1843,0.21667472703831842,1.288,260.8475087866022,260.6308340595639,260.8475087866022,False,ok,ok,0.0,1.9389,699,True,True,True,True,True,True,True,160.42029820092884,120.75164558275198,39.66865261817687,165.69999999999996,73.09999999999994,176.80000000000007,73.09999999999994,73.09999999999994,176.80000000000007,73.09999999999994,1.9389
378_1,193.0,70.0,19,college,R,31.0,34.0,68.2454,70.6,89.6,57,378,0.7960122196440544,0.8826831778373686,1.0,0.7972,0.8833,latest_sustained_upward_crossing,latest_sustained_upward_crossing,0.7769,zero_baseline_breakout_before_fp100,0.0,4.673988278557501,105.78317783736857,0.9046,1335.9871,155.6175377943939,1335.9871,155.6175377943939,0.313,-0.35644448019342756,0.9046,155.6175377943939,155.97398227458734,155.97398227458734,0.9046,155.6175377943939,155.6175377943939,0.313,-0.35644448019342756,0.9046,155.6175377943939,155.97398227458734,155.97398227458734,False,ok,ok,0.0,1.3417,484,True,True,True,True,True,True,True,203.98778035594555,117.3168221626314,86.67095819331416,223.09999999999997,95.40000000000003,687.0,95.40000000000003,95.40000000000003,687.0,95.40000000000003,1.3417
378_2,193.0,70.0,19,college,R,31.0,34.0,69.5744,69.2,88.4,57,378,1.1205566940324294,1.2116796098351617,1.3111,1.1222,1.2139,latest_sustained_upward_crossing,latest_sustained_upward_crossing,1.1019,zero_baseline_breakout_before_fp100,0.0,4.226187500917682,109.77960983516155,1.2278,1132.5874,131.92527272527877,1132.5874,131.92527272527877,0.6732,-0.8085900109822344,1.2278,131.92527272527877,132.73386273626102,132.73386273626102,1.2278,131.92527272527877,131.92527272527877,0.6732,-0.8085900109822344,1.2278,131.92527272527877,132.73386273626102,132.73386273626102,False,ok,ok,0.0,1.7,613,True,True,True,True,True,True,True,190.54330596757052,99.42039016483828,91.12291580273224,209.19999999999982,83.29999999999993,637.8999999999999,83.29999999999993,83.29999999999993,637.8999999999999,83.29999999999993,1.7
378_3,193.0,70.0,19,college,R,31.0,34.0,71.2679,70.4,92.1,57,378,1.0491925036471346,1.147489668817584,1.2611,1.05,1.15,latest_sustained_upward_crossing,latest_sustained_upward_crossing,1.0232,zero_baseline_breakout_before_fp100,0.0,4.196953430920097,124.28966881758386,1.1694,1245.4384,145.07030590534106,1245.4384,145.07030590534106,0.5444,-0.5560585142797243,1.1694,145.07030590534106,145.62636441962078,145.62636441962078,1.1694,145.07030590534106,145.07030590534106,0.5444,-0.5560585142797243,1.1694,145.07030590534106,145.62636441962078,145.62636441962078,False,ok,ok,0.0,1.6444,593,True,True,True,True,True,True,True,211.90749635286554,113.61033118241615,98.2971651704494,237.9,91.70000000000012,716.7000000000002,91.70000000000012,91.70000000000012,716.7000000000002,91.70000000000012,1.6444
378_4,193.0,70.0,19,college,R,31.0,34.0,69.6103,70.0,88.6,57,378,0.9705106697516672,1.0615859587324228,1.1639,0.9722,1.0639,latest_sustained_upward_crossing,latest_sustained_upward_crossing,0.95,zero_baseline_breakout_before_fp100,0.0,4.290468058664442,111.58595873242282,1.0815,1223.5619,142.52210235939432,1223.5619,142.52210235939432,0.4019,-0.5995060457695935,1.0815,142.52210235939432,143.12160840516393,143.12160840516393,1.0815,142.52210235939432,142.52210235939432,0.4019,-0.5995060457695935,1.0815,142.52210235939432,143.12160840516393,143.12160840516393,False,ok,ok,0.0,1.5528,560,True,True,True,True,True,True,True,193.38933024833273,102.31404126757715,91.07528898075556,213.89999999999998,82.40000000000003,762.0,82.40000000000003,82.40000000000003,762.0,82.40000000000003,1.5528
378_5,193.0,70.0,19,college,R,31.0,34.0,70.8054,69.1,81.0,57,378,0.8657599426354712,0.9653127178523032,1.0667,0.8667,0.9667,latest_sustained_upward_crossing,latest_sustained_upward_crossing,0.8444,zero_baseline_breakout_before_fp100,0.0,3.7091584502671306,120.91271785230317,0.9852,1275.4793,148.56950952124993,1275.4793,148.56950952124993,0.3426,-1.045606196171472,0.9852,148.56950952124993,149.6151157174214,149.6151157174214,0.9852,148.56950952124993,148.56950952124993,0.3426,-1.045606196171472,0.9852,148.56950952124993,149.6151157174214,149.6151157174214,False,ok,ok,0.0,1.3472,486,True,True,True,True,True,True,True,200.9400573645288,101.38728214769677,99.55277521683203,222.29999999999995,81.50000000000001,724.0999999999999,81.50000000000001,81.50000000000001,724.0999999999999,81.50000000000001,1.3472
378_6,193.0,70.0,19,college,R,31.0,34.0,67.6051,70.1,86.3,57,378,0.8041669402501727,0.8893341524835223,0.9889,0.8056,0.8917,latest_sustained_upward_crossing,latest_sustained_upward_crossing,0.7852,zero_baseline_breakout_before_fp100,0.0,3.8749874207561645,104.13415248352231,0.9074,1245.6579,145.09587355456898,1245.6579,145.09587355456898,0.3352,-0.9994097055846569,0.9074,145.09587355456898,146.09528326015365,146.09528326015365,0.9074,145.09587355456898,145.09587355456898,0.3352,-0.9994097055846569,0.9074,145.09587355456898,146.09528326015365,146.09528326015365,False,ok,ok,0.0,1.4444,521,True,True,True,True,True,True,True,184.73305974982733,99.56584751647767,85.16721223334966,203.7,81.50000000000001,653.6999999999999,81.50000000000001,81.50000000000001,653.6999999999999,81.50000000000001,1.4444
378_7,193.0,70.0,19,college,R,31.0,34.0,71.8771,70.9,84.8,57,378,0.7060196541670037,0.7972668363184103,0.9028,0.7083,0.7972,latest_sustained_upward_crossing,latest_sustained_upward_crossing,0.6796,zero_baseline_breakout_before_fp100,0.0,3.9568422686020206,117.66683631841035,0.8167,1268.6667,147.7759688965103,1268.6667,147.7759688965103,0.2657,-0.967354046962641,0.8167,147.7759688965103,148.74332294347295,148.74332294347295,0.8167,147.7759688965103,147.7759688965103,0.2657,-0.967354046962641,0.8167,147.7759688965103,148.74332294347295,148.74332294347295,False,ok,ok,0.0,1.3194,476,True,True,True,True,True,True,True,196.78034583299632,105.53316368158971,91.24718215140659,223.20000000000007,86.10000000000007,637.1,86.10000000000007,86.10000000000007,637.1,86.10000000000007,1.3194
378_8,193.0,70.0,19,college,R,31.0,34.0,64.4698,67.2,81.0,57,378,,,1.1111,,,not_detected,not_detected,,missing_force_or_fp100,0.0,,,1.0009,14.3343,1.6696781518370802,14.3343,1.6696781518370802,1.2028,-0.9500449231572936,1.0009,1.6696781518370802,2.619723074994374,2.619723074994374,1.0009,1.6696781518370802,1.6696781518370802,0.8232,-0.864466099067195,1.0009,1.6696781518370802,2.534144250904275,2.534144250904275,True,manual_force_dq,ok,0.0,1.4583,526,True,True,True,False,False,True,True,,,,,110.20000000000007,-91.70000000000012,110.20000000000007,110.20000000000007,287.8999999999999,110.20000000000007,1.4583
383_1,198.0,72.0,20,college,L,31.0,34.0,70.5587,69.9,100.6,94,383,1.3537779890620079,1.3902030451543175,1.5278,1.3556,1.3917,latest_sustained_upward_crossing,latest_sustained_upward_crossing,1.3482,zero_baseline_breakout_before_fp100,0.0,4.966585898392739,42.003045154317405,1.4269,1757.6535,199.56375033686777,1757.6535,199.56375033686777,1.3361,-0.49749764948043157,1.4269,199.56375033686777,200.0612479863482,200.0612479863482,1.4269,199.56375033686777,199.56375033686777,1.3361,-0.49749764948043157,1.4269,199.56375033686777,200.0612479863482,200.0612479863482,False,ok,ok,0.0,1.9306,696,True,True,True,True,True,True,True,174.02201093799218,137.59695484568257,36.42505609230962,179.6,100.89999999999999,191.7,100.89999999999999,100.89999999999999,191.7,100.89999999999999,1.9306
383_2,198.0,72.0,20,college,L,31.0,34.0,70.7986,64.6,94.7,94,383,1.2783177894875288,1.3156350943310817,1.45,1.2778,1.3167,latest_sustained_upward_crossing,latest_sustained_upward_crossing,1.2713,zero_baseline_breakout_before_fp100,0.0,4.811322797350349,44.33509433108163,1.3454,1592.0788,180.76442038195813,1592.0788,180.76442038195813,1.2565,-0.4441793264103878,1.3454,180.76442038195813,181.20859970836852,181.20859970836852,1.3454,180.76442038195813,180.76442038195813,1.2565,-0.4441793264103878,1.3454,180.76442038195813,181.20859970836852,181.20859970836852,False,ok,ok,0.0,1.9139,690,True,True,True,True,True,True,True,171.68221051247113,134.36490566891823,37.31730484355289,178.69999999999985,104.60000000000002,193.5,104.60000000000002,104.60000000000002,193.5,104.60000000000002,1.9139
383_3,198.0,72.0,20,college,L,31.0,34.0,73.3285,77.2,96.5,94,383,1.024584983943339,1.0643451897329812,1.2028,1.025,1.0667,latest_sustained_upward_crossing,latest_sustained_upward_crossing,1.0167,zero_baseline_breakout_before_fp100,0.0,4.519689629675394,47.645189732981265,1.0954,1768.0859,200.7482436792782,1768.0859,200.7482436792782,1.0028,-0.28305489653666743,1.0954,200.7482436792782,201.03129857581487,201.03129857581487,1.0954,200.7482436792782,200.7482436792782,1.0028,-0.28305489653666743,1.0954,200.7482436792782,201.03129857581487,201.03129857581487,False,ok,ok,0.0,1.7333,625,True,True,True,True,True,True,True,178.2150160566611,138.4548102670189,39.760205789642235,186.10000000000016,107.40000000000016,200.00000000000017,107.40000000000016,107.40000000000016,200.00000000000017,107.40000000000016,1.7333
383_4,198.0,72.0,20,college,L,31.0,34.0,76.1298,78.6,101.1,94,383,1.4015992236939963,1.4478917902966253,1.5778,1.4028,1.45,latest_sustained_upward_crossing,latest_sustained_upward_crossing,1.3935,zero_baseline_breakout_before_fp100,0.0,4.679954495943154,54.39179029662533,1.487,1614.5187,183.31224371641187,1614.5187,183.31224371641187,1.3787,-0.30324228546736115,1.487,183.31224371641187,183.61548600187922,183.61548600187922,1.487,183.31224371641187,183.31224371641187,1.3787,-0.30324228546736115,1.487,183.31224371641187,183.61548600187922,183.61548600187922,False,ok,ok,0.0,2.0167,727,True,True,True,True,True,True,True,176.20077630600383,129.9082097033748,46.29256660262904,184.30000000000013,90.8,199.10000000000005,90.8,90.8,199.10000000000005,90.8,2.0167
383_5,198.0,72.0,20,college,L,31.0,34.0,76.1241,73.9,93.4,94,383,1.0494685009592504,1.0897444363009836,1.2361,1.05,1.0917,latest_sustained_upward_crossing,latest_sustained_upward_crossing,1.0426,zero_baseline_breakout_before_fp100,0.0,4.452205538087519,47.14443630098364,1.1296,1519.7539,172.55266062001476,1519.7539,172.55266062001476,1.0296,-0.41645289009500297,1.1296,172.55266062001476,172.96911351010976,172.96911351010976,1.1296,172.55266062001476,172.55266062001476,1.0296,-0.41645289009500297,1.1296,172.55266062001476,172.96911351010976,172.96911351010976,False,ok,ok,0.0,1.7111,617,True,True,True,True,True,True,True,186.63149904074962,146.35556369901636,40.27593534173324,193.5,106.50000000000004,206.49999999999991,106.50000000000004,106.50000000000004,206.49999999999991,106.50000000000004,1.7111
383_6,198.0,72.0,20,college,L,31.0,34.0,73.4352,72.4,94.9,94,383,1.1643422833683539,1.2096379758226365,1.3472,1.1667,1.2111,latest_sustained_upward_crossing,latest_sustained_upward_crossing,1.1574,zero_baseline_breakout_before_fp100,0.0,4.416121231558453,52.237975822636564,1.2454,1719.3257,195.21201689784732,1719.3257,195.21201689784732,1.1444,-0.42711428391160666,1.2454,195.21201689784732,195.63913118175893,195.63913118175893,1.2454,195.21201689784732,195.21201689784732,1.1444,-0.42711428391160666,1.2454,195.21201689784732,195.63913118175893,195.63913118175893,False,ok,ok,0.0,1.8056,651,True,True,True,True,True,True,True,182.85771663164607,137.5620241773634,45.295692454282666,189.79999999999995,101.7999999999999,202.79999999999987,101.7999999999999,101.7999999999999,202.79999999999987,101.7999999999999,1.8056
383_7,198.0,72.0,20,college,L,31.0,34.0,76.5329,77.5,103.8,94,383,1.0353296320483165,1.0708504289170626,1.2028,1.0361,1.0722,latest_sustained_upward_crossing,latest_sustained_upward_crossing,1.0259,zero_baseline_breakout_before_fp100,0.0,4.523998133810639,44.95042891706258,1.1037,1673.4607,190.00451074876818,1673.4607,190.00451074876818,1.0102,-0.3786895292493971,1.1037,190.00451074876818,190.38320027801757,190.38320027801757,1.1037,190.00451074876818,190.00451074876818,1.0102,-0.3786895292493971,1.1037,190.00451074876818,190.38320027801757,190.38320027801757,False,ok,ok,0.0,1.7,613,True,True,True,True,True,True,True,167.47036795168358,131.94957108293747,35.520796868746096,176.90000000000006,99.1000000000002,192.6000000000001,99.1000000000002,99.1000000000002,192.6000000000001,99.1000000000002,1.7
383_8,198.0,72.0,20,college,L,31.0,34.0,75.4439,75.4,101.6,94,383,0.8824977824847681,0.9292172657308585,1.0583,0.8833,0.9306,latest_sustained_upward_crossing,latest_sustained_upward_crossing,0.8722,zero_baseline_breakout_before_fp100,0.0,4.582259448526155,57.017265730858526,0.9639,1453.6156,165.04332661936854,1453.6156,165.04332661936854,0.8583,-0.4597797045829261,0.9639,165.04332661936854,165.50310632395147,165.50310632395147,0.9639,165.04332661936854,165.04332661936854,0.8583,-0.4597797045829261,0.9639,165.04332661936854,165.50310632395147,165.50310632395147,False,ok,ok,0.0,1.5417,556,True,True,True,True,True,True,True,175.80221751523194,129.08273426914153,46.719483246090434,186.10000000000005,94.40000000000003,200.00000000000006,94.40000000000003,94.40000000000003,200.00000000000006,94.40000000000003,1.5417
391_1,183.0,73.0,17,high_school,R,31.0,34.0,69.9597,72.3,92.3,103,391,1.9174331919100056,1.9533871806802796,2.0778,1.9194,1.9556,latest_sustained_upward_crossing,latest_sustained_upward_crossing,1.913,zero_baseline_breakout_before_fp100,0.0,4.3727435047854115,40.38718068027958,1.9917,2051.5718,252.02824483446727,2051.5718,252.02824483446727,1.9065,-1.5227919004070793,1.9917,252.02824483446727,253.55103673487434,253.55103673487434,1.9917,252.02824483446727,252.02824483446727,1.9065,-1.5227919004070793,1.9917,252.02824483446727,253.55103673487434,253.55103673487434,False,ok,ok,0.0,2.5111,905,True,True,True,True,True,True,True,160.36680808999427,124.41281931972026,35.953988770274,164.79999999999984,86.09999999999984,171.29999999999978,86.09999999999984,86.09999999999984,171.29999999999978,86.09999999999984,2.5111
391_2,183.0,73.0,17,high_school,R,31.0,34.0,70.4064,73.2,92.7,103,391,1.8042759991295083,1.8361571893713744,1.9722,1.8056,1.8389,latest_sustained_upward_crossing,latest_sustained_upward_crossing,1.8,zero_baseline_breakout_before_fp100,0.0,4.587996441893013,36.15718937137436,1.8713,2164.4607,265.8962417177807,2164.4607,265.8962417177807,1.7935,-1.4763928087087153,1.8713,265.8962417177807,267.37263452648943,267.37263452648943,1.8713,265.8962417177807,265.8962417177807,1.7935,-1.4763928087087153,1.8713,265.8962417177807,267.37263452648943,267.37263452648943,False,ok,ok,0.0,2.3889,861,True,True,True,True,True,True,True,167.92400087049165,136.04281062862555,31.881190241866086,172.1999999999999,100.89999999999999,178.69999999999985,100.89999999999999,100.89999999999999,178.69999999999985,100.89999999999999,2.3889
391_3,183.0,73.0,17,high_school,R,31.0,34.0,71.5565,73.8,91.9,103,391,1.449350896881408,1.481348632154717,1.6139,1.45,1.4833,latest_sustained_upward_crossing,latest_sustained_upward_crossing,1.4454,zero_baseline_breakout_before_fp100,0.0,4.550424949194591,35.94863215471689,1.5167,2251.332,276.56806966232955,2251.332,276.56806966232955,1.4398,-2.3576561502934545,1.5167,276.56806966232955,278.925725812623,278.925725812623,1.5167,276.56806966232955,276.56806966232955,1.4398,-2.3576561502934545,1.5167,276.56806966232955,278.925725812623,278.925725812623,False,ok,ok,0.0,2.0861,752,True,True,True,True,True,True,True,164.54910311859194,132.55136784528298,31.997735273308958,168.4999999999999,97.19999999999996,174.0999999999999,97.19999999999996,97.19999999999996,174.0999999999999,97.19999999999996,2.0861
391_4,183.0,73.0,17,high_school,R,31.0,34.0,72.4412,74.6,89.1,103,391,1.714844663405919,1.7430642996372823,1.8778,1.7167,1.7444,latest_sustained_upward_crossing,latest_sustained_upward_crossing,1.7102,zero_baseline_breakout_before_fp100,0.0,3.643349407521615,32.86429963728232,1.7741,2346.0441,288.20311179323943,2346.0441,288.20311179323943,1.7056,-2.1279333505160083,1.7741,288.20311179323943,290.33104514375543,290.33104514375543,1.7741,288.20311179323943,288.20311179323943,1.7056,-2.1279333505160083,1.7741,288.20311179323943,290.33104514375543,290.33104514375543,False,ok,ok,0.0,2.2778,821,True,True,True,True,True,True,True,162.95533659408102,134.73570036271764,28.219636231363367,167.59999999999997,103.6999999999999,172.1999999999999,103.6999999999999,103.6999999999999,172.1999999999999,103.6999999999999,2.2778
391_5,183.0,73.0,17,high_school,R,31.0,34.0,71.8184,72.0,90.2,103,391,1.5788199044970002,1.6102924146932827,1.7444,1.5806,1.6111,latest_sustained_upward_crossing,latest_sustained_upward_crossing,1.575,zero_baseline_breakout_before_fp100,0.0,4.76822008450797,35.2924146932827,1.6444,2230.0569,273.9544998561557,2230.0569,273.9544998561557,1.5694,-2.3275342088467004,1.6444,273.9544998561557,276.2820340650024,276.2820340650024,1.6444,273.9544998561557,273.9544998561557,1.5694,-2.3275342088467004,1.6444,273.9544998561557,276.2820340650024,276.2820340650024,False,ok,ok,0.0,2.2556,813,True,True,True,True,True,True,True,165.5800955029998,134.10758530671728,31.4725101962825,169.4,99.99999999999987,175.00000000000006,99.99999999999987,99.99999999999987,175.00000000000006,99.99999999999987,2.2556
391_6,183.0,73.0,17,high_school,R,31.0,34.0,71.1969,,86.2,103,391,1.5629030456946538,1.5951160832956481,1.7222,1.5639,1.5972,latest_sustained_upward_crossing,latest_sustained_upward_crossing,1.5583,zero_baseline_breakout_before_fp100,0.0,3.7967838597202466,36.81608329564811,1.6296,2142.154,263.15594354783656,2142.154,263.15594354783656,1.5528,-2.1929313897471565,1.6296,263.15594354783656,265.34887493758373,265.34887493758373,1.6296,263.15594354783656,263.15594354783656,1.5528,-2.1929313897471565,1.6296,263.15594354783656,265.34887493758373,265.34887493758373,False,ok,ok,0.0,2.1556,777,True,True,True,True,True,True,True,159.2969543053462,127.08391670435182,32.21303760099437,163.89999999999992,92.60000000000002,169.4,92.60000000000002,92.60000000000002,169.4,92.60000000000002,2.1556
391_7,183.0,73.0,17,high_school,R,31.0,34.0,73.6326,71.5,97.7,103,391,1.5004570777965425,1.5281784416932098,1.6667,1.5028,1.5278,latest_sustained_upward_crossing,latest_sustained_upward_crossing,1.4963,zero_baseline_breakout_before_fp100,0.0,4.358762859905594,31.878441693209858,1.5648,1988.1123,244.2324726352818,1988.1123,244.2324726352818,1.4898,-2.132761214703845,1.5648,244.2324726352818,246.36523384998563,246.36523384998563,1.5648,244.2324726352818,244.2324726352818,1.4898,-2.132761214703845,1.5648,244.2324726352818,246.36523384998563,246.36523384998563,False,ok,ok,0.0,2.1306,768,True,True,True,True,True,True,True,166.2429222034576,138.52155830679024,27.72136389666735,170.40000000000012,101.9000000000001,176.90000000000006,101.9000000000001,101.9000000000001,176.90000000000006,101.9000000000001,2.1306
391_8,183.0,73.0,17,high_school,R,31.0,34.0,73.7789,72.2,93.3,103,391,1.524832779114066,1.5560119174639637,1.6861,1.5278,1.5583,latest_sustained_upward_crossing,latest_sustained_upward_crossing,1.5204,zero_baseline_breakout_before_fp100,0.0,3.8909788791407873,35.61191746396375,1.587,2142.4027,263.1864954517428,2142.4027,263.1864954517428,1.5148,-2.245128832327604,1.587,263.1864954517428,265.43162428407044,265.43162428407044,1.587,263.1864954517428,263.1864954517428,1.5148,-2.245128832327604,1.587,263.1864954517428,265.43162428407044,265.43162428407044,False,ok,ok,0.0,2.1306,768,True,True,True,True,True,True,True,161.26722088593402,130.0880825360362,31.179138349897826,165.69999999999996,99.09999999999997,171.3,99.09999999999997,99.09999999999997,171.3,99.09999999999997,2.1306
396_1,185.0,70.0,19,college,R,30.0,33.0,68.2315,71.3,91.3,74,396,1.4002622076852436,1.446700380947998,1.5917,1.4028,1.4472,latest_sustained_upward_crossing,latest_sustained_upward_crossing,1.3926,zero_baseline_breakout_before_fp100,0.0,4.583802883168107,54.10038094799785,1.5102,1833.4899,222.8026630266669,1833.4899,222.8026630266669,1.3787,-0.4836430235291366,1.5102,222.8026630266669,223.28630605019603,223.28630605019603,1.5102,222.8026630266669,222.8026630266669,1.3787,-0.4836430235291366,1.5102,222.8026630266669,223.28630605019603,223.28630605019603,False,ok,ok,0.0,1.8972,684,True,True,True,True,True,True,True,191.43779231475634,144.99961905200198,46.43817326275435,199.09999999999982,81.4999999999999,212.99999999999986,81.4999999999999,81.4999999999999,212.99999999999986,81.4999999999999,1.8972
396_2,185.0,70.0,19,college,R,30.0,33.0,64.7284,66.5,91.2,74,396,0.8262089015262445,0.8741959710371199,1.025,0.8278,0.875,latest_sustained_upward_crossing,latest_sustained_upward_crossing,0.8194,zero_baseline_breakout_before_fp100,0.0,4.159882553425342,54.79597103711986,0.9389,1855.728,225.50500019288378,1855.728,225.50500019288378,0.787,-0.21851429269097822,0.9389,225.50500019288378,225.72351448557475,225.72351448557475,0.9389,225.50500019288378,225.50500019288378,0.787,-0.21851429269097822,0.9389,225.50500019288378,225.72351448557475,225.72351448557475,False,ok,ok,0.0,1.3528,488,True,True,True,True,True,True,True,198.79109847375543,150.80402896288004,47.98706951087539,205.59999999999988,86.09999999999995,237.9999999999999,86.09999999999995,86.09999999999995,237.9999999999999,86.09999999999995,1.3528
396_3,185.0,70.0,19,college,R,30.0,33.0,67.4535,68.1,91.3,74,396,0.8576257233829042,0.9060955446781068,1.0417,0.8583,0.9083,latest_sustained_upward_crossing,latest_sustained_upward_crossing,0.8509,zero_baseline_breakout_before_fp100,0.0,4.404180895039937,55.195544678106835,0.9667,1919.6576,233.273619548916,1919.6576,233.273619548916,0.8389,-0.34883056867908024,0.9667,233.273619548916,233.6224501175951,233.6224501175951,0.9667,233.273619548916,233.273619548916,0.8389,-0.34883056867908024,0.9667,233.273619548916,233.6224501175951,233.6224501175951,False,ok,ok,0.0,1.4917,538,True,True,True,True,True,True,True,184.07427661709585,135.60445532189325,48.46982129520261,190.80000000000007,75.00000000000007,202.8000000000001,75.00000000000007,75.00000000000007,202.8000000000001,75.00000000000007,1.4917
396_4,185.0,70.0,19,college,R,30.0,33.0,66.9606,69.2,87.9,74,396,1.0362332899521858,1.068151185770037,1.2139,1.0361,1.0694,latest_sustained_upward_crossing,latest_sustained_upward_crossing,1.0306,zero_baseline_breakout_before_fp100,0.0,4.264734302262688,37.55118577003702,1.1306,1871.4241,227.41236432896815,1871.4241,227.41236432896815,1.0204,-0.4627661714079542,1.1306,227.41236432896815,227.87513050037612,227.87513050037612,1.1306,227.41236432896815,227.41236432896815,1.0204,-0.4627661714079542,1.1306,227.41236432896815,227.87513050037612,227.87513050037612,False,ok,ok,0.0,1.7833,643,True,True,True,True,True,True,True,177.6667100478142,145.748814229963,31.917895817851203,183.3,83.29999999999993,193.5,83.29999999999993,83.29999999999993,193.5,83.29999999999993,1.7833
396_5,185.0,70.0,19,college,R,30.0,33.0,64.3035,67.7,95.4,74,396,1.0255959552067409,1.0686630407207123,1.1972,1.0278,1.0694,latest_sustained_upward_crossing,latest_sustained_upward_crossing,1.0204,zero_baseline_breakout_before_fp100,0.0,4.324832273299064,48.263040720712304,1.0898,2234.2763,271.50556410339,2234.2763,271.50556410339,1.0111,-1.2453443300832405,1.0898,271.50556410339,272.7509084334732,272.7509084334732,1.0898,271.50556410339,271.50556410339,1.0111,-1.2453443300832405,1.0898,271.50556410339,272.7509084334732,272.7509084334732,False,ok,ok,0.0,1.4111,509,True,True,True,True,True,True,True,171.6040447932592,128.53695927928777,43.06708551397143,176.80000000000007,107.39999999999993,186.09999999999994,107.39999999999993,107.39999999999993,186.09999999999994,107.39999999999993,1.4111
396_6,185.0,70.0,19,college,R,30.0,33.0,63.7517,64.4,91.8,74,396,0.8009450650506429,0.8347851650720269,0.975,0.8028,0.8361,latest_sustained_upward_crossing,latest_sustained_upward_crossing,0.7963,zero_baseline_breakout_before_fp100,0.0,4.5907330030515165,38.48516507202693,0.8528,2118.8284,257.47652605914635,2118.8284,257.47652605914635,0.788,-1.185326418193532,0.8528,257.47652605914635,258.6618524773399,258.6618524773399,0.8528,257.47652605914635,257.47652605914635,0.788,-1.185326418193532,0.8528,257.47652605914635,258.6618524773399,258.6618524773399,False,ok,ok,0.0,1.4056,507,True,True,True,True,True,True,True,174.0549349493571,140.21483492797304,33.840100021384046,178.69999999999996,122.19999999999997,186.99999999999994,122.19999999999997,122.19999999999997,186.99999999999994,122.19999999999997,1.4056
396_7,185.0,70.0,19,college,R,30.0,33.0,65.9948,65.8,92.3,74,396,1.0532218886888884,1.092906788422427,1.2417,1.0556,1.0944,latest_sustained_upward_crossing,latest_sustained_upward_crossing,1.0472,zero_baseline_breakout_before_fp100,0.0,4.1275929840211765,45.706788422427145,1.1519,2035.1022,247.30225658261244,2035.1022,247.30225658261244,1.037,-0.725889849510376,1.1519,247.30225658261244,248.0281464321228,248.0281464321228,1.1519,247.30225658261244,247.30225658261244,1.037,-0.725889849510376,1.1519,247.30225658261244,248.0281464321228,248.0281464321228,False,ok,ok,0.0,1.4528,524,True,True,True,True,True,True,True,188.47811131111158,148.79321157757298,39.684899733538614,194.5000000000001,89.8000000000001,204.7000000000001,89.8000000000001,89.8000000000001,204.7000000000001,89.8000000000001,1.4528
396_8,185.0,70.0,19,college,R,30.0,33.0,65.817,67.9,89.3,74,396,1.0929911902039307,1.1284518960748111,1.2722,1.0944,1.1306,latest_sustained_upward_crossing,latest_sustained_upward_crossing,1.087,zero_baseline_breakout_before_fp100,0.0,4.332831039827723,41.451896074811145,1.1963,2058.4365,250.1378021614908,2058.4365,250.1378021614908,1.0759,-1.0744409259899295,1.1963,250.1378021614908,251.21224308748074,251.21224308748074,1.1963,250.1378021614908,250.1378021614908,1.0759,-1.0744409259899295,1.1963,250.1378021614908,251.21224308748074,251.21224308748074,False,ok,ok,0.0,1.5583,562,True,True,True,True,True,True,True,179.20880979606935,143.7481039251889,35.46070587088046,185.20000000000005,75.90000000000008,196.29999999999993,75.90000000000008,75.90000000000008,196.29999999999993,75.90000000000008,1.5583
398_1,195.0,72.0,22,college,L,30.0,33.0,60.0138,62.5,55.4,221,398,1.5412476481993533,1.9247489317231137,2.075,1.5417,1.925,latest_sustained_upward_crossing,latest_sustained_upward_crossing,1.8602,last_local_min_after_zero_baseline_plus5bw_breakout,2.0,28.14860309688138,64.5489317231136,1.9685,1219.1178,140.54799186133874,1219.1178,140.54799186133874,1.4963,-0.13983116260677828,1.9685,140.54799186133874,140.68782302394553,140.68782302394553,1.9685,140.54799186133874,140.54799186133874,1.4963,-0.13983116260677828,1.9685,140.54799186133874,140.68782302394553,140.68782302394553,False,ok,ok,0.0,2.6722,963,True,True,True,True,True,True,True,533.7523518006468,150.2510682768865,383.5012835237603,214.8000000000001,106.50000000000026,578.7000000000002,106.50000000000026,106.50000000000026,578.7000000000002,106.50000000000026,2.6722
398_2,195.0,72.0,22,college,L,30.0,33.0,57.3841,61.6,48.8,221,398,1.355807762245881,1.4411742499959328,1.5611,1.3583,1.4417,latest_sustained_upward_crossing,latest_sustained_upward_crossing,1.3444,zero_baseline_breakout_before_fp100,0.0,4.863807604196429,96.77424999593276,1.4806,1224.2615,141.14099173857554,1224.2615,141.14099173857554,1.313,-0.08232618782875781,1.4806,141.14099173857554,141.2233179264043,141.2233179264043,1.4806,141.14099173857554,141.14099173857554,1.313,-0.08232618782875781,1.4806,141.14099173857554,141.2233179264043,141.2233179264043,False,ok,ok,0.0,2.025,730,True,True,True,True,True,True,True,205.29223775411887,119.92575000406714,85.36648775005173,216.6999999999999,80.50000000000001,248.1,80.50000000000001,80.50000000000001,248.1,80.50000000000001,2.025
398_3,195.0,72.0,22,college,L,30.0,33.0,61.9023,65.8,71.3,221,398,1.5918225819651906,1.8586751288514238,2.0056,1.5944,1.8611,latest_sustained_upward_crossing,latest_sustained_upward_crossing,1.7944,last_local_min_after_zero_baseline_plus5bw_breakout,1.0,23.44049348739326,64.27512885142383,1.9083,1364.3857,157.2954395869923,1364.3857,157.2954395869923,1.5361,-0.0932438323986827,1.9083,157.2954395869923,157.388683419391,157.388683419391,1.9083,157.2954395869923,157.2954395869923,1.5361,-0.0932438323986827,1.9083,157.2954395869923,157.388683419391,157.388683419391,False,ok,ok,0.0,2.6778,965,True,True,True,True,True,True,True,413.7774180348093,146.924871148576,266.85254688623326,211.19999999999982,97.29999999999973,469.49999999999983,97.29999999999973,97.29999999999973,469.49999999999983,97.29999999999973,2.6778
398_4,195.0,72.0,22,college,L,30.0,33.0,58.1787,66.1,73.5,221,398,1.92513786110615,2.1426902008462125,2.3,1.925,2.1444,latest_sustained_upward_crossing,latest_sustained_upward_crossing,2.062,last_local_min_after_zero_baseline_plus5bw_breakout,1.0,36.887013519145995,80.6902008462127,2.2028,1271.9945,146.6439688056951,1271.9945,146.6439688056951,1.8648,-0.009557262247590004,2.2028,146.6439688056951,146.6535260679427,146.6535260679427,2.2028,146.6439688056951,146.6439688056951,1.8648,-0.009557262247590004,2.2028,146.6439688056951,146.6535260679427,146.6535260679427,False,ok,ok,0.0,3.0556,1101,True,True,True,True,True,True,True,374.86213889384976,157.30979915378728,217.5523397400625,238.0,97.19999999999996,435.1999999999998,97.19999999999996,97.19999999999996,435.1999999999998,97.19999999999996,3.0556
398_5,195.0,72.0,22,college,L,30.0,33.0,61.6967,65.5,68.1,221,398,2.0619591203086927,2.3620328834477653,2.5056,2.0639,2.3639,latest_sustained_upward_crossing,latest_sustained_upward_crossing,2.288,last_local_min_after_zero_baseline_plus5bw_breakout,1.0,31.431102560858417,74.03288344776549,2.4111,1358.2659,156.58990842290547,1358.2659,156.58990842290547,1.5926,-0.03149630936117719,2.4111,156.58990842290547,156.62140473226665,156.62140473226665,2.4111,156.58990842290547,156.58990842290547,1.5926,-0.03149630936117719,2.4111,156.58990842290547,156.62140473226665,156.62140473226665,False,ok,ok,0.0,3.1,1117,True,True,True,True,True,True,True,443.6408796913072,143.56711655223452,300.07376313907264,217.60000000000002,94.50000000000003,912.9999999999998,94.50000000000003,94.50000000000003,912.9999999999998,94.50000000000003,3.1
398_6,195.0,72.0,22,college,L,30.0,33.0,60.753,65.7,63.8,221,398,1.7411907350455762,1.8212430216945688,1.9528,1.7417,1.8222,latest_sustained_upward_crossing,latest_sustained_upward_crossing,1.7213,zero_baseline_breakout_before_fp100,0.0,4.82391164605936,99.9430216945687,2.1398,1113.608,128.38412179751762,1113.608,128.38412179751762,1.1954,-0.017258409631655293,1.913,125.33982826207087,128.4013802071493,125.35708667170252,1.913,125.33982826207087,125.33982826207087,1.1954,-0.017258409631655293,1.913,125.33982826207087,125.35708667170252,125.35708667170252,False,ok,manual_precontact_peak,0.0,2.6639,960,True,True,True,True,True,True,True,211.6092649544239,131.55697830543133,80.05228664899255,231.50000000000003,-187.00000000000006,757.4000000000001,39.800000000000054,39.800000000000054,757.4000000000001,39.800000000000054,2.6639
398_7,195.0,72.0,22,college,L,30.0,33.0,58.4321,63.5,53.0,221,398,1.6636654791357446,2.0094345837644285,2.1611,1.6639,2.0111,latest_sustained_upward_crossing,latest_sustained_upward_crossing,1.9259,last_local_min_after_zero_baseline_plus5bw_breakout,1.0,34.89885612261172,83.53458376442858,2.0694,1312.2074,151.27997883025617,1312.2074,151.27997883025617,1.6167,-0.05172911423997147,2.0694,151.27997883025617,151.33170794449615,151.33170794449615,2.0694,151.27997883025617,151.27997883025617,1.6167,-0.05172911423997147,2.0694,151.27997883025617,151.33170794449615,151.33170794449615,False,ok,ok,0.0,2.8889,1041,True,True,True,True,True,True,True,497.4345208642552,151.66541623557129,345.7691046286839,235.19999999999985,91.69999999999989,544.3999999999997,91.69999999999989,91.69999999999989,544.3999999999997,91.69999999999989,2.8889
426_1,204.0,70.0,31,college,R,31.0,33.5,65.6076,66.9,93.3,231,426,1.2516201382427885,1.3049493928912115,1.4111,1.2528,1.3056,latest_sustained_upward_crossing,latest_sustained_upward_crossing,1.2407,zero_baseline_breakout_before_fp100,0.0,5.061661514214877,64.24939289121157,1.3333,1731.5626,190.81899902624022,1731.5626,190.81899902624022,0.6444,-0.029632904313223206,1.3333,190.81899902624022,190.84863193055344,190.84863193055344,1.3333,190.81899902624022,190.81899902624022,0.6444,-0.029632904313223206,1.3333,190.81899902624022,190.84863193055344,190.84863193055344,False,ok,ok,0.0,2.0917,754,True,True,True,True,True,True,True,159.47986175721152,106.15060710878853,53.329254648422975,170.40000000000012,77.8000000000001,766.7,77.8000000000001,77.8000000000001,766.7,77.8000000000001,2.0917
426_2,204.0,70.0,31,college,R,31.0,33.5,70.3444,70.0,95.5,231,426,1.1884814194636402,1.2417826634953897,1.3528,1.1889,1.2417,latest_sustained_upward_crossing,latest_sustained_upward_crossing,1.1796,zero_baseline_breakout_before_fp100,0.0,4.785311814898143,62.182663495389704,1.2694,1722.5292,189.82351417007408,1722.5292,189.82351417007408,1.1574,-0.01640884883688708,1.2694,189.82351417007408,189.83992301891095,189.83992301891095,1.2694,189.82351417007408,189.82351417007408,1.1574,-0.01640884883688708,1.2694,189.82351417007408,189.83992301891095,189.83992301891095,False,ok,ok,0.0,2.075,748,True,True,True,True,True,True,True,164.31858053635983,111.01733650461031,53.30124403174952,173.20000000000002,83.39999999999992,195.4,83.39999999999992,83.39999999999992,195.4,83.39999999999992,2.075
426_3,204.0,70.0,31,college,R,31.0,33.5,68.0588,69.5,98.6,231,426,1.2623846704523225,1.3107017209178875,1.425,1.2639,1.3111,latest_sustained_upward_crossing,latest_sustained_upward_crossing,1.2537,zero_baseline_breakout_before_fp100,0.0,5.091429252034918,57.00172091788747,1.3407,1843.8338,203.19133716953047,1843.8338,203.19133716953047,1.2324,-0.06929405069600132,1.3407,203.19133716953047,203.26063122022646,203.26063122022646,1.3407,203.19133716953047,203.19133716953047,1.2324,-0.06929405069600132,1.3407,203.19133716953047,203.26063122022646,203.26063122022646,False,ok,ok,0.0,2.1167,763,True,True,True,True,True,True,True,162.61532954767753,114.29827908211254,48.317050465565,171.3,84.30000000000004,192.6000000000001,84.30000000000004,84.30000000000004,192.6000000000001,84.30000000000004,2.1167
426_4,204.0,70.0,31,college,R,31.0,33.5,70.0335,68.1,95.4,231,426,1.266974315616475,1.3197124056998815,1.4361,1.2694,1.3222,latest_sustained_upward_crossing,latest_sustained_upward_crossing,1.2565,zero_baseline_breakout_before_fp100,0.0,4.906211445614519,63.212405699881515,1.3482,1655.5188,182.4389371109785,1655.5188,182.4389371109785,1.2333,-0.047893120916797344,1.3482,182.4389371109785,182.48683023189528,182.48683023189528,1.3482,182.4389371109785,182.4389371109785,1.2333,-0.047893120916797344,1.3482,182.4389371109785,182.48683023189528,182.48683023189528,False,ok,ok,0.0,2.1111,761,True,True,True,True,True,True,True,169.12568438352494,116.38759430011847,52.73809008340646,179.6,87.89999999999986,202.79999999999987,87.89999999999986,87.89999999999986,202.79999999999987,87.89999999999986,2.1111
426_5,204.0,70.0,31,college,R,31.0,33.5,70.5659,70.4,96.5,231,426,1.5546275617792307,1.6084449093014814,1.725,1.5556,1.6083,latest_sustained_upward_crossing,latest_sustained_upward_crossing,1.5482,zero_baseline_breakout_before_fp100,0.0,4.400421142593285,60.24490930148141,1.638,1997.8097,220.1595525330203,1997.8097,220.1595525330203,1.537,-0.4331429170811596,1.638,220.1595525330203,220.59269545010147,220.59269545010147,1.638,220.1595525330203,220.1595525330203,1.537,-0.4331429170811596,1.638,220.1595525330203,220.59269545010147,220.59269545010147,False,ok,ok,0.0,2.6,937,True,True,True,True,True,True,True,170.37243822076942,116.55509069851865,53.817347522250756,176.80000000000007,87.00000000000018,188.00000000000017,87.00000000000018,87.00000000000018,188.00000000000017,87.00000000000018,2.6
426_6,204.0,70.0,31,college,R,31.0,33.5,70.2479,66.6,94.6,231,426,1.6230104290148764,1.6775155135300501,1.7889,1.625,1.6778,latest_sustained_upward_crossing,latest_sustained_upward_crossing,1.612,zero_baseline_breakout_before_fp100,0.0,4.912583625287676,65.51551353005003,1.7056,1765.342,194.5415045225515,1765.342,194.5415045225515,0.9991,-0.01640884883688708,1.7056,194.5415045225515,194.55791337138837,194.55791337138837,1.7056,194.5415045225515,194.5415045225515,0.9991,-0.01640884883688708,1.7056,194.5415045225515,194.55791337138837,194.55791337138837,False,ok,ok,0.0,2.5139,906,True,True,True,True,True,True,True,165.88957098512358,111.3844864699498,54.50508451517378,176.89999999999984,83.29999999999993,789.8,83.29999999999993,83.29999999999993,789.8,83.29999999999993,2.5139
426_7,204.0,70.0,31,college,R,31.0,33.5,72.3302,66.7,92.6,231,426,1.265483763033892,1.3182325145850642,1.4333,1.2667,1.3194,latest_sustained_upward_crossing,latest_sustained_upward_crossing,1.2583,zero_baseline_breakout_before_fp100,0.0,4.504082179815435,59.93251458506421,1.3472,1835.9926,202.32723330452177,1835.9926,202.32723330452177,1.2454,-0.208278873752294,1.3472,202.32723330452177,202.53551217827408,202.53551217827408,1.3472,202.32723330452177,202.32723330452177,1.2454,-0.208278873752294,1.3472,202.32723330452177,202.53551217827408,202.53551217827408,False,ok,ok,0.0,2.1222,765,True,True,True,True,True,True,True,167.81623696610802,115.06748541493583,52.748751551172205,175.00000000000006,86.10000000000007,187.89999999999995,86.10000000000007,86.10000000000007,187.89999999999995,86.10000000000007,2.1222
426_8,204.0,70.0,31,college,R,31.0,33.5,68.0511,68.8,96.5,231,426,1.4132900607381584,1.4678011793669168,1.5861,1.4139,1.4694,latest_sustained_upward_crossing,latest_sustained_upward_crossing,1.4037,zero_baseline_breakout_before_fp100,0.0,4.794694411906206,64.10117936691684,1.5111,1587.4101,174.9333268841357,1587.4101,174.9333268841357,1.3843,0.04416834529096267,1.5111,174.9333268841357,174.88915853884475,174.9333268841357,1.5111,174.9333268841357,174.9333268841357,1.3843,0.04416834529096267,1.5111,174.9333268841357,174.88915853884475,174.9333268841357,False,ok,ok,0.0,2.2056,795,True,True,True,True,True,True,True,172.80993926184163,118.29882063308328,54.51111862875835,182.40000000000012,74.99999999999996,201.79999999999998,74.99999999999996,74.99999999999996,201.79999999999998,74.99999999999996,2.2056
440_1,189.0,67.0,24,college,L,30.0,33.0,66.4235,64.2,80.2,238,440,0.7862711732862601,0.8412349513071247,0.9806,0.4861,0.8417,latest_sustained_upward_crossing,latest_sustained_upward_crossing,0.7806,last_local_min_before_fp100_plus5bw_breakout,7.0,5.6796408679746255,60.63495130712471,0.8694,1094.7329,130.21468054142628,1094.7329,130.21468054142628,0.4593,-0.333240600519871,0.8694,130.21468054142628,130.54792114194615,130.54792114194615,0.8694,130.21468054142628,130.21468054142628,0.4593,-0.333240600519871,0.8694,130.21468054142628,130.54792114194615,130.54792114194615,False,ok,ok,0.0,1.4333,517,True,True,True,True,True,True,True,194.32882671373997,139.36504869287535,54.96377802086461,200.00000000000006,111.20000000000007,521.3000000000001,111.20000000000007,111.20000000000007,521.3000000000001,111.20000000000007,1.4333
440_2,189.0,67.0,24,college,L,30.0,33.0,62.8641,64.9,75.8,238,440,2.4373246706265754,2.4887444149966464,2.625,2.4389,2.4889,latest_sustained_upward_crossing,latest_sustained_upward_crossing,2.4324,last_local_min_before_fp100_plus5bw_breakout,14.0,5.339793837200386,56.34441499664655,2.5472,1271.1957,151.20431840601003,1271.1957,151.20431840601003,2.4204,-0.5271472349314549,2.5472,151.20431840601003,151.73146564094148,151.73146564094148,2.5472,151.20431840601003,151.20431840601003,2.4204,-0.5271472349314549,2.5472,151.20431840601003,151.73146564094148,151.73146564094148,False,ok,ok,0.0,3.1083,1120,True,True,True,True,True,True,True,187.67532937342457,136.25558500335356,51.419744370071015,192.6000000000001,77.79999999999987,204.6000000000001,77.79999999999987,77.79999999999987,204.6000000000001,77.79999999999987,3.1083
440_3,189.0,67.0,24,college,L,30.0,33.0,66.3874,65.4,77.4,238,440,0.8126353171512263,0.8681527041214595,1.0028,0.3861,0.8694,latest_sustained_upward_crossing,latest_sustained_upward_crossing,0.8074,last_local_min_before_fp100_plus5bw_breakout,10.0,5.2233381867516355,60.7527041214595,0.8982,1169.0445,139.05378755513001,1169.0445,139.05378755513001,0.3528,-0.32594917818553765,0.8982,139.05378755513001,139.37973673331555,139.37973673331555,0.8982,139.05378755513001,139.05378755513001,0.3528,-0.32594917818553765,0.8982,139.05378755513001,139.37973673331555,139.37973673331555,False,ok,ok,0.0,1.3667,493,True,True,True,True,True,True,True,190.16468284877362,134.6472958785404,55.51738697023323,195.39999999999992,104.59999999999991,649.9999999999999,104.59999999999991,104.59999999999991,649.9999999999999,104.59999999999991,1.3667
440_4,189.0,67.0,24,college,L,30.0,33.0,64.6849,64.3,87.5,238,440,0.8244850746222457,0.8756885160707479,1.0167,0.825,0.8778,latest_sustained_upward_crossing,latest_sustained_upward_crossing,0.8139,zero_baseline_breakout_before_fp100,0.0,4.959022902682474,61.78851607074798,0.9148,1279.6696,152.21225941284376,1279.6696,152.21225941284376,0.7944,-0.18929150901889014,0.9148,152.21225941284376,152.40155092186265,152.40155092186265,0.9148,152.21225941284376,152.21225941284376,0.7944,-0.18929150901889014,0.9148,152.21225941284376,152.40155092186265,152.40155092186265,False,ok,ok,0.0,1.3472,486,True,True,True,True,True,True,True,192.21492537775418,141.011483929252,51.2034414485022,202.79999999999998,101.89999999999999,222.29999999999995,101.89999999999999,101.89999999999999,222.29999999999995,101.89999999999999,1.3472
440_5,189.0,67.0,24,college,L,30.0,33.0,66.4716,66.2,86.3,238,440,1.1047523420276477,1.166622227457655,1.3056,0.85,1.1694,latest_sustained_upward_crossing,latest_sustained_upward_crossing,1.1019,last_local_min_before_fp100_plus5bw_breakout,7.0,8.555292894819008,64.72222745765488,1.25,1229.3512,146.2270603004797,1229.3512,146.2270603004797,0.8222,-0.4021344311242075,1.25,146.2270603004797,146.62919473160392,146.62919473160392,1.25,146.2270603004797,146.2270603004797,0.8222,-0.4021344311242075,1.25,146.2270603004797,146.62919473160392,146.62919473160392,False,ok,ok,0.0,1.6,577,True,True,True,True,True,True,True,200.84765797235238,138.97777254234512,61.869885430007265,203.7,55.600000000000094,483.40000000000003,55.600000000000094,55.600000000000094,483.40000000000003,55.600000000000094,1.6
440_6,189.0,67.0,24,college,L,30.0,33.0,63.5116,63.9,74.3,238,440,1.2982101830059836,1.3529417453183075,1.4861,1.0111,1.3556,latest_sustained_upward_crossing,latest_sustained_upward_crossing,1.2907,last_local_min_before_fp100_plus5bw_breakout,9.0,5.119448887432779,62.24174531830751,1.3843,1221.4197,145.28363589191912,1221.4197,145.28363589191912,0.9278,-0.2968072781543525,1.3843,145.28363589191912,145.58044317007347,145.58044317007347,1.3843,145.28363589191912,145.28363589191912,0.9278,-0.2968072781543525,1.3843,145.28363589191912,145.58044317007347,145.58044317007347,False,ok,ok,0.0,2.0694,746,True,True,True,True,True,True,True,187.8898169940164,133.1582546816925,54.7315623123239,195.4,101.7999999999999,558.3000000000001,101.7999999999999,101.7999999999999,558.3000000000001,101.7999999999999,2.0694
440_7,189.0,67.0,24,college,L,30.0,33.0,66.8836,68.3,80.8,238,440,0.7930478250804592,0.8408380754275356,0.9833,0.3417,0.8417,latest_sustained_upward_crossing,latest_sustained_upward_crossing,0.788,last_local_min_before_fp100_plus5bw_breakout,8.0,5.446191508946897,52.8380754275356,0.9009,1346.8652,160.204942913805,1346.8652,160.204942913805,0.7759,-0.39987444704015646,0.9009,160.204942913805,160.60481736084517,160.60481736084517,0.9009,160.204942913805,160.204942913805,0.7759,-0.39987444704015646,0.9009,160.204942913805,160.60481736084517,160.60481736084517,False,ok,ok,0.0,1.3028,470,True,True,True,True,True,True,True,190.25217491954072,142.4619245724643,47.7902503470764,195.29999999999993,82.39999999999992,207.39999999999992,82.39999999999992,82.39999999999992,207.39999999999992,82.39999999999992,1.3028
440_8,189.0,67.0,24,college,L,30.0,33.0,64.6783,60.6,81.8,238,440,1.34344950411062,1.4146217639264282,1.5639,0.7306,1.4167,latest_sustained_upward_crossing,latest_sustained_upward_crossing,1.3389,last_local_min_before_fp100_plus5bw_breakout,9.0,8.668107382056181,75.72176392642827,1.4889,1205.1292,143.3459374329068,1205.1292,143.3459374329068,0.6861,-0.2642397180378688,1.4889,143.3459374329068,143.61017715094465,143.61017715094465,1.4889,143.3459374329068,143.3459374329068,0.6861,-0.2642397180378688,1.4889,143.3459374329068,143.61017715094465,143.61017715094465,False,ok,ok,0.0,1.85,667,True,True,True,True,True,True,True,220.45049588938005,149.27823607357183,71.17225981580822,225.00000000000009,75.00000000000017,877.8000000000001,75.00000000000017,75.00000000000017,877.8000000000001,75.00000000000017,1.85
447_1,184.0,71.0,19,milb,R,31.0,34.0,70.4389,74.8,97.2,242,447,1.3621058191610824,1.4135813365154988,1.5361,1.3639,1.4139,latest_sustained_upward_crossing,latest_sustained_upward_crossing,1.3528,zero_baseline_breakout_before_fp100,0.0,4.795810804594709,60.78133651549877,1.4435,1697.9461,207.4529718358075,1697.9461,207.4529718358075,1.337,-0.3540007781148463,1.4435,207.4529718358075,207.80697261392234,207.80697261392234,1.4435,207.4529718358075,207.4529718358075,1.337,-0.3540007781148463,1.4435,207.4529718358075,207.80697261392234,207.80697261392234,False,ok,ok,0.0,1.9139,690,True,True,True,True,True,True,True,173.9941808389176,122.51866348450125,51.475517354416354,183.3,92.60000000000002,199.10000000000005,92.60000000000002,92.60000000000002,199.10000000000005,92.60000000000002,1.9139
447_2,184.0,71.0,19,milb,R,31.0,34.0,71.1425,73.5,90.8,242,447,1.3908526696163808,1.4360070646040455,1.5611,1.3917,1.4361,latest_sustained_upward_crossing,latest_sustained_upward_crossing,1.3806,zero_baseline_breakout_before_fp100,0.0,4.867536212881822,55.40706460404543,1.4815,1800.3818,219.96844001650015,1800.3818,219.96844001650015,1.3546,-0.38722118660847044,1.4815,219.96844001650015,220.3556612031086,220.3556612031086,1.4815,219.96844001650015,219.96844001650015,1.3546,-0.38722118660847044,1.4815,219.96844001650015,220.3556612031086,220.3556612031086,False,ok,ok,0.0,2.0111,725,True,True,True,True,True,True,True,170.24733038361916,125.09293539595446,45.154394987664716,180.4999999999999,79.5999999999999,206.49999999999991,79.5999999999999,79.5999999999999,206.49999999999991,79.5999999999999,2.0111
447_3,184.0,71.0,19,milb,R,31.0,34.0,68.8615,75.0,91.7,242,447,1.6797441792080248,1.740744918641716,1.8639,1.6806,1.7417,latest_sustained_upward_crossing,latest_sustained_upward_crossing,1.6713,zero_baseline_breakout_before_fp100,0.0,5.09346273240702,69.44491864171609,1.7796,1947.6042,237.95589226884198,1947.6042,237.95589226884198,1.6537,-0.029078548074595638,1.7796,237.95589226884198,237.9849708169166,237.9849708169166,1.7796,237.95589226884198,237.95589226884198,1.6537,-0.029078548074595638,1.7796,237.95589226884198,237.9849708169166,237.9849708169166,False,ok,ok,0.0,2.175,784,True,True,True,True,True,True,True,184.15582079197512,123.1550813582838,61.00073943369133,192.59999999999988,84.29999999999981,210.19999999999993,84.29999999999981,84.29999999999981,210.19999999999993,84.29999999999981,2.175
447_4,184.0,71.0,19,milb,R,31.0,34.0,65.8131,71.7,92.2,242,447,0.7902147110490194,0.8417200186996096,0.9722,0.7917,0.8417,latest_sustained_upward_crossing,latest_sustained_upward_crossing,0.7806,zero_baseline_breakout_before_fp100,0.0,5.046866623018282,61.12001869960959,0.8815,1594.9243,194.86589467601178,1594.9243,194.86589467601178,0.762,-0.16621200336420133,0.8815,194.86589467601178,195.03210667937597,195.03210667937597,0.8815,194.86589467601178,194.86589467601178,0.762,-0.16621200336420133,0.8815,194.86589467601178,195.03210667937597,195.03210667937597,False,ok,ok,0.0,1.3194,476,True,True,True,True,True,True,True,181.98528895098053,130.4799813003904,51.50530765059014,191.6,90.7,210.19999999999993,90.7,90.7,210.19999999999993,90.7,1.3194
447_5,184.0,71.0,19,milb,R,31.0,34.0,68.3259,73.6,92.6,242,447,1.431245508195013,1.4767838671053781,1.6028,1.4333,1.4778,latest_sustained_upward_crossing,latest_sustained_upward_crossing,1.4167,zero_baseline_breakout_before_fp100,0.0,4.840245068392533,60.083867105378054,1.5056,1515.5135,185.16358053549874,1515.5135,185.16358053549874,1.3991,-0.5171094406341118,1.5056,185.16358053549874,185.68068997613284,185.68068997613284,1.5056,185.16358053549874,185.16358053549874,1.3991,-0.5171094406341118,1.5056,185.16358053549874,185.68068997613284,185.68068997613284,False,ok,ok,0.0,1.9222,693,True,True,True,True,True,True,True,171.55449180498695,126.01613289462188,45.53835891036506,186.09999999999994,97.19999999999996,203.7,97.19999999999996,97.19999999999996,203.7,97.19999999999996,1.9222
447_6,184.0,71.0,19,milb,R,31.0,34.0,67.2476,73.6,91.0,242,447,0.7756705242988831,0.8295890025529782,0.9472,0.7778,0.8306,latest_sustained_upward_crossing,latest_sustained_upward_crossing,0.7685,zero_baseline_breakout_before_fp100,0.0,5.090756113226373,61.08900255297822,0.862,2094.9437,255.95765165555156,2094.9437,255.95765165555156,0.7537,-0.33962033648299794,0.862,255.95765165555156,256.29727199203455,256.29727199203455,0.862,255.95765165555156,255.95765165555156,0.7537,-0.33962033648299794,0.862,255.95765165555156,256.29727199203455,256.29727199203455,False,ok,ok,0.0,1.2333,445,True,True,True,True,True,True,True,171.52947570111698,117.61099744702186,53.91847825409513,178.70000000000007,85.20000000000006,193.5,85.20000000000006,85.20000000000006,193.5,85.20000000000006,1.2333
447_7,184.0,71.0,19,milb,R,31.0,34.0,67.2688,70.8,93.2,242,447,0.9734256157038477,1.033060471356904,1.15,0.975,1.0333,latest_sustained_upward_crossing,latest_sustained_upward_crossing,0.9648,zero_baseline_breakout_before_fp100,0.0,4.793909127921319,68.26047135690405,1.0704,1832.3227,223.87094000051633,1832.3227,223.87094000051633,0.9509,-0.42268968453307176,1.0704,223.87094000051633,224.2936296850494,224.2936296850494,1.0704,223.87094000051633,223.87094000051633,0.9509,-0.42268968453307176,1.0704,223.87094000051633,224.2936296850494,224.2936296850494,False,ok,ok,0.0,1.5611,563,True,True,True,True,True,True,True,176.57438429615223,116.93952864309587,59.63485565305638,185.19999999999993,79.5999999999999,199.09999999999994,79.5999999999999,79.5999999999999,199.09999999999994,79.5999999999999,1.5611
447_8,184.0,71.0,19,milb,R,31.0,34.0,67.7816,73.6,94.1,242,447,1.0611155105844723,1.1047177694298398,1.2278,1.0611,1.1056,latest_sustained_upward_crossing,latest_sustained_upward_crossing,1.0556,zero_baseline_breakout_before_fp100,0.0,4.649855323165319,49.1177694298397,1.1398,2031.275,248.1786879841356,2031.275,248.1786879841356,1.0454,-0.3613192866428643,1.1398,248.1786879841356,248.54000727077846,248.54000727077846,1.1398,248.1786879841356,248.1786879841356,1.0454,-0.3613192866428643,1.1398,248.1786879841356,248.54000727077846,248.54000727077846,False,ok,ok,0.0,1.6528,596,True,True,True,True,True,True,True,166.6844894155277,123.0822305701602,43.6022588453675,172.1999999999999,88.00000000000009,182.3999999999999,88.00000000000009,88.00000000000009,182.3999999999999,88.00000000000009,1.6528
448_1,185.0,72.0,23,milb,R,31.0,34.0,68.9866,68.8,87.7,243,448,1.2150890617434116,1.2477707222651049,1.3667,1.2167,1.25,latest_sustained_upward_crossing,latest_sustained_upward_crossing,1.2111,zero_baseline_breakout_before_fp100,0.0,4.646952394357373,36.670722265104814,1.2806,2125.7258,258.31468671002324,2125.7258,258.31468671002324,1.2046,-2.01262332879312,1.2806,258.31468671002324,260.32731003881634,260.32731003881634,1.2806,258.31468671002324,258.31468671002324,1.2046,-2.01262332879312,1.2806,258.31468671002324,260.32731003881634,260.32731003881634,False,ok,ok,0.0,1.8417,664,True,True,True,True,True,True,True,151.61093825658844,118.92927773489515,32.6816605216933,155.59999999999997,86.10000000000007,162.10000000000014,86.10000000000007,86.10000000000007,162.10000000000014,86.10000000000007,1.8417
448_2,185.0,72.0,23,milb,R,31.0,34.0,65.0502,65.6,85.2,243,448,1.47661646386164,1.5136349907275852,1.6278,1.4778,1.5139,latest_sustained_upward_crossing,latest_sustained_upward_crossing,1.4722,zero_baseline_breakout_before_fp100,0.0,5.169309733810746,41.43499072758527,1.5417,2307.6209,280.41827870226814,2307.6209,280.41827870226814,1.463,-1.2705350835449465,1.5417,280.41827870226814,281.68881378581307,281.68881378581307,1.5417,280.41827870226814,280.41827870226814,1.463,-1.2705350835449465,1.5417,280.41827870226814,281.68881378581307,281.68881378581307,False,ok,ok,0.0,1.9111,689,True,True,True,True,True,True,True,151.18353613836,114.1650092724147,37.01852686594531,155.59999999999997,86.09999999999984,164.79999999999984,86.09999999999984,86.09999999999984,164.79999999999984,86.09999999999984,1.9111
448_3,185.0,72.0,23,milb,R,31.0,34.0,71.4135,71.3,88.0,243,448,1.116953958904763,1.1591954464726109,1.2833,1.1194,1.1611,latest_sustained_upward_crossing,latest_sustained_upward_crossing,1.112,zero_baseline_breakout_before_fp100,0.0,4.536166976087106,47.195446472610755,1.1861,1898.2507,230.6722884332412,1898.2507,230.6722884332412,1.1037,-1.2431205443217874,1.1861,230.6722884332412,231.91540897756298,231.91540897756298,1.1861,230.6722884332412,230.6722884332412,1.1037,-1.2431205443217874,1.1861,230.6722884332412,231.91540897756298,231.91540897756298,False,ok,ok,0.0,1.7,613,True,True,True,True,True,True,True,166.3460410952371,124.10455352738924,42.24148756784785,171.3,97.20000000000017,179.6000000000002,97.20000000000017,97.20000000000017,179.6000000000002,97.20000000000017,1.7
448_4,185.0,72.0,23,milb,R,31.0,34.0,70.899,69.5,97.0,243,448,1.1761813818832807,1.2093701673621347,1.3278,1.1778,1.2111,latest_sustained_upward_crossing,latest_sustained_upward_crossing,1.1713,zero_baseline_breakout_before_fp100,0.0,4.271179063569425,38.07016736213464,1.2333,1843.7627,224.05099670810156,1843.7627,224.05099670810156,1.1639,-1.4521199503940894,1.2333,224.05099670810156,225.50311665849566,225.50311665849566,1.2333,224.05099670810156,224.05099670810156,1.1639,-1.4521199503940894,1.2333,224.05099670810156,225.50311665849566,225.50311665849566,False,ok,ok,0.0,1.6639,600,True,True,True,True,True,True,True,151.6186181167194,118.42983263786545,33.18878547885396,156.50000000000009,94.50000000000003,163.90000000000015,94.50000000000003,94.50000000000003,163.90000000000015,94.50000000000003,1.6639
448_5,185.0,72.0,23,milb,R,31.0,34.0,71.0822,68.6,99.7,243,448,1.1741186922154399,1.211791015204818,1.3361,1.175,1.2139,latest_sustained_upward_crossing,latest_sustained_upward_crossing,1.1676,zero_baseline_breakout_before_fp100,0.0,4.436000116957431,44.191015204817944,1.238,1942.4837,236.04740950353374,1942.4837,236.04740950353374,1.1574,-0.7353925842942903,1.238,236.04740950353374,236.78280208782803,236.78280208782803,1.238,236.04740950353374,236.04740950353374,1.1574,-0.7353925842942903,1.238,236.04740950353374,236.78280208782803,236.78280208782803,False,ok,ok,0.0,1.6111,581,True,True,True,True,True,True,True,161.98130778456022,124.30898479518216,37.67232298937806,168.50000000000009,98.10000000000008,178.70000000000007,98.10000000000008,98.10000000000008,178.70000000000007,98.10000000000008,1.6111
448_6,185.0,72.0,23,milb,R,31.0,34.0,71.2491,66.2,88.3,243,448,1.3789861250086874,1.4159648485305942,1.5361,1.3806,1.4167,latest_sustained_upward_crossing,latest_sustained_upward_crossing,1.375,zero_baseline_breakout_before_fp100,0.0,4.852836641847737,40.96484853059423,1.4398,2587.5028,314.4290647191223,2587.5028,314.4290647191223,1.3676,-1.8667040969705604,1.4398,314.4290647191223,316.2957688160929,316.2957688160929,1.4398,314.4290647191223,314.4290647191223,1.3676,-1.8667040969705604,1.4398,314.4290647191223,316.2957688160929,316.2957688160929,False,ok,ok,0.0,1.775,640,True,True,True,True,True,True,True,157.11387499131257,120.13515146940578,36.97872352190679,161.10000000000002,96.30000000000005,168.50000000000009,96.30000000000005,96.30000000000005,168.50000000000009,96.30000000000005,1.775
448_7,185.0,72.0,23,milb,R,31.0,34.0,72.1349,70.7,92.9,243,448,1.2958808125385588,1.3294446429856073,1.4556,1.2972,1.3306,latest_sustained_upward_crossing,latest_sustained_upward_crossing,1.2898,zero_baseline_breakout_before_fp100,0.0,4.450665951887593,39.64464298560721,1.3528,1989.6466,241.77856718051922,1989.6466,241.77856718051922,1.2796,-0.7377500402381258,1.3528,241.77856718051922,242.51631722075734,242.51631722075734,1.3528,241.77856718051922,241.77856718051922,1.2796,-0.7377500402381258,1.3528,241.77856718051922,242.51631722075734,242.51631722075734,False,ok,ok,0.0,1.6944,611,True,True,True,True,True,True,True,159.7191874614412,126.15535701439273,33.563830447048474,165.79999999999995,102.8,175.99999999999994,102.8,102.8,175.99999999999994,102.8,1.6944
448_8,185.0,72.0,23,milb,R,31.0,34.0,69.4011,68.3,94.2,243,448,1.3119997444701157,1.3451440399794967,1.4639,1.3139,1.3472,latest_sustained_upward_crossing,latest_sustained_upward_crossing,1.3074,zero_baseline_breakout_before_fp100,0.0,4.85721201717588,37.744039979496826,1.3694,2114.6069,256.9635363546669,2114.6069,256.9635363546669,1.2982,-1.1106290899112805,1.3694,256.9635363546669,258.0741654445782,258.0741654445782,1.3694,256.9635363546669,256.9635363546669,1.2982,-1.1106290899112805,1.3694,256.9635363546669,258.0741654445782,258.0741654445782,False,ok,ok,0.0,1.8167,655,True,True,True,True,True,True,True,151.90025552988428,118.75596002050327,33.144295509381024,156.50000000000009,94.50000000000003,165.69999999999996,94.50000000000003,94.50000000000003,165.69999999999996,94.50000000000003,1.8167
450_1,177.0,72.0,18,college,R,30.0,33.0,66.6926,62.2,94.1,209,450,2.8289323898802743,2.8686270076624836,2.9861,2.8306,2.8694,latest_sustained_upward_crossing,latest_sustained_upward_crossing,2.825,zero_baseline_breakout_before_fp100,0.0,4.7861607320187645,43.62700766248339,2.913,2000.7195,254.11278883050124,2000.7195,254.11278883050124,2.8185,-1.9793982902295635,2.913,254.11278883050124,256.0921871207308,256.0921871207308,2.913,254.11278883050124,254.11278883050124,2.8185,-1.9793982902295635,2.913,254.11278883050124,256.0921871207308,256.0921871207308,False,ok,ok,0.0,3.2083,1156,True,True,True,True,True,True,True,157.16761011972568,117.4729923375164,39.694617782209285,161.0999999999998,73.10000000000016,167.6000000000002,73.10000000000016,73.10000000000016,167.6000000000002,73.10000000000016,3.2083
450_2,177.0,72.0,18,college,R,30.0,33.0,67.7343,66.0,89.1,209,450,1.298476815988477,1.3425397518406614,1.4639,1.3,1.3444,latest_sustained_upward_crossing,latest_sustained_upward_crossing,1.2944,zero_baseline_breakout_before_fp100,0.0,4.621765550159891,48.13975184066144,1.3907,1827.3249,232.08981890685666,1827.3249,232.08981890685666,1.288,-2.0998806424456604,1.3907,232.08981890685666,234.18969954930233,234.18969954930233,1.3907,232.08981890685666,232.08981890685666,1.288,-2.0998806424456604,1.3907,232.08981890685666,234.18969954930233,234.18969954930233,False,ok,ok,0.0,1.8333,661,True,True,True,True,True,True,True,165.423184011523,121.36024815933854,44.06293585218446,169.49999999999997,73.19999999999993,175.89999999999995,73.19999999999993,73.19999999999993,175.89999999999995,73.19999999999993,1.8333
450_3,177.0,72.0,18,college,R,30.0,33.0,70.1481,71.0,95.5,209,450,1.6352337778571804,1.6884757678978624,1.8056,1.6361,1.6889,latest_sustained_upward_crossing,latest_sustained_upward_crossing,1.6306,zero_baseline_breakout_before_fp100,0.0,4.258220575558066,57.8757678978623,1.7278,2451.5253,311.36995009621853,2451.5253,311.36995009621853,1.6232,-1.5340860668426166,1.7278,311.36995009621853,312.90403616306116,312.90403616306116,1.7278,311.36995009621853,311.36995009621853,1.6232,-1.5340860668426166,1.7278,311.36995009621853,312.90403616306116,312.90403616306116,False,ok,ok,0.0,2.1361,770,True,True,True,True,True,True,True,170.3662221428197,117.12423210213774,53.241990040681976,175.00000000000006,77.8000000000001,182.40000000000012,77.8000000000001,77.8000000000001,182.40000000000012,77.8000000000001,2.1361
450_4,177.0,72.0,18,college,R,30.0,33.0,65.6142,66.4,91.6,209,450,1.4922257444739666,1.5347845735914984,1.65,1.4944,1.5361,latest_sustained_upward_crossing,latest_sustained_upward_crossing,1.488,zero_baseline_breakout_before_fp100,0.0,3.8220561112249194,46.78457359149846,1.5732,2293.7968,291.3367425361124,2293.7968,291.3367425361124,1.4833,-2.895310567834392,1.5732,291.3367425361124,294.2320531039468,294.2320531039468,1.5732,291.3367425361124,291.3367425361124,1.4833,-2.895310567834392,1.5732,291.3367425361124,294.2320531039468,294.2320531039468,False,ok,ok,0.0,1.8944,683,True,True,True,True,True,True,True,157.7742555260333,115.21542640850146,42.558829117531836,161.99999999999991,76.79999999999998,166.69999999999985,76.79999999999998,76.79999999999998,166.69999999999985,76.79999999999998,1.8944
450_5,177.0,72.0,18,college,R,30.0,33.0,66.4277,65.7,93.0,209,450,1.7395555892504406,1.7808535824447065,1.9,1.7417,1.7806,latest_sustained_upward_crossing,latest_sustained_upward_crossing,1.7352,zero_baseline_breakout_before_fp100,0.0,4.099172544266659,45.65358244470641,1.8287,2085.8937,264.93082379162746,2085.8937,264.93082379162746,1.7287,-2.119770518428204,1.8287,264.93082379162746,267.05059431005566,267.05059431005566,1.8287,264.93082379162746,264.93082379162746,1.7287,-2.119770518428204,1.8287,264.93082379162746,267.05059431005566,267.05059431005566,False,ok,ok,0.0,2.0917,754,True,True,True,True,True,True,True,160.4444107495593,119.14641755529343,41.29799319426586,164.79999999999984,71.29999999999993,171.3,71.29999999999993,71.29999999999993,171.3,71.29999999999993,2.0917
450_6,177.0,72.0,18,college,R,30.0,33.0,66.4394,68.3,91.2,209,450,1.8357533223835218,1.8843201401293375,1.9917,1.8389,1.8861,latest_sustained_upward_crossing,latest_sustained_upward_crossing,1.8315,zero_baseline_breakout_before_fp100,0.0,3.8527359199300197,52.82014012933756,1.925,2408.3956,305.89201660857924,2408.3956,305.89201660857924,1.8269,-2.7605522126780784,1.925,305.89201660857924,308.6525688212573,308.6525688212573,1.925,305.89201660857924,305.89201660857924,1.8269,-2.7605522126780784,1.925,305.89201660857924,308.6525688212573,308.6525688212573,False,ok,ok,0.0,2.3361,842,True,True,True,True,True,True,True,155.94667761647818,107.37985987066256,48.56681774581561,160.20000000000013,66.69999999999999,164.80000000000007,66.69999999999999,66.69999999999999,164.80000000000007,66.69999999999999,2.3361
450_7,177.0,72.0,18,college,R,30.0,33.0,68.3105,67.6,93.5,209,450,1.9001576121423747,1.9452245308346368,2.0556,1.9028,1.9472,latest_sustained_upward_crossing,latest_sustained_upward_crossing,1.8963,zero_baseline_breakout_before_fp100,0.0,4.399588717087213,48.924530834636656,1.9861,1910.6161,242.66869271552355,1910.6161,242.66869271552355,1.8907,-2.9076179048887245,1.9861,242.66869271552355,245.57631062041227,245.57631062041227,1.9861,242.66869271552355,242.66869271552355,1.8907,-2.9076179048887245,1.9861,242.66869271552355,245.57631062041227,245.57631062041227,False,ok,ok,0.0,2.4444,881,True,True,True,True,True,True,True,155.44238785762542,110.37546916536334,45.06691869226209,159.3,69.50000000000011,164.90000000000003,69.50000000000011,69.50000000000011,164.90000000000003,69.50000000000011,2.4444
450_8,177.0,72.0,18,college,R,30.0,33.0,68.5179,70.1,90.8,209,450,1.63990937344783,1.677314544368519,1.7972,1.6417,1.6778,latest_sustained_upward_crossing,latest_sustained_upward_crossing,1.6361,zero_baseline_breakout_before_fp100,0.0,4.8735216815581985,41.21454436851879,1.7222,1903.4091,241.75332658393867,1903.4091,241.75332658393867,1.6296,-2.119376785251027,1.7222,241.75332658393867,243.8727033691897,243.8727033691897,1.7222,241.75332658393867,241.75332658393867,1.6296,-2.119376785251027,1.7222,241.75332658393867,243.8727033691897,243.8727033691897,False,ok,ok,0.0,2.075,748,True,True,True,True,True,True,True,157.29062655216984,119.88545563148101,37.405170920688846,161.0999999999998,74.99999999999996,167.59999999999997,74.99999999999996,74.99999999999996,167.59999999999997,74.99999999999996,2.075
451_1,184.0,68.0,20,college,R,30.0,33.0,64.8666,66.1,82.6,70,451,1.3400440428278773,1.373803933186179,1.5028,1.3417,1.375,latest_sustained_upward_crossing,latest_sustained_upward_crossing,1.3343,zero_baseline_breakout_before_fp100,0.0,4.397583466596858,39.50393318617906,1.3926,1671.192,204.18418871378,1671.192,204.18418871378,1.3241,-0.48927711604842733,1.3926,204.18418871378,204.67346582982844,204.67346582982844,1.3926,204.18418871378,204.18418871378,1.3241,-0.48927711604842733,1.3926,204.18418871378,204.67346582982844,204.67346582982844,False,ok,ok,0.0,1.9333,697,True,True,True,True,True,True,True,162.75595717212266,128.99606681382082,33.759890358301845,168.4999999999999,110.19999999999985,178.69999999999985,110.19999999999985,110.19999999999985,178.69999999999985,110.19999999999985,1.9333
451_2,184.0,68.0,20,college,R,30.0,33.0,63.0163,65.7,74.3,70,451,1.1914711559527231,1.232514477762392,1.3611,1.1944,1.2333,latest_sustained_upward_crossing,latest_sustained_upward_crossing,1.1861,zero_baseline_breakout_before_fp100,0.0,3.825744403757394,46.414477762392046,1.2583,1848.8403,225.88904010840264,1848.8403,225.88904010840264,1.1787,-1.2915029423416835,1.2583,225.88904010840264,227.18054305074432,227.18054305074432,1.2583,225.88904010840264,225.88904010840264,1.1787,-1.2915029423416835,1.2583,225.88904010840264,227.18054305074432,227.18054305074432,False,ok,ok,0.0,1.6889,609,True,True,True,True,True,True,True,169.62884404727686,128.585522237608,41.04332180966885,175.00000000000006,102.8,182.3999999999999,102.8,102.8,182.3999999999999,102.8,1.6889
451_3,184.0,68.0,20,college,R,30.0,33.0,64.4715,63.1,91.1,70,451,1.7904560907359697,1.83242075903021,1.9611,1.7917,1.8333,latest_sustained_upward_crossing,latest_sustained_upward_crossing,1.7833,zero_baseline_breakout_before_fp100,0.0,3.8881676951950386,49.12075903020985,1.8482,1766.9425,215.88286735838747,1766.9425,215.88286735838747,1.7732,-0.7366402607199667,1.8482,215.88286735838747,216.61950761910745,216.61950761910745,1.8482,215.88286735838747,215.88286735838747,1.7732,-0.7366402607199667,1.8482,215.88286735838747,216.61950761910745,216.61950761910745,False,ok,ok,0.0,2.2167,799,True,True,True,True,True,True,True,170.64390926403038,128.6792409697901,41.96466829424028,177.79999999999995,112.9,187.89999999999995,112.9,112.9,187.89999999999995,112.9,2.2167
451_4,184.0,68.0,20,college,R,30.0,33.0,65.4655,66.7,94.3,70,451,2.3581658882879393,2.38940727209137,2.525,2.3583,2.3917,latest_sustained_upward_crossing,latest_sustained_upward_crossing,2.3528,zero_baseline_breakout_before_fp100,0.0,3.9829022413123085,36.607272091370376,2.4083,1649.6085,201.54714315761177,1649.6085,201.54714315761177,2.3454,-0.7778878146274603,2.4083,201.54714315761177,202.32503097223923,202.32503097223923,2.4083,201.54714315761177,201.54714315761177,2.3454,-0.7778878146274603,2.4083,201.54714315761177,202.32503097223923,202.32503097223923,False,ok,ok,0.0,2.7389,987,True,True,True,True,True,True,True,166.83411171206063,135.59272790862974,31.24138380343089,172.20000000000013,116.6999999999998,179.59999999999977,116.6999999999998,116.6999999999998,179.59999999999977,116.6999999999998,2.7389
451_5,184.0,68.0,20,college,R,30.0,33.0,63.5291,65.6,87.7,70,451,1.286256943002069,1.3171531912217025,1.45,1.2889,1.3194,latest_sustained_upward_crossing,latest_sustained_upward_crossing,1.2806,zero_baseline_breakout_before_fp100,0.0,3.739312264643528,36.553191221702534,1.3343,1695.7836,207.18876023828096,1695.7836,207.18876023828096,1.2732,-0.7760917866581469,1.3343,207.18876023828096,207.96485202493912,207.96485202493912,1.3343,207.18876023828096,207.18876023828096,1.2732,-0.7760917866581469,1.3343,207.18876023828096,207.96485202493912,207.96485202493912,False,ok,ok,0.0,1.6806,606,True,True,True,True,True,True,True,163.743056997931,132.84680877829746,30.89624821963355,169.4,115.69999999999992,176.79999999999984,115.69999999999992,115.69999999999992,176.79999999999984,115.69999999999992,1.6806
451_6,184.0,68.0,20,college,R,30.0,33.0,69.0179,66.9,93.4,70,451,1.1791354468581194,1.2210165690133812,1.3583,1.1806,1.2222,latest_sustained_upward_crossing,latest_sustained_upward_crossing,1.1722,zero_baseline_breakout_before_fp100,0.0,3.8929916006492324,48.81656901338127,1.2417,1517.5761,185.41558647356035,1517.5761,185.41558647356035,1.162,-0.700426472277487,1.2417,185.41558647356035,186.11601294583784,186.11601294583784,1.2417,185.41558647356035,185.41558647356035,1.162,-0.700426472277487,1.2417,185.41558647356035,186.11601294583784,186.11601294583784,False,ok,ok,0.0,1.65,595,True,True,True,True,True,True,True,179.16455314188062,137.2834309866189,41.88112215526174,186.10000000000016,116.60000000000004,196.30000000000015,116.60000000000004,116.60000000000004,196.30000000000015,116.60000000000004,1.65
451_7,184.0,68.0,20,college,R,30.0,33.0,66.8019,65.4,93.9,70,451,1.311758460655752,1.3424689179083873,1.4778,1.3139,1.3444,latest_sustained_upward_crossing,latest_sustained_upward_crossing,1.3065,zero_baseline_breakout_before_fp100,0.0,4.015437011277432,35.9689179083873,1.3602,1607.8228,196.4418175850041,1607.8228,196.4418175850041,1.2991,-0.8905855152325318,1.3602,196.4418175850041,197.33240310023663,197.33240310023663,1.3602,196.4418175850041,196.4418175850041,1.2991,-0.8905855152325318,1.3602,196.4418175850041,197.33240310023663,197.33240310023663,False,ok,ok,0.0,1.7722,639,True,True,True,True,True,True,True,166.04153934424804,135.3310820916127,30.710457252635326,171.3,117.59999999999992,178.70000000000007,117.59999999999992,117.59999999999992,178.70000000000007,117.59999999999992,1.7722
451_8,184.0,68.0,20,college,R,30.0,33.0,65.2349,65.8,89.2,70,451,1.4735275393801208,1.5025133929063124,1.6472,1.475,1.5028,latest_sustained_upward_crossing,latest_sustained_upward_crossing,1.4685,zero_baseline_breakout_before_fp100,0.0,4.274944007328517,34.01339290631245,1.5593,1658.7024,202.6582247052402,1658.7024,202.6582247052402,1.4611,-1.351272798300054,1.5593,202.6582247052402,204.00949750354025,204.00949750354025,1.5593,202.6582247052402,202.6582247052402,1.4611,-1.351272798300054,1.5593,202.6582247052402,204.00949750354025,204.00949750354025,False,ok,ok,0.0,2.0778,749,True,True,True,True,True,True,True,173.6724606198792,144.68660709368763,28.98585352619154,178.70000000000007,87.90000000000009,186.09999999999994,87.90000000000009,87.90000000000009,186.09999999999994,87.90000000000009,2.0778
468_1,190.0,69.0,19,college,R,30.0,33.0,66.3653,66.2,93.2,108,468,1.2748094080042291,1.3449395736913201,1.4833,1.275,1.3472,latest_sustained_upward_crossing,latest_sustained_upward_crossing,1.2694,zero_baseline_breakout_before_fp100,0.0,4.775663010420369,75.53957369132003,1.4352,1113.6069,131.7625211659589,1113.6069,131.7625211659589,1.2593,-1.0861348284525145,1.4352,131.7625211659589,132.84865599441142,132.84865599441142,1.4352,131.7625211659589,131.7625211659589,1.2593,-1.0861348284525145,1.4352,131.7625211659589,132.84865599441142,132.84865599441142,False,ok,ok,0.0,1.8028,650,True,True,True,True,True,True,True,208.4905919957709,138.36042630867996,70.13016568709097,213.89999999999998,48.10000000000003,223.99999999999997,48.10000000000003,48.10000000000003,223.99999999999997,48.10000000000003,1.8028
468_2,190.0,69.0,19,college,R,30.0,33.0,64.962,66.3,92.3,108,468,2.464765280599288,2.5324942330326543,2.675,2.4667,2.5333,latest_sustained_upward_crossing,latest_sustained_upward_crossing,2.4583,zero_baseline_breakout_before_fp100,0.0,4.482975686565543,74.19423303265438,2.6259,1260.9554,149.19686882492394,1260.9554,149.19686882492394,2.4482,-0.9299636052974233,2.6259,149.19686882492394,150.12683243022136,150.12683243022136,2.6259,149.19686882492394,149.19686882492394,2.4482,-0.9299636052974233,2.6259,149.19686882492394,150.12683243022136,150.12683243022136,False,ok,ok,0.0,3.0917,1114,True,True,True,True,True,True,True,210.2347194007117,142.50576696734552,67.72895243336619,216.6999999999999,49.099999999999696,226.7999999999999,49.099999999999696,49.099999999999696,226.7999999999999,49.099999999999696,3.0917
468_3,190.0,69.0,19,college,R,30.0,33.0,64.8097,65.1,91.9,108,468,1.2544846429467567,1.4897661243751799,1.6472,1.2556,1.4917,latest_sustained_upward_crossing,latest_sustained_upward_crossing,1.4157,last_local_min_after_zero_baseline_plus5bw_breakout,2.0,22.609903322978116,74.0661243751799,1.5843,1148.3504,135.87338933149334,1148.3504,135.87338933149334,1.238,-0.6340085477341009,1.5843,135.87338933149334,136.50739787922745,136.50739787922745,1.5843,135.87338933149334,135.87338933149334,1.238,-0.6340085477341009,1.5843,135.87338933149334,136.50739787922745,136.50739787922745,False,ok,ok,0.0,2.1194,764,True,True,True,True,True,True,True,392.71535705324334,157.43387562482013,235.2814814284232,231.50000000000003,62.899999999999956,409.2,62.899999999999956,62.899999999999956,409.2,62.899999999999956,2.1194
468_4,190.0,69.0,19,college,R,30.0,33.0,65.8408,66.8,89.6,108,468,1.4516822731262027,1.5188266044070708,1.6667,1.3528,1.5194,latest_sustained_upward_crossing,latest_sustained_upward_crossing,1.4537,last_local_min_after_zero_baseline_plus5bw_breakout,1.0,11.481640006715686,65.12660440707086,1.6167,1165.2438,137.87222480482328,1165.2438,137.87222480482328,1.3343,-0.5881238592428938,1.6167,137.87222480482328,138.46034866406617,138.46034866406617,1.6167,137.87222480482328,137.87222480482328,1.3343,-0.5881238592428938,1.6167,137.87222480482328,138.46034866406617,138.46034866406617,False,ok,ok,0.0,2.25,811,True,True,True,True,True,True,True,215.0177268737974,147.87339559292923,67.14433128086816,213.00000000000009,50.00000000000004,332.40000000000003,50.00000000000004,50.00000000000004,332.40000000000003,50.00000000000004,2.25
468_5,190.0,69.0,19,college,R,30.0,33.0,65.9811,67.4,90.7,108,468,1.4849813289898874,1.7185915837002934,1.8639,1.4861,1.7194,latest_sustained_upward_crossing,latest_sustained_upward_crossing,1.6352,last_local_min_after_zero_baseline_plus5bw_breakout,2.0,18.855227875710472,83.39158370029342,1.8074,1107.211,131.0057551032438,1107.211,131.0057551032438,1.4685,-0.6996527591186334,1.8074,131.0057551032438,131.70540786236245,131.70540786236245,1.8074,131.0057551032438,131.0057551032438,1.4685,-0.6996527591186334,1.8074,131.0057551032438,131.70540786236245,131.70540786236245,False,ok,ok,0.0,2.2306,804,True,True,True,True,True,True,True,378.91867101011246,145.30841629970647,233.61025471040597,228.6999999999999,56.49999999999999,395.4,56.49999999999999,56.49999999999999,395.4,56.49999999999999,2.2306
468_6,190.0,69.0,19,college,R,30.0,33.0,65.4069,64.8,89.1,108,468,1.1409483758320258,1.2001634848643967,1.3278,1.1417,1.2,latest_sustained_upward_crossing,latest_sustained_upward_crossing,1.1361,zero_baseline_breakout_before_fp100,0.0,4.285507130163693,64.06348486439661,1.2861,1227.9379,145.2902218361193,1227.9379,145.2902218361193,1.1287,-1.4396646395481252,1.2861,145.2902218361193,146.7298864756674,146.7298864756674,1.2861,145.2902218361193,145.2902218361193,1.1287,-1.4396646395481252,1.2861,145.2902218361193,146.7298864756674,146.7298864756674,False,ok,ok,0.0,1.9528,704,True,True,True,True,True,True,True,186.8516241679743,127.63651513560336,59.215109032370925,191.7,41.700000000000074,199.10000000000005,41.700000000000074,41.700000000000074,199.10000000000005,41.700000000000074,1.9528
468_7,190.0,69.0,19,college,R,30.0,33.0,65.2249,67.2,91.3,108,468,1.3471706160115815,1.4391962696382146,1.5917,1.2722,1.4417,latest_sustained_upward_crossing,latest_sustained_upward_crossing,1.3639,last_local_min_after_zero_baseline_plus5bw_breakout,1.0,14.1192683518505,75.29626963821468,1.5407,1262.5278,149.38291597341174,1262.5278,149.38291597341174,1.2583,-0.8020354846251873,1.5407,149.38291597341174,150.18495145803692,150.18495145803692,1.5407,149.38291597341174,149.38291597341174,1.2583,-0.8020354846251873,1.5407,149.38291597341174,150.18495145803692,150.18495145803692,False,ok,ok,0.0,1.9944,719,True,True,True,True,True,True,True,244.5293839884184,152.50373036178533,92.02565362663306,227.8,50.999999999999936,333.3999999999999,50.999999999999936,50.999999999999936,333.3999999999999,50.999999999999936,1.9944
468_8,190.0,69.0,19,college,R,30.0,33.0,65.4033,68.0,95.5,108,468,1.77727171702925,2.0293001011287215,2.1778,1.7778,2.0306,latest_sustained_upward_crossing,latest_sustained_upward_crossing,1.9602,last_local_min_after_zero_baseline_plus5bw_breakout,2.0,24.411030814901814,69.10010112872156,2.0454,1180.4879,139.67591428349482,1180.4879,139.67591428349482,1.7602,-0.6313818327147487,2.0454,139.67591428349482,140.30729611620956,140.30729611620956,2.0454,139.67591428349482,139.67591428349482,1.7602,-0.6313818327147487,2.0454,139.67591428349482,140.30729611620956,140.30729611620956,False,ok,ok,0.0,2.5417,916,True,True,True,True,True,True,True,400.52828297074996,148.49989887127845,252.02838409947148,217.60000000000002,132.40000000000006,417.59999999999997,132.40000000000006,132.40000000000006,417.59999999999997,132.40000000000006,2.5417
474_1,191.0,72.0,21,college,R,30.0,33.0,67.1284,68.8,90.3,50,474,2.157731508758837,2.2270831025132205,2.3389,2.1583,2.2278,latest_sustained_upward_crossing,latest_sustained_upward_crossing,2.1509,zero_baseline_breakout_before_fp100,0.0,4.166692172915876,76.18310251322046,2.2759,2033.7605,239.37567985281612,2033.7605,239.37567985281612,2.1398,-0.5577498108152557,2.2759,239.37567985281612,239.9334296636314,239.9334296636314,2.2759,239.37567985281612,239.37567985281612,2.1398,-0.5577498108152557,2.2759,239.37567985281612,239.9334296636314,239.9334296636314,False,ok,ok,0.0,2.7694,998,True,True,True,True,True,True,True,181.1684912411633,111.8168974867797,69.3515937543836,188.00000000000017,63.00000000000017,199.10000000000005,63.00000000000017,63.00000000000017,199.10000000000005,63.00000000000017,2.7694
474_2,191.0,72.0,21,college,R,30.0,33.0,69.0834,70.9,90.7,50,474,1.520932213603844,1.5904046248399393,1.7111,1.5222,1.5917,latest_sustained_upward_crossing,latest_sustained_upward_crossing,1.513,zero_baseline_breakout_before_fp100,0.0,4.4269028125903445,77.40462483993937,1.6435,1814.3164,213.54688603604694,1814.3164,213.54688603604694,0.7509,-0.33616587559234634,1.6435,213.54688603604694,213.88305191163928,213.88305191163928,1.6435,213.54688603604694,213.54688603604694,0.7509,-0.33616587559234634,1.6435,213.54688603604694,213.88305191163928,213.88305191163928,False,ok,ok,0.0,2.1167,763,True,True,True,True,True,True,True,190.16778639615617,120.69537516006079,69.47241123609538,198.10000000000016,67.60000000000011,960.2,67.60000000000011,67.60000000000011,960.2,67.60000000000011,2.1167
474_3,191.0,72.0,21,college,R,30.0,33.0,68.4086,69.8,90.2,50,474,2.272817037122973,2.336548879568445,2.4528,2.275,2.3361,latest_sustained_upward_crossing,latest_sustained_upward_crossing,2.2657,zero_baseline_breakout_before_fp100,0.0,4.480951812106585,70.84887956844499,2.3982,1785.153,210.1143241872847,1785.153,210.1143241872847,1.4296,-0.3226420287012849,2.3982,210.1143241872847,210.436966215986,210.436966215986,2.3982,210.1143241872847,210.1143241872847,1.4296,-0.3226420287012849,2.3982,210.1143241872847,210.436966215986,210.436966215986,False,ok,ok,0.0,2.8056,1011,True,True,True,True,True,True,True,179.98296287702686,116.25112043155505,63.73184244547181,187.10000000000005,54.59999999999976,1023.1999999999999,54.59999999999976,54.59999999999976,1023.1999999999999,54.59999999999976,2.8056
474_4,191.0,72.0,21,college,R,30.0,33.0,66.9757,73.2,89.9,50,474,2.776473923264232,2.8480887375155497,2.9639,2.7778,2.85,latest_sustained_upward_crossing,latest_sustained_upward_crossing,2.7704,zero_baseline_breakout_before_fp100,0.0,4.316108075543188,77.68873751554972,2.8963,1887.7076,222.1851049390171,1887.7076,222.1851049390171,1.8,-0.3266791735956575,2.8963,222.1851049390171,222.51178411261276,222.51178411261276,2.8963,222.1851049390171,222.1851049390171,1.8,-0.3266791735956575,2.8963,222.1851049390171,222.51178411261276,222.51178411261276,False,ok,ok,0.0,3.5528,1280,True,True,True,True,True,True,True,187.42607673576828,115.81126248445051,71.61481425131777,193.50000000000023,67.60000000000011,1163.9,67.60000000000011,67.60000000000011,1163.9,67.60000000000011,3.5528
474_5,191.0,72.0,21,college,R,30.0,33.0,68.1302,74.1,95.5,50,474,2.2221844610888346,2.2931571991249884,2.4028,2.2222,2.2944,latest_sustained_upward_crossing,latest_sustained_upward_crossing,2.2139,zero_baseline_breakout_before_fp100,0.0,4.531021824878191,79.25719912498819,2.3463,1985.0489,233.64227497711005,1985.0489,233.64227497711005,1.2741,-0.3293862969942164,2.3463,233.64227497711005,233.97166127410426,233.97166127410426,2.3463,233.64227497711005,233.64227497711005,1.2741,-0.3293862969942164,2.3463,233.64227497711005,233.97166127410426,233.97166127410426,False,ok,ok,0.0,2.7639,996,True,True,True,True,True,True,True,180.61553891116543,109.64280087501166,70.97273803615379,188.89999999999984,56.50000000000021,1128.7,56.50000000000021,56.50000000000021,1128.7,56.50000000000021,2.7639
474_6,191.0,72.0,21,college,R,30.0,33.0,70.3693,67.4,95.3,50,474,1.7993435850559747,1.8716161602760324,1.9861,1.8,1.8722,latest_sustained_upward_crossing,latest_sustained_upward_crossing,1.7926,zero_baseline_breakout_before_fp100,0.0,4.640841028199371,79.01616027603242,1.9157,1967.146,231.535085433977,1967.146,231.535085433977,0.8102,-0.3566693928109965,1.9157,231.535085433977,231.891754826788,231.891754826788,1.9157,231.535085433977,231.535085433977,0.8102,-0.3566693928109965,1.9157,231.535085433977,231.891754826788,231.891754826788,False,ok,ok,0.0,2.3722,855,True,True,True,True,True,True,True,186.7564149440253,114.48383972396758,72.2725752200577,193.5,70.40000000000002,1175.8999999999999,70.40000000000002,70.40000000000002,1175.8999999999999,70.40000000000002,2.3722
474_7,191.0,72.0,21,college,R,30.0,33.0,67.3349,70.4,89.9,50,474,1.8646035819501634,1.9264814273781885,2.0528,1.8667,1.9278,latest_sustained_upward_crossing,latest_sustained_upward_crossing,1.8583,zero_baseline_breakout_before_fp100,0.0,4.663575325875861,68.18142737818845,1.9815,1666.7563,196.1789121489302,1666.7563,196.1789121489302,0.9306,-0.32556101393103537,1.9815,196.1789121489302,196.50447316286125,196.50447316286125,1.9815,196.1789121489302,196.1789121489302,0.9306,-0.32556101393103537,1.9815,196.1789121489302,196.50447316286125,196.50447316286125,False,ok,ok,0.0,2.5056,903,True,True,True,True,True,True,True,188.19641804983655,126.31857262181146,61.877845428025104,194.4999999999999,71.29999999999993,1122.1999999999998,71.29999999999993,71.29999999999993,1122.1999999999998,71.29999999999993,2.5056
474_8,191.0,72.0,21,college,R,30.0,33.0,68.2962,70.5,90.4,50,474,1.8319736976281824,1.8944790515627645,2.0222,1.8333,1.8944,latest_sustained_upward_crossing,latest_sustained_upward_crossing,1.825,zero_baseline_breakout_before_fp100,0.0,4.212775582994668,69.47905156276457,1.9574,1586.4155,186.7227182559329,1586.4155,186.7227182559329,1.2204,-0.3401677101815203,1.9574,186.7227182559329,187.06288596611444,187.06288596611444,1.9574,186.7227182559329,186.7227182559329,1.2204,-0.3401677101815203,1.9574,186.7227182559329,187.06288596611444,187.06288596611444,False,ok,ok,0.0,2.3778,857,True,True,True,True,True,True,True,190.2263023718178,127.72094843723569,62.50535393458212,197.20000000000027,64.8000000000002,801.8000000000003,64.8000000000002,64.8000000000002,801.8000000000003,64.8000000000002,2.3778
478_1,214.0,69.0,24,milb,R,31.0,34.0,73.294,71.8,98.7,137,478,0.9344871568350047,0.981132335610207,1.1083,0.9361,0.9833,latest_sustained_upward_crossing,latest_sustained_upward_crossing,0.9296,zero_baseline_breakout_before_fp100,0.0,4.2561140552304115,51.53233561020698,1.0148,2063.5656,216.77943997607497,2063.5656,216.77943997607497,0.9232,-1.1322491914025579,1.0148,216.77943997607497,217.91168916747753,217.91168916747753,1.0148,216.77943997607497,216.77943997607497,0.9232,-1.1322491914025579,1.0148,216.77943997607497,217.91168916747753,217.91168916747753,False,ok,ok,0.0,1.4111,509,True,True,True,True,True,True,True,173.81284316499534,127.1676643897931,46.64517877520225,178.70000000000007,93.50000000000014,185.10000000000005,93.50000000000014,93.50000000000014,185.10000000000005,93.50000000000014,1.4111
478_2,214.0,69.0,24,milb,R,31.0,34.0,71.5881,66.3,92.3,137,478,1.4419646698892954,1.4849202171917457,1.6222,1.4444,1.4861,latest_sustained_upward_crossing,latest_sustained_upward_crossing,1.437,zero_baseline_breakout_before_fp100,0.0,4.717607637600804,47.920217191745664,1.5176,2027.1731,212.95637480706398,2027.1731,212.95637480706398,1.4287,-0.583956987332511,1.5176,212.95637480706398,213.54033179439648,213.54033179439648,1.5176,212.95637480706398,212.95637480706398,1.4287,-0.583956987332511,1.5176,212.95637480706398,213.54033179439648,213.54033179439648,False,ok,ok,0.0,2.0194,728,True,True,True,True,True,True,True,180.2353301107047,137.27978280825437,42.95554730245033,185.20000000000005,104.60000000000002,193.5,104.60000000000002,104.60000000000002,193.5,104.60000000000002,2.0194
478_3,214.0,69.0,24,milb,R,31.0,34.0,72.8612,66.0,101.2,137,478,1.3633948895588346,1.4009878094410202,1.5389,1.3639,1.4028,latest_sustained_upward_crossing,latest_sustained_upward_crossing,1.3593,zero_baseline_breakout_before_fp100,0.0,5.07395823795049,41.68780944102024,1.4324,2064.1069,216.83630403256979,2064.1069,216.83630403256979,1.3519,-1.1772424952944975,1.4324,216.83630403256979,218.0135465278643,218.0135465278643,1.4324,216.83630403256979,216.83630403256979,1.3519,-1.1772424952944975,1.4324,216.83630403256979,218.0135465278643,218.0135465278643,False,ok,ok,0.0,1.8361,662,True,True,True,True,True,True,True,175.50511044116536,137.91219055897974,37.592919882185605,179.6,106.50000000000004,186.99999999999983,106.50000000000004,106.50000000000004,186.99999999999983,106.50000000000004,1.8361
478_4,214.0,69.0,24,milb,R,31.0,34.0,71.5879,69.6,99.5,137,478,1.149059296920654,1.1901244197615348,1.3222,1.15,1.1917,latest_sustained_upward_crossing,latest_sustained_upward_crossing,1.1444,zero_baseline_breakout_before_fp100,0.0,4.51727370222511,45.72441976153474,1.2232,2053.3259,215.70375019353398,2053.3259,215.70375019353398,1.137,-1.0957545059669753,1.2232,215.70375019353398,216.79950469950094,216.79950469950094,1.2232,215.70375019353398,215.70375019353398,1.137,-1.0957545059669753,1.2232,215.70375019353398,216.79950469950094,216.79950469950094,False,ok,ok,0.0,1.6278,587,True,True,True,True,True,True,True,173.14070307934614,132.07558023846522,41.06512284088093,177.79999999999995,98.99999999999997,185.20000000000005,98.99999999999997,98.99999999999997,185.20000000000005,98.99999999999997,1.6278
478_5,214.0,69.0,24,milb,R,31.0,34.0,72.5252,73.1,101.5,137,478,1.4185632564656485,1.4652774663989916,1.5972,1.4194,1.4667,latest_sustained_upward_crossing,latest_sustained_upward_crossing,1.4139,zero_baseline_breakout_before_fp100,0.0,4.456470854627256,51.37746639899166,1.4954,2073.6628,217.84016000422747,2073.6628,217.84016000422747,1.4065,-1.0695443044235737,1.4954,217.84016000422747,218.90970430865104,218.90970430865104,1.4954,217.84016000422747,217.84016000422747,1.4065,-1.0695443044235737,1.4954,217.84016000422747,218.90970430865104,218.90970430865104,False,ok,ok,0.0,2.0972,756,True,True,True,True,True,True,True,178.63674353435144,131.92253360100835,46.71420993334308,183.3,101.7999999999999,190.69999999999987,101.7999999999999,101.7999999999999,190.69999999999987,101.7999999999999,2.0972
478_6,214.0,69.0,24,milb,R,31.0,34.0,74.4849,70.6,93.7,137,478,1.7538001851611138,1.7955255379208575,1.9361,1.7556,1.7972,latest_sustained_upward_crossing,latest_sustained_upward_crossing,1.7491,zero_baseline_breakout_before_fp100,0.0,4.70652785654049,46.42553792085735,1.825,2178.2753,228.82979811628798,2178.2753,228.82979811628798,1.7407,-0.8757568944551841,1.825,228.82979811628798,229.70555501074315,229.70555501074315,1.825,228.82979811628798,228.82979811628798,1.7407,-0.8757568944551841,1.825,228.82979811628798,229.70555501074315,229.70555501074315,False,ok,ok,0.0,2.2694,818,True,True,True,True,True,True,True,182.29981483888614,140.57446207914248,41.72535275974365,186.99999999999983,111.09999999999998,195.4,111.09999999999998,111.09999999999998,195.4,111.09999999999998,2.2694
478_7,214.0,69.0,24,milb,R,31.0,34.0,69.9409,71.5,96.7,137,478,1.6217827629601687,1.6643638423255054,1.8,1.6222,1.6667,latest_sustained_upward_crossing,latest_sustained_upward_crossing,1.6167,zero_baseline_breakout_before_fp100,0.0,4.412862368881226,47.66384232550536,1.7056,1947.1793,204.55295348352664,1947.1793,204.55295348352664,1.6083,-0.6567677716600933,1.7056,204.55295348352664,205.20972125518674,205.20972125518674,1.7056,204.55295348352664,204.55295348352664,1.6083,-0.6567677716600933,1.7056,204.55295348352664,205.20972125518674,205.20972125518674,False,ok,ok,0.0,2.2389,807,True,True,True,True,True,True,True,178.2172370398314,135.63615767449465,42.58107936533673,183.3,94.40000000000003,191.7,94.40000000000003,94.40000000000003,191.7,94.40000000000003,2.2389
490_1,188.0,71.0,20,college,L,30.0,33.0,68.4666,68.5,90.4,128,490,1.5335102490788541,1.5768597741144852,1.7028,1.5361,1.5778,latest_sustained_upward_crossing,latest_sustained_upward_crossing,1.5287,zero_baseline_breakout_before_fp100,0.0,4.049999933589909,48.159774114485245,1.5972,1373.0471,164.18790817786248,1373.0471,164.18790817786248,1.5222,-1.2779910098204843,1.5972,164.18790817786248,165.46589918768296,165.46589918768296,1.5972,164.18790817786248,164.18790817786248,1.5222,-1.2779910098204843,1.5972,164.18790817786248,165.46589918768296,165.46589918768296,False,ok,ok,0.0,2.075,748,True,True,True,True,True,True,True,169.28975092114595,125.9402258855149,43.34952503563105,174.10000000000014,105.60000000000014,180.60000000000008,105.60000000000014,105.60000000000014,180.60000000000008,105.60000000000014,2.075
490_2,188.0,71.0,20,college,L,30.0,33.0,68.2517,68.3,88.6,128,490,1.4090532341781243,1.4534530198428748,1.5889,1.4111,1.4556,latest_sustained_upward_crossing,latest_sustained_upward_crossing,1.4046,zero_baseline_breakout_before_fp100,0.0,4.573234307763364,48.853019842874716,1.5102,1391.5872,166.40491896824864,1391.5872,166.40491896824864,1.3982,-1.3132429653658069,1.5102,166.40491896824864,167.71816193361445,167.71816193361445,1.5102,166.40491896824864,166.40491896824864,1.3982,-1.3132429653658069,1.5102,166.40491896824864,167.71816193361445,167.71816193361445,False,ok,ok,0.0,1.9667,709,True,True,True,True,True,True,True,179.84676582187564,135.4469801571252,44.399785664750446,184.2999999999999,78.69999999999999,190.69999999999987,78.69999999999999,78.69999999999999,190.69999999999987,78.69999999999999,1.9667
490_3,188.0,71.0,20,college,L,30.0,33.0,66.1493,70.3,89.4,128,490,1.3504302906592105,1.4066169283497372,1.525,1.3528,1.4083,latest_sustained_upward_crossing,latest_sustained_upward_crossing,1.3454,zero_baseline_breakout_before_fp100,0.0,3.9185443812686533,61.216928349737245,1.4528,1377.2635,164.69210202237164,1377.2635,164.69210202237164,1.3389,-1.2083959008402345,1.4528,164.69210202237164,165.90049792321187,165.90049792321187,1.4528,164.69210202237164,164.69210202237164,1.3389,-1.2083959008402345,1.4528,164.69210202237164,165.90049792321187,165.90049792321187,False,ok,ok,0.0,1.8694,674,True,True,True,True,True,True,True,174.56970934078942,118.38307165026274,56.18663769052667,179.6,72.19999999999982,186.09999999999994,72.19999999999982,72.19999999999982,186.09999999999994,72.19999999999982,1.8694
490_4,188.0,71.0,20,college,L,30.0,33.0,68.1547,71.0,93.0,128,490,1.8488611636138184,1.895788104514631,2.025,1.85,1.8972,latest_sustained_upward_crossing,latest_sustained_upward_crossing,1.8435,zero_baseline_breakout_before_fp100,0.0,4.3632764010099,52.28810451463106,1.9426,1413.1543,168.98389607286708,1413.1543,168.98389607286708,1.0333,-0.5849935268767701,1.9426,168.98389607286708,169.56888959974384,169.56888959974384,1.9426,168.98389607286708,168.98389607286708,1.0333,-0.5849935268767701,1.9426,168.98389607286708,169.56888959974384,169.56888959974384,False,ok,ok,0.0,2.4083,868,True,True,True,True,True,True,True,176.13883638618154,129.21189548536893,46.92694090081262,181.5,82.3999999999998,991.6999999999998,82.3999999999998,82.3999999999998,991.6999999999998,82.3999999999998,2.4083
490_5,188.0,71.0,20,college,L,30.0,33.0,67.8997,69.6,90.6,128,490,1.3230167743887362,1.3704729445167858,1.4972,1.325,1.3722,latest_sustained_upward_crossing,latest_sustained_upward_crossing,1.3185,zero_baseline_breakout_before_fp100,0.0,4.3954453227705,51.9729445167858,1.4232,1472.7758,176.11338883930344,1472.7758,176.11338883930344,1.312,-1.4322721259825433,1.4232,176.11338883930344,177.54566096528598,177.54566096528598,1.4232,176.11338883930344,176.11338883930344,1.312,-1.4322721259825433,1.4232,176.11338883930344,177.54566096528598,177.54566096528598,False,ok,ok,0.0,1.9833,715,True,True,True,True,True,True,True,174.18322561126388,126.72705548321429,47.45617012804959,178.70000000000007,74.00000000000007,185.20000000000005,74.00000000000007,74.00000000000007,185.20000000000005,74.00000000000007,1.9833
490_6,188.0,71.0,20,college,L,30.0,33.0,68.0046,68.1,89.9,128,490,1.4812399457685475,1.5264735996718504,1.6528,1.4833,1.5278,latest_sustained_upward_crossing,latest_sustained_upward_crossing,1.4769,zero_baseline_breakout_before_fp100,0.0,4.225538015522972,49.57359967185027,1.5806,1350.7763,161.52478317257496,1350.7763,161.52478317257496,1.4713,-1.8603777095911216,1.5806,161.52478317257496,163.38516088216608,163.38516088216608,1.5806,161.52478317257496,161.52478317257496,1.4713,-1.8603777095911216,1.5806,161.52478317257496,163.38516088216608,163.38516088216608,False,ok,ok,0.0,2.0472,738,True,True,True,True,True,True,True,171.5600542314526,126.32640032814967,45.233653903302915,175.89999999999995,72.20000000000005,181.5,72.20000000000005,72.20000000000005,181.5,72.20000000000005,2.0472
490_7,188.0,71.0,20,college,L,30.0,33.0,68.0372,70.1,94.2,128,490,1.3268083223162335,1.369372783332038,1.4972,1.3278,1.3722,latest_sustained_upward_crossing,latest_sustained_upward_crossing,1.3222,zero_baseline_breakout_before_fp100,0.0,4.175029861082637,47.172783332037895,1.425,1430.5179,171.06022190497958,1430.5179,171.06022190497958,1.3167,-1.5791871618814006,1.425,171.06022190497958,172.639409066861,172.639409066861,1.425,171.06022190497958,171.06022190497958,1.3167,-1.5791871618814006,1.425,171.06022190497958,172.639409066861,172.639409066861,False,ok,ok,0.0,1.9917,718,True,True,True,True,True,True,True,170.39167768376663,127.82721666796215,42.56446101580447,175.00000000000006,72.20000000000005,180.5000000000001,72.20000000000005,72.20000000000005,180.5000000000001,72.20000000000005,1.9917
490_8,188.0,71.0,20,college,L,30.0,33.0,67.8641,70.4,95.0,128,490,2.5276006771425723,2.5708386721698457,2.7,2.5306,2.5722,latest_sustained_upward_crossing,latest_sustained_upward_crossing,2.5232,zero_baseline_breakout_before_fp100,0.0,4.364520728357646,47.638672169845634,2.6185,1488.8825,178.03941554344811,1488.8825,178.03941554344811,2.5167,-1.6640047062107668,2.6185,178.03941554344811,179.70342024965888,179.70342024965888,2.6185,178.03941554344811,178.03941554344811,2.5167,-1.6640047062107668,2.6185,178.03941554344811,179.70342024965888,179.70342024965888,False,ok,ok,0.0,3.0194,1088,True,True,True,True,True,True,True,172.39932285742788,129.16132783015445,43.237995027273435,176.80000000000007,81.50000000000013,183.3,81.50000000000013,81.50000000000013,183.3,81.50000000000013,3.0194
492_1,166.0,69.0,20,college,R,30.0,33.0,65.8519,67.5,84.8,192,492,1.1910788247329724,1.2249398255954074,1.3611,1.1917,1.225,latest_sustained_upward_crossing,latest_sustained_upward_crossing,1.1852,zero_baseline_breakout_before_fp100,0.0,5.064962217218308,39.73982559540734,1.2519,1522.2514,206.1540532307324,1522.2514,206.1540532307324,1.1722,-0.34277946739435206,1.2519,206.1540532307324,206.49683269812675,206.49683269812675,1.2519,206.1540532307324,206.1540532307324,1.1722,-0.34277946739435206,1.2519,206.1540532307324,206.49683269812675,206.49683269812675,False,ok,ok,0.0,1.6333,589,True,True,True,True,True,True,True,170.02117526702753,136.1601744045926,33.861000862434935,175.89999999999995,109.19999999999996,188.90000000000006,109.19999999999996,109.19999999999996,188.90000000000006,109.19999999999996,1.6333
492_2,166.0,69.0,20,college,R,30.0,33.0,66.0001,67.6,64.4,192,492,1.2890076260477126,1.3177541881674597,1.4472,1.2917,1.3194,latest_sustained_upward_crossing,latest_sustained_upward_crossing,1.2843,zero_baseline_breakout_before_fp100,0.0,4.068700115863847,33.454188167459705,1.3426,1692.7237,229.24061804424832,1692.7237,229.24061804424832,1.2778,-1.4627071998286036,1.3426,229.24061804424832,230.70332524407692,230.70332524407692,1.3426,229.24061804424832,229.24061804424832,1.2778,-1.4627071998286036,1.3426,229.24061804424832,230.70332524407692,230.70332524407692,False,ok,ok,0.0,1.8,649,True,True,True,True,True,True,True,158.19237395228748,129.44581183254033,28.746562119747132,162.90000000000003,104.60000000000002,169.4,104.60000000000002,104.60000000000002,169.4,104.60000000000002,1.8
492_3,166.0,69.0,20,college,R,30.0,33.0,64.8018,70.4,91.2,192,492,1.5368324888794542,1.5685530476076268,1.6972,1.5389,1.5694,latest_sustained_upward_crossing,latest_sustained_upward_crossing,1.5324,zero_baseline_breakout_before_fp100,0.0,4.560175324161271,36.15304760762683,1.5935,1502.0749,203.421608869039,1502.0749,203.421608869039,1.525,-1.3859606769048236,1.5935,203.421608869039,204.80756954594384,204.80756954594384,1.5935,203.421608869039,203.421608869039,1.525,-1.3859606769048236,1.5935,203.421608869039,204.80756954594384,204.80756954594384,False,ok,ok,0.0,2.1778,785,True,True,True,True,True,True,True,160.36751112054583,128.64695239237324,31.720558728172588,164.80000000000007,103.70000000000013,172.20000000000013,103.70000000000013,103.70000000000013,172.20000000000013,103.70000000000013,2.1778
492_4,166.0,69.0,20,college,R,30.0,33.0,67.2456,66.9,81.5,192,492,1.4167079578730757,1.4475052433954572,1.5889,1.4167,1.45,latest_sustained_upward_crossing,latest_sustained_upward_crossing,1.412,zero_baseline_breakout_before_fp100,0.0,4.852743212237945,35.50524339545724,1.4806,1492.1085,202.0718884771781,1492.1085,202.0718884771781,1.4028,-0.8671395558160625,1.4806,202.0718884771781,202.93902803299417,202.93902803299417,1.4806,202.0718884771781,202.0718884771781,1.4028,-0.8671395558160625,1.4806,202.0718884771781,202.93902803299417,202.93902803299417,False,ok,ok,0.0,1.9917,718,True,True,True,True,True,True,True,172.1920421269243,141.3947566045428,30.79728552238148,176.90000000000006,108.30000000000007,186.09999999999994,108.30000000000007,108.30000000000007,186.09999999999994,108.30000000000007,1.9917
492_5,166.0,69.0,20,college,R,30.0,33.0,66.1275,68.9,81.7,192,492,1.5712927360615874,1.6036139082446932,1.7361,1.5722,1.6056,latest_sustained_upward_crossing,latest_sustained_upward_crossing,1.5667,zero_baseline_breakout_before_fp100,0.0,5.031981741512266,36.913908244693204,1.6324,1397.1928,189.2177329347807,1397.1928,189.2177329347807,1.5574,-0.6810085850970877,1.6324,189.2177329347807,189.8987415198778,189.8987415198778,1.6324,189.2177329347807,189.2177329347807,1.5574,-0.6810085850970877,1.6324,189.2177329347807,189.8987415198778,189.8987415198778,False,ok,ok,0.0,2.2083,796,True,True,True,True,True,True,True,164.8072639384126,132.4860917553068,32.321172183105816,169.4,103.6999999999999,178.70000000000007,103.6999999999999,103.6999999999999,178.70000000000007,103.6999999999999,2.2083
492_6,166.0,69.0,20,college,R,30.0,33.0,64.2752,66.5,89.5,192,492,1.5972016079808304,1.630485769130127,1.7722,1.5972,1.6306,latest_sustained_upward_crossing,latest_sustained_upward_crossing,1.5917,zero_baseline_breakout_before_fp100,0.0,4.725407507448547,38.785769130127214,1.6694,1308.5572,177.21407296078567,1308.5572,177.21407296078567,1.5806,-0.07478283034852878,1.6694,177.21407296078567,177.2888557911342,177.2888557911342,1.6694,177.21407296078567,177.21407296078567,1.5806,-0.07478283034852878,1.6694,177.21407296078567,177.2888557911342,177.2888557911342,False,ok,ok,0.0,2.1833,787,True,True,True,True,True,True,True,174.99839201916956,141.7142308698729,33.284161149296665,180.5000000000001,102.8,191.6,102.8,102.8,191.6,102.8,2.1833
492_7,166.0,69.0,20,college,R,30.0,33.0,63.9486,63.6,81.4,192,492,1.246112664237937,1.4856561799105779,1.6278,1.2472,1.4861,latest_sustained_upward_crossing,latest_sustained_upward_crossing,1.4435,last_local_min_after_zero_baseline_plus5bw_breakout,1.0,16.839638907712256,42.15617991057785,1.5259,1321.0759,178.909443874013,1321.0759,178.909443874013,1.2315,-0.20691902660180572,1.5259,178.909443874013,179.1163629006148,179.1163629006148,1.5259,178.909443874013,178.909443874013,1.2315,-0.20691902660180572,1.5259,178.909443874013,179.1163629006148,179.1163629006148,False,ok,ok,0.0,1.9361,698,True,True,True,True,True,True,True,381.68733576206296,142.14382008942206,239.54351567264086,184.2999999999999,101.89999999999988,396.2999999999999,101.89999999999988,101.89999999999988,396.2999999999999,101.89999999999988,1.9361
492_8,166.0,69.0,20,college,R,30.0,33.0,64.6811,68.1,86.1,192,492,0.9188950731325983,0.9528635603914652,1.1,0.9194,0.9556,latest_sustained_upward_crossing,latest_sustained_upward_crossing,0.9139,zero_baseline_breakout_before_fp100,0.0,4.48460781341249,38.9635603914652,0.9991,1219.2941,165.12543249775825,1219.2941,165.12543249775825,0.9056,-0.7419101403447035,0.9991,165.12543249775825,165.86734263810297,165.86734263810297,0.9991,165.12543249775825,165.12543249775825,0.9056,-0.7419101403447035,0.9991,165.12543249775825,165.86734263810297,165.86734263810297,False,ok,ok,0.0,1.3583,490,True,True,True,True,True,True,True,181.10492686740176,147.13643960853483,33.96848725886692,186.10000000000005,100.9000000000001,194.40000000000012,100.9000000000001,100.9000000000001,194.40000000000012,100.9000000000001,1.3583
500_1,204.0,69.0,20,college,R,30.0,33.0,71.3644,72.9,95.5,193,500,1.3445744304936413,1.3938811194545762,1.525,1.3444,1.3944,latest_sustained_upward_crossing,latest_sustained_upward_crossing,1.3389,zero_baseline_breakout_before_fp100,0.0,4.422109890050503,54.981119454576174,1.4259,1937.3594,213.4979015266773,1937.3594,213.4979015266773,1.3287,-0.6139047353964443,1.4259,213.4979015266773,214.11180626207374,214.11180626207374,1.4259,213.4979015266773,213.4979015266773,1.3287,-0.6139047353964443,1.4259,213.4979015266773,214.11180626207374,214.11180626207374,False,ok,ok,0.0,1.95,703,True,True,True,True,True,True,True,180.42556950635858,131.11888054542376,49.30668896093482,186.09999999999994,99.09999999999997,196.29999999999993,99.09999999999997,99.09999999999997,196.29999999999993,99.09999999999997,1.95
500_2,204.0,69.0,20,college,R,30.0,33.0,73.7808,73.8,102.3,193,500,1.1724371658041022,1.224196318380906,1.3528,1.1722,1.225,latest_sustained_upward_crossing,latest_sustained_upward_crossing,1.1648,zero_baseline_breakout_before_fp100,0.0,4.536025404408936,59.39631838090587,1.2537,1559.8396,171.89504503821632,1559.8396,171.89504503821632,1.1509,-0.359154326691059,1.2537,171.89504503821632,172.25419936490738,172.25419936490738,1.2537,171.89504503821632,171.89504503821632,1.1509,-0.359154326691059,1.2537,171.89504503821632,172.25419936490738,172.25419936490738,False,ok,ok,0.0,1.8028,650,True,True,True,True,True,True,True,180.36283419589782,128.6036816190941,51.75915257680374,187.99999999999994,99.09999999999997,201.89999999999998,99.09999999999997,99.09999999999997,201.89999999999998,99.09999999999997,1.8028
500_3,204.0,69.0,20,college,R,30.0,33.0,72.4185,72.0,101.1,193,500,1.0819315918553285,1.170064570304587,1.3028,1.0833,1.1722,latest_sustained_upward_crossing,latest_sustained_upward_crossing,1.0732,zero_baseline_breakout_before_fp100,0.0,4.8370334295229425,96.86457030458718,1.2407,1634.5538,180.12858441880024,1634.5538,180.12858441880024,1.0602,-0.6302144038172588,1.2407,180.12858441880024,180.7587988226175,180.7587988226175,1.2407,180.12858441880024,180.12858441880024,1.0602,-0.6302144038172588,1.2407,180.12858441880024,180.7587988226175,180.7587988226175,False,ok,ok,0.0,1.7139,618,True,True,True,True,True,True,True,220.86840814467146,132.73542969541285,88.1329784492586,229.60000000000002,62.100000000000044,242.59999999999994,62.100000000000044,62.100000000000044,242.59999999999994,62.100000000000044,1.7139
500_4,204.0,69.0,20,college,R,30.0,33.0,70.3438,73.2,100.8,193,500,1.101580210367905,1.1461427016497236,1.275,1.1028,1.1472,latest_sustained_upward_crossing,latest_sustained_upward_crossing,1.0963,zero_baseline_breakout_before_fp100,0.0,4.097303102745187,49.842701649723594,1.1769,1801.2335,198.49676441529246,1801.2335,198.49676441529246,1.0889,-0.8966460615267409,1.1769,198.49676441529246,199.3934104768192,199.3934104768192,1.1769,198.49676441529246,198.49676441529246,1.0889,-0.8966460615267409,1.1769,198.49676441529246,199.3934104768192,199.3934104768192,False,ok,ok,0.0,1.7167,619,True,True,True,True,True,True,True,173.41978963209482,128.85729835027627,44.56249128181855,178.69999999999985,98.09999999999985,186.09999999999994,98.09999999999985,98.09999999999985,186.09999999999994,98.09999999999985,1.7167
500_5,204.0,69.0,20,college,R,30.0,33.0,74.544,75.1,95.0,193,500,1.0238011756678802,1.0785973802170892,1.2111,1.025,1.0806,latest_sustained_upward_crossing,latest_sustained_upward_crossing,1.0111,zero_baseline_breakout_before_fp100,0.0,4.800168781930601,67.49738021708906,1.1074,1630.4877,179.68049831903082,1630.4877,179.68049831903082,0.987,-0.3283753375698866,1.1074,179.68049831903082,180.0088736566007,180.0088736566007,1.1074,179.68049831903082,179.68049831903082,0.987,-0.3283753375698866,1.1074,179.68049831903082,180.0088736566007,180.0088736566007,False,ok,ok,0.0,1.6306,588,True,True,True,True,True,True,True,187.29882433211986,132.5026197829109,54.79620454920897,199.99999999999994,103.70000000000013,224.10000000000008,103.70000000000013,103.70000000000013,224.10000000000008,103.70000000000013,1.6306
500_6,204.0,69.0,20,college,R,30.0,33.0,69.8728,71.5,94.5,193,500,1.71001554588235,1.7603259836200922,1.8806,1.7111,1.7611,latest_sustained_upward_crossing,latest_sustained_upward_crossing,1.7046,zero_baseline_breakout_before_fp100,0.0,4.438402056044953,55.72598362009229,1.8,2070.2002,228.13701909935128,2070.2002,228.13701909935128,1.6954,-0.7981268482280368,1.8,228.13701909935128,228.93514594757931,228.93514594757931,1.8,228.13701909935128,228.13701909935128,1.6954,-0.7981268482280368,1.8,228.13701909935128,228.93514594757931,228.93514594757931,False,ok,ok,0.0,2.2167,799,True,True,True,True,True,True,True,170.58445411765,120.27401637990786,50.310437737742134,176.00000000000017,80.60000000000001,185.20000000000005,80.60000000000001,80.60000000000001,185.20000000000005,80.60000000000001,2.2167
500_7,204.0,69.0,20,college,R,30.0,33.0,71.3782,74.0,100.6,193,500,1.204344467428361,1.2951781752026992,1.4389,1.2056,1.2972,latest_sustained_upward_crossing,latest_sustained_upward_crossing,1.1982,zero_baseline_breakout_before_fp100,0.0,4.474742927322348,96.97817520269925,1.3843,1586.9408,174.881609807177,1586.9408,174.881609807177,1.188,-0.868985745488738,1.3843,174.881609807177,175.75059555266574,175.75059555266574,1.3843,174.881609807177,174.881609807177,1.188,-0.868985745488738,1.3843,174.881609807177,175.75059555266574,175.75059555266574,False,ok,ok,0.0,1.9278,695,True,True,True,True,True,True,True,234.55553257163908,143.72182479730088,90.8337077743382,240.70000000000013,54.59999999999998,250.90000000000012,54.59999999999998,54.59999999999998,250.90000000000012,54.59999999999998,1.9278
500_8,204.0,69.0,20,college,R,30.0,33.0,73.6975,73.1,87.9,193,500,1.445885789380466,1.489996488082774,1.6361,1.4472,1.4917,latest_sustained_upward_crossing,latest_sustained_upward_crossing,1.4398,zero_baseline_breakout_before_fp100,0.0,4.757961356630615,50.1964880827741,1.5194,1635.0118,180.17905623053494,1635.0118,180.17905623053494,1.4278,-0.3832000675655302,1.5194,180.17905623053494,180.56225629810046,180.56225629810046,1.5194,180.17905623053494,180.17905623053494,1.4278,-0.3832000675655302,1.5194,180.17905623053494,180.56225629810046,180.56225629810046,False,ok,ok,0.0,1.9417,700,True,True,True,True,True,True,True,190.21421061953413,146.10351191722603,44.110698702308106,196.30000000000015,116.70000000000003,208.30000000000015,116.70000000000003,116.70000000000003,208.30000000000015,116.70000000000003,1.9417
504_1,187.0,67.0,21,college,L,30.0,33.0,68.4291,73.4,98.5,49,504,0.9859943603307522,1.0357371793305115,1.15,0.9861,1.0361,latest_sustained_upward_crossing,latest_sustained_upward_crossing,0.9787,zero_baseline_breakout_before_fp100,0.0,4.493668412920007,57.03717933051144,1.0685,1854.4792,222.94305291374044,1854.4792,222.94305291374044,0.9667,-0.4111839722337497,1.0685,222.94305291374044,223.3542368859742,223.3542368859742,1.0685,222.94305291374044,222.94305291374044,0.9667,-0.4111839722337497,1.0685,222.94305291374044,223.3542368859742,223.3542368859742,False,ok,ok,0.0,1.6111,581,True,False,True,True,True,True,True,164.00563966924776,114.26282066948845,49.742818999759294,171.2999999999999,81.4999999999999,183.2999999999999,81.4999999999999,81.4999999999999,183.2999999999999,81.4999999999999,1.6111
504_2,187.0,67.0,21,college,L,30.0,33.0,70.3446,71.6,95.7,49,504,1.2151753225229869,1.258591001757844,1.375,1.2167,1.2611,latest_sustained_upward_crossing,latest_sustained_upward_crossing,1.2093,zero_baseline_breakout_before_fp100,0.0,5.108291396035461,49.291001757844064,1.2889,2084.3293,250.5753299468441,2084.3293,250.5753299468441,1.1972,-0.414465942365604,1.2889,250.5753299468441,250.98979588920972,250.98979588920972,1.2889,250.5753299468441,250.5753299468441,1.1972,-0.414465942365604,1.2889,250.5753299468441,250.98979588920972,250.98979588920972,False,ok,ok,0.0,1.6806,606,True,False,True,True,True,True,True,159.82467747701313,116.40899824215589,43.41567923485723,165.69999999999996,86.10000000000007,177.79999999999995,86.10000000000007,86.10000000000007,177.79999999999995,86.10000000000007,1.6806
504_3,187.0,67.0,21,college,L,30.0,33.0,69.718,74.6,95.0,49,504,1.139221214376547,1.183037801508952,1.3,1.1417,1.1833,latest_sustained_upward_crossing,latest_sustained_upward_crossing,1.1315,zero_baseline_breakout_before_fp100,0.0,5.213936748747803,51.53780150895204,1.2194,1697.2653,204.04300441145713,1697.2653,204.04300441145713,1.113,0.1679815701553134,1.2194,204.04300441145713,203.8750228413018,204.04300441145713,1.2194,204.04300441145713,204.04300441145713,1.113,0.1679815701553134,1.2194,204.04300441145713,203.8750228413018,204.04300441145713,False,ok,ok,0.0,1.8083,652,True,False,True,True,True,True,True,160.77878562345305,116.96219849104806,43.81658713240499,168.50000000000009,80.60000000000001,187.00000000000006,80.60000000000001,80.60000000000001,187.00000000000006,80.60000000000001,1.8083
504_4,187.0,67.0,21,college,L,30.0,33.0,72.8996,73.5,95.4,49,504,1.2372665259155475,1.278622786255771,1.4028,1.2389,1.2806,latest_sustained_upward_crossing,latest_sustained_upward_crossing,1.2315,zero_baseline_breakout_before_fp100,0.0,5.208212217780908,47.12278625577105,1.3148,1915.0377,230.223316218865,1915.0377,230.223316218865,1.2194,-0.1489629740066191,1.3148,230.223316218865,230.37227919287162,230.37227919287162,1.3148,230.223316218865,230.223316218865,1.2194,-0.1489629740066191,1.3148,230.223316218865,230.37227919287162,230.37227919287162,False,ok,ok,0.0,1.7694,638,True,False,True,True,True,True,True,165.5334740844525,124.17721374422896,41.35626034022355,171.3,88.00000000000009,183.4,88.00000000000009,88.00000000000009,183.4,88.00000000000009,1.7694
504_5,187.0,67.0,21,college,L,30.0,33.0,67.6853,73.2,95.0,49,504,1.0087884209332298,1.0567329105898655,1.1778,1.0111,1.0583,latest_sustained_upward_crossing,latest_sustained_upward_crossing,1.0046,zero_baseline_breakout_before_fp100,0.0,4.803337605063728,52.132910589865574,1.0944,1825.6636,219.47887934115943,1825.6636,219.47887934115943,0.9972,-1.5255270397501361,1.0944,219.47887934115943,221.00440638090956,221.00440638090956,1.0944,219.47887934115943,219.47887934115943,0.9972,-1.5255270397501361,1.0944,219.47887934115943,221.00440638090956,221.00440638090956,False,ok,ok,0.0,1.5333,553,True,False,True,True,True,True,True,169.0115790667701,121.06708941013444,47.94448965663567,173.20000000000002,83.39999999999992,180.6,83.39999999999992,83.39999999999992,180.6,83.39999999999992,1.5333
504_6,187.0,67.0,21,college,L,30.0,33.0,68.1359,69.7,97.9,49,504,1.0088374092696053,1.0544447835206503,1.1722,1.0111,1.0556,latest_sustained_upward_crossing,latest_sustained_upward_crossing,1.0037,zero_baseline_breakout_before_fp100,0.0,4.0556056639696765,50.74478352065026,1.0898,2111.2309,253.80940495413688,2111.2309,253.80940495413688,0.9963,-1.3825389344450978,1.0898,253.80940495413688,255.191943888582,255.191943888582,1.0898,253.80940495413688,253.80940495413688,0.9963,-1.3825389344450978,1.0898,253.80940495413688,255.191943888582,255.191943888582,False,ok,ok,0.0,1.6,577,True,False,True,True,True,True,True,163.3625907303946,117.75521647934961,45.607374251044995,168.4999999999999,82.3999999999998,175.89999999999995,82.3999999999998,82.3999999999998,175.89999999999995,82.3999999999998,1.6
504_7,187.0,67.0,21,college,L,30.0,33.0,72.4951,72.9,101.4,49,504,1.609598144175374,1.6512819754306118,1.7778,1.6111,1.6528,latest_sustained_upward_crossing,latest_sustained_upward_crossing,1.6037,zero_baseline_breakout_before_fp100,0.0,4.175516024546653,47.581975430611934,1.6917,1935.5488,232.6891337123257,1935.5488,232.6891337123257,1.5944,-0.6799088013815147,1.6917,232.6891337123257,233.36904251370723,233.36904251370723,1.6917,232.6891337123257,232.6891337123257,1.5944,-0.6799088013815147,1.6917,232.6891337123257,233.36904251370723,233.36904251370723,False,ok,ok,0.0,2.1028,758,True,False,True,True,True,True,True,168.2018558246261,126.51802456938822,41.68383125523789,174.10000000000014,86.10000000000007,183.4,86.10000000000007,86.10000000000007,183.4,86.10000000000007,2.1028
504_8,187.0,67.0,21,college,L,30.0,33.0,69.8004,73.3,100.0,49,504,1.5176760588072598,1.5607879214405418,1.6861,1.5194,1.5611,latest_sustained_upward_crossing,latest_sustained_upward_crossing,1.513,zero_baseline_breakout_before_fp100,0.0,4.611634766625087,47.78792144054189,1.6074,1922.7194,231.146800100252,1922.7194,231.146800100252,1.5056,-0.956592107552311,1.6074,231.146800100252,232.10339220780432,232.10339220780432,1.6074,231.146800100252,231.146800100252,1.5056,-0.956592107552311,1.6074,231.146800100252,232.10339220780432,232.10339220780432,False,ok,ok,0.0,1.9806,714,True,False,True,True,True,True,True,168.4239411927402,125.31207855945814,43.11186263328204,173.10000000000002,78.69999999999999,180.4999999999999,78.69999999999999,78.69999999999999,180.4999999999999,78.69999999999999,1.9806
509_1,155.0,67.0,23,independent,R,30.0,33.0,68.1541,93.8,95.5,222,509,1.2655469302546183,1.3028960975808974,1.4222,1.2556,1.3028,latest_sustained_upward_crossing,latest_sustained_upward_crossing,1.2463,zero_baseline_breakout_before_fp100,0.0,4.770046491374597,56.59609758089745,1.3389,1522.194,220.776015696569,1522.194,220.776015696569,1.2352,-0.5540597700177923,1.3389,220.776015696569,221.3300754665868,221.3300754665868,1.3389,220.776015696569,220.776015696569,1.2352,-0.5540597700177923,1.3389,220.776015696569,221.3300754665868,221.3300754665868,False,ok,ok,0.0,1.6944,611,True,True,True,True,True,True,True,156.65306974538163,119.30390241910249,37.34916732627913,175.89999999999995,83.29999999999993,186.99999999999983,83.29999999999993,83.29999999999993,186.99999999999983,83.29999999999993,1.6944
509_2,155.0,67.0,23,independent,R,30.0,33.0,68.1473,69.6,91.9,222,509,1.341204330727778,1.417200617914909,1.55,1.3417,1.4194,latest_sustained_upward_crossing,latest_sustained_upward_crossing,1.3352,zero_baseline_breakout_before_fp100,0.0,5.14239408850962,82.00061791490909,1.4657,1597.452,231.691287593116,1597.452,231.691287593116,1.3241,-0.6708008785980183,1.4657,231.691287593116,232.362088471714,232.362088471714,1.4657,231.691287593116,231.691287593116,1.3241,-0.6708008785980183,1.4657,231.691287593116,232.362088471714,232.362088471714,False,ok,ok,0.0,1.8917,682,True,True,True,True,True,True,True,208.79566927222214,132.799382085091,75.99628718713114,214.8000000000001,84.30000000000004,225.89999999999998,84.30000000000004,84.30000000000004,225.89999999999998,84.30000000000004,1.8917
509_3,155.0,67.0,23,independent,R,30.0,33.0,71.4042,76.5,92.8,222,509,1.1010421694948953,1.1314525471415027,1.2583,1.1028,1.1333,latest_sustained_upward_crossing,latest_sustained_upward_crossing,1.0843,zero_baseline_breakout_before_fp100,0.0,5.174393743267745,47.15254714150263,1.1722,1497.7372,217.22884965814825,1497.7372,217.22884965814825,1.0676,-0.33834471126345017,1.1722,217.22884965814825,217.5671943694117,217.5671943694117,1.1722,217.22884965814825,217.22884965814825,1.0676,-0.33834471126345017,1.1722,217.22884965814825,217.5671943694117,217.5671943694117,False,ok,ok,0.0,1.6028,578,True,True,True,True,True,True,True,157.25783050510466,126.8474528584973,30.410377646607365,173.99999999999994,86.10000000000007,190.69999999999987,86.10000000000007,86.10000000000007,190.69999999999987,86.10000000000007,1.6028
509_4,155.0,67.0,23,independent,R,30.0,33.0,71.9096,67.9,91.0,222,509,1.0971573520383346,1.1306009726497257,1.2611,1.1,1.1306,latest_sustained_upward_crossing,latest_sustained_upward_crossing,1.0787,zero_baseline_breakout_before_fp100,0.0,5.1289601544754015,51.90097264972571,1.1676,1661.5068,240.98166945655825,1661.5068,240.98166945655825,1.0648,-0.38865840310899663,1.1676,240.98166945655825,241.37032785966724,241.37032785966724,1.1676,240.98166945655825,240.98166945655825,1.0648,-0.38865840310899663,1.1676,240.98166945655825,241.37032785966724,241.37032785966724,False,ok,ok,0.0,1.7028,614,True,True,True,True,True,True,True,163.94264796166547,130.49902735027442,33.443620611391054,182.40000000000012,93.50000000000014,196.30000000000015,93.50000000000014,93.50000000000014,196.30000000000015,93.50000000000014,1.7028
509_5,155.0,67.0,23,independent,R,30.0,33.0,69.0217,69.4,96.7,222,509,1.6383348108697104,1.6687061135039782,1.7889,1.6417,1.6694,latest_sustained_upward_crossing,latest_sustained_upward_crossing,1.6296,zero_baseline_breakout_before_fp100,0.0,5.047147615650092,39.1061135039783,1.7056,1505.5957,218.3686309996537,1505.5957,218.3686309996537,1.588,-0.24041503488952976,1.7056,218.3686309996537,218.60904603454324,218.60904603454324,1.7056,218.3686309996537,218.3686309996537,1.588,-0.24041503488952976,1.7056,218.3686309996537,218.60904603454324,218.60904603454324,False,ok,ok,0.0,2.1,757,True,True,True,True,True,True,True,150.5651891302895,120.19388649602169,30.371302634267792,159.3,83.29999999999993,200.89999999999986,83.29999999999993,83.29999999999993,200.89999999999986,83.29999999999993,2.1
509_6,155.0,67.0,23,independent,R,30.0,33.0,71.9226,71.8,92.6,222,509,1.0816886299225434,1.111695649010914,1.2333,1.0833,1.1139,latest_sustained_upward_crossing,latest_sustained_upward_crossing,1.0824,last_local_min_after_zero_baseline_plus5bw_breakout,1.0,12.077085367640809,29.29564901091397,1.1444,1493.944,216.67869141107846,1493.944,216.67869141107846,1.0454,-0.5918421762609888,1.1444,216.67869141107846,217.27053358733946,217.27053358733946,1.1444,216.67869141107846,216.67869141107846,1.0454,-0.5918421762609888,1.1444,216.67869141107846,217.27053358733946,217.27053358733946,False,ok,ok,0.0,1.5528,560,True,True,True,True,True,True,True,151.61137007745663,121.60435098908606,30.007019088370555,150.90000000000003,88.89999999999998,187.89999999999995,88.89999999999998,88.89999999999998,187.89999999999995,88.89999999999998,1.5528
509_7,155.0,67.0,23,independent,R,30.0,33.0,70.3256,75.2,99.0,222,509,1.5116519189824507,1.551837426682849,1.675,1.5139,1.5528,latest_sustained_upward_crossing,latest_sustained_upward_crossing,1.4972,zero_baseline_breakout_before_fp100,0.0,5.0603230407288695,54.637426682848876,1.5917,1638.8295,237.69259858861642,1638.8295,237.69259858861642,1.4722,-0.20760743300004394,1.5917,237.69259858861642,237.90020602161647,237.90020602161647,1.5917,237.69259858861642,237.69259858861642,1.4722,-0.20760743300004394,1.5917,237.69259858861642,237.90020602161647,237.90020602161647,False,ok,ok,0.0,1.9444,701,True,True,True,True,True,True,True,163.3480810175494,123.16257331715109,40.185507700398304,177.79999999999995,83.30000000000015,202.8000000000001,83.30000000000015,83.30000000000015,202.8000000000001,83.30000000000015,1.9444
509_8,155.0,67.0,23,independent,R,30.0,33.0,67.9435,73.5,93.7,222,509,1.637261674628093,1.6686810220558947,1.8,1.6389,1.6694,latest_sustained_upward_crossing,latest_sustained_upward_crossing,1.6315,zero_baseline_breakout_before_fp100,0.0,4.974730981531937,37.1810220558948,1.7222,1500.0361,217.56227758026915,1500.0361,217.56227758026915,1.6204,-0.7624939197763246,1.7222,217.56227758026915,218.32477150004547,218.32477150004547,1.7222,217.56227758026915,217.56227758026915,1.6204,-0.7624939197763246,1.7222,217.56227758026915,218.32477150004547,218.32477150004547,False,ok,ok,0.0,2.1361,770,True,True,True,True,True,True,True,162.73832537190702,131.31897794410528,31.419347427801725,168.50000000000009,77.8000000000001,179.6,77.8000000000001,77.8000000000001,179.6,77.8000000000001,2.1361
