session_swing,user,session,hitter_side,highest_playing_level,bat_speed_mph_max_x,model_ready_primary,pelvis_velocity20_onset_time,pelvis_velocity20_to_contact_ms,pelvis_velocity20_peak_ms_before_contact,pelvis_velocity20_crossing_count_before_peak,torso_velocity20_onset_time,torso_velocity20_to_contact_ms,torso_velocity20_peak_ms_before_contact,torso_velocity20_crossing_count_before_peak,lead_hand_velocity20_onset_time,lead_hand_velocity20_to_contact_ms,lead_hand_velocity20_peak_ms_before_contact,lead_hand_velocity20_crossing_count_before_peak,pelvis_to_contact_ms,torso_to_contact_ms,lead_hand_to_contact_ms,composite_swing_time_ms,initiation_spread_ms,velocity20_detected_primary_segment_count,velocity20_composite_swing_time_ms,velocity20_latest_onset_to_contact_ms,velocity20_initiation_spread_ms,velocity20_onset_order,velocity20_composite_delta_vs_current_ms,velocity20_spread_delta_vs_current_ms
6_1,5,6,R,milb,66.9317,True,0.7877050258549175,206.69497414508243,74.99999999999996,1,0.8275722947357018,166.82770526429812,74.99999999999996,1,0.8494982702799604,144.90172972003955,24.99999999999991,1,199.99999999999997,125.0,,199.99999999999997,74.99999999999996,3,206.69497414508243,144.90172972003955,61.79324442504287,pelvis>torso>lead_hand,6.694974145082455,-13.206755574957086
6_2,5,6,R,milb,67.5289,True,0.6961604853498459,198.2395146501541,72.19999999999993,1,0.7380792998643982,156.32070013560173,72.19999999999993,1,0.7561517636643393,138.24823633566064,19.399999999999974,1,202.7,125.0,,202.7,77.69999999999999,3,198.2395146501541,138.24823633566064,59.99127831449346,pelvis>torso>lead_hand,-4.4604853498458965,-17.708721685506532
6_3,5,6,R,milb,68.2407,True,0.7195415451496459,199.85845485035412,80.50000000000001,1,0.7580892971301891,161.31070286981085,77.69999999999999,1,0.7804012832503634,138.9987167496366,30.49999999999997,1,136.1,122.19999999999996,,136.1,13.900000000000023,3,199.85845485035412,138.9987167496366,60.85973810071752,pelvis>torso>lead_hand,63.75845485035413,46.9597381007175
6_4,5,6,R,milb,67.5669,True,0.784953436569373,195.64656343062703,75.00000000000007,1,0.8168109073522085,163.7890926477915,77.79999999999998,1,0.835051074644365,145.54892535563502,33.399999999999984,1,141.70000000000005,125.0,200.00000000000009,200.00000000000009,75.00000000000007,3,195.64656343062703,145.54892535563502,50.097638074992005,pelvis>torso>lead_hand,-4.353436569373059,-24.902361925008066
6_5,5,6,R,milb,68.0812,True,0.6504231592726077,193.9768407273923,72.20000000000005,1,0.6878672193313105,156.53278066868958,75.00000000000007,1,0.7055277613826363,138.87223861736376,30.50000000000008,1,208.30000000000004,125.0,,208.30000000000004,83.30000000000004,3,193.9768407273923,138.87223861736376,55.10460211002854,pelvis>torso>lead_hand,-14.32315927260774,-28.195397889971503
8_1,174,8,L,milb,65.0445,True,0.8107236270297887,200.37637297021135,86.10000000000007,1,0.8378596904501079,173.24030954989223,77.8000000000001,1,0.8307839724040752,180.3160275959249,41.70000000000008,3,188.9000000000001,116.70000000000012,,188.9000000000001,72.19999999999993,3,200.37637297021135,173.24030954989223,27.136063420319118,pelvis>lead_hand>torso,11.476372970211258,-45.063936579680814
8_2,174,8,L,milb,66.4028,True,0.942525881784681,204.674118215319,88.89999999999998,1,0.9720030669798332,175.1969330201669,77.8000000000001,1,0.9576730479650604,189.5269520349397,44.39999999999999,2,186.10000000000005,127.79999999999993,,186.10000000000005,58.30000000000013,3,204.674118215319,175.1969330201669,29.47718519515209,pelvis>lead_hand>torso,18.574118215318947,-28.822814804848043
8_3,174,8,L,milb,66.337,True,0.9417336069433856,205.4663930566145,97.19999999999996,1,0.9707052687297164,176.49473127028347,74.99999999999996,1,0.952056384383242,195.143615616758,38.899999999999935,2,188.89999999999995,130.50000000000006,,188.89999999999995,58.3999999999999,3,205.4663930566145,176.49473127028347,28.971661786331026,pelvis>lead_hand>torso,16.566393056614544,-29.428338213668873
8_4,174,8,L,milb,68.7712,True,1.0760650010815545,204.53499891844552,88.89999999999998,1,1.103969630245271,176.6303697547289,72.30000000000003,1,1.1071181747544734,173.48182524552658,38.899999999999935,2,188.9000000000001,122.29999999999986,199.99999999999997,199.99999999999997,77.7000000000001,3,204.53499891844552,173.48182524552658,31.053173672918945,pelvis>torso>lead_hand,4.534998918445552,-46.64682632708116
8_5,174,8,L,milb,70.3682,True,1.1637081754269096,214.0918245730903,97.19999999999996,1,1.1904761720707466,187.3238279292533,80.60000000000001,1,1.199971555778281,177.82844422171885,41.69999999999985,2,197.19999999999985,130.59999999999982,,197.19999999999985,66.6,3,214.0918245730903,177.82844422171885,36.26338035137144,pelvis>torso>lead_hand,16.891824573090446,-30.336619648628556
17_1,59,17,R,milb,70.5241,True,0.8839653930666954,224.33460693330463,47.20000000000013,1,0.940748998331006,167.55100166899396,69.40000000000013,1,0.9683950259530766,139.90497404692348,33.30000000000011,1,191.6000000000001,102.70000000000002,,191.6000000000001,88.90000000000009,3,224.33460693330463,139.90497404692348,84.42963288638114,pelvis>torso>lead_hand,32.73460693330452,-4.4703671136189485
17_2,59,17,R,milb,67.4617,True,0.972379082357248,219.32091764275208,80.60000000000001,1,1.0204105285782124,171.28947142178762,74.99999999999996,1,1.048596922959386,143.10307704061387,36.10000000000002,1,186.09999999999997,111.09999999999998,,186.09999999999997,74.99999999999996,3,219.32091764275208,143.10307704061387,76.21784060213821,pelvis>torso>lead_hand,33.22091764275211,1.2178406021382528
17_3,59,17,R,milb,68.4308,True,1.1585465350347326,224.75346496526737,44.39999999999999,1,1.216003170626653,167.296829373347,74.99999999999996,1,1.234627162722828,148.67283727717196,41.60000000000008,1,188.9000000000001,97.19999999999996,,188.9000000000001,91.70000000000012,3,224.75346496526737,148.67283727717196,76.0806276880954,pelvis>torso>lead_hand,35.85346496526728,-15.619372311904712
17_4,59,17,R,milb,69.7295,True,1.13590938152353,219.69061847647,86.19999999999983,1,1.1821830410286551,173.4169589713448,72.29999999999981,1,1.2042159556618546,151.38404433814534,38.899999999999935,1,199.99999999999997,99.99999999999989,,199.99999999999997,100.00000000000009,3,219.69061847647,151.38404433814534,68.30657413832466,pelvis>torso>lead_hand,19.690618476470036,-31.693425861675422
17_5,59,17,R,milb,69.4476,True,1.0216296845428814,220.07031545711865,66.69999999999999,1,1.0685188901634195,173.18110983658053,69.50000000000011,1,1.0876002348860343,154.0997651139655,33.4000000000001,1,197.30000000000004,130.60000000000005,199.99999999999997,199.99999999999997,69.3999999999999,3,220.07031545711865,154.0997651139655,65.97055034315315,pelvis>torso>lead_hand,20.07031545711868,-3.4294496568467565
21_1,92,21,R,college,66.0905,True,0.5717842838129733,231.01571618702664,63.89999999999996,1,0.6206052773186266,182.19472268137335,66.69999999999999,1,0.6431583915646278,159.64160843537212,41.69999999999996,1,188.89999999999995,108.39999999999992,,188.89999999999995,80.50000000000001,3,231.01571618702664,159.64160843537212,71.37410775165452,pelvis>torso>lead_hand,42.11571618702669,-9.125892248345494
21_2,92,21,R,college,62.4813,True,0.5150349290112738,234.9650709887262,61.10000000000005,1,0.5636725119863473,186.32748801365275,66.69999999999999,1,0.5949178398559145,155.0821601440855,44.39999999999999,1,205.6,111.09999999999998,,205.6,94.50000000000004,3,234.9650709887262,155.0821601440855,79.88291084464072,pelvis>torso>lead_hand,29.365070988726217,-14.617089155359324
21_3,92,21,R,college,68.7228,True,0.4268568666525853,228.74313334741464,69.5,1,0.4722286708404639,183.3713291595361,72.29999999999993,1,0.494291984052677,161.30801594732296,41.69999999999996,1,177.79999999999995,88.89999999999998,199.99999999999997,199.99999999999997,111.09999999999998,3,228.74313334741464,161.30801594732296,67.43511740009168,pelvis>torso>lead_hand,28.74313334741467,-43.664882599908296
21_4,92,21,R,college,68.1827,True,0.4250027586343187,241.6972413656813,69.5,1,0.4969742340374476,169.7257659625523,77.79999999999998,1,0.4836338842048855,183.06611579511448,47.30000000000001,1,199.99999999999997,163.89999999999992,199.99999999999997,199.99999999999997,36.10000000000002,3,241.6972413656813,169.7257659625523,71.971475403129,pelvis>lead_hand>torso,41.69724136568132,35.87147540312898
21_5,92,21,R,college,64.1874,True,0.3420928873035314,246.80711269646852,72.19999999999993,1,0.4014804577089056,187.4195422910943,72.19999999999993,1,0.4232582066355312,165.64179336446873,44.49999999999999,1,230.6,86.09999999999995,,230.6,144.50000000000003,3,246.80711269646852,165.64179336446873,81.1653193319998,pelvis>torso>lead_hand,16.207112696468528,-63.33468066800023
23_1,109,23,L,college,58.7368,True,1.0778034092286326,213.89659077136747,69.50000000000011,1,1.1117325664569668,179.96743354303325,66.69999999999999,1,1.1268344452133685,164.86555478663155,27.800000000000047,1,136.1000000000001,127.80000000000014,,136.1000000000001,8.299999999999974,3,213.89659077136747,164.86555478663155,49.03103598473592,pelvis>torso>lead_hand,77.79659077136736,40.731035984735946
23_2,109,23,L,college,60.8459,True,1.3309589338061707,227.3410661938293,74.99999999999996,1,1.3778927792989235,180.4072207010765,72.20000000000005,1,1.3979227531437797,160.37724685622058,16.599999999999948,1,177.69999999999996,125.0,,177.69999999999996,52.69999999999997,3,227.3410661938293,160.37724685622058,66.96381933760873,pelvis>torso>lead_hand,49.641066193829346,14.263819337608759
23_3,109,23,L,college,59.8086,True,1.1624425013393451,243.15749866065465,74.99999999999996,1,1.2217013333619071,183.89866663809264,58.400000000000006,1,1.2409483954060017,164.65160459399831,33.39999999999988,1,211.20000000000005,149.99999999999991,199.99999999999997,211.20000000000005,61.20000000000015,3,243.15749866065465,164.65160459399831,78.50589406665634,pelvis>torso>lead_hand,31.957498660654608,17.305894066656187
23_4,109,23,L,college,60.2192,True,1.3616816357008026,232.71836429919745,74.99999999999996,1,1.4082800451308748,186.11995486912525,63.80000000000008,1,1.426235677098906,168.16432290109407,36.10000000000002,1,199.99999999999997,152.70000000000005,,199.99999999999997,47.2999999999999,3,232.71836429919745,168.16432290109407,64.55404139810338,pelvis>torso>lead_hand,32.718364299197475,17.25404139810348
23_5,109,23,L,college,59.554,True,1.2787427021567226,226.85729784327745,77.8000000000001,1,1.3237136219559296,181.88637804407048,52.79999999999996,1,1.3330862989125902,172.51370108740983,27.800000000000047,1,133.39999999999998,138.90000000000003,199.99999999999997,199.99999999999997,66.6,3,226.85729784327745,172.51370108740983,54.34359675586762,pelvis>torso>lead_hand,26.85729784327748,-12.256403244132372
24_1,116,24,R,college,68.4138,True,1.5573875116211389,225.91248837886124,58.30000000000002,1,1.6217889280497315,161.51107195026836,69.40000000000013,1,1.6351301403814995,148.1698596185006,50.00000000000004,1,202.7000000000001,125.0,,202.7000000000001,77.7000000000001,3,225.91248837886124,148.1698596185006,77.74262876036065,pelvis>torso>lead_hand,23.21248837886114,0.04262876036054308
24_2,116,24,R,college,67.8255,True,1.008583977777358,235.816022222642,58.30000000000002,1,1.0647718768483498,179.6281231516501,47.19999999999991,1,1.098290512772203,146.10948722779705,33.29999999999988,1,241.6,125.0,,241.6,116.60000000000004,3,235.816022222642,146.10948722779705,89.70653499484496,pelvis>torso>lead_hand,-5.78397777735799,-26.89346500515508
24_3,116,24,R,college,67.8871,True,1.0299566339518131,239.44336604818693,72.20000000000005,1,1.0831129842537248,186.28701574627527,63.80000000000008,1,1.1182599216640554,151.14007833594468,47.20000000000013,1,197.20000000000005,127.70000000000014,,197.20000000000005,69.4999999999999,3,239.44336604818693,151.14007833594468,88.30328771224225,pelvis>torso>lead_hand,42.243366048186886,18.80328771224235
24_4,116,24,R,college,68.6049,True,2.147006439397812,239.09356060218775,58.30000000000002,1,2.2148998787489718,171.20012125102858,74.99999999999973,1,2.2417334127352646,144.36658726473527,47.19999999999969,1,233.29999999999984,122.19999999999986,,233.29999999999984,111.09999999999998,3,239.09356060218775,144.36658726473527,94.72697333745248,pelvis>torso>lead_hand,5.79356060218791,-16.373026662547502
24_5,116,24,R,college,68.6981,True,1.04951103165328,233.78896834672025,61.10000000000015,1,1.1280319411565187,155.26805884348138,72.20000000000005,1,1.140020228706098,143.279771293902,33.30000000000011,1,202.7000000000001,152.70000000000005,,202.7000000000001,50.00000000000004,3,233.78896834672025,143.279771293902,90.50919705281825,pelvis>torso>lead_hand,31.08896834672015,40.50919705281821
25_1,123,25,R,college,57.6494,True,0.940667705259098,220.432294740902,69.40000000000013,1,0.9799817260063666,181.11827399363344,41.70000000000008,1,0.9591970349201484,201.9029650798516,36.10000000000002,1,222.20000000000007,144.4000000000001,194.4,222.20000000000007,77.79999999999998,3,220.432294740902,181.11827399363344,39.31402074726856,pelvis>lead_hand>torso,-1.7677052590980793,-38.485979252731426
25_2,123,25,R,college,57.9052,True,0.7938639834867772,192.23601651322275,66.69999999999999,1,0.8129001142945996,173.19988570540033,47.20000000000002,1,0.7976587455969049,188.44125440309512,22.2,1,180.5,127.80000000000004,199.99999999999997,199.99999999999997,72.19999999999993,3,192.23601651322275,173.19988570540033,19.036130807822417,pelvis>lead_hand>torso,-7.763983486777221,-53.163869192177515
25_3,123,25,R,college,57.1854,True,0.8568278995220255,198.77210047797456,61.20000000000015,1,0.8784304667542968,177.1695332457033,38.90000000000016,1,0.8594042779510248,196.19572204897528,25.00000000000013,1,188.9000000000001,133.40000000000006,197.30000000000013,197.30000000000013,63.90000000000007,3,198.77210047797456,177.1695332457033,21.60256723227127,pelvis>lead_hand>torso,1.4721004779744362,-42.2974327677288
25_4,123,25,R,college,57.0072,True,0.9349514754141348,206.748524585865,66.69999999999999,1,0.9652390743519832,176.46092564801674,44.49999999999999,1,0.9486882967750452,193.01170322495489,27.800000000000047,1,199.99999999999997,136.09999999999988,199.99999999999997,199.99999999999997,63.90000000000007,3,206.748524585865,176.46092564801674,30.28759893784826,pelvis>lead_hand>torso,6.748524585865027,-33.61240106215181
25_5,123,25,R,college,55.7922,True,1.2731240142123748,221.2759857876252,80.50000000000001,1,1.304625448632454,189.77455136754597,52.69999999999997,1,1.2800643704132917,214.33562958670825,24.99999999999991,1,205.50000000000003,141.59999999999994,199.99999999999997,205.50000000000003,63.90000000000007,3,221.2759857876252,189.77455136754597,31.50143442007922,pelvis>lead_hand>torso,15.77598578762516,-32.39856557992085
33_1,139,33,R,college,67.8606,True,1.0395938433984726,204.8061566015273,72.20000000000005,1,1.0766513818373675,167.7486181626322,74.99999999999996,1,1.0786024535112697,165.79754648873023,69.3999999999999,1,183.3,138.80000000000004,199.99999999999997,199.99999999999997,61.19999999999992,3,204.8061566015273,165.79754648873023,39.00861011279707,pelvis>torso>lead_hand,4.806156601527334,-22.191389887202845
33_2,139,33,R,college,64.7291,True,1.3178821215240093,201.5178784759908,69.40000000000013,1,1.357056088776854,162.34391122314597,83.30000000000015,1,1.3554082896914108,163.9917103085893,63.80000000000008,1,186.10000000000016,102.70000000000002,197.20000000000005,197.20000000000005,94.50000000000004,3,201.5178784759908,162.34391122314597,39.17396725284485,pelvis>lead_hand>torso,4.317878475990767,-55.326032747155196
33_3,139,33,R,college,67.5595,True,1.0745770961265029,208.72290387349724,75.00000000000017,1,1.117820873519521,165.47912648047912,75.00000000000017,1,1.122200750554322,161.09924944567825,5.50000000000006,1,175.00000000000006,130.50000000000006,197.20000000000005,197.20000000000005,66.69999999999999,3,208.72290387349724,161.09924944567825,47.62365442781899,pelvis>torso>lead_hand,11.5229038734972,-19.076345572180998
33_4,139,33,R,college,68.8345,True,1.1534837851655713,199.31621483442876,69.4999999999999,1,1.1937093259264404,159.0906740735596,86.10000000000007,1,1.1924283000184783,160.3716999815217,5.600000000000049,1,180.60000000000008,119.49999999999994,197.20000000000005,197.20000000000005,77.7000000000001,3,199.31621483442876,159.0906740735596,40.225540760869166,pelvis>lead_hand>torso,2.1162148344287175,-37.47445923913094
33_5,139,33,R,college,67.3466,True,1.220206486118497,188.0935138815032,63.90000000000007,1,1.2561491254255424,152.15087457445776,58.30000000000002,1,1.2498882381897554,158.41176181024474,2.7000000000001467,1,169.4000000000002,119.40000000000018,197.20000000000005,197.20000000000005,77.79999999999987,3,188.0935138815032,152.15087457445776,35.942639307045454,pelvis>lead_hand>torso,-9.106486118496832,-41.857360692954416
36_1,142,36,L,college,69.8842,True,1.818057295302296,198.64270469770395,58.40000000000023,1,1.8533911724996768,163.30882750032362,66.7000000000002,1,1.8685118184708047,148.18818152919545,36.10000000000024,1,183.40000000000023,122.30000000000008,172.30000000000013,183.40000000000023,61.10000000000015,3,198.64270469770395,148.18818152919545,50.4545231685085,pelvis>torso>lead_hand,15.242704697703715,-10.64547683149165
36_2,142,36,L,college,69.1246,True,1.251739826119243,203.86017388075703,58.400000000000006,1,1.2913485622203733,164.25143777962668,74.99999999999996,1,1.2933837572884668,162.21624271153323,27.800000000000047,1,186.19999999999996,125.0,199.99999999999997,199.99999999999997,74.99999999999996,3,203.86017388075703,162.21624271153323,41.643931169223805,pelvis>torso>lead_hand,3.86017388075706,-33.35606883077615
36_3,142,36,L,college,72.5922,True,1.5269293382949092,203.67066170509077,58.400000000000006,1,1.5708454470047195,159.7545529952802,72.29999999999981,1,1.5846296634684574,145.97033653154256,27.799999999999827,1,186.19999999999996,125.0,188.89999999999984,188.89999999999984,63.89999999999985,3,203.67066170509077,145.97033653154256,57.70032517354821,pelvis>torso>lead_hand,14.77066170509093,-6.199674826451641
36_4,142,36,L,college,72.4115,True,2.515247631234766,206.95236876523416,55.499999999999886,1,2.5591241567776275,163.07584322237244,66.59999999999977,1,2.579059149096959,143.14085090304073,36.0999999999998,1,188.89999999999984,116.60000000000004,186.10000000000016,188.89999999999984,72.29999999999981,3,206.95236876523416,143.14085090304073,63.811517862193426,pelvis>torso>lead_hand,18.05236876523432,-8.488482137806386
36_5,142,36,L,college,72.1136,True,1.62026475416025,213.03524583975,69.3999999999999,1,1.6634625893502033,169.83741064979662,74.99999999999996,1,1.682273762599938,151.02623740006194,19.399999999999864,1,188.89999999999984,122.19999999999986,199.99999999999997,199.99999999999997,77.8000000000001,3,213.03524583975,151.02623740006194,62.009008439688046,pelvis>torso>lead_hand,13.035245839750019,-15.790991560312051
42_1,145,42,R,college,79.8418,True,1.1493154570006932,203.48454299930685,72.20000000000005,1,1.1919956989947746,160.80430100522537,66.69999999999999,1,1.2130350164243715,139.76498357562826,11.10000000000011,1,149.99999999999991,119.49999999999994,194.4999999999999,194.4999999999999,74.99999999999996,3,203.48454299930685,139.76498357562826,63.71955942367859,pelvis>torso>lead_hand,8.984542999306967,-11.280440576321368
42_2,145,42,R,college,79.2,True,1.089288838909581,185.71116109041893,66.69999999999999,1,1.1253116976504154,149.68830234958452,58.30000000000002,1,1.1385283683448817,136.47163165511822,27.799999999999827,1,144.39999999999986,108.29999999999984,194.39999999999992,194.39999999999992,86.10000000000007,3,185.71116109041893,136.47163165511822,49.23952943530071,pelvis>torso>lead_hand,-8.688838909580994,-36.860470564699355
42_3,145,42,R,college,76.5585,True,1.987756401919767,192.843598080233,61.19999999999992,1,2.0325645010423754,148.0354989576247,55.600000000000094,1,2.045254800606013,135.34519939398714,11.2000000000001,1,149.99999999999991,111.2000000000002,188.9000000000001,188.9000000000001,77.69999999999987,3,192.843598080233,135.34519939398714,57.49839868624585,pelvis>torso>lead_hand,3.9435980802329027,-20.201601313754026
42_4,145,42,R,college,79.5106,True,1.1590669246081644,193.7330753918356,74.99999999999996,1,1.198592472962056,154.20752703794395,66.69999999999999,1,1.2137214993324168,139.0785006675832,8.399999999999963,1,113.90000000000012,122.20000000000007,194.4999999999999,194.4999999999999,80.59999999999978,3,193.7330753918356,139.0785006675832,54.6545747242524,pelvis>torso>lead_hand,-0.7669246081642882,-25.945425275747382
42_5,145,42,R,college,80.8545,True,1.527660803940044,200.1391960599559,66.69999999999999,1,1.573302377298334,154.4976227016661,66.69999999999999,1,1.5894550251191828,138.3449748808172,11.10000000000011,1,147.2,113.90000000000012,,147.2,33.29999999999988,3,200.1391960599559,138.3449748808172,61.7942211791387,pelvis>torso>lead_hand,52.93919605995592,28.49422117913882
43_1,146,43,R,college,65.4436,True,1.9441601413174876,228.03985868251277,52.79999999999996,1,1.9722645223007915,199.93547769920883,77.80000000000031,1,2.006773285939398,165.42671406060228,11.100000000000332,1,213.9000000000002,127.80000000000014,,213.9000000000002,86.10000000000007,3,228.03985868251277,165.42671406060228,62.61314462191049,pelvis>torso>lead_hand,14.139858682512568,-23.486855378089572
43_2,146,43,R,college,66.2155,True,1.115716926759271,231.4830732407289,52.79999999999996,1,1.1508143327795664,196.3856672204336,77.79999999999987,1,1.1807369291898495,166.46307081015044,22.2,1,216.5999999999999,141.59999999999994,,216.5999999999999,74.99999999999996,3,231.4830732407289,166.46307081015044,65.02000243057847,pelvis>torso>lead_hand,14.883073240729004,-9.979997569421485
43_3,146,43,R,college,64.0936,True,1.1694913720717357,222.20862792826424,41.69999999999985,1,1.1995164823222233,192.18351767777665,80.60000000000001,1,1.223300775477366,168.399224522634,22.299999999999983,1,202.79999999999987,133.39999999999998,199.99999999999997,202.79999999999987,69.3999999999999,3,222.20862792826424,168.399224522634,53.809403405630235,pelvis>torso>lead_hand,19.408627928264366,-15.590596594369671
43_4,146,43,R,college,65.2047,True,1.253783339281474,226.8166607185258,27.799999999999827,1,1.285418576913103,195.1814230868969,83.39999999999992,1,1.3152094724475138,165.39052755248608,22.299999999999983,1,211.19999999999985,136.19999999999987,199.99999999999997,211.19999999999985,74.99999999999996,3,226.8166607185258,165.39052755248608,61.42613316603973,pelvis>torso>lead_hand,15.616660718525964,-13.573866833960224
45_1,147,45,R,college,64.2132,True,1.904585327377384,192.6146726226159,72.20000000000005,1,1.9329861425299495,164.21385747005024,72.20000000000005,1,1.9548207761792484,142.37922382075152,13.900000000000023,1,177.79999999999995,138.90000000000003,,177.79999999999995,38.899999999999935,3,192.6146726226159,142.37922382075152,50.23544880186438,pelvis>torso>lead_hand,14.814672622615944,11.335448801864445
45_2,147,45,R,college,65.9396,True,1.6185665565656129,209.2334434343872,91.70000000000012,1,1.6492577287101786,178.54227128982149,80.60000000000001,1,1.6765470867080807,151.25291329191936,16.70000000000016,1,158.4000000000001,136.1000000000001,197.20000000000005,197.20000000000005,61.09999999999993,3,209.2334434343872,151.25291329191936,57.98053014246784,pelvis>torso>lead_hand,12.033443434387152,-3.1194698575320885
45_3,147,45,R,college,66.0369,True,1.5933031718828707,214.99682811712927,97.19999999999996,1,1.6358233239479272,172.47667605207283,74.99999999999996,1,1.6590696260217728,149.23037397822725,41.60000000000008,1,161.10000000000002,136.1000000000001,,161.10000000000002,24.99999999999991,3,214.99682811712927,149.23037397822725,65.76645413890202,pelvis>torso>lead_hand,53.896828117129246,40.766454138902105
45_4,147,45,R,college,66.9204,True,1.9001276004109788,202.67239958902096,88.89999999999975,1,1.9255895516875263,177.21044831247323,74.99999999999973,1,1.954430667467974,148.36933253202588,36.0999999999998,1,183.39999999999975,136.09999999999988,,183.39999999999975,47.2999999999999,3,202.67239958902096,148.36933253202588,54.303067056995076,pelvis>torso>lead_hand,19.272399589021205,7.003067056995178
45_5,147,45,R,college,66.2525,True,1.6053981877754104,211.30181222458955,94.50000000000004,1,1.6396983548624022,177.00164513759776,80.60000000000001,1,1.670878851084142,145.82114891585806,33.39999999999988,1,199.99999999999997,149.99999999999991,199.99999999999997,199.99999999999997,50.00000000000004,3,211.30181222458955,145.82114891585806,65.4806633087315,pelvis>torso>lead_hand,11.301812224589582,15.480663308731451
47_1,149,47,R,college,62.287,True,1.5961691330556511,198.23086694434863,77.7000000000001,1,1.6197099404650843,174.6900595349157,55.50000000000011,1,1.6425575088288054,151.84249117119464,30.49999999999997,1,163.79999999999995,127.69999999999992,,163.79999999999995,36.10000000000002,3,198.23086694434863,151.84249117119464,46.388375773153996,pelvis>torso>lead_hand,34.43086694434868,10.288375773153973
47_2,149,47,R,college,63.2143,True,1.270127137427342,204.8728625726581,80.60000000000001,1,1.3012987059645418,173.70129403545832,61.10000000000015,1,1.3308522155896307,144.14778441036935,27.800000000000047,1,169.4,111.1000000000002,,169.4,58.2999999999998,3,204.8728625726581,144.14778441036935,60.72507816228875,pelvis>torso>lead_hand,35.4728625726581,2.425078162288955
47_3,149,47,R,college,57.8982,True,1.3427555483206726,204.44445167932736,80.50000000000001,1,1.368031733950979,179.1682660490206,61.09999999999993,1,1.3963074281256218,150.8925718743781,24.99999999999991,1,177.79999999999995,127.79999999999993,,177.79999999999995,50.00000000000004,3,204.44445167932736,150.8925718743781,53.551879804949266,pelvis>torso>lead_hand,26.644451679327403,3.5518798049492233
47_4,149,47,R,college,60.9174,True,1.534835498919232,212.3645010807682,91.60000000000012,1,1.5656878454036318,181.51215459636828,75.00000000000017,1,1.5898685861221462,157.3314138778539,25.00000000000013,1,166.60000000000008,141.60000000000016,,166.60000000000008,24.99999999999991,3,212.3645010807682,157.3314138778539,55.03308720291432,pelvis>torso>lead_hand,45.76450108076813,30.033087202914405
47_5,149,47,R,college,64.1223,True,1.4572465762960776,198.3534237039224,88.89999999999998,1,1.4769474358661268,178.6525641338732,72.30000000000003,1,1.5019290289047789,153.6709710952211,27.800000000000047,1,177.79999999999995,122.29999999999986,199.99999999999997,199.99999999999997,77.7000000000001,3,198.3534237039224,153.6709710952211,44.68245260870131,pelvis>torso>lead_hand,-1.6465762960775692,-33.01754739129879
48_1,150,48,R,college,60.8149,True,2.74583779864392,173.5622013560798,41.59999999999986,1,2.7730017090932506,146.3982909067494,36.0999999999998,1,2.793446583377272,125.95341662272786,5.50000000000006,1,183.3,97.19999999999996,,183.3,86.10000000000007,3,173.5622013560798,125.95341662272786,47.60878473335195,pelvis>torso>lead_hand,-9.7377986439202,-38.49121526664811
48_2,150,48,R,college,74.0229,True,2.859842289665242,192.957710334758,83.40000000000015,1,2.880021641349396,172.778358650604,66.69999999999999,1,2.893520155474833,159.27984452516685,30.59999999999974,1,158.39999999999986,125.0,,158.39999999999986,33.39999999999988,3,192.957710334758,159.27984452516685,33.67786580959114,pelvis>torso>lead_hand,34.55771033475813,0.27786580959126184
48_3,150,48,R,college,73.4156,True,2.038489437340342,183.710562659658,61.10000000000015,1,2.0605310856821863,161.6689143178136,55.499999999999886,1,2.0751414031348774,147.05859686512258,27.800000000000047,1,152.80000000000004,116.60000000000004,,152.80000000000004,36.20000000000001,3,183.710562659658,147.05859686512258,36.651965794535414,pelvis>torso>lead_hand,30.910562659657955,0.4519657945354041
48_4,150,48,R,college,69.3275,True,2.1381717017653434,192.42829823465655,75.00000000000017,1,2.152381946356657,178.21805364334287,72.29999999999981,1,2.168277391338786,162.32260866121396,33.39999999999988,1,158.39999999999986,133.39999999999998,200.00000000000017,200.00000000000017,66.60000000000022,3,192.42829823465655,162.32260866121396,30.10568957344259,pelvis>torso>lead_hand,-7.571701765343619,-36.49431042655763
48_5,150,48,R,college,68.8375,True,2.817551573889342,196.34842611065736,55.600000000000094,1,2.8432282221096146,170.67177789038544,66.69999999999999,1,2.861193383364636,152.7066166353639,27.800000000000047,1,149.99999999999991,119.49999999999994,,149.99999999999991,30.49999999999997,3,196.34842611065736,152.7066166353639,43.641809475293456,pelvis>torso>lead_hand,46.34842611065744,13.141809475293485
51_1,151,51,L,college,56.5657,True,0.9034626937644494,202.13730623555048,58.400000000000006,1,0.9356514020425604,169.94859795743966,36.20000000000001,1,0.9454035116828592,160.19648831714062,2.7999999999999137,1,199.99999999999997,133.39999999999998,,199.99999999999997,66.6,3,202.13730623555048,160.19648831714062,41.94081791840986,pelvis>torso>lead_hand,2.1373062355505112,-24.65918208159013
51_2,151,51,L,college,56.9455,True,0.8209014890984955,220.79851090150456,72.30000000000003,1,0.8542810844745929,187.41891552540716,41.70000000000008,1,0.8729906179516838,168.70938204831631,11.10000000000011,1,216.7000000000001,111.1000000000001,,216.7000000000001,105.60000000000002,3,220.79851090150456,168.70938204831631,52.08912885318824,pelvis>torso>lead_hand,4.098510901504454,-53.51087114681178
51_3,151,51,L,college,55.805,True,0.8066762425384826,212.7237574615175,66.60000000000011,1,0.8468795077774864,172.52049222251364,38.80000000000005,1,0.8508262520019934,168.57374799800672,13.800000000000034,1,200.00000000000009,116.60000000000004,,200.00000000000009,83.40000000000003,3,212.7237574615175,168.57374799800672,44.15000946351077,pelvis>torso>lead_hand,12.723757461517408,-39.249990536489264
51_4,151,51,L,college,57.6903,True,0.700362298706301,221.83770129369907,63.90000000000007,1,0.7468377090677573,175.36229093224276,44.39999999999999,1,0.7537517070313096,168.44829296869045,8.299999999999974,1,219.40000000000003,116.60000000000004,,219.40000000000003,102.8,3,221.83770129369907,168.44829296869045,53.38940832500862,pelvis>torso>lead_hand,2.4377012936990354,-49.41059167499138
51_5,151,51,L,college,56.7284,True,0.7996388217176534,244.76117828234652,91.6,1,0.8465857370288568,197.81426297114325,69.40000000000002,1,0.8646244779898995,179.7755220101005,2.6999999999999247,1,199.99999999999997,158.29999999999998,,199.99999999999997,41.69999999999996,3,244.76117828234652,179.7755220101005,64.98565627224602,pelvis>torso>lead_hand,44.76117828234655,23.285656272246058
56_1,152,56,L,college,71.3822,True,1.6026180986465206,225.18190135347947,69.50000000000011,1,1.65307908228761,174.72091771239008,69.50000000000011,1,1.6562622565912506,171.5377434087495,25.00000000000013,1,216.7000000000001,127.80000000000014,197.20000000000005,216.7000000000001,88.89999999999998,3,225.18190135347947,171.5377434087495,53.64415794472998,pelvis>torso>lead_hand,8.481901353479373,-35.255842055269994
56_2,152,56,L,college,69.2423,True,1.4589058463460682,224.3941536539318,66.6,1,1.5112650542699633,172.03494573003675,83.29999999999993,1,1.5150360201935642,168.26397980643583,55.50000000000011,1,211.10000000000008,100.00000000000009,,211.10000000000008,111.09999999999998,3,224.3941536539318,168.26397980643583,56.13017384749597,pelvis>torso>lead_hand,13.294153653931716,-54.96982615250401
56_3,152,56,L,college,74.1675,True,1.8961590313151004,231.6409686848997,66.69999999999999,1,1.9486753921619384,179.1246078380615,50.00000000000027,1,1.9531284807225264,174.67151927747392,2.800000000000136,1,222.2000000000002,133.40000000000018,197.20000000000005,222.2000000000002,88.79999999999998,3,231.6409686848997,174.67151927747392,56.96944940742577,pelvis>torso>lead_hand,9.440968684899502,-31.830550592574212
56_4,152,56,L,college,72.1336,True,1.7368288101011091,229.8711898988908,61.09999999999993,1,1.7837952507450927,182.9047492549072,52.79999999999996,1,1.7880353028280829,178.66469717191725,36.0999999999998,1,219.4999999999998,136.09999999999988,199.99999999999997,219.4999999999998,83.39999999999992,3,229.8711898988908,178.66469717191725,51.20649272697355,pelvis>torso>lead_hand,10.371189898891004,-32.19350727302637
56_5,152,56,L,college,73.9687,True,1.8459516869122743,226.24831308772556,72.20000000000005,1,1.8912987773794765,180.90122262052355,86.10000000000007,1,1.8983499494984912,173.8500505015088,52.79999999999996,1,202.8000000000001,141.59999999999994,,202.8000000000001,61.20000000000015,3,226.24831308772556,173.8500505015088,52.39826258621676,pelvis>torso>lead_hand,23.448313087725467,-8.801737413783393
59_1,157,59,R,college,65.4892,True,1.274568758717959,217.13124128204095,80.60000000000001,1,1.3190778205098197,172.62217949018032,66.69999999999999,1,1.3214432841640662,170.25671583593382,41.70000000000008,1,163.89999999999992,130.60000000000005,199.99999999999997,199.99999999999997,69.3999999999999,3,217.13124128204095,170.25671583593382,46.87452544610713,pelvis>torso>lead_hand,17.131241282040975,-22.525474553892778
59_2,157,59,R,college,61.5046,True,0.8683157719952466,209.48422800475356,69.50000000000011,1,0.9016734399990642,176.12656000093585,66.69999999999999,1,0.911412545416003,166.38745458399706,41.70000000000008,1,205.6000000000001,119.50000000000006,197.20000000000005,205.6000000000001,86.10000000000007,3,209.48422800475356,166.38745458399706,43.096773420756506,pelvis>torso>lead_hand,3.884228004753453,-43.00322657924356
59_3,157,59,R,college,61.4768,True,0.8420673987415329,224.63260125846708,80.60000000000001,1,0.8877263873571843,178.97361264281562,55.59999999999987,1,0.9031160764471312,163.58392355286878,36.10000000000002,1,186.09999999999997,122.29999999999995,199.99999999999997,199.99999999999997,77.69999999999999,3,224.63260125846708,163.58392355286878,61.048677705598294,pelvis>torso>lead_hand,24.632601258467105,-16.651322294401695
59_4,157,59,R,college,67.8471,True,0.8861690719186365,219.43092808136345,69.4999999999999,1,0.9305907442638024,175.00925573619764,63.89999999999985,1,0.940707422772322,164.8925772276778,41.69999999999985,1,199.99999999999997,122.29999999999995,199.99999999999997,199.99999999999997,77.69999999999999,3,219.43092808136345,164.8925772276778,54.53835085368564,pelvis>torso>lead_hand,19.430928081363476,-23.161649146314346
59_5,157,59,R,college,62.6485,True,0.7552295952481112,228.0704047518888,74.99999999999996,1,0.8175291431466238,165.7708568533761,61.09999999999993,1,0.8220089972827593,161.29100271724062,33.3,1,149.99999999999991,119.39999999999996,,149.99999999999991,30.59999999999996,3,228.0704047518888,161.29100271724062,66.77940203464817,pelvis>torso>lead_hand,78.07040475188887,36.17940203464821
67_1,162,67,R,high_school,59.8084,True,0.9199298966870808,199.4701033129193,69.3999999999999,1,0.9585644791234949,160.8355208765051,74.99999999999996,1,0.9364586873282892,182.94131267171088,11.099999999999888,1,174.99999999999994,125.0,172.1999999999999,174.99999999999994,49.999999999999936,3,199.4701033129193,160.8355208765051,38.634582436414206,pelvis>lead_hand>torso,24.47010331291935,-11.36541756358573
67_2,162,67,R,high_school,65.4589,True,1.320984685501348,201.21531449865196,66.6,1,1.3446394110422724,177.56058895772765,44.39999999999999,1,1.3511146426656664,171.08535733433362,33.30000000000011,1,180.5000000000001,130.50000000000006,152.80000000000004,180.5000000000001,50.00000000000004,3,201.21531449865196,171.08535733433362,30.12995716431834,pelvis>torso>lead_hand,20.71531449865185,-19.8700428356817
67_3,162,67,R,high_school,62.7887,True,1.301595287108367,201.204712891633,72.19999999999982,1,1.331867636858137,170.93236314186288,72.19999999999982,1,1.3309909226204466,171.80907737955332,30.59999999999996,2,180.59999999999988,122.19999999999986,144.49999999999986,180.59999999999988,58.400000000000006,3,201.204712891633,170.93236314186288,30.272349749770115,pelvis>lead_hand>torso,20.604712891633113,-28.12765025022989
67_4,162,67,R,high_school,62.396,True,1.1491371935900545,186.9628064099456,69.40000000000013,1,1.1813123520721065,154.7876479278938,66.69999999999999,1,1.1673714385533704,168.7285614466296,38.90000000000016,2,166.70000000000007,116.70000000000005,,166.70000000000007,50.00000000000004,3,186.9628064099456,154.7876479278938,32.17515848205181,pelvis>lead_hand>torso,20.26280640994554,-17.82484151794823
67_5,162,67,R,high_school,63.9992,True,1.2627810936008677,195.51890639913228,77.69999999999987,1,1.2852106947093525,173.08930529064747,66.6,1,1.289342125387808,168.9578746121918,36.10000000000002,2,174.99999999999983,133.29999999999998,,174.99999999999983,41.69999999999985,3,195.51890639913228,168.9578746121918,26.561031786940475,pelvis>torso>lead_hand,20.518906399132447,-15.138968213059371
68_1,163,68,R,college,71.874,True,1.44899997350096,212.10002649904004,66.69999999999999,5,1.4897869327086173,171.31306729138274,72.20000000000005,1,1.511380339100642,149.71966089935808,2.7999999999999137,1,205.50000000000003,127.79999999999993,175.00000000000006,205.50000000000003,77.7000000000001,3,212.10002649904004,149.71966089935808,62.380365599681966,pelvis>torso>lead_hand,6.600026499040013,-15.319634400318137
68_2,163,68,R,college,70.3116,True,1.7867103175797543,229.98968242024569,77.8000000000001,3,1.83848890007673,178.2110999232702,77.8000000000001,1,1.8674200647685428,149.27993523145733,5.600000000000271,1,172.30000000000013,127.80000000000014,,172.30000000000013,44.49999999999999,3,229.98968242024569,149.27993523145733,80.70974718878836,pelvis>torso>lead_hand,57.68968242024556,36.20974718878836
68_3,163,68,R,college,72.4937,True,1.869209373888616,211.39062611138385,75.00000000000017,2,1.9088812533935704,171.71874660642962,80.60000000000001,1,1.9278318098312133,152.7681901687865,5.599999999999827,1,172.2999999999999,125.0,199.99999999999997,199.99999999999997,74.99999999999996,3,211.39062611138385,152.7681901687865,58.62243594259735,pelvis>torso>lead_hand,11.390626111383881,-16.37756405740261
68_4,163,68,R,college,73.4984,True,1.5926433433012503,229.5566566987497,74.99999999999996,3,1.649118526483335,173.08147351666503,77.8000000000001,1,1.6670533491821724,155.14665081782763,13.900000000000023,1,188.9000000000001,116.60000000000004,,188.9000000000001,72.30000000000003,3,229.5566566987497,155.14665081782763,74.41000588092206,pelvis>torso>lead_hand,40.6566566987496,2.1100058809220315
68_5,163,68,R,college,75.1569,True,1.6482651973761138,251.7348026238861,72.19999999999982,3,1.7194849357716389,180.51506422836104,77.79999999999987,1,1.750355181811988,149.6448181880119,2.7999999999999137,1,194.39999999999992,119.39999999999996,,194.39999999999992,74.99999999999996,3,251.7348026238861,149.6448181880119,102.08998443587421,pelvis>torso>lead_hand,57.33480262388619,27.089984435874257
69_1,164,69,R,college,64.8262,True,0.823603188548728,220.79681145127196,58.30000000000002,1,0.8629598985847011,181.44010141529887,66.6,1,0.8915245507639958,152.87544923600416,33.29999999999988,1,186.10000000000005,108.29999999999995,,186.10000000000005,77.8000000000001,3,220.79681145127196,152.87544923600416,67.9213622152678,pelvis>torso>lead_hand,34.69681145127191,-9.878637784732291
69_2,164,69,R,college,65.5026,True,1.0830555050614654,236.3444949385345,61.09999999999993,1,1.1353863783395275,184.01362166047215,80.50000000000001,1,1.16543281861448,153.9671813855199,33.29999999999988,1,183.29999999999976,102.70000000000002,,183.29999999999976,80.59999999999978,3,236.3444949385345,153.9671813855199,82.3773135530146,pelvis>torso>lead_hand,53.04449493853474,1.777313553014821
69_3,164,69,R,college,69.8654,True,1.0452247190608288,235.37528093917115,69.4999999999999,1,1.0955901852039438,185.00981479605616,74.99999999999996,1,1.123213555661983,157.38644433801684,38.899999999999935,1,199.99999999999997,138.90000000000003,199.99999999999997,199.99999999999997,61.09999999999993,3,235.37528093917115,157.38644433801684,77.9888366011543,pelvis>torso>lead_hand,35.375280939171176,16.888836601154374
69_4,164,69,R,college,64.7597,True,1.0616105975665615,232.78940243343848,58.30000000000002,1,1.1039616272526518,190.4383727473482,69.3999999999999,1,1.1390031399517533,155.3968600482467,38.79999999999995,1,202.7000000000001,102.70000000000002,199.99999999999997,202.7000000000001,100.00000000000009,3,232.78940243343848,155.3968600482467,77.39254238519177,pelvis>torso>lead_hand,30.08940243343838,-22.60745761480831
69_5,164,69,R,college,66.9887,True,1.267783752038498,229.41624796150205,66.6,1,1.3166394318996826,180.5605681003175,66.6,1,1.3435486096902567,153.6513903097434,27.800000000000047,1,191.6,133.30000000000018,197.20000000000005,197.20000000000005,63.89999999999985,3,229.41624796150205,153.6513903097434,75.76485765175866,pelvis>torso>lead_hand,32.216247961502006,11.864857651758811
72_1,8,72,R,college,61.6612,True,1.5082323182120172,244.5676817879827,119.49999999999994,1,1.5619577695722684,190.84223042773152,80.60000000000001,1,1.5901676372420368,162.6323627579631,30.59999999999996,1,199.99999999999997,147.2,,199.99999999999997,52.79999999999996,3,244.5676817879827,162.6323627579631,81.9353190300196,pelvis>torso>lead_hand,44.567681787982735,29.135319030019637
72_2,8,72,R,college,60.6199,True,1.5468887204093398,225.3112795906602,91.59999999999992,1,1.5889619166380202,183.23808336197976,83.29999999999993,1,1.6143696504820575,157.8303495179425,38.899999999999935,1,191.6,111.09999999999998,,191.6,80.50000000000001,3,225.3112795906602,157.8303495179425,67.48093007271771,pelvis>torso>lead_hand,33.71127959066021,-13.019069927282303
72_3,8,72,R,college,52.8558,True,1.163966783808938,213.8332161910619,77.79999999999987,1,1.2038935295065358,173.90647049346407,69.4999999999999,1,1.197713790115423,180.08620988457702,13.900000000000023,1,197.19999999999985,116.6999999999998,197.19999999999985,197.19999999999985,80.50000000000001,3,213.8332161910619,173.90647049346407,39.92674569759782,pelvis>lead_hand>torso,16.633216191062047,-40.57325430240219
72_4,8,72,R,college,59.8451,True,1.1408128263681492,211.9871736318508,77.8000000000001,1,1.1817112816226167,171.08871837738326,83.39999999999992,1,1.199558353289116,153.2416467108839,33.4000000000001,1,183.4,111.09999999999998,197.20000000000005,197.20000000000005,86.10000000000007,3,211.9871736318508,153.2416467108839,58.74552692096688,pelvis>torso>lead_hand,14.787173631850749,-27.354473079033184
72_5,8,72,R,college,57.2506,True,1.1380654366492269,209.1345633507733,77.79999999999987,1,1.1818205092320964,165.3794907679036,72.20000000000005,1,1.201148743882989,146.0512561170109,33.29999999999988,1,188.89999999999984,94.40000000000003,197.20000000000005,197.20000000000005,102.8,3,209.1345633507733,146.0512561170109,63.08330723376241,pelvis>torso>lead_hand,11.93456335077326,-39.716692766237585
73_1,167,73,R,high_school,56.4365,True,1.9682318176643483,203.96818233565185,66.60000000000022,1,2.005409940837678,166.79005916232194,63.90000000000029,1,2.013548266335495,158.65173366450503,19.400000000000084,1,183.30000000000024,127.80000000000014,,183.30000000000024,55.50000000000011,3,203.96818233565185,158.65173366450503,45.316448671146816,pelvis>torso>lead_hand,20.668182335651608,-10.18355132885329
73_2,167,73,R,high_school,55.9183,True,1.3382695587258655,208.9304412741344,86.09999999999984,1,1.3648161288407965,182.38387115920364,77.79999999999987,1,1.3753587732960673,171.84122670393265,24.99999999999991,1,183.3,141.59999999999994,,183.3,41.70000000000008,3,208.9304412741344,171.84122670393265,37.08921457020176,pelvis>torso>lead_hand,25.630441274134398,-4.6107854297983195
73_3,167,73,R,high_school,54.0463,True,1.8232757153707928,237.8242846292069,97.20000000000016,1,1.8810249342285523,180.07506577144784,75.00000000000017,1,1.898557614217746,162.54238578225412,25.000000000000355,1,200.00000000000017,130.50000000000006,,200.00000000000017,69.50000000000011,3,237.8242846292069,162.54238578225412,75.28189884695277,pelvis>torso>lead_hand,37.824284629206716,5.781898846952657
73_4,167,73,R,high_school,54.9402,True,2.0492794620311745,206.3205379688253,74.99999999999973,1,2.084553679580833,171.0463204191668,69.49999999999967,1,2.095553801138428,160.04619886157246,24.99999999999991,1,177.79999999999995,136.19999999999965,,177.79999999999995,41.60000000000031,3,206.3205379688253,160.04619886157246,46.27433910725284,pelvis>torso>lead_hand,28.52053796882535,4.6743391072525355
73_5,167,73,R,high_school,55.8053,True,1.4867950195214177,199.30498047858248,72.20000000000005,1,1.5150173090010868,171.08269099891317,69.3999999999999,1,1.5354085313057977,150.69146869420246,24.99999999999991,1,169.4,125.0,,169.4,44.39999999999999,3,199.30498047858248,150.69146869420246,48.61351178438002,pelvis>torso>lead_hand,29.904980478582473,4.213511784380032
81_1,176,81,R,college,65.3704,True,1.2043291052737155,212.37089472628435,111.09999999999998,1,1.2282080777681452,188.4919222318549,66.69999999999999,1,1.2635967358758249,153.1032641241754,27.800000000000047,1,186.10000000000016,155.59999999999997,,186.10000000000016,30.500000000000192,3,212.37089472628435,153.1032641241754,59.26763060210894,pelvis>torso>lead_hand,26.270894726284183,28.767630602108746
81_2,176,81,R,college,67.9466,True,1.399561312288084,186.53868771191617,74.99999999999996,1,1.4118142676375605,174.2857323624396,63.90000000000007,1,1.4233297967247267,162.77020327527336,19.400000000000084,1,169.4,130.50000000000006,199.99999999999997,199.99999999999997,69.4999999999999,3,186.53868771191617,162.77020327527336,23.768484436642808,pelvis>torso>lead_hand,-13.461312288083803,-45.73151556335709
81_3,176,81,R,college,69.0888,True,0.95249868981797,180.80131018202985,66.6,1,0.9646418409753864,168.65815902461355,72.20000000000005,1,0.9764491183800011,156.85088161999883,22.2,1,166.59999999999997,119.39999999999996,177.69999999999996,177.69999999999996,58.30000000000002,3,180.80131018202985,156.85088161999883,23.95042856203102,pelvis>torso>lead_hand,3.1013101820298914,-34.349571437969
81_4,176,81,R,college,70.2928,True,1.3016896392481985,206.6103607518015,108.30000000000008,1,1.333584701937662,174.7152980623379,72.20000000000005,1,1.3520868766183656,156.2131233816344,22.2,1,152.70000000000005,147.2,,152.70000000000005,5.50000000000006,3,206.6103607518015,156.2131233816344,50.39723737016709,pelvis>torso>lead_hand,53.91036075180145,44.89723737016703
81_5,176,81,R,college,67.7032,True,1.2712103491148106,198.18965088518948,86.10000000000007,1,1.3096263159809085,159.77368401909175,72.20000000000005,1,1.317352030854921,152.04796914507912,22.2,1,150.00000000000014,122.20000000000007,175.00000000000006,175.00000000000006,52.79999999999996,3,198.18965088518948,152.04796914507912,46.14168174011036,pelvis>torso>lead_hand,23.189650885189423,-6.6583182598896045
84_1,177,84,L,independent,71.5208,True,1.195471447432945,243.42855256705496,69.50000000000011,1,1.2336563512235088,205.24364877649128,66.69999999999999,1,1.261641738186192,177.2582618138081,22.2,1,225.00000000000009,130.60000000000005,,225.00000000000009,94.40000000000003,3,243.42855256705496,177.2582618138081,66.17029075324686,pelvis>torso>lead_hand,18.42855256705488,-28.229709246753174
84_2,177,84,L,independent,70.2543,True,1.0726144270001436,255.18557299985645,100.00000000000009,1,1.1133601340580133,214.4398659419868,69.50000000000011,1,1.1478223885520464,179.97761144795365,61.10000000000015,1,236.1000000000002,133.40000000000018,197.20000000000005,236.1000000000002,102.70000000000002,3,255.18557299985645,179.97761144795365,75.2079615519028,pelvis>torso>lead_hand,19.085572999856254,-27.49203844809722
84_3,177,84,L,independent,69.3481,True,1.1378514698326323,228.8485301673675,55.600000000000094,1,1.1714070124932665,195.2929875067335,72.30000000000003,1,1.196142072298475,170.557927701525,2.800000000000136,1,208.39999999999992,127.80000000000014,199.99999999999997,208.39999999999992,80.59999999999978,3,228.8485301673675,170.557927701525,58.29060246584251,pelvis>torso>lead_hand,20.44853016736758,-22.30939753415727
84_4,177,84,L,independent,70.0833,True,1.1489626104781794,234.3373895218206,83.29999999999993,1,1.188590073546664,194.70992645333584,66.6,1,1.2143101565100116,168.98984348998837,58.30000000000002,1,202.69999999999987,152.70000000000005,199.99999999999997,202.69999999999987,49.99999999999982,3,234.3373895218206,168.98984348998837,65.34754603183222,pelvis>torso>lead_hand,31.637389521820722,15.347546031832401
84_5,177,84,L,independent,71.2026,True,1.3381080484418375,242.4919515581625,83.39999999999992,1,1.373645727259657,206.95427274034307,80.60000000000001,1,1.408665065921461,171.934934078539,63.90000000000007,1,225.00000000000009,136.2000000000001,199.99999999999997,225.00000000000009,88.79999999999998,3,242.4919515581625,171.934934078539,70.55701747962351,pelvis>torso>lead_hand,17.491951558162413,-18.242982520376472
86_1,178,86,R,college,67.4661,True,1.1786199662665724,213.08003373342757,97.29999999999994,1,1.2134933745019616,178.2066254980383,91.69999999999987,1,1.2357716329011614,155.9283670988385,24.99999999999991,1,186.09999999999997,141.69999999999993,186.09999999999997,186.09999999999997,44.39999999999999,3,213.08003373342757,155.9283670988385,57.15166663458908,pelvis>torso>lead_hand,26.980033733427604,12.751666634589085
86_2,178,86,R,college,70.7922,True,1.1068973232286152,195.90267677138476,77.79999999999987,1,1.1337788213995974,169.02117860040255,72.20000000000005,1,1.165450668077239,137.349331922761,19.49999999999985,1,175.00000000000006,122.19999999999986,197.20000000000005,197.20000000000005,75.00000000000017,3,195.90267677138476,137.349331922761,58.553344848623766,pelvis>torso>lead_hand,-1.2973232286152836,-16.446655151376405
86_3,178,86,R,college,72.8335,True,2.066086057100982,200.61394289901813,75.00000000000017,1,2.0958730234475933,170.82697655240685,75.00000000000017,1,2.1212684309000966,145.43156909990353,33.40000000000032,1,186.10000000000016,130.60000000000028,200.00000000000017,200.00000000000017,69.3999999999999,3,200.61394289901813,145.43156909990353,55.1823737991146,pelvis>torso>lead_hand,0.6139428990179567,-14.217626200885306
86_4,178,86,R,college,71.1357,True,1.426437136073899,206.86286392610097,91.59999999999992,1,1.4587080497476648,174.5919502523352,77.69999999999987,1,1.4773077551023517,155.9922448976485,2.6999999999999247,1,180.4999999999999,138.90000000000003,199.99999999999997,199.99999999999997,61.09999999999993,3,206.86286392610097,155.9922448976485,50.87061902845247,pelvis>torso>lead_hand,6.862863926100999,-10.229380971547464
86_5,178,86,R,college,74.6894,True,1.4713464644943517,211.95353550564832,88.89999999999998,1,1.5134798754460452,169.8201245539548,77.7000000000001,1,1.5362225369566045,147.07746304339554,24.99999999999991,1,177.69999999999996,138.90000000000003,199.99999999999997,199.99999999999997,61.09999999999993,3,211.95353550564832,147.07746304339554,64.87607246225278,pelvis>torso>lead_hand,11.953535505648347,3.7760724622528485
89_1,179,89,R,milb,74.0327,True,1.1408171112019392,239.78288879806087,61.20000000000015,1,1.188698371511713,191.90162848828703,72.30000000000003,1,1.222584627005275,158.0153729947251,2.800000000000136,1,188.9000000000001,119.49999999999994,,188.9000000000001,69.40000000000013,3,239.78288879806087,158.0153729947251,81.76751580333575,pelvis>torso>lead_hand,50.882888798060776,12.367515803335621
89_2,179,89,R,milb,73.3095,True,1.4082861250683572,230.61387493164287,74.99999999999996,1,1.4477954947132592,191.10450528674085,74.99999999999996,1,1.4834509387877874,155.44906121221257,2.7999999999999137,1,199.99999999999997,122.20000000000007,,199.99999999999997,77.79999999999987,3,230.61387493164287,155.44906121221257,75.1648137194303,pelvis>torso>lead_hand,30.613874931642897,-2.6351862805695703
89_3,179,89,R,milb,72.5907,True,1.4332271419650977,230.67285803490225,77.79999999999987,1,1.4730812081676012,190.8187918323987,74.99999999999996,1,1.5009864264479758,162.9135735520242,27.799999999999827,1,202.79999999999987,119.49999999999994,,202.79999999999987,83.29999999999993,3,230.67285803490225,162.9135735520242,67.75928448287806,pelvis>torso>lead_hand,27.87285803490238,-15.540715517121868
89_4,179,89,R,milb,73.3997,True,1.9175103660210264,238.08963397897352,66.69999999999999,1,1.9625241398626216,193.07586013737836,75.00000000000017,1,1.9969087197205415,158.69128027945845,2.800000000000136,1,202.8000000000001,127.80000000000014,,202.8000000000001,74.99999999999996,3,238.08963397897352,158.69128027945845,79.39835369951507,pelvis>torso>lead_hand,35.28963397897343,4.398353699515113
89_5,179,89,R,milb,72.8765,True,2.030633279189195,238.7667208108053,72.20000000000005,1,2.0843016969933474,185.09830300665263,66.60000000000022,1,2.124745151451417,144.65484854858258,30.49999999999997,1,188.80000000000007,125.0,,188.80000000000007,63.80000000000008,3,238.7667208108053,144.65484854858258,94.11187226222273,pelvis>torso>lead_hand,49.96672081080524,30.31187226222265
103_1,4,103,R,high_school,69.2154,True,1.5232749645721173,229.5250354278826,116.6999999999998,1,1.5553594987340142,197.4405012659857,72.19999999999982,1,1.579005845953364,173.7941540466359,5.599999999999827,1,183.4,144.49999999999986,,183.4,38.90000000000016,3,229.5250354278826,173.7941540466359,55.73088138124672,pelvis>torso>lead_hand,46.12503542788261,16.830881381246556
103_2,4,103,R,high_school,66.0435,True,1.4714322363048022,200.7677636951977,105.49999999999991,1,1.4764944635056043,195.7055364943956,80.50000000000001,1,1.4949571737483802,177.2428262516197,2.7999999999999137,1,174.99999999999983,138.8999999999998,199.99999999999997,199.99999999999997,61.10000000000015,3,200.7677636951977,177.2428262516197,23.524937443577983,pelvis>torso>lead_hand,0.7677636951977149,-37.57506255642217
103_3,4,103,R,high_school,65.0387,True,1.4655937797538383,228.8062202461616,125.0,1,1.487434747397513,206.965252602487,69.3999999999999,1,1.5199993490318942,174.40065096810577,38.79999999999995,1,183.29999999999976,155.49999999999997,,183.29999999999976,27.799999999999827,3,228.8062202461616,174.40065096810577,54.40556927805582,pelvis>torso>lead_hand,45.50622024616183,26.605569278055995
103_4,4,103,R,high_school,60.9263,True,1.2755784649984467,218.8215350015532,111.09999999999998,1,1.3018105230046657,192.58947699533445,80.50000000000001,1,1.3128023458165805,181.59765418341945,27.70000000000006,1,188.79999999999987,141.59999999999994,,188.79999999999987,47.19999999999991,3,218.8215350015532,181.59765418341945,37.22388081813375,pelvis>torso>lead_hand,30.02153500155333,-9.97611918186616
103_5,4,103,R,high_school,66.0698,True,1.5513664020308189,218.0335979691814,116.60000000000004,1,1.5672092356387126,202.19076436128748,77.7000000000001,1,1.5867334360076764,182.6665639923237,8.299999999999974,1,186.10000000000016,147.2,,186.10000000000016,38.90000000000016,3,218.0335979691814,182.6665639923237,35.3670339768577,pelvis>torso>lead_hand,31.93359796918122,-3.532966023142464
111_1,10,111,L,college,62.8316,True,1.4260267083316631,218.37329166833675,63.80000000000008,1,1.4539141037948689,190.48589620513124,69.40000000000013,1,1.4556248489647965,188.7751510352036,2.7000000000001467,1,213.8,130.50000000000006,197.20000000000005,213.8,83.29999999999993,3,218.37329166833675,188.7751510352036,29.59814063313314,pelvis>torso>lead_hand,4.573291668336736,-53.701859366866785
111_2,10,111,L,college,64.4307,True,1.216804815873954,210.995184126046,63.90000000000007,1,1.2412334876041653,186.56651239583465,50.00000000000004,1,1.2552376988549496,172.56230114505033,58.400000000000006,1,177.79999999999995,119.49999999999994,163.89999999999992,177.79999999999995,58.30000000000002,3,210.995184126046,172.56230114505033,38.432882980995686,pelvis>torso>lead_hand,33.19518412604606,-19.867117019004333
111_3,10,111,L,college,60.9335,True,1.0780938235291693,219.10617647083063,66.6,1,1.106022522819012,191.17747718098772,77.79999999999987,1,1.1483041482262986,148.89585177370134,2.7999999999999137,1,205.50000000000003,127.79999999999993,197.19999999999985,205.50000000000003,77.7000000000001,3,219.10617647083063,148.89585177370134,70.2103246971293,pelvis>torso>lead_hand,13.606176470830604,-7.489675302870808
111_4,10,111,L,college,62.3658,True,1.088693104503326,205.70689549667387,74.99999999999996,1,1.11233257758421,182.06742241578988,55.50000000000011,1,1.1226271314823122,171.7728685176878,50.00000000000004,1,197.20000000000005,136.09999999999988,186.09999999999997,197.20000000000005,61.10000000000015,3,205.70689549667387,171.7728685176878,33.934026978986054,pelvis>torso>lead_hand,8.50689549667382,-27.165973021014096
111_5,10,111,L,college,62.0994,True,1.0091175688581293,224.18243114187075,72.20000000000005,1,1.043025654476084,190.274345523916,83.30000000000015,1,1.0429005362939572,190.3994637060429,61.10000000000015,1,202.7000000000001,127.70000000000014,,202.7000000000001,74.99999999999996,3,224.18243114187075,190.274345523916,33.908085617954754,pelvis>lead_hand>torso,21.48243114187065,-41.0919143820452
111_6,10,111,L,college,65.8984,True,1.059237483223792,221.3625167762081,61.19999999999992,1,1.0894572008821832,191.14279911781676,55.59999999999987,1,1.0977281421875988,182.87185781240112,58.400000000000006,1,202.79999999999987,122.29999999999986,183.4,202.79999999999987,80.50000000000001,3,221.3625167762081,182.87185781240112,38.49065896380699,pelvis>torso>lead_hand,18.56251677620824,-42.00934103619302
111_7,10,111,L,college,66.1865,True,1.1425738279729265,213.0261720270734,63.89999999999985,1,1.1703506913209554,185.24930867904453,47.2999999999999,1,1.1847919117265848,170.80808827341508,2.7999999999999137,1,205.6,130.59999999999982,199.99999999999997,205.6,75.00000000000017,3,213.0261720270734,170.80808827341508,42.218083753658306,pelvis>torso>lead_hand,7.426172027073392,-32.781916246341865
111_8,10,111,L,college,64.8073,True,1.07964846004628,212.05153995371995,69.50000000000011,2,1.1027996144373509,188.9003855626492,61.10000000000015,1,1.1083322216146465,183.36777838535377,2.800000000000136,1,188.9000000000001,127.80000000000014,197.30000000000004,197.30000000000004,69.4999999999999,3,212.05153995371995,183.36777838535377,28.68376156836618,pelvis>torso>lead_hand,14.751539953719913,-40.81623843163372
121_1,22,121,R,college,69.4883,True,1.216729377698086,252.67062230191416,72.20000000000005,1,1.2808781361715431,188.52186382845693,77.7000000000001,1,1.2702417987291763,199.15820127082367,8.299999999999974,1,236.1,136.1000000000001,,236.1,99.99999999999989,3,252.67062230191416,188.52186382845693,64.14875847345724,pelvis>lead_hand>torso,16.57062230191417,-35.85124152654265
121_2,22,121,R,college,66.8883,True,1.2687874719924792,250.6125280075209,63.80000000000008,1,1.3314825776085246,187.91742239147547,63.80000000000008,1,1.3087371266487469,210.6628733512532,16.600000000000172,1,213.8,141.60000000000016,147.2,213.8,72.19999999999982,3,250.6125280075209,187.91742239147547,62.695105616045424,pelvis>lead_hand>torso,36.81252800752088,-9.504894383954394
121_3,22,121,R,college,67.3292,True,1.1748436364259045,233.4563635740956,69.40000000000013,1,1.2273929206796166,180.90707932038356,69.40000000000013,1,1.2014050570031676,206.89494299683253,2.7000000000001467,1,197.20000000000005,116.60000000000004,175.00000000000006,197.20000000000005,80.60000000000001,3,233.4563635740956,180.90707932038356,52.549284253712045,pelvis>lead_hand>torso,36.25636357409556,-28.050715746287963
121_4,22,121,R,college,70.4725,True,1.5114734133943142,235.7265866056859,63.90000000000007,1,1.5694284873294588,177.77151267054126,72.20000000000005,1,1.546034593520505,201.165406479495,2.800000000000136,1,205.50000000000003,116.60000000000004,,205.50000000000003,88.89999999999998,3,235.7265866056859,177.77151267054126,57.95507393514464,pelvis>lead_hand>torso,30.226586605685867,-30.944926064855338
121_5,22,121,R,college,70.7974,True,1.0814515521590349,235.24844784096533,61.09999999999993,1,1.1374545080967804,179.2454919032196,72.30000000000003,1,1.1643521292728465,152.3478707271535,5.600000000000049,1,211.10000000000008,119.49999999999994,199.99999999999997,211.10000000000008,91.60000000000012,3,235.24844784096533,152.3478707271535,82.90057711381183,pelvis>torso>lead_hand,24.148447840965247,-8.699422886188287
121_6,22,121,R,college,74.103,True,1.068417911047011,234.38208895298928,61.09999999999993,1,1.123968125977369,178.8318740226309,77.79999999999987,1,1.125783661484523,177.01633851547706,5.600000000000049,1,211.10000000000008,119.49999999999994,,211.10000000000008,91.60000000000012,3,234.38208895298928,177.01633851547706,57.36575043751222,pelvis>torso>lead_hand,23.2820889529892,-34.2342495624879
121_7,22,121,R,college,71.4564,True,1.2407830666618351,239.8169333381648,69.4999999999999,1,1.2912781842000838,189.32181579991607,77.79999999999987,1,1.2383902345724846,242.2097654275153,13.900000000000023,1,211.19999999999985,127.79999999999993,199.99999999999997,211.19999999999985,83.39999999999992,3,242.2097654275153,189.32181579991607,52.88794962759923,lead_hand>pelvis>torso,31.009765427515447,-30.512050372400694
121_8,22,121,R,college,71.9167,True,1.3738478205398874,231.7521794601125,55.59999999999987,1,1.4377987486760049,167.80125132399505,61.19999999999992,1,1.425713751666993,179.88624833300682,2.7999999999999137,1,197.2999999999998,108.39999999999984,183.4,197.2999999999998,88.89999999999998,3,231.7521794601125,167.80125132399505,63.950928136117454,pelvis>lead_hand>torso,34.45217946011269,-24.949071863882523
123_1,9,123,R,college,55.4608,True,0.8740862978308471,273.1137021691529,74.99999999999996,1,0.9519567522874766,195.24324771252344,88.89999999999998,1,0.96784331092362,179.35668907637992,36.10000000000002,1,250.0,155.49999999999997,,250.0,94.50000000000004,3,273.1137021691529,179.35668907637992,93.75701309277295,pelvis>torso>lead_hand,23.113702169152873,-0.7429869072270918
123_2,9,123,R,college,51.726,True,0.8828395346290663,286.56046537093374,77.7000000000001,1,0.9688708639088176,200.5291360911824,88.79999999999998,1,0.9905174189591164,178.8825810408835,55.50000000000011,1,138.80000000000004,155.49999999999997,,155.49999999999997,16.69999999999994,3,286.56046537093374,178.8825810408835,107.67788433005023,pelvis>torso>lead_hand,131.06046537093377,90.9778843300503
123_3,9,123,R,college,53.0681,True,0.9369236012700274,282.47639872997263,86.10000000000007,1,1.0211447433052132,198.2552566947868,97.19999999999996,1,1.0377516342324895,181.6483657675103,55.50000000000011,1,150.00000000000014,163.79999999999995,,163.79999999999995,13.799999999999812,3,282.47639872997263,181.6483657675103,100.82803296246232,pelvis>torso>lead_hand,118.67639872997268,87.0280329624625
123_4,9,123,R,college,54.0188,True,0.7514677075438239,265.2322924561761,77.79999999999998,1,0.8153909431024656,201.3090568975343,88.89999999999998,1,0.8290003981696052,187.6996018303947,41.69999999999996,1,249.9999999999999,158.39999999999998,,249.9999999999999,91.59999999999992,3,265.2322924561761,187.6996018303947,77.53269062578138,pelvis>torso>lead_hand,15.232292456176197,-14.067309374218539
123_5,9,123,R,college,53.9154,True,0.9157649993117104,256.4350006882896,69.3999999999999,1,0.9779955295420876,194.20447045791235,80.50000000000001,1,0.997442432320476,174.75756767952376,24.99999999999991,1,236.09999999999985,141.59999999999994,,236.09999999999985,94.49999999999991,3,256.4350006882896,174.75756767952376,81.67743300876586,pelvis>torso>lead_hand,20.335000688289767,-12.822566991234055
123_6,9,123,R,college,51.3863,True,0.9093644999852908,248.93550001470933,72.20000000000005,1,0.96975858479022,188.54141520978,80.50000000000001,1,0.9793285955252948,178.97140447470528,25.00000000000013,1,238.9000000000001,152.70000000000005,,238.9000000000001,86.20000000000006,3,248.93550001470933,178.97140447470528,69.96409554000405,pelvis>torso>lead_hand,10.035500014709243,-16.235904459996007
123_7,9,123,R,college,52.732,True,1.221101127933176,251.0988720668239,69.3999999999999,1,1.2903169673837285,181.8830326162717,77.79999999999987,1,1.3065213087301657,165.67869126983447,30.49999999999997,1,230.49999999999991,141.59999999999994,,230.49999999999991,88.89999999999998,3,251.0988720668239,165.67869126983447,85.42018079698943,pelvis>torso>lead_hand,20.598872066823986,-3.4798192030105497
123_8,9,123,R,college,54.8351,True,0.9451651512259168,274.2348487740831,88.79999999999998,1,1.0137840462900165,205.61595370998376,105.50000000000014,1,1.0378419451145893,181.5580548854108,8.299999999999974,1,138.80000000000004,163.79999999999995,,163.79999999999995,24.99999999999991,3,274.2348487740831,181.5580548854108,92.67679388867231,pelvis>torso>lead_hand,110.43484877408315,67.67679388867239
123_9,9,123,R,college,54.2957,True,1.685682069385533,264.31793061446695,72.20000000000005,1,1.7634838970570474,186.5161029429525,83.29999999999993,1,1.7748821626702729,175.1178373297273,41.69999999999985,1,233.30000000000007,141.69999999999993,,233.30000000000007,91.60000000000012,3,264.31793061446695,175.1178373297273,89.20009328473964,pelvis>torso>lead_hand,31.017930614466877,-2.399906715260485
125_1,24,125,L,college,70.5564,True,1.0300581938567508,242.1418061432492,97.19999999999996,1,1.0622052447764108,209.99475522358924,86.10000000000007,1,1.0989541533101812,173.2458466898188,38.899999999999935,1,216.5999999999999,161.10000000000002,188.9000000000001,216.5999999999999,55.499999999999886,3,242.1418061432492,173.2458466898188,68.89595945343041,pelvis>torso>lead_hand,25.54180614324929,13.395959453430521
125_2,24,125,L,college,68.1518,True,1.4467204365743125,231.0795634256877,88.89999999999998,1,1.475814176484596,201.98582351540395,80.60000000000001,1,1.5124396908241833,165.36030917581667,33.39999999999988,1,213.9,147.2,,213.9,66.69999999999999,3,231.0795634256877,165.36030917581667,65.71925424987103,pelvis>torso>lead_hand,17.17956342568769,-0.9807457501289605
125_3,24,125,L,college,65.2957,True,1.0924485008365306,240.85149916346936,91.59999999999992,1,1.1282415786621065,205.05842133789344,83.29999999999993,1,1.167936916842112,165.36308315788784,30.49999999999997,1,216.5999999999999,136.09999999999988,186.09999999999997,216.5999999999999,80.50000000000001,3,240.85149916346936,165.36308315788784,75.48841600558151,pelvis>torso>lead_hand,24.251499163469447,-5.011583994418501
125_4,24,125,L,college,67.8211,True,1.0568308963125603,240.3691036874396,86.09999999999984,1,1.092865049390537,204.3349506094629,74.99999999999996,1,1.1284786320699427,168.7213679300572,33.29999999999988,1,216.5999999999999,158.2999999999999,,216.5999999999999,58.30000000000002,3,240.3691036874396,168.7213679300572,71.6477357573824,pelvis>torso>lead_hand,23.769103687439696,13.347735757382388
125_5,24,125,L,college,73.671,True,0.8549225320325108,231.1774679674893,86.10000000000007,1,0.884462504322519,201.637495677481,66.69999999999999,1,0.923833112110766,162.26688788923394,33.30000000000011,1,208.30000000000004,152.80000000000004,194.4,208.30000000000004,55.49999999999999,3,231.1774679674893,162.26688788923394,68.91058007825535,pelvis>torso>lead_hand,22.877467967489252,13.410580078255357
125_6,24,125,L,college,69.1993,True,0.9372365752904864,254.46342470951345,94.50000000000004,1,0.979094615659758,212.6053843402419,77.8000000000001,1,1.0222481537741772,169.45184622582278,38.899999999999935,1,230.6,161.10000000000002,199.99999999999997,230.6,69.5,3,254.46342470951345,169.45184622582278,85.01157848369067,pelvis>torso>lead_hand,23.863424709513453,15.51157848369067
125_7,24,125,L,college,67.4599,True,0.9870685834426268,254.6314165573733,100.00000000000009,1,1.030850349575737,210.84965042426296,77.8000000000001,1,1.0743306783830069,167.36932161699335,36.10000000000002,1,230.5999999999999,136.1000000000001,199.99999999999997,230.5999999999999,94.4999999999998,3,254.6314165573733,167.36932161699335,87.26209494037997,pelvis>torso>lead_hand,24.031416557373404,-7.237905059619834
140_1,37,140,R,college,65.8156,True,1.1672467048703348,202.1532951296652,63.799999999999855,1,1.202841521984116,166.55847801588396,58.30000000000002,1,1.2153728282627314,154.02717173726853,2.6999999999999247,1,177.69999999999996,88.79999999999998,,177.69999999999996,88.89999999999998,3,202.1532951296652,154.02717173726853,48.126123392396664,pelvis>torso>lead_hand,24.453295129665236,-40.77387660760331
140_2,37,140,R,college,65.8513,True,0.98543495850921,195.16504149079017,52.80000000000018,1,1.0174329307389676,163.16706926103254,52.80000000000018,1,1.021027176003816,159.572823996184,2.800000000000136,1,186.20000000000013,116.70000000000005,152.80000000000004,186.20000000000013,69.50000000000011,3,195.16504149079017,159.572823996184,35.59221749460616,pelvis>torso>lead_hand,8.965041490790043,-33.90778250539395
140_3,37,140,R,college,68.1171,True,1.123494733126651,195.90526687334895,58.2999999999998,1,1.1566123204649512,162.78767953504868,52.69999999999997,1,1.1753354022755826,144.06459772441727,27.69999999999984,1,180.4999999999999,116.5999999999998,,180.4999999999999,63.90000000000007,3,195.90526687334895,144.06459772441727,51.84066914893168,pelvis>torso>lead_hand,15.405266873349063,-12.059330851068388
140_4,37,140,R,college,68.9085,True,1.1028138396726186,202.7861603273815,63.90000000000007,1,1.1316998591484837,173.90014085151662,58.400000000000006,1,1.1421449561115744,163.45504388842568,2.800000000000136,1,186.20000000000013,111.2000000000002,,186.20000000000013,74.99999999999996,3,202.7861603273815,163.45504388842568,39.33111643895583,pelvis>torso>lead_hand,16.58616032738138,-35.668883561044126
140_5,37,140,R,college,66.9716,True,1.1582811024962003,211.11889750379964,69.3999999999999,1,1.1978313264563965,171.5686735436035,52.69999999999997,1,1.201345648445745,168.05435155425496,33.29999999999988,1,188.79999999999987,66.6,,188.79999999999987,122.19999999999986,3,211.11889750379964,168.05435155425496,43.06454594954468,pelvis>torso>lead_hand,22.318897503799775,-79.13545405045518
140_6,37,140,R,college,70.6165,True,1.0386931127041923,211.3068872958077,69.3999999999999,1,1.0717123063653735,178.2876936346263,61.09999999999993,1,1.0866014367002303,163.39856329976965,2.7999999999999137,1,188.9000000000001,113.89999999999988,,188.9000000000001,75.00000000000017,3,211.3068872958077,163.39856329976965,47.908323996038064,pelvis>torso>lead_hand,22.40688729580762,-27.091676003962107
140_7,37,140,R,college,67.7413,True,1.2320383578634426,201.26164213655736,63.90000000000007,1,1.26639726634681,166.90273365319007,63.90000000000007,1,1.2774450897008212,155.85491029917887,24.99999999999991,1,186.09999999999997,88.89999999999998,,186.09999999999997,97.19999999999996,3,201.26164213655736,155.85491029917887,45.40673183737849,pelvis>torso>lead_hand,15.16164213655739,-51.79326816262147
140_8,37,140,R,college,69.8687,True,1.3302779518611518,205.8220481388482,72.20000000000005,1,1.3634549780801417,172.64502191985852,52.79999999999996,1,1.382730788255517,153.36921174448293,8.299999999999974,1,194.4000000000001,100.00000000000009,,194.4000000000001,94.40000000000003,3,205.8220481388482,153.36921174448293,52.45283639436528,pelvis>torso>lead_hand,11.422048138848112,-41.947163605634756
160_1,51,160,R,college,58.9162,True,1.018985428911091,225.41457108890927,50.00000000000004,1,1.0679859744268767,176.41402557312324,72.20000000000005,1,1.0654767316487843,178.92326835121543,55.499999999999886,1,186.09999999999997,127.69999999999992,199.99999999999997,199.99999999999997,72.30000000000003,3,225.41457108890927,176.41402557312324,49.00054551578603,pelvis>lead_hand>torso,25.414571088909298,-23.299454484213996
160_2,51,160,R,college,58.7089,True,1.1536859332719909,238.01406672800903,74.99999999999996,1,1.204455566864414,187.24443313558604,66.69999999999999,1,1.2015926530527588,190.1073469472412,38.899999999999935,1,199.99999999999997,147.29999999999998,199.99999999999997,199.99999999999997,52.69999999999997,3,238.01406672800903,187.24443313558604,50.76963359242299,pelvis>lead_hand>torso,38.014066728009055,-1.930366407576976
160_3,51,160,R,college,60.7297,True,1.1729569886957425,238.14301130425773,63.90000000000007,1,1.2328425364952853,178.2574635047147,66.69999999999999,1,1.2344065492369127,176.6934507630873,55.50000000000011,1,202.8000000000001,130.50000000000006,,202.8000000000001,72.30000000000003,3,238.14301130425773,176.6934507630873,61.44956054117043,pelvis>torso>lead_hand,35.34301130425763,-10.850439458829598
160_4,51,160,R,college,59.5475,True,0.9502305943391132,196.9694056608868,38.899999999999935,1,0.9895047924824748,157.6952075175251,55.50000000000011,1,0.9856098747034172,161.5901252965829,58.30000000000002,1,175.00000000000006,116.60000000000004,186.10000000000005,186.10000000000005,69.5,3,196.9694056608868,157.6952075175251,39.2741981433617,pelvis>lead_hand>torso,10.869405660886741,-30.2258018566383
160_5,51,160,R,college,59.924,True,1.280323559828744,230.7764401712562,66.7000000000002,1,1.334590651821392,176.50934817860798,61.10000000000015,1,1.3377611039735255,173.33889602647457,55.50000000000011,1,180.5000000000001,125.0,,180.5000000000001,55.50000000000011,3,230.7764401712562,173.33889602647457,57.43754414478164,pelvis>torso>lead_hand,50.2764401712561,1.9375441447815334
160_6,51,160,R,college,55.8131,True,1.3265952244268853,215.1047755731148,38.90000000000016,1,1.372968307669742,168.73169233025797,58.400000000000006,1,1.3718132955718276,169.88670442817244,50.00000000000004,1,180.60000000000008,94.50000000000004,,180.60000000000008,86.10000000000007,3,215.1047755731148,168.73169233025797,46.373083242856836,pelvis>lead_hand>torso,34.50477557311473,-39.72691675714323
160_7,51,160,R,college,62.8402,True,1.0699502443522164,230.04975564778363,61.10000000000015,1,1.124642518596568,175.357481403432,63.90000000000007,1,1.1269615455453186,173.03845445468147,41.70000000000008,1,205.6,138.90000000000003,,205.6,66.69999999999999,3,230.04975564778363,173.03845445468147,57.011301193102156,pelvis>torso>lead_hand,24.449755647783633,-9.688698806897833
160_8,51,160,R,college,60.3778,True,1.4873093175014012,226.5906824985988,61.09999999999993,1,1.536178611361727,177.7213886382729,69.4999999999999,1,1.544125464056104,169.774535943896,50.00000000000004,1,186.09999999999997,141.69999999999993,191.7,191.7,50.00000000000004,3,226.5906824985988,169.774535943896,56.81614655470278,pelvis>torso>lead_hand,34.89068249859881,6.8161465547027404
164_1,54,164,L,independent,72.0429,True,1.5063081779018386,201.99182209816132,116.60000000000004,1,1.526525711202197,181.77428879780288,66.6,1,1.5427767491773827,165.5232508226172,44.39999999999999,1,180.4999999999999,180.4999999999999,199.99999999999997,199.99999999999997,19.50000000000007,3,201.99182209816132,165.5232508226172,36.46857127554412,pelvis>torso>lead_hand,1.9918220981613501,16.96857127554405
164_2,54,164,L,independent,69.869,True,0.4778619384740017,202.7380615259982,74.99999999999996,1,0.5005613462162564,180.03865378374363,58.400000000000006,1,0.5170775279418233,163.5224720581767,11.199999999999989,1,191.7,180.6,127.80000000000004,191.7,63.89999999999996,3,202.7380615259982,163.5224720581767,39.2155894678215,pelvis>torso>lead_hand,11.038061525998216,-24.68441053217846
164_3,54,164,L,independent,73.8753,True,0.9267091033094348,203.89089669056517,105.60000000000014,1,0.9482008894128215,182.3991105871785,58.400000000000006,1,0.965306197013247,165.293802986753,44.49999999999999,1,188.9000000000001,113.90000000000012,197.30000000000004,197.30000000000004,83.39999999999992,3,203.89089669056517,165.293802986753,38.59709370381216,pelvis>torso>lead_hand,6.590896690565131,-44.80290629618776
164_4,54,164,L,independent,69.4392,True,1.0027093502830229,202.89064971697732,108.40000000000003,1,1.026208733374075,179.39126662592497,58.400000000000006,1,1.040033289648095,165.56671035190496,38.899999999999935,1,186.19999999999996,111.19999999999996,133.39999999999998,186.19999999999996,74.99999999999996,3,202.89064971697732,165.56671035190496,37.32393936507236,pelvis>torso>lead_hand,16.69064971697736,-37.676060634927595
164_5,54,164,L,independent,73.9805,True,0.9230520186343276,207.5479813656725,97.29999999999994,1,0.9451026698430014,185.49733015699863,55.600000000000094,1,0.9691733975552652,161.42660244473495,44.49999999999999,1,191.7000000000001,111.19999999999996,197.30000000000004,197.30000000000004,86.10000000000007,3,207.5479813656725,161.42660244473495,46.12137892093756,pelvis>torso>lead_hand,10.247981365672473,-39.978621079062506
164_6,54,164,L,independent,69.7295,True,0.7866050902223806,207.79490977761935,105.49999999999991,1,0.8085403170382933,185.85968296170665,61.09999999999993,1,0.8208085702662896,173.59142973371033,38.79999999999995,2,191.6,113.7999999999999,119.39999999999996,191.6,77.8000000000001,3,207.79490977761935,173.59142973371033,34.203480043909025,pelvis>torso>lead_hand,16.19490977761936,-43.59651995609107
164_7,54,164,L,independent,69.2243,True,0.7911388223430266,203.2611776569734,97.19999999999996,1,0.812182144349858,182.21785565014196,61.09999999999993,1,0.8283802154389642,166.01978456103572,38.79999999999995,1,188.79999999999995,180.5,141.59999999999994,188.79999999999995,47.20000000000002,3,203.2611776569734,166.01978456103572,37.24139309593767,pelvis>torso>lead_hand,14.461177656973433,-9.95860690406235
164_8,54,164,L,independent,74.9375,True,1.1161111894015163,225.5888105984836,119.49999999999994,1,1.1400791168203388,201.6208831796611,74.99999999999996,1,1.1668095189362433,174.8904810637566,36.0999999999998,1,208.39999999999992,197.2999999999998,199.99999999999997,208.39999999999992,11.10000000000011,3,225.5888105984836,174.8904810637566,50.69832953472701,pelvis>torso>lead_hand,17.188810598483684,39.5983295347269
164_9,54,164,L,independent,76.6637,True,0.7658033983049674,206.3966016950326,99.99999999999996,1,0.7876066235335659,184.593376466434,63.89999999999996,1,0.806606906179225,165.59309382077493,36.09999999999991,1,186.09999999999997,86.09999999999995,199.99999999999997,199.99999999999997,113.9,3,206.3966016950326,165.59309382077493,40.80350787425766,pelvis>torso>lead_hand,6.396601695032615,-73.09649212574234
167_1,56,167,R,college,73.0392,True,0.5674525637566076,196.44743624339245,69.5,1,0.6090103367823873,154.88966321761276,75.00000000000007,1,0.5922130538568317,171.68694614316837,38.90000000000005,1,211.10000000000008,108.30000000000008,175.00000000000006,211.10000000000008,102.8,3,196.44743624339245,154.88966321761276,41.55777302577968,pelvis>lead_hand>torso,-14.652563756607634,-61.242226974220316
167_2,56,167,R,college,73.5162,True,0.9900813318317836,193.2186681682163,69.40000000000013,1,1.028924723032004,154.37527696799603,74.99999999999996,1,1.0256681960829404,157.63180391705967,13.900000000000023,1,188.9000000000001,111.09999999999998,177.69999999999996,188.9000000000001,77.8000000000001,3,193.2186681682163,154.37527696799603,38.84339120022028,pelvis>lead_hand>torso,4.31866816821622,-38.956608799779815
167_3,56,167,R,college,73.5834,True,0.9183805409638762,203.81945903612387,77.8000000000001,1,0.9671727476329124,155.02725236708758,72.20000000000005,1,0.9494810768532248,172.71892314677538,36.10000000000002,1,202.8000000000001,113.90000000000012,172.20000000000013,202.8000000000001,88.89999999999998,3,203.81945903612387,155.02725236708758,48.79220666903629,pelvis>lead_hand>torso,1.0194590361237772,-40.10779333096369
167_4,56,167,R,college,75.0576,True,1.1983657814023758,212.7342185976242,77.8000000000001,1,1.2513607788668124,159.7392211331876,72.20000000000005,1,1.2450674945997582,166.03250540024183,41.70000000000008,1,208.29999999999995,116.70000000000005,186.09999999999997,208.29999999999995,91.59999999999992,3,212.7342185976242,159.7392211331876,52.99499746443658,pelvis>lead_hand>torso,4.434218597624238,-38.605002535563344
167_5,56,167,R,college,73.8101,True,0.881526678475399,199.073321524601,69.4999999999999,1,0.9240750497443592,156.52495025564096,69.4999999999999,1,0.9089234346037606,171.67656539623945,38.899999999999935,1,125.0,113.9,199.99999999999997,199.99999999999997,86.09999999999995,3,199.073321524601,156.52495025564096,42.54837126896004,pelvis>lead_hand>torso,-0.9266784753989725,-43.55162873103991
167_6,56,167,R,college,71.0143,True,0.9903513834021728,198.5486165978272,66.69999999999999,1,1.036455021988677,152.44497801132306,69.50000000000011,1,1.030800947457921,158.0990525420791,2.800000000000136,1,194.5000000000001,108.30000000000008,152.80000000000004,194.5000000000001,86.20000000000006,3,198.5486165978272,152.44497801132306,46.10363858650413,pelvis>lead_hand>torso,4.048616597827078,-40.09636141349593
167_7,56,167,R,college,76.147,True,1.0011568265767057,209.9431734232946,69.40000000000013,1,1.0552257647569316,155.87423524306843,72.20000000000005,1,1.0456753158293055,165.42468417069435,41.70000000000008,1,213.9000000000001,113.90000000000012,186.10000000000016,213.9000000000001,99.99999999999996,3,209.9431734232946,155.87423524306843,54.06893818022618,pelvis>lead_hand>torso,-3.956826576705481,-45.931061819773774
167_8,56,167,R,college,71.9658,True,0.8618628882447827,207.53711175521715,69.3999999999999,1,0.914547252084534,154.85274791546578,74.99999999999996,1,0.907664878648282,161.73512135171796,44.39999999999999,1,208.29999999999995,108.29999999999995,180.4999999999999,208.29999999999995,99.99999999999996,3,207.53711175521715,154.85274791546578,52.68436383975137,pelvis>lead_hand>torso,-0.7628882447828005,-47.31563616024859
174_1,19,174,R,high_school,65.8157,True,0.8689117677705447,228.28823222945528,58.30000000000002,1,0.9124504745015478,184.74952549845213,63.89999999999985,1,0.9307247568929172,166.47524310708283,24.99999999999991,1,177.79999999999995,116.59999999999992,,177.79999999999995,61.20000000000003,3,228.28823222945528,166.47524310708283,61.81298912237244,pelvis>torso>lead_hand,50.48823222945532,0.6129891223724115
174_2,19,174,R,high_school,60.6736,True,0.8217314957359965,211.56850426400365,55.50000000000011,1,0.8602897522509355,173.0102477490646,61.10000000000015,1,0.8631112528670586,170.18874713294153,19.400000000000084,1,177.70000000000007,102.70000000000012,,177.70000000000007,74.99999999999996,3,211.56850426400365,170.18874713294153,41.37975713106212,pelvis>torso>lead_hand,33.868504264003576,-33.62024286893784
174_3,19,174,R,high_school,62.855,True,0.92545096807109,241.24903192891,75.00000000000017,1,0.972401854665526,194.298145334474,72.30000000000003,1,0.9856985625478354,181.00143745216468,27.800000000000047,1,180.60000000000008,161.10000000000002,,180.60000000000008,19.50000000000007,3,241.24903192891,181.00143745216468,60.24759447674532,pelvis>torso>lead_hand,60.64903192890992,40.74759447674525
174_4,19,174,R,high_school,63.0783,True,0.7614699445508596,219.13005544914043,55.59999999999998,1,0.8027428819145008,177.8571180854992,61.20000000000003,1,0.8112768496032298,169.32315039677027,25.00000000000002,1,183.4,125.0,200.00000000000009,200.00000000000009,75.00000000000007,3,219.13005544914043,169.32315039677027,49.806905052370155,pelvis>torso>lead_hand,19.130055449140343,-25.193094947629916
174_5,19,174,R,high_school,59.4919,True,0.6607585704254139,219.8414295745862,66.70000000000009,1,0.6967236445312492,183.8763554687508,77.8000000000001,1,0.6955707573556968,185.0292426443032,30.600000000000072,1,191.7000000000001,144.50000000000009,,191.7000000000001,47.20000000000002,3,219.8414295745862,183.8763554687508,35.965074105835384,pelvis>lead_hand>torso,28.141429574586084,-11.234925894164633
174_6,19,174,R,high_school,62.809,True,0.7652262409538206,215.3737590461794,63.90000000000007,1,0.8002536090326821,180.346390967318,63.90000000000007,1,0.8048072407068554,175.79275929314463,27.800000000000047,1,188.9000000000001,108.40000000000003,200.00000000000009,200.00000000000009,91.6,3,215.3737590461794,175.79275929314463,39.580999753034774,pelvis>torso>lead_hand,15.373759046179316,-52.01900024696522
174_7,19,174,R,high_school,61.0525,True,1.272433909133747,238.666090866253,58.30000000000002,1,1.3305658309645043,180.5341690354958,63.90000000000007,1,1.3370580944987462,174.04190550125386,22.20000000000022,1,191.70000000000024,108.30000000000008,191.70000000000024,191.70000000000024,83.40000000000015,3,238.666090866253,174.04190550125386,64.62418536499914,pelvis>torso>lead_hand,46.966090866252756,-18.775814635001012
174_8,19,174,R,high_school,62.502,True,0.7584108356783104,233.28916432168967,58.400000000000006,1,0.8070604897837642,184.6395102162358,58.400000000000006,1,0.8196791504105542,172.02084958944585,25.00000000000002,1,211.10000000000008,122.30000000000008,,211.10000000000008,88.79999999999998,3,233.28916432168967,172.02084958944585,61.26831473224382,pelvis>torso>lead_hand,22.18916432168959,-27.53168526775616
178_1,64,178,R,college,58.397,True,1.032947917036933,205.95208296306723,66.69999999999999,1,1.0592626575967574,179.63734240324249,52.79999999999996,1,1.0676083589674783,171.29164103252137,41.69999999999985,1,202.79999999999987,113.89999999999988,,202.79999999999987,88.89999999999998,3,205.95208296306723,171.29164103252137,34.66044193054586,pelvis>torso>lead_hand,3.1520829630673575,-54.23955806945412
178_2,64,178,R,college,59.1322,True,1.1173434511992386,218.75654880076144,58.30000000000002,1,1.1344938781027734,201.6061218972267,83.30000000000015,1,1.15144437300226,184.65562699774,8.299999999999974,1,191.7,119.40000000000018,,191.7,72.29999999999981,3,218.75654880076144,184.65562699774,34.100921803021436,pelvis>torso>lead_hand,27.056548800761448,-38.19907819697838
178_3,64,178,R,college,62.9897,True,1.094783500478678,208.01649952132183,63.90000000000007,1,1.1137914214879756,189.00857851202437,74.99999999999996,1,1.1240108194495886,178.78918055041137,44.49999999999999,1,205.6,113.89999999999988,,205.6,91.70000000000012,3,208.01649952132183,178.78918055041137,29.22731897091046,pelvis>torso>lead_hand,2.416499521321839,-62.47268102908966
178_4,64,178,R,college,62.0208,True,1.3762925007453477,204.30749925465253,63.90000000000007,1,1.393921196723222,186.67880327677787,74.99999999999996,1,1.4062389207414143,174.36107925858545,50.00000000000004,1,208.39999999999992,116.70000000000005,183.4,208.39999999999992,91.69999999999987,3,204.30749925465253,174.36107925858545,29.94641999606708,pelvis>torso>lead_hand,-4.092500745347394,-61.7535800039328
178_5,64,178,R,college,57.2604,True,1.1070389201351372,267.9610798648628,55.600000000000094,1,1.1650735302601258,209.92646973987416,66.69999999999999,1,1.204974904804312,170.0250951956881,8.299999999999974,1,194.39999999999992,152.80000000000004,,194.39999999999992,41.59999999999986,3,267.9610798648628,170.0250951956881,97.93598466917473,pelvis>torso>lead_hand,73.5610798648629,56.33598466917487
178_6,64,178,R,college,60.0856,True,1.0657706754851064,220.3293245148936,52.79999999999996,1,1.0854974184118031,200.60258158819687,69.40000000000013,1,1.0911444203550564,194.9555796449436,38.899999999999935,1,208.29999999999995,113.90000000000012,,208.29999999999995,94.39999999999982,3,220.3293245148936,194.9555796449436,25.373744869950002,pelvis>torso>lead_hand,12.02932451489366,-69.02625513004982
178_7,64,178,R,college,59.4885,True,1.4311435675973376,221.6564324026624,63.90000000000007,1,1.4539088237200417,198.89117627995836,83.40000000000015,1,1.4668671559639357,185.93284403606455,55.600000000000094,1,216.7000000000001,119.49999999999994,197.20000000000005,216.7000000000001,97.20000000000016,3,221.6564324026624,185.93284403606455,35.72358836659785,pelvis>torso>lead_hand,4.956432402662301,-61.47641163340231
178_8,64,178,R,college,60.0741,True,1.5532721706934798,257.82782930652013,69.3999999999999,1,1.607902079225638,203.19792077436196,74.99999999999996,1,1.624954278615641,186.1457213843589,2.7999999999999137,1,191.7,147.2,199.99999999999997,199.99999999999997,52.79999999999996,3,257.82782930652013,186.1457213843589,71.68210792216124,pelvis>torso>lead_hand,57.82782930652016,18.882107922161275
179_1,65,179,R,college,75.3783,True,1.6995131676585995,225.48683234140051,86.10000000000007,1,1.7500838554324074,174.91614456759262,66.69999999999999,1,1.735206384879701,189.79361512029905,22.2,1,202.8000000000001,144.4000000000001,199.99999999999997,202.8000000000001,58.400000000000006,3,225.48683234140051,174.91614456759262,50.57068777380789,pelvis>lead_hand>torso,22.686832341400418,-7.8293122261921155
179_2,65,179,R,college,72.5433,True,0.8689095463963472,217.19045360365288,80.50000000000001,1,0.9127485628711968,173.35143712880318,66.69999999999999,1,0.8970147317695378,189.08526823046225,25.00000000000013,1,194.4,136.1000000000001,194.4,194.4,58.29999999999991,3,217.19045360365288,173.35143712880318,43.8390164748497,pelvis>lead_hand>torso,22.790453603652878,-14.460983525150212
179_3,65,179,R,college,74.9458,True,1.0696660838698353,247.03391613016467,100.00000000000009,1,1.1326873046645438,184.01269533545616,77.8000000000001,1,1.1376751289935183,179.02487100648167,24.99999999999991,1,183.4,149.99999999999991,199.99999999999997,199.99999999999997,50.00000000000004,3,247.03391613016467,179.02487100648167,68.009045123683,pelvis>torso>lead_hand,47.0339161301647,18.009045123682952
179_4,65,179,R,college,74.3123,True,0.7573721496143091,237.02785038569084,80.4999999999999,1,0.8151300578762607,179.26994212373927,69.3999999999999,1,0.8166505066925888,177.7494933074112,24.99999999999991,1,213.8,138.79999999999993,199.99999999999997,213.8,75.00000000000007,3,237.02785038569084,177.7494933074112,59.27835707827964,pelvis>torso>lead_hand,23.22785038569083,-15.72164292172043
179_5,65,179,R,college,76.4045,True,1.1744556824799448,244.9443175200552,108.30000000000008,1,1.2320518552502722,187.34814474972785,80.50000000000001,1,1.2341817200964331,185.21827990356687,24.99999999999991,1,211.10000000000008,152.70000000000005,188.80000000000007,211.10000000000008,58.400000000000006,3,244.9443175200552,185.21827990356687,59.72603761648833,pelvis>torso>lead_hand,33.844317520055114,1.3260376164883212
179_6,65,179,R,college,75.5484,True,1.0721375553819497,263.9624446180504,100.00000000000009,1,1.142056242082982,194.043757917018,86.10000000000007,1,1.1441400650739684,191.9599349260317,30.49999999999997,1,169.4,152.80000000000004,197.20000000000005,197.20000000000005,44.39999999999999,3,263.9624446180504,191.9599349260317,72.00250969201872,pelvis>torso>lead_hand,66.76244461805038,27.602509692018728
179_7,65,179,R,college,75.8069,True,0.6146981850411912,249.2018149588088,91.7,1,0.6765611760700613,187.3388239299387,69.5,1,0.6786262451684616,185.2737548315384,25.00000000000002,1,222.2,136.1,197.20000000000005,222.2,86.09999999999995,3,249.2018149588088,185.2737548315384,63.928060127270385,pelvis>torso>lead_hand,27.001814958808808,-22.171939872729567
180_1,67,180,R,college,63.0226,True,1.0014177017399133,198.58229826008667,66.69999999999999,1,1.0291152869080042,170.8847130919957,66.69999999999999,1,1.047923400319399,152.07659968060128,5.600000000000049,1,163.89999999999992,108.30000000000008,197.20000000000005,197.20000000000005,88.89999999999998,3,198.58229826008667,152.07659968060128,46.5056985794854,pelvis>torso>lead_hand,1.3822982600866283,-42.39430142051458
180_2,67,180,R,college,66.6155,True,0.7792035799796945,204.0964200203055,58.29999999999991,1,0.8215921724356687,161.7078275643312,69.3999999999999,1,0.8294142990475074,153.88570095249256,2.6999999999999247,1,213.9,113.9,199.99999999999997,213.9,99.99999999999996,3,204.0964200203055,153.88570095249256,50.21071906781293,pelvis>torso>lead_hand,-9.803579979694518,-49.789280932187026
180_3,67,180,R,college,61.812,True,1.1255092206461748,199.4907793538252,69.3999999999999,1,1.156660423093563,168.33957690643686,77.79999999999987,1,1.1478934748090222,177.1065251909778,2.7999999999999137,1,202.79999999999987,119.39999999999996,199.99999999999997,202.79999999999987,83.39999999999992,3,199.4907793538252,168.33957690643686,31.15120244738833,pelvis>lead_hand>torso,-3.30922064617468,-52.24879755261159
180_4,67,180,R,college,66.6869,True,1.0799387537709186,203.36124622908147,63.90000000000007,1,1.1161256267938455,167.17437320615437,72.20000000000005,1,1.1208190516939447,162.4809483060554,2.7000000000001467,1,202.7000000000001,113.90000000000012,197.20000000000005,202.7000000000001,88.79999999999998,3,203.36124622908147,162.4809483060554,40.88029792302606,pelvis>torso>lead_hand,0.661246229081371,-47.91970207697392
180_5,67,180,R,college,65.2609,True,1.1142051040635836,210.7948959364163,74.99999999999996,1,1.150929775657683,174.0702243423169,80.60000000000001,1,1.161671174776553,163.32882522344704,5.600000000000049,1,213.9,122.19999999999986,199.99999999999997,213.9,91.70000000000012,3,210.7948959364163,163.32882522344704,47.46607071296927,pelvis>torso>lead_hand,-3.1051040635836955,-44.23392928703085
180_6,67,180,R,college,65.8067,True,0.8496020901440358,219.79790985596412,72.19999999999993,1,0.9034322048114244,165.9677951885754,77.69999999999987,1,0.9079454115856784,161.4545884143216,2.6999999999999247,1,208.29999999999995,116.59999999999992,199.99999999999997,208.29999999999995,91.7,3,219.79790985596412,161.4545884143216,58.34332144164253,pelvis>torso>lead_hand,11.497909855964167,-33.35667855835747
180_7,67,180,R,college,63.4928,True,0.8196276441075618,224.77235589243816,91.6,1,0.8664374574869385,177.96254251306155,83.30000000000004,1,0.8727927330188031,171.6072669811969,2.6999999999999247,1,158.29999999999998,127.70000000000005,199.99999999999997,199.99999999999997,72.29999999999993,3,224.77235589243816,171.6072669811969,53.16508891124127,pelvis>torso>lead_hand,24.772355892438185,-19.134911088758656
180_8,67,180,R,college,66.7986,True,0.7473482494117243,213.75175058827568,69.3999999999999,1,0.7875062981585862,173.59370184141375,80.4999999999999,1,0.7884278739746331,172.67212602536685,16.69999999999994,1,211.1,119.39999999999996,199.99999999999997,211.1,91.7,3,213.75175058827568,172.67212602536685,41.07962456290883,pelvis>torso>lead_hand,2.6517505882756893,-50.62037543709117
181_1,68,181,R,college,61.3805,True,0.9972031140794734,219.49688592052647,83.39999999999992,1,1.0385879977816972,178.1120022183027,74.99999999999996,1,1.074586842389006,142.11315761099374,2.7999999999999137,1,202.79999999999987,133.39999999999998,,202.79999999999987,69.3999999999999,3,219.49688592052647,142.11315761099374,77.38372830953273,pelvis>torso>lead_hand,16.696885920526597,7.983728309532822
181_2,68,181,R,college,59.5611,True,0.6766162554522334,220.58374454776663,86.09999999999995,1,0.7139341688466394,183.26583115336055,77.79999999999998,1,0.7504114067597132,146.7885932402868,52.79999999999996,1,202.8,133.29999999999998,,202.8,69.5,3,220.58374454776663,146.7885932402868,73.79515130747984,pelvis>torso>lead_hand,17.783744547766617,4.295151307479841
181_3,68,181,R,college,60.8011,True,0.6626938016152613,215.1061983847388,94.50000000000004,1,0.6969807011516821,180.81929884831797,80.60000000000001,1,0.7318999176459482,145.90008235405182,2.8000000000000247,1,208.40000000000003,133.40000000000006,,208.40000000000003,74.99999999999996,3,215.1061983847388,145.90008235405182,69.20611603068699,pelvis>torso>lead_hand,6.706198384738769,-5.793883969312972
181_4,68,181,R,college,61.3563,True,0.7447876303061105,219.11236969388943,77.79999999999998,1,0.7852829699953465,178.61703000465346,77.79999999999998,1,0.8231563540167262,140.74364598327384,52.79999999999996,1,205.6,161.10000000000002,,205.6,44.49999999999999,3,219.11236969388943,140.74364598327384,78.3687237106156,pelvis>torso>lead_hand,13.51236969388944,33.868723710615605
181_5,68,181,R,college,61.7012,True,0.7417941595935145,219.3058404064855,66.69999999999999,1,0.7872756820820527,173.82431791794727,74.99999999999996,1,0.8212595390287892,139.84046097121072,58.29999999999991,1,205.49999999999991,155.49999999999997,,205.49999999999991,49.999999999999936,3,219.3058404064855,139.84046097121072,79.46537943527477,pelvis>torso>lead_hand,13.805840406485572,29.465379435274833
181_6,68,181,R,college,63.172,True,1.1399962449627916,248.9037550372084,72.20000000000005,1,1.205742879462608,183.15712053739207,83.29999999999993,1,1.2441154036209106,144.78459637908946,61.09999999999993,1,166.70000000000007,169.49999999999997,,169.49999999999997,2.7999999999999137,3,248.9037550372084,144.78459637908946,104.11915865811895,pelvis>torso>lead_hand,79.40375503720844,101.31915865811904
181_7,68,181,R,college,61.5163,True,1.0404271850204814,220.67281497951876,88.9000000000002,1,1.086786892031729,174.31310796827114,86.10000000000007,1,1.1202462899339132,140.85371006608693,16.70000000000016,1,205.50000000000003,161.10000000000002,,205.50000000000003,44.39999999999999,3,220.67281497951876,140.85371006608693,79.81910491343183,pelvis>torso>lead_hand,15.172814979518733,35.41910491343184
181_8,68,181,R,college,62.3225,True,0.7892135001824433,224.68649981755672,66.69999999999999,1,0.8430787901640874,170.82120983591264,72.20000000000005,1,0.8733211909642417,140.57880903575835,16.70000000000005,1,205.6,163.90000000000003,,205.6,41.69999999999996,3,224.68649981755672,140.57880903575835,84.10769078179837,pelvis>torso>lead_hand,19.086499817556728,42.40769078179841
185_1,71,185,R,high_school,70.2772,True,0.8405886048289545,209.4113951710456,61.10000000000005,1,0.8640944756701516,185.9055243298484,61.10000000000005,1,0.8807703313792853,169.22966862071476,19.400000000000084,1,177.80000000000007,119.40000000000006,191.7000000000001,191.7000000000001,72.30000000000003,3,209.4113951710456,169.22966862071476,40.181726550330836,pelvis>torso>lead_hand,17.711395171045496,-32.11827344966919
185_2,71,185,R,high_school,66.4849,True,0.8105778497384281,211.62215026157196,55.49999999999999,1,0.8409476387502623,181.25236124973765,55.49999999999999,1,0.8520176900971183,170.18230990288174,22.2,1,188.89999999999995,125.0,,188.89999999999995,63.89999999999996,3,211.62215026157196,170.18230990288174,41.43984035869022,pelvis>torso>lead_hand,22.72215026157201,-22.460159641309744
185_3,71,185,R,high_school,69.4874,True,0.9885367799422746,211.46322005772527,69.3999999999999,1,1.0112044737103705,188.7955262896297,69.3999999999999,1,1.0225780714517425,177.42192854825743,30.59999999999996,1,186.09999999999997,127.79999999999993,,186.09999999999997,58.30000000000002,3,211.46322005772527,177.42192854825743,34.04129150946784,pelvis>torso>lead_hand,25.3632200577253,-24.25870849053218
185_4,71,185,R,high_school,66.8749,True,1.1278607988694769,211.0392011305233,69.4999999999999,1,1.158672680877499,180.227319122501,66.69999999999999,1,1.1915419119138018,147.35808808619822,52.79999999999996,1,194.4999999999999,147.2,197.20000000000005,197.20000000000005,50.00000000000004,3,211.0392011305233,147.35808808619822,63.68111304432509,pelvis>torso>lead_hand,13.839201130523264,13.681113044325045
185_5,71,185,R,high_school,68.1975,True,1.0657755964693338,203.62440353066623,63.80000000000008,1,1.0951159918642357,174.2840081357644,80.50000000000001,1,1.081607133866788,187.792866133212,58.30000000000002,1,180.5000000000001,158.3000000000001,169.4,180.5000000000001,22.2,3,203.62440353066623,174.2840081357644,29.340395394901833,pelvis>lead_hand>torso,23.124403530666115,7.140395394901834
185_6,71,185,R,high_school,70.1479,True,0.8447335048411524,208.0664951588476,72.19999999999993,1,0.8699779849630283,182.8220150369717,91.7,1,0.8860725168225926,166.72748317740738,24.99999999999991,1,188.89999999999995,122.19999999999996,,188.89999999999995,66.69999999999999,3,208.0664951588476,166.72748317740738,41.33901198144022,pelvis>torso>lead_hand,19.166495158847653,-25.360988018559766
190_1,76,190,R,college,59.2348,True,1.1324930030523197,206.40699694768028,69.4999999999999,1,1.1744858922474184,164.41410775258157,69.4999999999999,1,1.2089650933962075,129.93490660379226,16.69999999999994,1,169.49999999999997,97.19999999999996,,169.49999999999997,72.30000000000003,3,206.40699694768028,129.93490660379226,76.47209034388803,pelvis>torso>lead_hand,36.90699694768031,4.1720903438880015
190_2,76,190,R,college,63.0737,True,1.170650900346207,209.94909965379335,61.20000000000015,1,1.213964150116955,166.63584988304535,72.30000000000003,1,1.2405072099791556,140.0927900208444,19.50000000000007,1,177.79999999999995,108.40000000000003,,177.79999999999995,69.3999999999999,3,209.94909965379335,140.0927900208444,69.85630963294895,pelvis>torso>lead_hand,32.1490996537934,0.4563096329490435
190_3,76,190,R,college,64.455,True,1.187288236112715,223.81176388728497,74.99999999999996,1,1.237778627865855,173.32137213414535,77.8000000000001,1,1.2708392056610502,140.26079433894978,24.99999999999991,1,177.79999999999995,116.70000000000005,,177.79999999999995,61.09999999999993,3,223.81176388728497,140.26079433894978,83.55096954833519,pelvis>torso>lead_hand,46.011763887285014,22.45096954833526
190_4,76,190,R,college,62.2675,True,0.9785662172934207,210.3337827065792,63.90000000000007,1,1.0223562582479695,166.54374175203034,69.50000000000011,1,1.052606725515732,136.29327448426798,19.50000000000007,1,169.49999999999997,111.09999999999998,197.20000000000005,197.20000000000005,86.10000000000007,3,210.3337827065792,136.29327448426798,74.04050822231122,pelvis>torso>lead_hand,13.133782706579154,-12.059491777688848
190_5,76,190,R,college,64.0124,True,1.2777888779658744,213.91112203412567,41.70000000000008,1,1.323992769619996,167.707230380004,72.30000000000003,1,1.352674763480515,139.02523651948508,19.50000000000007,1,172.30000000000013,144.50000000000009,199.99999999999997,199.99999999999997,55.499999999999886,3,213.91112203412567,139.02523651948508,74.88588551464059,pelvis>torso>lead_hand,13.911122034125697,19.385885514640705
190_6,76,190,R,college,62.2365,True,1.7190501366382709,217.04986336172905,58.30000000000002,1,1.7678558147904724,168.24418520952756,74.99999999999996,1,1.796358126982182,139.74187301781794,24.99999999999991,1,158.2999999999999,138.90000000000003,,158.2999999999999,19.399999999999864,3,217.04986336172905,139.74187301781794,77.30799034391111,pelvis>torso>lead_hand,58.749863361729155,57.90799034391125
190_7,76,190,R,college,63.0385,True,1.1620949731031305,226.80502689686955,63.90000000000007,1,1.2181905783375762,170.70942166242386,77.8000000000001,1,1.249218514983932,139.6814850160679,25.00000000000013,1,183.3,111.09999999999998,,183.3,72.20000000000005,3,226.80502689686955,139.6814850160679,87.12354188080164,pelvis>torso>lead_hand,43.50502689686954,14.923541880801594
190_8,76,190,R,college,61.1702,True,1.1921173415209614,207.88265847903853,52.79999999999996,1,1.2286795219592077,171.3204780407924,72.19999999999982,1,1.2605864997077063,139.41350029229338,24.99999999999991,1,199.99999999999997,102.8,,199.99999999999997,97.19999999999996,3,207.88265847903853,139.41350029229338,68.46915818674515,pelvis>torso>lead_hand,7.882658479038554,-28.730841813254813
198_1,82,198,R,college,61.73,True,0.8864075743500054,238.59242564999465,80.60000000000001,1,0.9337699984573692,191.2300015426307,52.79999999999996,1,0.951281592593928,173.71840740607203,30.59999999999996,1,194.4,138.90000000000003,163.90000000000003,194.4,55.49999999999999,3,238.59242564999465,173.71840740607203,64.87401824392262,pelvis>torso>lead_hand,44.19242564999465,9.374018243922627
198_2,82,198,R,college,61.7618,True,1.15399791072679,237.7020892732098,74.99999999999996,1,1.195372324381915,196.32767561808492,55.59999999999987,1,1.207673032730169,184.0269672698309,33.39999999999988,1,186.09999999999997,136.09999999999988,199.99999999999997,199.99999999999997,63.90000000000007,3,237.7020892732098,184.0269672698309,53.6751220033789,pelvis>torso>lead_hand,37.70208927320982,-10.224877996621167
198_3,82,198,R,college,62.5455,True,1.138163926859015,234.0360731409854,77.8000000000001,1,1.179327157512107,192.8728424878932,52.80000000000018,1,1.1876322715772751,184.5677284227249,30.500000000000192,1,177.80000000000018,138.90000000000003,175.00000000000006,177.80000000000018,38.90000000000016,3,234.0360731409854,184.5677284227249,49.46834471826048,pelvis>torso>lead_hand,56.23607314098521,10.56834471826032
198_4,82,198,R,college,62.032,True,0.9322176516843071,226.08234831569297,83.30000000000015,1,0.9668796011284604,191.42039887153973,47.20000000000013,1,0.9781292988320738,180.17070116792632,27.70000000000006,1,188.9000000000001,138.90000000000003,194.4000000000001,194.4000000000001,55.50000000000011,3,226.08234831569297,180.17070116792632,45.911647147766644,pelvis>torso>lead_hand,31.682348315692877,-9.588352852233463
198_5,82,198,R,college,63.7734,True,1.2980593643652747,235.2406356347254,72.20000000000005,1,1.3367182116081489,196.5817883918513,55.50000000000011,1,1.322649297264571,210.6507027354292,63.90000000000007,1,202.7000000000001,141.60000000000016,191.60000000000025,202.7000000000001,61.09999999999993,3,235.2406356347254,196.5817883918513,38.65884724287412,pelvis>lead_hand>torso,32.540635634725305,-22.441152757125813
198_6,82,198,R,college,63.1897,True,0.8209189155962648,229.0810844037352,72.20000000000005,1,0.8603206923783526,189.6793076216474,52.80000000000007,1,0.8775398426621036,172.46015733789645,25.00000000000013,1,194.4,130.60000000000005,,194.4,63.79999999999997,3,229.0810844037352,172.46015733789645,56.62092706583874,pelvis>torso>lead_hand,34.681084403735184,-7.179072934161226
198_7,82,198,R,college,63.4766,True,1.275782826891697,235.31717310830305,102.8,1,1.3245625283000622,186.53747169993795,58.30000000000002,1,1.3435872838591874,167.51271614081276,25.00000000000013,1,205.50000000000003,141.70000000000016,194.4000000000001,205.50000000000003,63.799999999999855,3,235.31717310830305,167.51271614081276,67.8044569674903,pelvis>torso>lead_hand,29.817173108303024,4.004456967490441
199_1,83,199,R,college,67.8799,True,0.6822944456345035,195.50555436549652,80.60000000000001,1,0.7184291069282522,159.3708930717478,80.60000000000001,1,0.7301672669446978,147.63273305530225,36.10000000000002,1,161.10000000000002,122.19999999999996,,161.10000000000002,38.90000000000005,3,195.50555436549652,147.63273305530225,47.87282131019427,pelvis>torso>lead_hand,34.4055543654965,8.97282131019422
199_2,83,199,R,college,69.0059,True,1.054935408950342,206.16459104965813,88.9000000000002,1,1.0927797262126353,168.3202737873648,86.10000000000007,1,1.1188877861441395,142.21221385586057,30.500000000000192,1,155.5000000000002,122.20000000000007,175.00000000000006,175.00000000000006,52.79999999999996,3,206.16459104965813,142.21221385586057,63.95237719379756,pelvis>torso>lead_hand,31.16459104965807,11.152377193797598
199_3,83,199,R,college,71.2742,True,0.8065594281286724,207.3405718713276,83.30000000000004,1,0.8447644828678628,169.13551713213727,83.30000000000004,1,0.8605590647962225,153.34093520377758,38.90000000000005,1,194.5,119.50000000000006,197.20000000000005,197.20000000000005,77.69999999999999,3,207.3405718713276,153.34093520377758,53.99963666755002,pelvis>torso>lead_hand,10.140571871327552,-23.700363332449967
199_4,83,199,R,college,68.7899,True,0.8064387093515357,201.86129064846423,80.50000000000001,1,0.8502431511568176,158.0568488431824,74.99999999999996,1,0.8713021657503824,136.99783424961754,25.00000000000002,1,191.6,113.9,147.2,191.6,77.69999999999999,3,201.86129064846423,136.99783424961754,64.8634563988467,pelvis>torso>lead_hand,10.26129064846424,-12.836543601153295
199_5,83,199,R,college,66.1653,True,1.0459799234170608,204.0200765829392,86.10000000000007,1,1.086728045173572,163.2719548264281,83.29999999999993,1,1.1134347976825716,136.5652023174284,27.800000000000047,1,205.6,119.39999999999996,,205.6,86.20000000000006,3,204.0200765829392,136.5652023174284,67.4548742655108,pelvis>torso>lead_hand,-1.5799234170607974,-18.745125734489264
199_6,83,199,R,college,70.7418,True,1.067470223905056,213.129776094944,83.39999999999992,1,1.115535216728546,165.06478327145402,83.39999999999992,1,1.1368342532063649,143.7657467936353,30.59999999999996,1,158.39999999999986,122.29999999999986,,158.39999999999986,36.10000000000002,3,213.129776094944,143.7657467936353,69.3640293013087,pelvis>torso>lead_hand,54.72977609494413,33.26402930130868
199_7,83,199,R,college,69.2292,True,1.2507035920069118,204.89640799308816,83.39999999999992,1,1.298614040795948,156.98595920405188,80.60000000000001,1,1.3179369748597498,137.6630251402502,30.59999999999996,1,199.99999999999997,116.70000000000005,186.19999999999996,199.99999999999997,83.29999999999993,3,204.89640799308816,137.6630251402502,67.23338285283796,pelvis>torso>lead_hand,4.896407993088189,-16.066617147161963
199_8,83,199,R,college,68.7635,True,1.1625531589987006,204.14684100129944,80.60000000000001,1,1.2064868656447427,160.2131343552573,74.99999999999996,1,1.2282300478590922,138.46995214090785,27.800000000000047,1,199.99999999999997,111.09999999999998,,199.99999999999997,88.89999999999998,3,204.14684100129944,138.46995214090785,65.67688886039159,pelvis>torso>lead_hand,4.146841001299464,-23.223111139608392
200_1,85,200,L,college,70.2625,True,1.0782820669023905,216.11793309760972,66.6,1,1.1198844330540143,174.51556694598546,66.6,1,1.1528056242186997,141.59437578130053,19.400000000000084,1,188.80000000000007,113.7999999999999,,188.80000000000007,75.00000000000017,3,216.11793309760972,141.59437578130053,74.5235573163092,pelvis>torso>lead_hand,27.317933097609654,-0.4764426836909763
200_2,85,200,L,college,69.0081,True,0.9325711277817256,217.42887221827425,69.3999999999999,1,0.969698888784303,180.3011112156969,72.19999999999982,1,1.0119046691222788,138.09533087772107,44.39999999999999,1,183.2999999999999,111.09999999999998,,183.2999999999999,72.19999999999993,3,217.42887221827425,138.09533087772107,79.33354134055318,pelvis>torso>lead_hand,34.12887221827435,7.133541340553251
200_3,85,200,L,college,70.2241,True,0.7506352548356865,210.46474516431343,69.3999999999999,1,0.7780011996422185,183.09880035778147,72.19999999999993,1,0.8180221386131278,143.07786138687217,11.099999999999998,1,191.7,111.09999999999998,,191.7,80.60000000000001,3,210.46474516431343,143.07786138687217,67.38688377744126,pelvis>torso>lead_hand,18.76474516431344,-13.213116222558753
200_4,85,200,L,college,71.7851,True,0.8505290737748109,210.57092622518903,69.3999999999999,1,0.8798613593415379,181.2386406584621,72.19999999999993,1,0.9170225961097842,144.07740389021572,16.69999999999994,1,194.39999999999992,105.49999999999991,,194.39999999999992,88.89999999999998,3,210.57092622518903,144.07740389021572,66.4935223349733,pelvis>torso>lead_hand,16.170926225189106,-22.40647766502667
200_5,85,200,L,college,71.5187,True,0.9912421933885992,211.55780661140088,72.20000000000005,1,1.023799207534543,179.0007924654571,72.20000000000005,1,1.0587915625435738,144.00843745642632,2.800000000000136,1,188.9000000000001,108.40000000000003,197.20000000000005,197.20000000000005,88.79999999999998,3,211.55780661140088,144.00843745642632,67.54936915497456,pelvis>torso>lead_hand,14.357806611400832,-21.250630845025427
200_6,85,200,L,college,72.2684,True,0.9166566034781334,219.44339652186676,69.40000000000013,1,0.9557387478703792,180.36125212962096,72.20000000000005,1,0.9933488103185534,142.75118968144673,16.70000000000016,1,180.5000000000001,130.50000000000006,,180.5000000000001,50.00000000000004,3,219.44339652186676,142.75118968144673,76.69220684042003,pelvis>torso>lead_hand,38.943396521866646,26.692206840419985
200_7,85,200,L,college,71.183,True,1.0735029907486482,212.59700925135184,66.69999999999999,1,1.103504658298972,182.595341701028,72.20000000000005,1,1.144969630744895,141.13036925510468,11.10000000000011,1,188.9000000000001,113.90000000000012,177.79999999999995,188.9000000000001,74.99999999999996,3,212.59700925135184,141.13036925510468,71.46663999624715,pelvis>torso>lead_hand,23.697009251351744,-3.5333600037528043
200_8,85,200,L,college,72.2114,True,1.0179917881084657,218.1082118915345,69.3999999999999,1,1.0503735987579448,185.7264012420552,72.20000000000005,1,1.09120032605707,144.89967394293,2.7999999999999137,1,194.39999999999992,111.09999999999998,,194.39999999999992,83.29999999999993,3,218.1082118915345,144.89967394293,73.20853794860449,pelvis>torso>lead_hand,23.708211891534575,-10.091462051395439
201_1,86,201,R,college,67.469,True,1.6753426312923818,235.7573687076182,61.09999999999993,1,1.7105309749323825,200.56902506761776,63.90000000000007,1,1.7464311637380718,164.6688362619282,19.400000000000084,1,180.5000000000001,94.40000000000003,,180.5000000000001,86.10000000000007,3,235.7573687076182,164.6688362619282,71.08853244569002,pelvis>torso>lead_hand,55.2573687076181,-15.011467554310045
201_2,86,201,R,college,66.118,True,1.2752440314622897,244.1559685377104,58.30000000000002,1,1.3138377838864586,205.56221611354152,61.10000000000015,1,1.3539433717701892,165.4566282298109,19.400000000000084,1,213.8,97.20000000000016,,213.8,116.5999999999998,3,244.1559685377104,165.4566282298109,78.69934030789952,pelvis>torso>lead_hand,30.355968537710396,-37.90065969210028
201_3,86,201,R,college,67.0141,True,1.2321613391671369,237.2386608328634,58.30000000000002,1,1.2637893867238867,205.6106132761133,58.30000000000002,1,1.292999206726057,176.4007932739431,25.00000000000013,1,188.80000000000007,111.09999999999998,,188.80000000000007,77.7000000000001,3,237.2386608328634,176.4007932739431,60.837867558920294,pelvis>torso>lead_hand,48.43866083286332,-16.862132441079808
201_5,86,201,R,college,68.0758,True,1.242891502933897,243.20849706610304,58.30000000000002,1,1.2879348663360248,198.16513366397515,61.09999999999993,1,1.3249541610800368,161.14583891996315,22.2,1,188.9000000000001,119.39999999999996,,188.9000000000001,69.50000000000011,3,243.20849706610304,161.14583891996315,82.06265814613988,pelvis>torso>lead_hand,54.308497066102944,12.562658146139768
201_6,86,201,R,college,65.4739,True,1.4149826735029292,246.11732649707085,52.79999999999996,1,1.4598187494281107,201.28125057188927,55.50000000000011,1,1.491790858115798,169.30914188420186,13.900000000000023,1,194.4000000000001,119.39999999999996,,194.4000000000001,75.00000000000017,3,246.11732649707085,169.30914188420186,76.80818461286898,pelvis>torso>lead_hand,51.71732649707076,1.8081846128688142
201_7,86,201,R,college,64.6777,True,1.3649149622447427,232.2850377552572,58.30000000000002,1,1.3997221920483662,197.4778079516337,58.30000000000002,1,1.4268792415556586,170.32075844434135,24.99999999999991,1,194.39999999999992,136.09999999999988,,194.39999999999992,58.30000000000002,3,232.2850377552572,170.32075844434135,61.964279310915856,pelvis>torso>lead_hand,37.88503775525729,3.6642793109158376
201_8,86,201,R,college,67.3944,True,1.5536695688678273,257.43043113217266,58.30000000000002,1,1.6012278304343714,209.8721695656285,61.09999999999993,1,1.634465694317761,176.63430568223905,8.299999999999974,1,208.29999999999995,105.49999999999991,,208.29999999999995,102.8,3,257.43043113217266,176.63430568223905,80.79612544993361,pelvis>torso>lead_hand,49.1304311321727,-22.003874550066385
203_1,87,203,L,college,60.7909,True,1.0605224661103791,231.1775338896209,61.10000000000015,1,1.0982615239460465,193.4384760539536,66.69999999999999,3,1.095598988184936,196.1010118150641,19.50000000000007,1,197.30000000000004,125.0,197.30000000000004,197.30000000000004,72.30000000000003,3,231.1775338896209,193.4384760539536,37.739057835667296,pelvis>lead_hand>torso,33.87753388962085,-34.56094216433273
203_2,87,203,L,college,59.3141,True,1.2484198247777898,240.4801752222101,144.49999999999986,1,1.3033010991112424,185.59890088875756,61.09999999999993,1,1.2927590286132418,196.1409713867581,8.299999999999974,1,191.7,172.1999999999999,197.19999999999985,197.19999999999985,24.99999999999991,3,240.4801752222101,185.59890088875756,54.88127433345255,pelvis>lead_hand>torso,43.28017522221026,29.88127433345264
203_3,87,203,L,college,63.4148,True,1.2773601790157758,236.5398209842242,66.69999999999999,1,1.317786694813276,196.11330518672384,66.69999999999999,1,1.315306980006719,198.59301999328105,13.900000000000023,1,205.6,111.09999999999998,194.5000000000001,205.6,94.50000000000004,3,236.5398209842242,196.11330518672384,40.42651579750037,pelvis>lead_hand>torso,30.939820984224212,-54.07348420249967
203_4,87,203,L,college,64.9769,True,1.1062847110435357,246.5152889564644,52.79999999999996,1,1.146361056918543,206.43894308145704,61.09999999999993,1,1.156325513762197,196.47448623780292,13.900000000000023,1,213.9,97.19999999999996,191.7,213.9,116.70000000000005,3,246.5152889564644,196.47448623780292,50.04080271866147,pelvis>torso>lead_hand,32.61528895646438,-66.65919728133858
204_1,88,204,R,college,69.4163,True,0.7057876884854676,219.21231151453247,75.00000000000007,1,0.7483325036273346,176.66749637266545,77.8000000000001,1,0.7775169454052924,147.48305459470768,22.2,1,205.6,133.3000000000001,,205.6,72.29999999999993,3,219.21231151453247,147.48305459470768,71.72925691982479,pelvis>torso>lead_hand,13.612311514532479,-0.5707430801751343
204_2,88,204,R,college,73.7843,True,0.6748597261993304,227.9402738006696,75.00000000000007,1,0.7226825952636391,180.11740473636095,69.5,1,0.7547880631114188,148.01193688858126,19.50000000000007,1,213.9000000000001,133.40000000000006,,213.9000000000001,80.50000000000001,3,227.9402738006696,148.01193688858126,79.92833691208833,pelvis>torso>lead_hand,14.040273800669496,-0.5716630879116877
204_3,88,204,R,college,73.9074,True,0.7285485057286704,235.3514942713296,94.50000000000004,1,0.785225936096487,178.67406390351292,80.60000000000001,1,0.8056968002975828,158.20319970241715,19.49999999999996,1,225.0,144.49999999999997,,225.0,80.50000000000001,3,235.3514942713296,158.20319970241715,77.14829456891246,pelvis>torso>lead_hand,10.351494271329614,-3.3517054310875523
204_4,88,204,R,college,71.9188,True,0.4989692710676304,214.9307289323696,80.60000000000001,1,0.5466672344601144,167.23276553988552,77.79999999999998,1,0.5743198698604592,139.58013013954073,19.49999999999996,1,197.19999999999996,130.59999999999994,,197.19999999999996,66.6,3,214.9307289323696,139.58013013954073,75.35059879282886,pelvis>torso>lead_hand,17.73072893236963,8.750598792828868
204_5,88,204,R,college,74.1085,True,1.3146765283030264,215.9234716969736,74.99999999999996,1,1.356474481469071,174.12551853092896,74.99999999999996,1,1.387618242745315,142.981757254685,19.49999999999985,1,199.99999999999997,133.39999999999998,199.99999999999997,199.99999999999997,66.6,3,215.9234716969736,142.981757254685,72.9417144422886,pelvis>torso>lead_hand,15.923471696973621,6.341714442288605
204_6,88,204,R,college,71.5742,True,0.7870395255934691,226.8604744065309,69.5,1,0.8417026625154058,172.1973374845942,72.20000000000005,1,0.8689936076887591,144.90639231124092,19.50000000000007,1,205.6,133.29999999999998,197.20000000000005,205.6,72.30000000000003,3,226.8604744065309,144.90639231124092,81.95408209528998,pelvis>torso>lead_hand,21.260474406530903,9.65408209528995
204_7,88,204,R,college,71.3286,True,0.9582399052617868,227.860094738213,80.50000000000001,1,1.008651771339718,177.44822866028187,80.50000000000001,1,1.0375585281216348,148.5414718783651,19.399999999999864,1,213.9,141.69999999999993,,213.9,72.20000000000005,3,227.860094738213,148.5414718783651,79.31862285984792,pelvis>torso>lead_hand,13.960094738213002,7.118622859847875
204_8,88,204,R,college,75.561,True,0.6938348608653796,245.06513913462035,88.89999999999998,1,0.75538882335956,183.5111766404399,83.29999999999993,1,0.783215546997712,155.68445300228794,24.99999999999991,1,227.8,144.49999999999997,,227.8,83.30000000000004,3,245.06513913462035,155.68445300228794,89.38068613233241,pelvis>torso>lead_hand,17.26513913462034,6.080686132332374
215_1,96,215,L,college,58.2627,True,1.4647926126176325,210.2073873823676,58.30000000000002,1,1.5081009549734548,166.89904502654528,38.899999999999935,1,1.511304897030385,163.695102969615,25.00000000000013,1,188.9000000000001,130.60000000000005,,188.9000000000001,58.30000000000002,3,210.2073873823676,163.695102969615,46.51228441275262,pelvis>torso>lead_hand,21.307387382367523,-11.787715587247398
215_2,96,215,L,college,59.0244,True,2.522081413712255,239.01858628774477,47.19999999999969,1,2.5978571731564166,163.24282684358326,55.499999999999886,1,2.5988791467684877,162.2208532315126,61.09999999999971,1,108.29999999999984,130.50000000000006,,130.50000000000006,22.20000000000022,3,239.01858628774477,162.2208532315126,76.79773305623218,pelvis>torso>lead_hand,108.51858628774471,54.59773305623196
215_4,96,215,L,college,57.4422,True,1.5135487261440022,233.65127385599797,55.50000000000011,1,1.565331875129156,181.86812487084404,47.20000000000013,1,1.584291393899404,162.90860610059622,69.40000000000013,1,202.8000000000001,130.50000000000006,,202.8000000000001,72.30000000000003,3,233.65127385599797,162.90860610059622,70.74266775540175,pelvis>torso>lead_hand,30.851273855997874,-1.5573322445982711
215_5,96,215,L,college,58.2955,True,1.699025735453468,225.9742645465319,58.30000000000002,1,1.756949549489686,168.05045051031396,50.00000000000004,1,1.7693667818763692,155.63321812363083,66.69999999999999,1,194.4000000000001,133.29999999999998,,194.4000000000001,61.10000000000015,3,225.9742645465319,155.63321812363083,70.34104642290109,pelvis>torso>lead_hand,31.574264546531822,9.241046422900936
219_1,99,219,L,college,65.819,True,1.1318433491620954,232.0566508379045,158.2999999999999,1,1.1695095013770986,194.39049862290125,77.79999999999987,1,1.2118442392749569,152.055760725043,13.8999999999998,1,205.5999999999998,125.0,194.4999999999999,205.5999999999998,80.59999999999978,3,232.0566508379045,152.055760725043,80.0008901128615,pelvis>torso>lead_hand,26.456650837904704,-0.5991098871382832
219_2,99,219,L,college,67.9863,True,0.9626225127808528,259.5774872191472,66.6,1,1.0148915536071064,207.3084463928936,88.89999999999998,1,1.0584652070659522,163.7347929340478,33.29999999999988,1,227.8,127.79999999999993,199.99999999999997,227.8,100.00000000000009,3,259.5774872191472,163.7347929340478,95.84269428509941,pelvis>torso>lead_hand,31.77748721914719,-4.157305714900673
219_3,99,219,L,college,69.2239,True,1.0705908634326171,243.30913656738292,61.10000000000015,1,1.1151266795742552,198.7733204257449,77.8000000000001,1,1.16049081198928,153.40918801072002,69.50000000000011,1,211.10000000000008,125.0,197.20000000000005,211.10000000000008,86.10000000000007,3,243.30913656738292,153.40918801072002,89.8999485566629,pelvis>torso>lead_hand,32.20913656738284,3.799948556662841
219_4,99,219,L,college,67.6366,True,1.609147700338865,235.25229966113503,61.09999999999993,1,1.6493229362412478,195.07706375875225,74.99999999999996,1,1.693163689366871,151.23631063312914,25.00000000000013,1,205.50000000000003,133.29999999999998,199.99999999999997,205.50000000000003,72.20000000000005,3,235.25229966113503,151.23631063312914,84.01598902800589,pelvis>torso>lead_hand,29.752299661134998,11.815989028005845
219_5,99,219,L,college,67.1348,True,1.3235899587331668,237.5100412668332,63.89999999999985,1,1.3645592588497788,196.54074115022112,77.79999999999987,1,1.411950139079064,149.14986092093608,24.99999999999991,1,205.50000000000003,127.79999999999993,194.39999999999992,205.50000000000003,77.7000000000001,3,237.5100412668332,149.14986092093608,88.36018034589713,pelvis>torso>lead_hand,32.010041266833184,10.660180345897032
219_6,99,219,L,college,70.2676,True,0.9346940233914428,243.10597660855717,155.59999999999997,1,0.9800312351946472,197.76876480535265,72.20000000000005,1,1.0230932400579855,154.70675994201443,30.59999999999996,1,208.39999999999992,122.19999999999986,194.5,208.39999999999992,86.20000000000006,3,243.10597660855717,154.70675994201443,88.39921666654274,pelvis>torso>lead_hand,34.70597660855725,2.199216666542682
219_7,99,219,L,college,68.5911,True,1.2688015359588976,225.5984640411024,161.10000000000002,1,1.3027192422552012,191.6807577447988,72.20000000000005,1,1.3375363807430196,156.86361925698034,30.49999999999997,1,197.20000000000005,130.50000000000006,199.99999999999997,199.99999999999997,69.4999999999999,3,225.5984640411024,156.86361925698034,68.73484478412206,pelvis>torso>lead_hand,25.59846404110243,-0.7651552158778401
219_8,99,219,L,college,71.1902,True,0.9630821361557528,248.0178638442472,63.90000000000007,1,1.0050606082344933,206.0393917655068,80.50000000000001,1,1.0618032497213474,149.29675027865264,30.49999999999997,1,216.7000000000001,122.20000000000007,197.20000000000005,216.7000000000001,94.50000000000004,3,248.0178638442472,149.29675027865264,98.72111356559455,pelvis>torso>lead_hand,31.317863844247086,4.221113565594507
236_1,113,236,L,milb,65.0907,True,1.0926895860191297,212.91041398087063,83.40000000000015,1,1.1332741549121992,172.3258450878009,69.50000000000011,1,1.15463236668264,150.9676333173602,8.400000000000185,1,150.00000000000014,122.30000000000008,,150.00000000000014,27.70000000000006,3,212.91041398087063,150.9676333173602,61.94278066351043,pelvis>torso>lead_hand,62.91041398087049,34.24278066351037
236_2,113,236,L,milb,64.2192,True,1.5854332267271192,195.1667732728808,47.2999999999999,1,1.6128370718557383,167.76292814426165,63.90000000000007,1,1.631345153177067,149.25484682293288,50.00000000000004,1,169.49999999999997,125.0,199.99999999999997,199.99999999999997,74.99999999999996,3,195.1667732728808,149.25484682293288,45.91192644994791,pelvis>torso>lead_hand,-4.833226727119182,-29.088073550052044
236_3,113,236,L,milb,66.3842,True,1.4830365621665051,208.66343783349484,74.99999999999996,1,1.532085716606426,159.61428339357386,52.79999999999996,1,1.5492199469232095,142.48005307679043,27.800000000000047,1,155.59999999999997,111.09999999999998,199.99999999999997,199.99999999999997,88.89999999999998,3,208.66343783349484,142.48005307679043,66.18338475670441,pelvis>torso>lead_hand,8.663437833494868,-22.716615243295564
236_4,113,236,L,milb,69.1479,True,1.2621026953209336,182.29730467906637,61.09999999999993,1,1.2813035596257296,163.0964403742703,61.09999999999993,1,1.3052368594114072,139.16314058859268,27.69999999999984,1,169.4,116.5999999999998,,169.4,52.80000000000018,3,182.29730467906637,139.16314058859268,43.13416409047369,pelvis>torso>lead_hand,12.897304679066366,-9.665835909526493
244_1,120,244,R,independent,69.4503,True,0.667531379317413,238.06862068258692,72.29999999999993,1,0.7269257100481573,178.67428995184264,61.19999999999992,1,0.7350244293067438,170.57557069325614,38.899999999999935,1,211.19999999999996,136.2,199.99999999999997,211.19999999999996,74.99999999999996,3,238.06862068258692,170.57557069325614,67.49304998933079,pelvis>torso>lead_hand,26.868620682586965,-7.506950010669172
244_2,120,244,R,independent,68.3034,True,0.7029179163331357,227.68208366686423,66.69999999999999,1,0.7556157100089738,174.98428999102623,66.69999999999999,1,0.7596515017405326,170.94849825946733,36.20000000000001,1,205.6,125.0,199.99999999999997,205.6,80.60000000000001,3,227.68208366686423,170.94849825946733,56.7335854073969,pelvis>torso>lead_hand,22.082083666864236,-23.866414592603107
244_3,120,244,R,independent,68.9395,True,0.7992214365149829,242.4785634850172,86.10000000000007,1,0.8639136022291473,177.7863977708528,63.90000000000007,1,0.870847544704763,170.85245529523706,38.90000000000016,1,211.10000000000008,136.1000000000001,186.10000000000005,211.10000000000008,74.99999999999996,3,242.4785634850172,170.85245529523706,71.62610818978013,pelvis>torso>lead_hand,31.37856348501711,-3.373891810219831
244_4,120,244,R,independent,67.5877,True,0.900449632662284,232.850367337716,63.90000000000007,1,0.963858830016742,169.44116998325796,61.09999999999993,1,0.9718088740544002,161.49112594559978,30.49999999999997,1,202.7,125.0,,202.7,77.69999999999999,3,232.850367337716,161.49112594559978,71.35924139211622,pelvis>torso>lead_hand,30.150367337716006,-6.340758607883771
244_5,120,244,R,independent,68.185,True,0.8906559354900506,228.7440645099493,74.99999999999996,1,0.941892767021667,177.50723297833292,66.6,1,0.9453635838473736,174.03641615262643,38.79999999999995,1,213.8,130.49999999999994,199.99999999999997,213.8,83.30000000000004,3,228.7440645099493,174.03641615262643,54.70764835732288,pelvis>torso>lead_hand,14.9440645099493,-28.59235164267716
244_6,120,244,R,independent,69.4354,True,0.9081912963271628,230.70870367283732,80.60000000000001,1,0.9596247200312636,179.27527996873638,63.90000000000007,1,0.9563988000925848,182.5011999074152,38.899999999999935,1,205.6,133.29999999999998,197.20000000000005,205.6,72.30000000000003,3,230.70870367283732,179.27527996873638,51.43342370410093,pelvis>lead_hand>torso,25.108703672837322,-20.866576295899094
244_7,120,244,R,independent,71.2672,True,1.021951023862247,225.2489761377532,75.00000000000017,1,1.0766757311673734,170.52426883262672,61.10000000000015,1,1.0834930837982564,163.70691620174372,38.90000000000016,1,211.10000000000008,130.50000000000006,194.4000000000001,211.10000000000008,80.60000000000001,3,225.2489761377532,163.70691620174372,61.54205993600948,pelvis>torso>lead_hand,14.148976137753124,-19.05794006399053
244_8,120,244,R,independent,71.1497,True,0.7361729710651648,236.0270289348352,86.09999999999995,1,0.7890171296079956,183.1828703920043,72.19999999999993,1,0.7887497506829474,183.45024931705257,44.39999999999999,1,213.9,136.1,,213.9,77.79999999999998,3,236.0270289348352,183.1828703920043,52.84415854283088,pelvis>lead_hand>torso,22.12702893483518,-24.9558414571691
254_1,73,254,R,high_school,63.0482,True,0.8169093710245217,205.29062897547837,72.20000000000005,1,0.8461618919680222,176.03810803197783,66.6,1,0.8968825633699999,125.31743663000006,25.00000000000002,1,191.6,113.9,,191.6,77.69999999999999,3,205.29062897547837,125.31743663000006,79.97319234547831,pelvis>torso>lead_hand,13.690628975478376,2.2731923454783214
254_2,73,254,R,high_school,72.0304,True,0.911430059963122,216.36994003687792,74.99999999999996,1,0.9419835752073628,185.81642479263715,66.69999999999999,1,0.998148201370484,129.6517986295158,30.59999999999996,1,194.4999999999999,122.19999999999986,,194.4999999999999,72.30000000000003,3,216.36994003687792,129.6517986295158,86.71814140736211,pelvis>torso>lead_hand,21.869940036878035,14.418141407362086
254_3,73,254,R,high_school,71.1146,True,0.9177188885270606,212.8811114729394,74.99999999999996,1,0.9458050344616584,184.79496553834173,69.50000000000011,1,0.9996471980305623,130.9528019694376,27.800000000000047,2,200.00000000000009,113.90000000000012,,200.00000000000009,86.09999999999995,3,212.8811114729394,130.9528019694376,81.92830950350182,pelvis>torso>lead_hand,12.881111472939324,-4.17169049649813
254_4,73,254,R,high_school,70.0133,True,0.8808344888182366,219.16551118176352,75.00000000000017,1,0.917052989565698,182.94701043430217,66.69999999999999,1,0.9741115775804396,125.88842241956056,30.600000000000183,1,202.8000000000001,116.70000000000012,,202.8000000000001,86.09999999999995,3,219.16551118176352,125.88842241956056,93.27708876220296,pelvis>torso>lead_hand,16.365511181763424,7.177088762203013
254_5,73,254,R,high_school,65.8226,True,0.9910794638211108,206.12053617888927,77.8000000000001,1,1.025052367391282,172.14763260871814,69.40000000000013,1,1.073404201101938,123.79579889806205,25.00000000000013,1,186.09999999999997,108.30000000000008,,186.09999999999997,77.79999999999987,3,206.12053617888927,123.79579889806205,82.32473728082722,pelvis>torso>lead_hand,20.0205361788893,4.5247372808273525
254_6,73,254,R,high_school,69.531,True,0.9708144806456634,209.78551935433663,72.30000000000003,1,0.9959357784272332,184.66422157276685,69.50000000000011,1,1.0514345774152205,129.16542258477958,25.00000000000013,2,194.5000000000001,119.50000000000016,,194.5000000000001,74.99999999999996,3,209.78551935433663,129.16542258477958,80.62009676955705,pelvis>torso>lead_hand,15.285519354336515,5.620096769557094
254_7,73,254,R,high_school,70.5254,True,0.906423892441102,221.37610755889796,83.39999999999992,1,0.9387904132444984,189.00958675550152,77.79999999999987,1,0.997486895900683,130.31310409931694,27.799999999999827,1,208.39999999999992,122.19999999999986,,208.39999999999992,86.20000000000006,3,221.37610755889796,130.31310409931694,91.06300345958101,pelvis>torso>lead_hand,12.976107558898036,4.863003459580952
254_8,73,254,R,high_school,60.9325,True,1.100933325190189,210.16667480981096,77.79999999999987,1,1.1260584500059592,185.0415499940408,69.3999999999999,1,1.1786098382740868,132.4901617259131,19.399999999999864,1,197.20000000000005,122.19999999999986,,197.20000000000005,75.00000000000017,3,210.16667480981096,132.4901617259131,77.67651308389785,pelvis>torso>lead_hand,12.966674809810911,2.6765130838976745
258_1,127,258,R,high_school,65.8105,True,0.890533382134658,206.66661786534192,50.00000000000004,1,0.920396324787542,176.803675212458,55.499999999999886,1,0.9587838164601256,138.4161835398744,33.29999999999988,1,174.99999999999994,113.9,,174.99999999999994,61.09999999999993,3,206.66661786534192,138.4161835398744,68.25043432546752,pelvis>torso>lead_hand,31.666617865341976,7.150434325467593
258_2,127,258,R,high_school,63.6572,True,1.2721589275367975,225.0410724632024,69.40000000000013,1,1.304909358075116,192.2906419248842,55.50000000000011,1,1.3463211093731426,150.87889062685744,36.10000000000002,1,169.4,141.60000000000016,,169.4,27.799999999999827,3,225.0410724632024,150.87889062685744,74.16218183634496,pelvis>torso>lead_hand,55.64107246320239,46.36218183634513
258_3,127,258,R,high_school,64.3623,True,1.0182860748860536,228.91392511394648,36.10000000000002,1,1.0585723458852296,188.62765411477045,52.80000000000018,1,1.0970554897508518,150.1445102491483,38.90000000000016,1,175.00000000000006,166.60000000000008,,175.00000000000006,8.399999999999963,3,228.91392511394648,150.1445102491483,78.76941486479816,pelvis>torso>lead_hand,53.91392511394642,70.3694148647982
258_4,127,258,R,high_school,66.6887,True,1.2277953867618925,208.30461323810744,58.30000000000002,1,1.2614967049813095,174.6032950186902,55.499999999999886,1,1.2915656758788412,144.53432412115873,30.49999999999997,1,166.69999999999985,113.89999999999988,,166.69999999999985,52.79999999999996,3,208.30461323810744,144.53432412115873,63.7702891169487,pelvis>torso>lead_hand,41.60461323810759,10.970289116948742
258_5,127,258,R,high_school,70.0775,True,0.9076613768420576,247.93862315794223,66.69999999999999,1,0.9602199593845724,195.3800406154276,61.19999999999992,1,1.0036301614328096,151.96983856719038,2.7999999999999137,1,186.19999999999996,147.29999999999998,199.99999999999997,199.99999999999997,52.69999999999997,3,247.93862315794223,151.96983856719038,95.96878459075185,pelvis>torso>lead_hand,47.93862315794226,43.268784590751885
258_6,127,258,R,high_school,66.7058,True,1.3921675756832863,210.6324243167137,52.79999999999996,1,1.420756554515022,182.043445484978,63.90000000000007,1,1.4591167038027613,143.68329619723875,30.59999999999996,1,188.9000000000001,111.09999999999998,,188.9000000000001,77.8000000000001,3,210.6324243167137,143.68329619723875,66.94912811947495,pelvis>torso>lead_hand,21.732424316713605,-10.850871880525148
258_7,127,258,R,high_school,66.2657,True,1.161225134509215,208.1748654907849,63.799999999999855,1,1.1903251629983336,179.07483700166637,55.499999999999886,1,1.22190825490153,147.49174509846986,30.49999999999997,1,180.4999999999999,125.0,,180.4999999999999,55.499999999999886,3,208.1748654907849,147.49174509846986,60.68312039231503,pelvis>torso>lead_hand,27.67486549078501,5.183120392315146
258_8,127,258,R,high_school,66.5719,True,1.1315139513214256,240.68604867857445,44.39999999999999,1,1.1901142263591626,182.08577364083743,55.50000000000011,1,1.225852227516663,146.34777248333708,33.30000000000011,1,161.10000000000002,138.90000000000003,,161.10000000000002,22.2,3,240.68604867857445,146.34777248333708,94.33827619523737,pelvis>torso>lead_hand,79.58604867857443,72.13827619523737
263_1,53,263,L,college,71.008,True,1.68607136388916,222.22863611084009,150.00000000000014,1,1.7325347687765928,175.76523122340726,72.20000000000005,1,1.7556672315740531,152.63276842594698,30.500000000000192,1,200.00000000000017,138.90000000000003,194.4000000000001,200.00000000000017,61.10000000000015,3,222.22863611084009,152.63276842594698,69.59586768489311,pelvis>torso>lead_hand,22.228636110839915,8.495867684892957
263_2,53,263,L,college,69.5549,True,2.0009133954983227,243.48660450167748,158.3000000000001,1,2.053609027683676,190.79097231632412,77.7000000000001,1,2.0886060374629194,155.79396253708077,33.30000000000011,1,213.8,138.80000000000027,,213.8,74.99999999999973,3,243.48660450167748,155.79396253708077,87.6926419645967,pelvis>torso>lead_hand,29.686604501677465,12.692641964596973
263_3,53,263,L,college,70.4577,True,1.9071486009306555,228.95139906934455,152.7999999999998,1,1.9517650323167035,184.3349676832966,69.3999999999999,1,1.9847389047067825,151.36109529321763,33.30000000000011,1,208.29999999999995,122.19999999999986,194.39999999999992,208.29999999999995,86.10000000000007,3,228.95139906934455,151.36109529321763,77.59030377612692,pelvis>torso>lead_hand,20.651399069344592,-8.50969622387315
263_4,53,263,L,college,67.9294,True,1.7354331861144388,228.46681388556124,74.99999999999996,1,1.7838659869037483,180.03401309625144,69.4999999999999,1,1.8160835667720845,147.8164332279155,22.2,1,208.29999999999995,133.29999999999998,,208.29999999999995,74.99999999999996,3,228.46681388556124,147.8164332279155,80.65038065764574,pelvis>torso>lead_hand,20.166813885561282,5.650380657645783
263_5,53,263,L,college,66.7524,True,1.7772933830244797,222.7066169755203,147.2,1,1.8196190704424264,180.38092955757355,72.20000000000005,1,1.8524801649527207,147.5198350472793,24.99999999999991,1,202.8000000000001,127.79999999999993,197.20000000000005,202.8000000000001,75.00000000000017,3,222.7066169755203,147.5198350472793,75.186781928241,pelvis>torso>lead_hand,19.906616975520194,0.1867819282408334
263_6,53,263,L,college,69.4095,True,1.696689966897016,231.1100331029841,147.2,1,1.741061892119286,186.738107880714,74.99999999999996,1,1.7756979284832262,152.1020715167738,33.39999999999988,1,205.6,149.99999999999991,194.4999999999999,205.6,55.600000000000094,3,231.1100331029841,152.1020715167738,79.00796158621029,pelvis>torso>lead_hand,25.510033102984096,23.40796158621019
263_7,53,263,L,college,69.4094,True,1.792794256475627,235.0057435243731,150.00000000000014,1,1.8408488152871765,186.9511847128236,77.8000000000001,1,1.8787522693731995,149.04773062680076,30.59999999999996,1,208.40000000000012,155.59999999999997,194.5000000000001,208.40000000000012,52.80000000000018,3,235.0057435243731,149.04773062680076,85.95801289757233,pelvis>torso>lead_hand,26.60574352437297,33.15801289757215
263_8,53,263,L,college,70.5276,True,2.200261465944338,221.9385340556621,152.80000000000004,1,2.243932925932551,178.26707406744902,77.80000000000031,1,2.270010675559569,152.1893244404313,30.49999999999997,1,200.00000000000017,125.0,200.00000000000017,200.00000000000017,75.00000000000017,3,221.9385340556621,152.1893244404313,69.7492096152308,pelvis>torso>lead_hand,21.938534055661933,-5.250790384769374
265_1,44,265,L,college,68.6022,True,2.105283322413801,197.51667758619897,36.0999999999998,1,2.140397914714265,162.40208528573507,75.00000000000017,1,2.160606908347611,142.19309165238903,52.79999999999996,1,180.60000000000008,119.49999999999994,,180.60000000000008,61.10000000000015,3,197.51667758619897,142.19309165238903,55.32358593380994,pelvis>torso>lead_hand,16.916677586198887,-5.776414066190213
265_2,44,265,L,college,66.2941,True,1.876734394364711,201.06560563528885,61.09999999999971,1,1.9076350005822544,170.16499941774543,94.4999999999998,1,1.9287531706577936,149.04682934220625,61.09999999999971,1,186.09999999999997,124.99999999999976,,186.09999999999997,61.10000000000015,3,201.06560563528885,149.04682934220625,52.018776293082595,pelvis>torso>lead_hand,14.965605635288881,-9.081223706917555
265_3,44,265,L,college,64.146,True,2.030345510867482,208.55448913251797,44.500000000000206,1,2.065102717351325,173.79728264867555,83.29999999999993,1,2.091537049191058,147.362950808942,58.30000000000002,1,191.7,127.80000000000014,166.70000000000007,191.7,63.89999999999985,3,208.55448913251797,147.362950808942,61.19153832357597,pelvis>torso>lead_hand,16.854489132517983,-2.7084616764238802
265_4,44,265,L,college,63.7059,True,2.2444447192211165,197.25528077888345,47.2999999999999,1,2.272498886284632,169.20111371536794,83.40000000000015,1,2.2936955039660503,148.00449603394972,58.399999999999785,1,180.60000000000008,122.30000000000008,200.00000000000017,200.00000000000017,77.7000000000001,3,197.25528077888345,148.00449603394972,49.250784744933725,pelvis>torso>lead_hand,-2.744719221116725,-28.449215255066377
265_5,44,265,L,college,67.0391,True,2.095018522387404,210.5814776125965,44.500000000000206,1,2.139173668029457,166.426331970543,80.60000000000001,1,2.1578634411490105,147.73655885098958,61.19999999999992,1,175.00000000000026,116.70000000000024,200.00000000000017,200.00000000000017,83.29999999999993,3,210.5814776125965,147.73655885098958,62.84491876160692,pelvis>torso>lead_hand,10.58147761259633,-20.455081238393007
265_6,44,265,L,college,64.6115,True,1.5869044657163014,204.7955342836987,55.600000000000094,1,1.6246797467888645,167.02025321113578,80.60000000000001,1,1.6387011400002758,152.9988599997243,63.90000000000007,1,175.00000000000006,122.30000000000008,180.60000000000008,180.60000000000008,58.30000000000002,3,204.7955342836987,152.9988599997243,51.7966742839744,pelvis>torso>lead_hand,24.195534283698606,-6.503325716025621
265_7,44,265,L,college,66.0962,True,2.341895367211881,199.8046327881191,63.90000000000029,1,2.372091347882761,169.60865211723907,86.10000000000007,1,2.394472748977848,147.2272510221524,55.600000000000094,1,186.10000000000016,122.30000000000008,,186.10000000000016,63.80000000000008,3,199.8046327881191,147.2272510221524,52.57738176596672,pelvis>torso>lead_hand,13.704632788118943,-11.222618234033362
265_8,44,265,L,college,67.5594,True,1.6580874518304811,208.61254816951867,61.09999999999993,1,1.6999483369857946,166.7516630142054,72.30000000000003,1,1.7162707207657242,150.42927923427584,58.400000000000006,1,188.9000000000001,133.39999999999998,,188.9000000000001,55.50000000000011,3,208.61254816951867,150.42927923427584,58.183268935242836,pelvis>torso>lead_hand,19.712548169518584,2.6832689352427295
268_1,78,268,R,college,62.4225,True,1.8981705502657369,215.72944973426323,55.600000000000094,1,1.9362205184479293,177.6794815520708,63.90000000000029,1,1.9524878213368129,161.41217866318746,58.30000000000002,1,186.10000000000016,141.70000000000016,161.10000000000002,186.10000000000016,44.39999999999999,3,215.72944973426323,161.41217866318746,54.317271071075766,pelvis>torso>lead_hand,29.629449734263062,9.917271071075774
268_2,78,268,R,college,60.8795,True,2.5060734597372427,207.82654026275748,52.8000000000004,1,2.5359097091330898,177.9902908669104,63.90000000000029,1,2.545306822309519,168.593177690481,58.30000000000002,1,183.3,136.10000000000034,200.00000000000017,200.00000000000017,63.89999999999985,3,207.82654026275748,168.593177690481,39.23336257227646,pelvis>torso>lead_hand,7.826540262757305,-24.666637427723387
268_3,78,268,R,college,60.8651,True,2.2507772585133257,221.42274148667428,52.79999999999996,1,2.288966882284113,183.2331177158868,72.20000000000005,1,2.3037568634208627,168.44313657913722,61.10000000000015,1,194.39999999999992,144.4000000000001,,194.39999999999992,49.99999999999982,3,221.42274148667428,168.44313657913722,52.979604907537066,pelvis>torso>lead_hand,27.022741486674363,2.9796049075372437
268_4,78,268,R,college,62.7927,True,1.8013684381348658,212.53156186513425,52.79999999999996,1,1.8377838610202728,176.11613897972722,63.90000000000007,1,1.856946267093125,156.95373290687508,55.600000000000094,1,175.00000000000006,144.50000000000009,,175.00000000000006,30.49999999999997,3,212.53156186513425,156.95373290687508,55.577828958259175,pelvis>torso>lead_hand,37.531561865134194,25.077828958259204
268_5,78,268,R,college,61.6432,True,1.889301374700952,221.79862529904827,61.10000000000015,1,1.9284097670319644,182.6902329680356,69.3999999999999,1,1.9501239221219284,160.97607787807155,58.30000000000002,1,191.7,144.4000000000001,,191.7,47.2999999999999,3,221.79862529904827,160.97607787807155,60.82254742097672,pelvis>torso>lead_hand,30.09862529904828,13.52254742097682
268_6,78,268,R,college,60.9943,True,1.9249539608418385,222.246039158162,61.10000000000015,1,1.9605735150413213,186.62648495867876,69.40000000000035,1,1.9796142416450235,167.58575835497692,63.90000000000029,1,191.60000000000025,152.80000000000027,,191.60000000000025,38.79999999999995,3,222.246039158162,167.58575835497692,54.66028080318509,pelvis>torso>lead_hand,30.646039158161756,15.860280803185141
268_7,78,268,R,college,59.9956,True,1.9097953468063364,218.0046531936637,58.40000000000023,1,1.941610829884296,186.18917011570437,66.69999999999999,1,1.9586540497545568,169.14595024544332,61.10000000000015,1,194.5000000000001,147.20000000000022,152.80000000000004,194.5000000000001,47.2999999999999,3,218.0046531936637,169.14595024544332,48.85870294822038,pelvis>torso>lead_hand,23.504653193663586,1.5587029482204855
268_8,78,268,R,college,62.7465,True,2.050426910873081,218.9730891269193,58.30000000000002,1,2.084094676155138,185.3053238448621,75.00000000000017,1,2.1043632922657047,165.03670773429536,58.30000000000002,1,200.00000000000017,147.20000000000022,,200.00000000000017,52.79999999999996,3,218.9730891269193,165.03670773429536,53.93638139262393,pelvis>torso>lead_hand,18.97308912691912,1.1363813926239672
273_1,130,273,L,college,61.0359,True,1.0255080866016066,199.49191339839345,58.30000000000002,1,1.041173474816612,183.82652518338816,61.10000000000015,1,1.079799184033606,145.200815966394,13.900000000000023,1,183.3,94.40000000000003,,183.3,88.89999999999998,3,199.49191339839345,145.200815966394,54.29109743199945,pelvis>torso>lead_hand,16.19191339839344,-34.60890256800053
273_2,130,273,L,college,67.882,True,1.354030763588573,223.769236411427,80.60000000000001,1,1.3792087578585497,198.59124214145064,69.50000000000011,1,1.4237446932586597,154.0553067413404,19.50000000000007,1,208.40000000000012,111.1000000000002,197.20000000000005,208.40000000000012,97.29999999999994,3,223.769236411427,154.0553067413404,69.7139296700866,pelvis>torso>lead_hand,15.369236411426868,-27.58607032991334
273_3,130,273,L,college,69.4471,True,1.0577154035677507,228.38459643224928,94.40000000000003,1,1.0919288421485605,194.1711578514396,77.8000000000001,1,1.1240136914389969,162.08630856100314,24.99999999999991,1,205.50000000000003,119.39999999999996,,205.50000000000003,86.10000000000007,3,228.38459643224928,162.08630856100314,66.29828787124615,pelvis>torso>lead_hand,22.884596432249253,-19.80171212875392
273_4,130,273,L,college,69.1054,True,1.0805145678692198,233.38543213078023,86.10000000000007,1,1.104480781927799,209.41921807220095,77.8000000000001,1,1.158110733386155,155.78926661384517,2.800000000000136,1,219.50000000000003,108.30000000000008,197.20000000000005,219.50000000000003,111.19999999999996,3,233.38543213078023,155.78926661384517,77.59616551693506,pelvis>torso>lead_hand,13.885432130780202,-33.6038344830649
273_5,130,273,L,college,66.87,True,1.081189738316546,216.01026168345385,72.19999999999982,1,1.1009581584990409,196.24184150095903,69.3999999999999,1,1.141769165280157,155.43083471984298,22.2,1,202.79999999999987,105.49999999999991,,202.79999999999987,97.29999999999994,3,216.01026168345385,155.43083471984298,60.57942696361087,pelvis>torso>lead_hand,13.210261683453979,-36.72057303638907
273_6,130,273,L,college,65.9019,True,0.7840603677744821,215.93963222551795,77.79999999999998,1,0.8055373899651114,194.46261003488863,69.40000000000002,1,0.8459449432298418,154.0550567701582,19.399999999999974,1,197.20000000000005,105.60000000000002,,197.20000000000005,91.6,3,215.93963222551795,154.0550567701582,61.884575455359766,pelvis>torso>lead_hand,18.73963222551791,-29.71542454464023
279_1,136,279,R,college,67.8866,True,1.155046715445314,200.5532845546858,66.69999999999999,1,1.1828206103281456,172.77938967185435,66.69999999999999,1,1.234173000675194,121.42699932480583,2.7999999999999137,1,163.89999999999992,116.70000000000005,199.99999999999997,199.99999999999997,83.29999999999993,3,200.5532845546858,121.42699932480583,79.12628522987997,pelvis>torso>lead_hand,0.5532845546858312,-4.1737147701199575
279_2,136,279,R,college,65.4844,True,1.2306752902907112,216.52470970928883,38.899999999999935,1,1.2676971185556904,179.5028814443096,52.79999999999996,1,1.3205867287950712,126.61327120492882,22.2,1,169.4,125.0,,169.4,44.39999999999999,3,216.52470970928883,126.61327120492882,89.91143850436,pelvis>torso>lead_hand,47.12470970928882,45.511438504360015
279_3,136,279,R,college,70.998,True,1.3305573424523094,219.44265754769063,25.00000000000013,1,1.372092792435633,177.90720756436707,52.79999999999996,1,1.416729662771171,133.27033722882908,8.299999999999974,1,177.79999999999995,127.80000000000014,,177.79999999999995,49.99999999999982,3,219.44265754769063,133.27033722882908,86.17232031886155,pelvis>torso>lead_hand,41.642657547690675,36.17232031886173
279_4,136,279,R,college,68.0521,True,1.2252846789190803,216.41532108091965,61.09999999999993,1,1.2684605597114145,173.2394402885855,58.400000000000006,1,1.3171667079534737,124.53329204652653,22.299999999999983,2,163.89999999999992,122.30000000000008,199.99999999999997,199.99999999999997,77.69999999999987,3,216.41532108091965,124.53329204652653,91.88202903439313,pelvis>torso>lead_hand,16.415321080919682,14.182029034393253
279_5,136,279,R,college,67.3883,True,1.590534798338419,223.365201661581,50.00000000000004,1,1.6352696843183023,178.63031568169774,63.90000000000007,1,1.6902239121520302,123.67608784796992,19.50000000000007,1,183.3,127.80000000000014,197.20000000000005,197.20000000000005,69.3999999999999,3,223.365201661581,123.67608784796992,99.68911381361109,pelvis>torso>lead_hand,26.165201661580966,30.28911381361118
279_6,136,279,R,college,65.8468,True,1.4956949899100869,254.30501008991317,119.39999999999996,1,1.5547362658130297,195.26373418697028,69.3999999999999,1,1.595816859892454,154.18314010754597,24.99999999999991,1,188.9000000000001,155.59999999999997,,188.9000000000001,33.30000000000011,3,254.30501008991317,154.18314010754597,100.1218699823672,pelvis>torso>lead_hand,65.40501008991308,66.82186998236709
279_7,136,279,R,college,67.9647,True,1.758576706021759,227.523293978241,83.29999999999993,1,1.7982221562215064,187.8778437784936,72.20000000000005,1,1.855055638810398,131.04436118960194,27.800000000000047,1,194.39999999999992,138.90000000000003,188.9000000000001,194.39999999999992,55.499999999999886,3,227.523293978241,131.04436118960194,96.47893278863907,pelvis>torso>lead_hand,33.123293978241094,40.978932788639185
279_8,136,279,R,college,71.1562,True,1.9224100420793413,235.8899579206586,55.50000000000033,1,1.9692112075777768,189.08879242222355,63.90000000000029,1,2.027698080919452,130.60191908054807,27.70000000000028,1,194.4000000000001,136.09999999999988,,194.4000000000001,58.30000000000024,3,235.8899579206586,130.60191908054807,105.28803884011052,pelvis>torso>lead_hand,41.4899579206585,46.98803884011028
282_1,80,282,R,college,75.3244,True,1.5369084380102809,215.89156198971904,80.60000000000001,1,1.558779886473026,194.02011352697392,61.09999999999993,1,1.581289422341133,171.51057765886725,30.59999999999996,1,199.99999999999997,197.19999999999985,,199.99999999999997,2.800000000000136,3,215.89156198971904,171.51057765886725,44.38098433085179,pelvis>torso>lead_hand,15.891561989719065,41.58098433085165
282_2,80,282,R,college,73.3782,True,1.3877908897874978,212.20911021250237,77.8000000000001,1,1.4167725089906842,183.2274910093159,58.30000000000002,1,1.4388635389139464,161.1364610860537,25.00000000000013,2,194.4000000000001,127.80000000000014,,194.4000000000001,66.6,3,212.20911021250237,161.1364610860537,51.07264912644865,pelvis>torso>lead_hand,17.809110212502276,-15.527350873551342
282_3,80,282,R,college,73.2292,True,1.756909012380812,215.290987619188,74.99999999999996,1,1.7777744117242955,194.42558827570448,69.3999999999999,1,1.7972328929104036,174.9671070895964,30.49999999999997,1,208.29999999999995,141.59999999999994,,208.29999999999995,66.69999999999999,3,215.290987619188,174.9671070895964,40.323880529591605,pelvis>torso>lead_hand,6.990987619188047,-26.376119470408383
282_4,80,282,R,college,78.3053,True,1.9844908192012172,223.8091807987825,77.7000000000001,1,2.013429697216858,194.870302783142,69.3999999999999,1,2.03048468257534,177.81531742465972,16.599999999999948,1,211.09999999999985,125.0,188.89999999999984,211.09999999999985,86.09999999999984,3,223.8091807987825,177.81531742465972,45.99386337412278,pelvis>torso>lead_hand,12.709180798782654,-40.106136625877056
282_5,80,282,R,college,74.8864,True,1.495577977571546,223.82202242845415,83.29999999999993,1,1.5251329785002363,194.2670214997635,74.99999999999996,1,1.5520000268322534,167.39997316774668,25.00000000000013,1,202.7000000000001,191.6,,202.7000000000001,11.10000000000011,3,223.82202242845415,167.39997316774668,56.42204926070747,pelvis>torso>lead_hand,21.122022428454045,45.32204926070736
282_6,80,282,R,college,76.3216,True,1.535196469154406,225.9035308455941,86.10000000000007,1,1.5654443725472629,195.65562745273743,77.8000000000001,1,1.591494970150766,169.60502984923397,27.800000000000047,1,202.8000000000001,125.0,,202.8000000000001,77.8000000000001,3,225.9035308455941,169.60502984923397,56.29850099636013,pelvis>torso>lead_hand,23.10353084559401,-21.501499003639964
282_7,80,282,R,college,76.8066,True,1.8369783572669476,224.1216427330528,88.9000000000002,1,1.8639983278574008,197.10167214259957,69.40000000000013,1,1.888716171590708,172.38382840929222,25.000000000000355,1,205.50000000000023,197.20000000000027,,205.50000000000023,8.299999999999974,3,224.1216427330528,172.38382840929222,51.737814323760574,pelvis>torso>lead_hand,18.621642733052568,43.4378143237606
282_8,80,282,R,college,76.9099,True,1.7866020627516492,216.1979372483509,83.40000000000015,1,1.8113872171449537,191.41278285504623,72.20000000000005,1,1.834344957675465,168.45504232453524,22.20000000000022,1,197.20000000000005,138.90000000000023,141.70000000000016,197.20000000000005,58.2999999999998,3,216.1979372483509,168.45504232453524,47.74289492381567,pelvis>torso>lead_hand,18.997937248350866,-10.55710507618413
283_1,31,283,R,college,64.3319,True,1.3087773928647672,216.22260713523264,72.19999999999982,1,1.3452279916130387,179.77200838696118,69.3999999999999,1,1.3613615648482311,163.6384351517688,2.7999999999999137,1,191.7,130.59999999999982,,191.7,61.10000000000015,3,216.22260713523264,163.6384351517688,52.58417198346385,pelvis>torso>lead_hand,24.522607135232647,-8.515828016536304
283_2,31,283,R,college,65.7614,True,1.085704439707642,217.0955602923581,63.90000000000007,1,1.131647932699524,171.15206730047606,63.90000000000007,1,1.1453673459067235,157.43265409327643,38.899999999999935,1,169.49999999999997,99.99999999999989,,169.49999999999997,69.50000000000011,3,217.0955602923581,157.43265409327643,59.662906199081675,pelvis>torso>lead_hand,47.59556029235813,-9.837093800918439
283_3,31,283,R,college,64.9553,True,1.64511709415981,229.8829058401899,74.99999999999996,1,1.693341586071434,181.658413928566,63.90000000000007,1,1.7125047912239824,162.49520877601765,30.59999999999996,2,191.7,111.09999999999998,,191.7,80.60000000000001,3,229.8829058401899,162.49520877601765,67.38769706417224,pelvis>torso>lead_hand,38.1829058401899,-13.212302935827765
283_4,31,283,R,college,65.3407,True,1.6238445395538008,212.2554604461993,66.69999999999999,1,1.6621703371771002,173.9296628228999,63.90000000000007,1,1.6748286706299005,161.27132937009958,2.800000000000136,2,172.20000000000013,100.00000000000009,,172.20000000000013,72.20000000000005,3,212.2554604461993,161.27132937009958,50.984131076099715,pelvis>torso>lead_hand,40.05546044619916,-21.21586892390033
283_5,31,283,R,college,65.1983,True,1.2894690864885532,210.5309135114468,66.69999999999999,1,1.32565019668135,174.34980331864992,69.3999999999999,1,1.341801411002488,158.19858899751193,2.7999999999999137,1,183.3,111.09999999999998,,183.3,72.20000000000005,3,210.5309135114468,158.19858899751193,52.33232451393488,pelvis>torso>lead_hand,27.2309135114468,-19.867675486065167
283_6,31,283,R,college,64.3139,True,1.522671475308721,227.32852469127903,69.3999999999999,1,1.57313999489939,176.86000510060995,69.3999999999999,1,1.5925588847609575,157.44111523904226,2.7999999999999137,1,180.60000000000008,105.59999999999992,,180.60000000000008,75.00000000000017,3,227.32852469127903,157.44111523904226,69.88740945223677,pelvis>torso>lead_hand,46.72852469127895,-5.1125905477634035
283_7,31,283,R,college,64.6399,True,1.83998295816018,215.61704183982044,63.90000000000007,1,1.882120026689716,173.47997331028387,61.20000000000015,1,1.894429574167132,161.17042583286835,27.800000000000047,2,183.4,100.00000000000009,,183.4,83.39999999999992,3,215.61704183982044,161.17042583286835,54.4466160069521,pelvis>torso>lead_hand,32.21704183982044,-28.953383993047822
287_1,186,287,R,college,65.2429,True,1.3718330071076148,205.9669928923853,66.69999999999999,1,1.4042743503491792,173.52564965082084,69.50000000000011,1,1.4009991440191585,176.80085598084162,22.2,2,202.8000000000001,108.40000000000003,,202.8000000000001,94.40000000000003,3,205.9669928923853,173.52564965082084,32.441343241564454,pelvis>lead_hand>torso,3.1669928923851955,-61.95865675843558
287_2,186,287,R,college,68.2761,True,1.054083353241271,198.7166467587289,74.99999999999996,1,1.0886018939214723,164.1981060785276,58.400000000000006,1,1.1195997414412535,133.2002585587462,19.49999999999985,2,191.7,83.39999999999992,,191.7,108.30000000000008,3,198.7166467587289,133.2002585587462,65.51638819998269,pelvis>torso>lead_hand,7.0166467587289105,-42.7836118000174
287_3,186,287,R,college,65.6445,True,0.8385919039177976,211.4080960822025,72.20000000000005,1,0.8906414398162549,159.35856018374517,72.20000000000005,2,0.8585351624596905,191.46483754030956,19.400000000000084,2,188.9000000000001,158.29999999999998,,188.9000000000001,30.600000000000072,3,211.4080960822025,159.35856018374517,52.04953589845732,pelvis>lead_hand>torso,22.5080960822024,21.44953589845725
287_4,186,287,R,college,67.0856,True,1.307690053949396,197.909946050604,66.69999999999999,1,1.3447464614799718,160.85353852002825,69.50000000000011,1,1.3300119540418889,175.58804595811117,16.70000000000016,1,186.20000000000013,94.50000000000004,199.99999999999997,199.99999999999997,105.49999999999991,3,197.909946050604,160.85353852002825,37.05640753057574,pelvis>lead_hand>torso,-2.0900539493959798,-68.44359246942417
287_5,186,287,R,college,64.9683,True,1.8909330875038937,206.2669124961063,72.20000000000005,1,1.936859015820494,160.34098417950605,69.3999999999999,2,1.9556357904414476,141.56420955855253,22.199999999999772,2,194.39999999999992,116.60000000000004,,194.39999999999992,77.79999999999987,3,206.2669124961063,141.56420955855253,64.70270293755377,pelvis>torso>lead_hand,11.86691249610638,-13.097297062446103
287_6,186,287,R,college,64.4248,True,1.4145647188193415,202.1352811806585,72.30000000000003,1,1.4493416602818945,167.35833971810555,66.69999999999999,1,1.4332034493646697,183.49655063533032,16.69999999999994,1,186.09999999999997,111.09999999999998,199.99999999999997,199.99999999999997,88.89999999999998,3,202.1352811806585,167.35833971810555,34.77694146255294,pelvis>lead_hand>torso,2.1352811806585237,-54.12305853744704
287_7,186,287,R,college,64.6354,True,1.269643210525256,205.3567894747441,66.69999999999999,1,1.3200916559986955,154.9083440013044,66.69999999999999,3,1.3068769225274477,168.12307747255238,19.400000000000084,1,188.9000000000001,108.30000000000008,194.4000000000001,194.4000000000001,86.10000000000007,3,205.3567894747441,154.9083440013044,50.448445473439676,pelvis>lead_hand>torso,10.956789474744,-35.65155452656039
287_8,186,287,R,college,68.2059,True,1.494091952471592,208.708047528408,69.50000000000011,1,1.5401256963475012,162.6743036524989,63.90000000000007,2,1.5677188341867514,135.0811658132487,13.900000000000023,2,188.9000000000001,166.70000000000007,197.20000000000005,197.20000000000005,30.49999999999997,3,208.708047528408,135.0811658132487,73.6268817151593,pelvis>torso>lead_hand,11.508047528407957,43.12688171515933
291_1,189,291,R,college,71.2523,True,1.1801943862198117,217.0056137801884,69.3999999999999,1,1.214309283422768,182.890716577232,74.99999999999996,2,1.225102938415489,172.09706158451098,44.39999999999999,1,188.9000000000001,127.79999999999993,,188.9000000000001,61.10000000000015,3,217.0056137801884,172.09706158451098,44.90855219567743,pelvis>torso>lead_hand,28.10561378018832,-16.19144780432272
291_2,189,291,R,college,69.3029,True,1.7316596478303263,204.4403521696736,80.50000000000001,1,1.771694288610372,164.405711389628,72.20000000000005,1,1.765943185519648,170.156814480352,33.29999999999988,1,149.99999999999991,127.79999999999993,,149.99999999999991,22.2,3,204.4403521696736,164.405711389628,40.03464078004558,pelvis>lead_hand>torso,54.44035216967367,17.83464078004558
291_3,189,291,R,college,72.6393,True,1.1548985270583212,211.80147294167884,74.99999999999996,1,1.196610372027022,170.089627972978,77.8000000000001,3,1.1931120896002985,173.58791039970157,41.70000000000008,1,197.30000000000004,125.0,199.99999999999997,199.99999999999997,74.99999999999996,3,211.80147294167884,170.089627972978,41.71184496870083,pelvis>lead_hand>torso,11.801472941678867,-33.28815503129913
291_4,189,291,R,college,73.1764,True,1.102810395345656,224.989604654344,97.20000000000016,1,1.1502656183184443,177.53438168155554,80.60000000000001,1,1.1562347039801752,171.56529601982484,38.90000000000016,1,197.20000000000005,136.1000000000001,197.20000000000005,197.20000000000005,61.09999999999993,3,224.989604654344,171.56529601982484,53.42430863451915,pelvis>torso>lead_hand,27.789604654343947,-7.67569136548078
291_5,189,291,R,college,73.009,True,1.222016404825234,211.283595174766,80.50000000000001,1,1.2662779706223557,167.02202937764432,74.99999999999996,1,1.2661905848440005,167.10941515599976,36.10000000000002,1,147.2,127.69999999999992,,147.2,19.50000000000007,3,211.283595174766,167.02202937764432,44.261565797121676,pelvis>lead_hand>torso,64.083595174766,24.761565797121605
291_6,189,291,R,college,74.368,True,1.276994476092615,203.60552390738485,86.19999999999983,1,1.3147402449691072,165.85975503089267,77.79999999999987,1,1.3117884415685996,168.81155843140027,36.20000000000001,1,166.69999999999985,136.19999999999987,199.99999999999997,199.99999999999997,63.80000000000008,3,203.60552390738485,165.85975503089267,37.74576887649218,pelvis>lead_hand>torso,3.605523907384878,-26.054231123507904
291_7,189,291,R,college,73.3348,True,1.2116899397033107,227.2100602966893,88.89999999999998,1,1.2681380080318505,170.76199196814977,80.60000000000001,1,1.269274441790755,169.62555820924496,41.70000000000008,1,191.7,133.29999999999998,197.20000000000005,197.20000000000005,63.90000000000007,3,227.2100602966893,169.62555820924496,57.58450208744435,pelvis>torso>lead_hand,30.01006029668926,-6.3154979125557205
291_8,189,291,R,college,73.6571,True,1.373176755204756,229.623244795244,102.8,1,1.4236559855439237,179.14401445607652,80.60000000000001,1,1.4361677730402795,166.63222695972047,33.4000000000001,1,191.7,133.39999999999998,,191.7,58.30000000000002,3,229.623244795244,166.63222695972047,62.991017835523536,pelvis>torso>lead_hand,37.92324479524402,4.6910178355235175
297_1,26,297,R,college,66.3198,True,1.864148588991402,185.8514110085978,77.79999999999987,1,1.8927511047247083,157.24889527529152,55.59999999999987,1,1.9149275737493396,135.0724262506604,44.39999999999999,1,169.39999999999978,122.19999999999986,197.19999999999985,197.19999999999985,74.99999999999996,3,185.8514110085978,135.0724262506604,50.778984757937394,pelvis>torso>lead_hand,-11.348588991402039,-24.221015242062563
297_2,26,297,R,college,67.2268,True,1.686967931686581,188.0320683134189,77.8000000000001,1,1.7182670339794712,156.73296602052878,55.600000000000094,2,1.723114860426752,151.88513957324813,36.10000000000002,1,166.70000000000007,158.3000000000001,194.39999999999992,194.39999999999992,36.0999999999998,3,188.0320683134189,151.88513957324813,36.14692874017078,pelvis>torso>lead_hand,-6.3679316865810165,0.04692874017097637
297_3,26,297,R,college,67.9453,True,1.5556026268153058,180.49737318469417,55.499999999999886,1,1.5758801978726813,160.21980212731867,50.00000000000004,1,1.595593956287546,140.50604371245413,38.899999999999935,1,161.10000000000002,130.50000000000006,,161.10000000000002,30.59999999999996,3,180.49737318469417,140.50604371245413,39.99132947224004,pelvis>torso>lead_hand,19.397373184694146,9.39132947224008
297_4,26,297,R,college,68.8881,True,2.0710508830870595,201.14911691294068,105.50000000000014,1,2.094792761531638,177.40723846836204,75.00000000000017,1,2.079894835971115,192.3051640288853,52.8000000000004,1,180.50000000000037,130.50000000000006,200.00000000000017,200.00000000000017,69.50000000000011,3,201.14911691294068,177.40723846836204,23.741878444578646,pelvis>lead_hand>torso,1.1491169129405137,-45.75812155542147
297_5,26,297,R,college,68.056,True,1.6284292781427043,185.47072185729573,80.60000000000001,1,1.6464834658547205,167.4165341452798,55.600000000000094,1,1.6448028400488193,169.0971599511808,47.20000000000013,1,169.49999999999997,133.29999999999998,197.20000000000005,197.20000000000005,63.90000000000007,3,185.47072185729573,167.4165341452798,18.05418771201593,pelvis>lead_hand>torso,-11.729278142704317,-45.84581228798414
297_6,26,297,R,college,71.326,True,1.7390913868220002,194.2086131779999,72.20000000000005,1,1.7674120073460855,165.8879926539143,61.09999999999993,1,1.7417478996514302,191.55210034856984,58.30000000000002,1,166.60000000000008,125.0,197.20000000000005,197.20000000000005,72.20000000000005,3,194.2086131779999,165.8879926539143,28.320620524085598,pelvis>lead_hand>torso,-2.991386822000152,-43.87937947591445
297_7,26,297,R,college,70.7294,True,1.858950823436138,199.349176563862,77.7000000000001,1,1.886010350351015,172.28964964898498,61.09999999999993,1,1.919542516628412,138.75748337158834,49.99999999999982,1,169.4,136.1000000000001,,169.4,33.29999999999988,3,199.349176563862,138.75748337158834,60.59169319227365,pelvis>torso>lead_hand,29.949176563861982,27.29169319227377
297_8,26,297,R,college,67.6003,True,1.7154136448294195,184.5863551705802,108.29999999999984,1,1.734594727094786,165.4052729052138,58.30000000000002,1,1.7418993855757454,158.1006144242545,47.19999999999991,1,177.79999999999995,133.29999999999998,,177.79999999999995,44.49999999999999,3,184.5863551705802,158.1006144242545,26.48574074632569,pelvis>torso>lead_hand,6.7863551705802365,-18.014259253674304
300_1,79,300,R,high_school,65.4692,True,1.5376966447186793,234.50335528132072,44.39999999999999,1,1.5909935318940347,181.2064681059653,55.50000000000011,1,1.6142101169933416,157.9898830066584,11.099999999999888,1,199.99999999999997,166.60000000000008,,199.99999999999997,33.39999999999988,3,234.50335528132072,157.9898830066584,76.51347227466232,pelvis>torso>lead_hand,34.50335528132075,43.11347227466244
300_2,79,300,R,high_school,64.1789,True,1.1909765077700485,234.02349222995176,47.20000000000013,1,1.2450034596064656,179.99654039353442,63.90000000000007,1,1.2618662357789074,163.1337642210926,8.299999999999974,1,211.10000000000008,130.60000000000005,,211.10000000000008,80.50000000000001,3,234.02349222995176,163.1337642210926,70.88972800885915,pelvis>torso>lead_hand,22.923492229951677,-9.610271991140863
300_3,79,300,R,high_school,66.3052,True,1.2434369262263143,242.66307377368545,55.499999999999886,1,1.2998533333890894,186.2466666109106,44.39999999999999,1,1.326755333996389,159.34466600361108,8.299999999999974,1,216.6999999999999,116.70000000000005,,216.6999999999999,99.99999999999989,3,242.66307377368545,159.34466600361108,83.31840777007437,pelvis>torso>lead_hand,25.96307377368555,-16.681592229925513
300_4,79,300,R,high_school,65.5387,True,1.3822644232307524,223.33557676924752,47.2999999999999,1,1.4328305767591083,172.7694232408914,61.19999999999992,1,1.447627511961045,157.9724880389546,8.399999999999963,1,194.4999999999999,116.70000000000005,199.99999999999997,199.99999999999997,83.29999999999993,3,223.33557676924752,157.9724880389546,65.36308873029293,pelvis>torso>lead_hand,23.335576769247552,-17.936911269706997
300_5,79,300,R,high_school,65.8671,True,1.6313111704567054,251.9888295432946,44.39999999999999,1,1.7002488489386918,183.0511510613082,69.3999999999999,1,1.72519440526471,158.10559473529003,5.50000000000006,1,188.9000000000001,113.89999999999988,,188.9000000000001,75.00000000000017,3,251.9888295432946,158.10559473529003,93.88323480800457,pelvis>torso>lead_hand,63.08882954329451,18.883234808004403
300_6,79,300,R,high_school,65.7367,True,1.284543690069051,237.656309930949,55.50000000000011,1,1.3385568909899106,183.6431090100894,72.20000000000005,1,1.3544853509621215,167.71464903787847,19.400000000000084,1,205.50000000000003,113.89999999999988,,205.50000000000003,91.60000000000012,3,237.656309930949,167.71464903787847,69.94166089307052,pelvis>torso>lead_hand,32.156309930948964,-21.658339106929603
300_7,79,300,R,high_school,64.9347,True,1.619530716071505,227.66928392849505,52.79999999999996,1,1.667872761490182,179.3272385098179,47.19999999999991,1,1.6807231586928668,166.47684130713313,11.099999999999888,1,208.29999999999995,133.29999999999998,,208.29999999999995,74.99999999999996,3,227.66928392849505,166.47684130713313,61.19244262136192,pelvis>torso>lead_hand,19.369283928495094,-13.807557378638037
300_8,79,300,R,high_school,67.2568,True,1.2923183521807933,246.5816478192067,27.799999999999827,1,1.3588825552933022,180.01744470669777,66.69999999999999,1,1.3826953406945646,156.20465930543537,11.099999999999888,1,241.7,116.70000000000005,,241.7,125.0,3,246.5816478192067,156.20465930543537,90.37698851377132,pelvis>torso>lead_hand,4.881647819206705,-34.62301148622868
302_1,30,302,R,college,67.455,True,1.7108847318754372,180.81526812456272,58.400000000000006,1,1.7240040904098055,167.69590959019442,74.99999999999996,1,1.7488278756965931,142.8721243034068,44.49999999999999,1,169.49999999999997,122.29999999999986,199.99999999999997,199.99999999999997,77.7000000000001,3,180.81526812456272,142.8721243034068,37.94314382115593,pelvis>torso>lead_hand,-19.18473187543725,-39.756856178844174
302_2,30,302,R,college,65.4465,True,1.350070416747649,188.829583252351,66.69999999999999,2,1.3665511010327749,172.34889896722504,80.60000000000001,1,1.3975384653676792,141.3615346323207,41.69999999999985,1,175.00000000000006,119.49999999999994,191.7,191.7,72.20000000000005,3,188.829583252351,141.3615346323207,47.46804862003029,pelvis>torso>lead_hand,-2.8704167476489886,-24.731951379969757
302_3,30,302,R,college,71.6328,True,1.4188554727873188,192.24452721268116,44.39999999999999,2,1.4385740754955354,172.52592450446457,77.79999999999987,1,1.4713695003320073,139.73049966799266,50.00000000000004,1,180.4999999999999,122.20000000000007,194.39999999999992,194.39999999999992,72.19999999999982,3,192.24452721268116,139.73049966799266,52.5140275446885,pelvis>torso>lead_hand,-2.1554727873187574,-19.685972455311315
302_4,30,302,R,college,69.909,True,1.504834311603916,181.26568839608396,24.99999999999991,2,1.5200494959100253,166.05050408997468,77.79999999999987,1,1.549875363999771,136.22463600022883,38.899999999999935,1,172.1999999999999,116.70000000000005,191.7,191.7,74.99999999999996,3,181.26568839608396,136.22463600022883,45.04105239585513,pelvis>torso>lead_hand,-10.43431160391603,-29.958947604144825
302_5,30,302,R,college,66.6791,True,1.6649270910350364,185.07290896496363,75.00000000000017,2,1.6822110881230743,167.7889118769258,88.89999999999998,1,1.7053794639265998,144.6205360734003,50.00000000000004,1,180.60000000000008,122.20000000000007,191.7,191.7,69.4999999999999,3,185.07290896496363,144.6205360734003,40.45237289156333,pelvis>torso>lead_hand,-6.627091035036358,-29.047627108436572
302_6,30,302,R,college,66.8646,True,1.234967787325059,178.93221267494087,66.69999999999999,2,1.2552860467788494,158.61395322115058,80.60000000000001,1,1.2682555139779106,145.64448602208935,38.899999999999935,1,177.79999999999995,136.09999999999988,194.4999999999999,194.4999999999999,58.400000000000006,3,178.93221267494087,145.64448602208935,33.28772665285152,pelvis>torso>lead_hand,-15.567787325059015,-25.112273347148488
302_7,30,302,R,college,69.6708,True,1.0257008873270803,185.39911267291976,58.30000000000002,2,1.0509000833831343,160.19991661686572,77.8000000000001,1,1.0693400383819074,141.7599616180927,44.39999999999999,1,180.5000000000001,122.20000000000007,188.9000000000001,188.9000000000001,66.69999999999999,3,185.39911267291976,141.7599616180927,43.63915105482707,pelvis>torso>lead_hand,-3.500887327080335,-23.06084894517292
302_8,30,302,R,college,72.8338,True,1.612301586178632,190.4984138213679,52.79999999999996,2,1.6365699224179486,166.23007758205134,86.10000000000007,1,1.6590216054692395,143.77839453076024,44.49999999999999,1,188.9000000000001,122.19999999999986,191.7,191.7,69.50000000000011,3,190.4984138213679,143.77839453076024,46.72001929060767,pelvis>torso>lead_hand,-1.201586178632084,-22.779980709392447
313_1,90,313,L,college,62.9895,True,1.1980613396674316,215.8386603325684,52.79999999999996,1,1.2258646776044486,188.0353223955513,77.79999999999987,1,1.2598430086207442,154.05699137925578,63.89999999999985,1,194.4999999999999,144.49999999999986,,194.4999999999999,50.00000000000004,3,215.8386603325684,154.05699137925578,61.78166895331262,pelvis>torso>lead_hand,21.33866033256851,11.781668953312575
313_2,90,313,L,college,62.376,True,1.1488047111088238,240.09528889117627,55.600000000000094,1,1.1901447999592851,198.7552000407149,83.29999999999993,1,1.2256807672329595,163.21923276704052,13.900000000000023,1,208.29999999999995,158.3000000000001,,208.29999999999995,49.99999999999982,3,240.09528889117627,163.21923276704052,76.87605612413574,pelvis>torso>lead_hand,31.795288891176313,26.87605612413592
313_3,90,313,L,college,61.5672,True,1.3503116053908293,224.68839460917067,55.59999999999987,1,1.3788495151166138,196.15048488338616,80.60000000000001,1,1.4254831915034214,149.51680849657856,52.79999999999996,1,202.79999999999987,141.69999999999993,,202.79999999999987,61.09999999999993,3,224.68839460917067,149.51680849657856,75.17158611259211,pelvis>torso>lead_hand,21.888394609170803,14.071586112592179
313_4,90,313,L,college,61.2747,True,1.230346289696308,222.4537103036921,55.600000000000094,1,1.264391315768669,188.40868423133105,80.60000000000001,1,1.296227989757487,156.572010242513,63.90000000000007,1,197.20000000000005,144.50000000000009,197.20000000000005,197.20000000000005,52.69999999999997,3,222.4537103036921,156.572010242513,65.88170006117912,pelvis>torso>lead_hand,25.25371030369206,13.18170006117915
313_5,90,313,L,college,60.6733,True,1.2171639949658262,235.63600503417396,50.00000000000004,1,1.2571837491816555,195.61625081834453,80.60000000000001,1,1.288198253061101,164.60174693889917,69.50000000000011,1,208.40000000000012,158.4000000000001,,208.40000000000012,50.00000000000004,3,235.63600503417396,164.60174693889917,71.0342580952748,pelvis>torso>lead_hand,27.236005034173843,21.03425809527475
313_6,90,313,L,college,63.6572,True,1.1318686859297462,223.7313140702537,52.79999999999996,1,1.1626933572383662,192.9066427616337,80.60000000000001,1,1.2066516319346767,148.9483680653232,19.49999999999985,1,191.7,152.7999999999998,199.99999999999997,199.99999999999997,47.20000000000013,3,223.7313140702537,148.9483680653232,74.7829460049305,pelvis>torso>lead_hand,23.731314070253717,27.582946004930363
313_7,90,313,L,college,63.2584,True,1.6817868813503585,226.51311864964185,161.10000000000002,1,1.712768921772146,195.5310782278541,77.7000000000001,1,1.757872477075353,150.42752292464678,22.2,1,200.00000000000017,150.00000000000014,,200.00000000000017,50.00000000000004,3,226.51311864964185,150.42752292464678,76.08559572499507,pelvis>torso>lead_hand,26.513118649641683,26.08559572499503
313_8,90,313,L,college,61.7985,True,1.6226779769487998,219.0220230512001,44.49999999999999,1,1.6519733498045366,189.7266501954633,83.39999999999992,1,1.685429280530509,156.2707194694908,27.799999999999827,1,197.2999999999998,158.39999999999986,199.99999999999997,199.99999999999997,41.60000000000008,3,219.0220230512001,156.2707194694908,62.751303581709294,pelvis>torso>lead_hand,19.022023051200136,21.151303581709215
320_1,194,320,R,college,60.9538,True,0.6523193697894447,203.2806302105553,83.40000000000003,1,0.6761115429120331,179.4884570879669,80.60000000000001,1,0.7064104887562197,149.18951124378032,5.600000000000049,1,175.00000000000006,116.70000000000005,200.00000000000009,200.00000000000009,83.30000000000004,3,203.2806302105553,149.18951124378032,54.091118966774985,pelvis>torso>lead_hand,3.2806302105552163,-29.208881033225055
320_2,194,320,R,college,61.4977,True,0.6894232327901648,193.87676720983515,72.19999999999993,1,0.7060620331239149,177.23796687608507,74.99999999999996,1,0.7252872008665214,158.01279913347855,16.599999999999948,1,172.20000000000002,119.39999999999996,,172.20000000000002,52.80000000000007,3,193.87676720983515,158.01279913347855,35.8639680763566,pelvis>torso>lead_hand,21.676767209835134,-16.93603192364347
320_3,194,320,R,college,62.7544,True,0.6890362965153187,205.36370348468125,113.8,1,0.7095790761366758,184.82092386332417,86.09999999999995,1,0.7250204633751037,169.37953662489625,25.00000000000002,1,183.3,122.19999999999996,,183.3,61.10000000000005,3,205.36370348468125,169.37953662489625,35.984166859785006,pelvis>torso>lead_hand,22.06370348468124,-25.115833140215045
320_4,194,320,R,college,59.7639,True,0.6687111905240118,206.28880947598816,111.09999999999998,1,0.6931462082260303,181.85379177396965,80.60000000000001,1,0.7076876353728324,167.3123646271676,25.00000000000002,1,180.6,113.9,,180.6,66.69999999999999,3,206.28880947598816,167.3123646271676,38.97644484882056,pelvis>torso>lead_hand,25.688809475988165,-27.723555151179426
320_5,194,320,R,college,63.0789,True,0.9828677794989106,206.03222050108948,72.20000000000005,1,1.0119059180566814,176.99408194331866,77.8000000000001,1,1.0341760271798608,154.72397282013927,19.50000000000007,1,177.79999999999995,119.50000000000016,197.20000000000005,197.20000000000005,77.69999999999987,3,206.03222050108948,154.72397282013927,51.30824768095022,pelvis>torso>lead_hand,8.832220501089438,-26.391752319049658
320_6,194,320,R,college,56.9434,True,0.6660135090044162,203.3864909955837,97.19999999999996,1,0.695207661439022,174.19233856097793,80.4999999999999,1,0.7262428447497021,143.15715525029782,16.599999999999948,1,172.1999999999999,113.7999999999999,,172.1999999999999,58.400000000000006,3,203.3864909955837,143.15715525029782,60.22933574528588,pelvis>torso>lead_hand,31.186490995583796,1.8293357452858743
320_7,194,320,R,college,65.1588,True,0.673026970298145,207.5730297018551,100.00000000000009,1,0.7044500769992206,176.14992300077947,80.60000000000001,1,0.7297336944067103,150.86630559328972,16.70000000000005,1,169.50000000000009,122.30000000000008,,169.50000000000009,47.20000000000002,3,207.5730297018551,150.86630559328972,56.70672410856537,pelvis>torso>lead_hand,38.073029701855006,9.50672410856535
320_8,194,320,R,college,61.489,True,0.7098477254052394,201.2522745947606,99.99999999999996,1,0.7360952546290712,175.00474537092882,77.79999999999998,1,0.7495103172639381,161.5896827360619,27.800000000000047,1,172.20000000000002,108.30000000000008,,172.20000000000002,63.89999999999996,3,201.2522745947606,161.5896827360619,39.662591858698704,pelvis>torso>lead_hand,29.052274594760576,-24.23740814130126
321_1,126,321,R,high_school,61.04,True,0.8064768537337057,215.7231462662943,63.89999999999996,1,0.8465316833404218,175.66831665957815,83.30000000000004,1,0.8467172187757009,175.48278122429906,50.00000000000004,1,183.3,119.39999999999996,,183.3,63.90000000000007,3,215.7231462662943,175.48278122429906,40.24036504199523,pelvis>torso>lead_hand,32.42314626629428,-23.659634958004837
321_2,126,321,R,high_school,65.0598,True,0.9448796264174422,213.42037358255797,55.50000000000011,1,0.9824633966779766,175.83660332202356,77.7000000000001,1,0.9848968329655244,173.4031670344758,38.90000000000016,1,188.9000000000001,122.20000000000007,,188.9000000000001,66.69999999999999,3,213.42037358255797,173.4031670344758,40.01720654808216,pelvis>torso>lead_hand,24.52037358255788,-26.68279345191783
321_3,126,321,R,high_school,60.5188,True,1.085732624032902,236.4673759670981,74.99999999999996,1,1.1339528347726862,188.24716522731387,91.60000000000012,1,1.1355319648280329,186.6680351719672,36.10000000000002,1,194.4000000000001,133.29999999999998,,194.4000000000001,61.10000000000015,3,236.4673759670981,186.6680351719672,49.79934079513089,pelvis>torso>lead_hand,42.067375967098,-11.300659204869262
321_4,126,321,R,high_school,58.2632,True,1.0792191992943387,209.6808007056612,52.79999999999996,1,1.1268114481091531,162.08855189084682,72.20000000000005,1,1.124241105147992,164.6588948520078,2.7999999999999137,1,169.49999999999997,105.59999999999992,,169.49999999999997,63.90000000000007,3,209.6808007056612,162.08855189084682,47.59224881481438,pelvis>lead_hand>torso,40.18080070566123,-16.307751185185687
321_5,126,321,R,high_school,61.6575,True,0.7499746482541108,211.1253517458892,61.09999999999993,1,0.7908071045732915,170.29289542670844,86.09999999999995,1,0.7886100906301733,172.48990936982668,19.399999999999974,1,177.79999999999995,130.49999999999994,194.39999999999992,194.39999999999992,63.89999999999996,3,211.1253517458892,170.29289542670844,40.83245631918075,pelvis>lead_hand>torso,16.72535174588927,-23.067543680819213
321_6,126,321,R,high_school,65.0164,True,1.2583936773914526,227.7063226085474,63.90000000000007,1,1.3113306105135405,174.76938948645972,74.99999999999996,1,1.3168074978629436,169.29250213705637,11.099999999999888,1,191.7,108.30000000000008,,191.7,83.39999999999992,3,227.7063226085474,169.29250213705637,58.41382047149102,pelvis>torso>lead_hand,36.00632260854741,-24.9861795285089
321_7,126,321,R,high_school,61.7234,True,0.9249081609889098,213.9918390110902,58.30000000000002,1,0.964277510056797,174.62248994320305,86.10000000000007,1,0.9694761954949432,169.4238045050569,11.10000000000011,1,186.10000000000005,136.1000000000001,,186.10000000000005,49.999999999999936,3,213.9918390110902,169.4238045050569,44.568034506033314,pelvis>torso>lead_hand,27.891839011090156,-5.431965493966622
321_8,126,321,R,high_school,63.8134,True,1.0050371791912571,219.96282080874275,61.10000000000015,1,1.0481335679300123,176.86643206998775,69.40000000000013,1,1.05940169680284,165.59830319715996,16.70000000000016,1,191.7,130.60000000000005,,191.7,61.09999999999993,3,219.96282080874275,165.59830319715996,54.364517611582784,pelvis>torso>lead_hand,28.26282080874276,-6.735482388417147
324_1,195,324,L,college,67.1736,True,1.7349909500884575,201.10904991154243,44.39999999999999,1,1.759292345266397,176.8076547336026,49.99999999999982,1,1.783073702368237,153.0262976317629,41.69999999999985,1,188.89999999999984,105.49999999999991,,188.89999999999984,83.39999999999992,3,201.10904991154243,153.0262976317629,48.08275227977953,pelvis>torso>lead_hand,12.209049911542593,-35.317247720220394
324_2,195,324,L,college,65.2487,True,1.7926025776930368,224.09742230696335,83.40000000000015,1,1.8336170497754585,183.08295022454192,63.90000000000007,1,1.8682610954601668,148.43890453983332,19.50000000000007,2,197.30000000000024,133.40000000000018,,197.30000000000024,63.90000000000007,3,224.09742230696335,148.43890453983332,75.65851776713004,pelvis>torso>lead_hand,26.797422306963114,11.758517767129966
324_3,195,324,L,college,68.518,True,1.835290209309406,203.60979069059383,66.69999999999999,1,1.8575662154417671,181.3337845582328,66.69999999999999,1,1.8698996947138653,169.00030528613462,38.899999999999935,1,191.7,105.59999999999992,197.20000000000005,197.20000000000005,91.60000000000012,3,203.60979069059383,169.00030528613462,34.60948540445921,pelvis>torso>lead_hand,6.4097906905937805,-56.990514595540915
324_4,195,324,L,college,66.5624,True,1.5838154825946769,207.8845174053232,69.50000000000011,1,1.6155867282166512,176.1132717833489,66.69999999999999,1,1.6331788338118198,158.52116618818025,30.59999999999996,1,180.60000000000008,138.90000000000003,,180.60000000000008,41.70000000000008,3,207.8845174053232,158.52116618818025,49.36335121714296,pelvis>torso>lead_hand,27.28451740532313,7.663351217142882
324_5,195,324,L,college,67.8851,True,1.236100959183279,202.79904081672103,63.90000000000007,1,1.265444939167569,173.455060832431,63.90000000000007,1,1.2786759186261714,160.2240813738287,30.59999999999996,2,183.3,122.20000000000007,197.20000000000005,197.20000000000005,74.99999999999996,3,202.79904081672103,160.2240813738287,42.57495944289232,pelvis>torso>lead_hand,5.599040816720986,-32.425040557107636
324_6,195,324,L,college,67.9485,True,1.369736873531555,196.96312646844504,66.69999999999999,1,1.390896852209785,175.80314779021467,63.90000000000007,1,1.4175952745948726,149.10472540512745,22.299999999999983,2,183.4,119.49999999999994,199.99999999999997,199.99999999999997,80.50000000000001,3,196.96312646844504,149.10472540512745,47.85840106331759,pelvis>torso>lead_hand,-3.0368735315549316,-32.64159893668243
324_7,195,324,L,college,70.4392,True,1.3496828213333407,203.11717866665924,52.79999999999996,1,1.3687163346120943,184.08366538790565,52.79999999999996,1,1.3851148374179223,167.68516258207745,47.19999999999991,1,191.7,108.40000000000003,158.39999999999986,191.7,83.29999999999993,3,203.11717866665924,167.68516258207745,35.43201608458179,pelvis>torso>lead_hand,11.417178666659254,-47.86798391541814
324_8,195,324,L,college,68.9921,True,1.4918636151497005,205.3363848502996,66.6,1,1.5218673149749522,175.33268502504785,66.6,1,1.5259905150561133,171.20948494388676,33.30000000000011,2,186.09999999999997,100.00000000000009,199.99999999999997,199.99999999999997,99.99999999999989,3,205.3363848502996,171.20948494388676,34.12689990641283,pelvis>torso>lead_hand,5.336384850299623,-65.87310009358706
342_1,200,342,L,college,71.4068,True,1.2630774672290517,209.12253277094828,55.499999999999886,1,1.292789042882914,179.4109571170861,52.79999999999996,1,1.3190457306295358,153.15426937046416,13.900000000000023,1,152.80000000000004,130.50000000000006,199.99999999999997,199.99999999999997,69.4999999999999,3,209.12253277094828,153.15426937046416,55.96826340048412,pelvis>torso>lead_hand,9.122532770948311,-13.531736599515781
342_2,200,342,L,college,71.9894,True,1.3454475823986174,204.55241760138264,50.00000000000004,1,1.3754607141313184,174.53928586868162,55.600000000000094,1,1.399492851304999,150.50714869500138,16.69999999999994,1,177.79999999999995,133.29999999999998,199.99999999999997,199.99999999999997,66.69999999999999,3,204.55241760138264,150.50714869500138,54.04526890638127,pelvis>torso>lead_hand,4.552417601382672,-12.654731093618722
342_3,200,342,L,college,72.3962,True,2.134701549895748,229.1984501042519,41.70000000000008,1,2.1830918007811992,180.8081992188009,66.69999999999999,1,2.2063150507496325,157.5849492503676,19.50000000000029,1,194.5000000000001,133.30000000000018,197.20000000000005,197.20000000000005,63.89999999999985,3,229.1984501042519,157.5849492503676,71.61350085388429,pelvis>torso>lead_hand,31.998450104251845,7.71350085388444
342_4,200,342,L,college,73.4176,True,1.5553919736612665,197.40802633873344,41.69999999999985,1,1.5786208208580388,174.17917914196113,52.79999999999996,1,1.5960407984629317,156.75920153706824,16.69999999999994,1,166.69999999999985,125.0,197.19999999999985,197.19999999999985,72.19999999999982,3,197.40802633873344,156.75920153706824,40.6488248016652,pelvis>torso>lead_hand,0.208026338733589,-31.55117519833462
342_5,200,342,L,college,68.7366,True,1.2863349188492874,213.66508115071255,74.99999999999996,1,1.3235187130695474,176.48128693045263,66.69999999999999,1,1.3204787336367116,179.52126636328836,22.2,1,155.59999999999997,133.29999999999998,199.99999999999997,199.99999999999997,66.69999999999999,3,213.66508115071255,176.48128693045263,37.18379422025993,pelvis>lead_hand>torso,13.665081150712581,-29.516205779740062
342_6,200,342,L,college,73.9529,True,1.6148018215225013,210.19817847749863,41.69999999999985,1,1.6489138479130432,176.08615208695676,69.3999999999999,1,1.6635475237417243,161.45247625827562,22.2,1,158.2999999999999,133.29999999999998,197.20000000000005,197.20000000000005,63.90000000000007,3,210.19817847749863,161.45247625827562,48.745702219223006,pelvis>torso>lead_hand,12.998178477498584,-15.154297780777064
342_7,200,342,L,college,69.6332,True,1.300656707438698,204.94329256130217,74.99999999999996,1,1.3329523628360314,172.64763716396868,63.90000000000007,1,1.3533257522421676,152.27424775783248,13.900000000000023,1,186.20000000000013,125.0,186.20000000000013,186.20000000000013,61.20000000000015,3,204.94329256130217,152.27424775783248,52.66904480346969,pelvis>torso>lead_hand,18.74329256130204,-8.530955196530464
342_8,200,342,L,college,71.4152,True,2.023317950405823,212.782049594177,58.30000000000002,1,2.055640168698389,180.45983130161105,63.89999999999985,1,2.077892812071121,158.2071879288791,22.199999999999772,1,191.7,141.70000000000016,197.20000000000005,197.20000000000005,55.499999999999886,3,212.782049594177,158.2071879288791,54.5748616652979,pelvis>torso>lead_hand,15.582049594176965,-0.9251383347019839
343_1,201,343,R,college,67.0852,True,1.7274561714789256,236.4438285210744,86.10000000000007,1,1.7699232808478975,193.97671915210225,86.10000000000007,1,1.7882791590388156,175.62084096118434,2.7999999999999137,1,211.10000000000008,141.69999999999993,197.20000000000005,211.10000000000008,69.40000000000013,3,236.4438285210744,175.62084096118434,60.822987559890066,pelvis>torso>lead_hand,25.34382852107433,-8.577012440110067
343_2,201,343,R,college,69.2771,True,1.3410134331191512,242.2865668808487,83.29999999999993,1,1.3869417363808874,196.35826361911256,83.29999999999993,1,1.4114781393295923,171.82186067040735,8.299999999999974,1,213.9,141.59999999999994,199.99999999999997,213.9,72.30000000000003,3,242.2865668808487,171.82186067040735,70.46470621044136,pelvis>torso>lead_hand,28.386566880848704,-1.835293789558662
343_3,201,343,R,college,65.1579,True,0.975868116547466,218.53188345253383,69.3999999999999,1,1.0137865857191384,180.61341428086152,74.99999999999996,1,1.0062495740191038,188.15042598089616,19.399999999999864,1,199.99999999999997,138.7999999999998,199.99999999999997,199.99999999999997,61.20000000000015,3,218.53188345253383,180.61341428086152,37.918469171672314,pelvis>lead_hand>torso,18.53188345253386,-23.28153082832784
343_4,201,343,R,college,68.2875,True,1.6207249201350338,262.5750798649662,88.89999999999998,1,1.6874445864525824,195.85541354741756,83.29999999999993,1,1.705672580204026,177.62741979597396,11.099999999999888,1,219.40000000000003,144.4000000000001,199.99999999999997,219.40000000000003,74.99999999999996,3,262.5750798649662,177.62741979597396,84.94766006899223,pelvis>torso>lead_hand,43.175079864966165,9.947660068992278
343_5,201,343,R,college,65.3756,True,1.9953635404696917,271.3364595303088,77.80000000000031,1,2.063180921825672,203.5190781743288,88.9000000000002,1,2.0757117288183284,190.9882711816717,41.70000000000008,1,213.9000000000002,161.10000000000025,200.00000000000017,213.9000000000002,52.79999999999996,3,271.3364595303088,190.9882711816717,80.34818834863708,pelvis>torso>lead_hand,57.43645953030858,27.54818834863712
343_6,201,343,R,college,68.9904,True,1.030141833075121,247.65816692487897,86.10000000000007,1,1.081657079910129,196.14292008987096,74.99999999999996,1,1.0854086174349828,192.3913825650172,72.20000000000005,1,163.90000000000015,147.2,199.99999999999997,199.99999999999997,52.79999999999996,3,247.65816692487897,192.3913825650172,55.26678435986176,pelvis>torso>lead_hand,47.658166924879,2.466784359861798
343_7,201,343,R,college,68.5858,True,1.6564067377700322,254.6932622299678,88.89999999999998,1,1.7075763454018595,203.52365459814047,83.29999999999993,1,1.726712661154888,184.38733884511203,61.09999999999993,1,216.7000000000001,155.49999999999997,199.99999999999997,216.7000000000001,61.20000000000015,3,254.6932622299678,184.38733884511203,70.30592338485576,pelvis>torso>lead_hand,37.993262229967684,9.105923384855608
343_8,201,343,R,college,70.3519,True,1.2455268097739325,237.7731902260676,86.10000000000007,1,1.2933731551609278,189.9268448390723,83.30000000000015,1,1.2962120074728358,187.08799252716423,2.7000000000001467,1,205.50000000000003,147.2,199.99999999999997,205.50000000000003,58.30000000000002,3,237.7731902260676,187.08799252716423,50.68519769890338,pelvis>torso>lead_hand,32.273190226067584,-7.614802301096638
343_9,201,343,R,college,69.9364,True,1.452918059898589,252.6819401014111,94.50000000000004,1,1.51063531970097,194.9646802990301,83.39999999999992,1,1.5061175849374686,199.4824150625314,13.900000000000023,1,211.20000000000005,161.20000000000002,199.99999999999997,211.20000000000005,50.00000000000004,3,252.6819401014111,194.9646802990301,57.717259802380994,pelvis>lead_hand>torso,41.481940101411055,7.717259802380951
349_1,121,349,R,high_school,67.0615,True,1.1451564643925136,232.64353560748629,80.60000000000001,2,1.1772144871873265,200.58551281267344,80.60000000000001,1,1.2140230569142991,163.77694308570057,22.2,1,230.5999999999999,141.69999999999993,,230.5999999999999,88.89999999999998,3,232.64353560748629,163.77694308570057,68.86659252178572,pelvis>torso>lead_hand,2.043535607486376,-20.033407478214258
349_3,121,349,R,high_school,67.6381,True,1.492950824329253,243.1491756707469,94.40000000000003,2,1.5318148896525976,204.2851103474024,86.10000000000007,1,1.5907158487334747,145.3841512665253,16.69999999999994,2,241.7,116.70000000000005,,241.7,125.0,3,243.1491756707469,145.3841512665253,97.7650244042216,pelvis>torso>lead_hand,1.4491756707469108,-27.234975595778394
349_4,121,349,R,high_school,68.7157,True,1.3036719277932376,254.62807220676245,91.60000000000012,2,1.3524896872706802,205.81031272931983,83.29999999999993,1,1.397226509175444,161.07349082455613,19.400000000000084,2,252.69999999999996,116.60000000000004,,252.69999999999996,136.09999999999988,3,254.62807220676245,161.07349082455613,93.55458138220632,pelvis>torso>lead_hand,1.9280722067624936,-42.54541861779356
349_5,121,349,R,high_school,66.5966,True,1.2329028915859732,255.99710841402668,105.59999999999992,2,1.2822070806932315,206.69291930676812,88.89999999999998,1,1.3255118456915584,163.38815430844144,19.49999999999985,1,255.59999999999985,116.6999999999998,,255.59999999999985,138.90000000000003,3,255.99710841402668,163.38815430844144,92.60895410558524,pelvis>torso>lead_hand,0.3971084140268317,-46.29104589441479
349_6,121,349,R,high_school,67.4499,True,1.348175724962696,246.22427503730404,94.40000000000003,2,1.38649111107212,207.90888892788,80.50000000000001,1,1.4345264850606934,159.8735149393067,19.400000000000084,2,241.6,108.30000000000008,,241.6,133.29999999999998,3,246.22427503730404,159.8735149393067,86.35076009799735,pelvis>torso>lead_hand,4.624275037304045,-46.94923990200263
349_7,121,349,R,high_school,68.8657,True,1.2331873672811613,252.9126327188387,86.10000000000007,2,1.3127866480509018,173.31335194909815,80.50000000000001,1,1.3249567997195146,161.14320028048533,22.2,2,250.0,119.39999999999996,,250.0,130.60000000000005,3,252.9126327188387,161.14320028048533,91.76943243835336,pelvis>torso>lead_hand,2.912632718838694,-38.83056756164669
349_8,121,349,R,high_school,68.7958,True,1.2690519801125746,258.74801988742547,100.00000000000009,2,1.3186397070295874,209.1602929704126,83.40000000000015,1,1.3714570248885516,156.34297511144845,2.800000000000136,1,255.60000000000005,122.20000000000007,,255.60000000000005,133.39999999999998,3,258.74801988742547,156.34297511144845,102.40504477597702,pelvis>torso>lead_hand,3.14801988742542,-30.99495522402296
350_1,207,350,R,high_school,65.5628,True,1.358923134511945,193.87686548805493,74.99999999999996,1,1.3918611635783966,160.93883642160333,61.09999999999993,1,1.4068989468521964,145.90105314780354,19.49999999999985,1,172.1999999999999,122.19999999999986,,172.1999999999999,50.00000000000004,3,193.87686548805493,145.90105314780354,47.975812340251395,pelvis>torso>lead_hand,21.67686548805503,-2.024187659748648
350_2,207,350,R,high_school,62.6331,True,0.8340653213460714,190.93467865392856,83.29999999999993,1,0.864391384628253,160.60861537174688,63.89999999999996,1,0.8749293444407923,150.0706555592076,24.99999999999991,1,166.69999999999996,127.79999999999993,,166.69999999999996,38.90000000000005,3,190.93467865392856,150.0706555592076,40.86402309472095,pelvis>torso>lead_hand,24.234678653928597,1.9640230947209005
350_4,207,350,R,high_school,62.3156,True,1.0549658992787816,192.23410072121848,69.40000000000013,1,1.0904392793071984,156.76072069280167,63.90000000000007,1,1.0984668877250707,148.73311227492937,22.2,1,172.20000000000013,125.0,,172.20000000000013,47.20000000000013,3,192.23410072121848,148.73311227492937,43.500988446289114,pelvis>torso>lead_hand,20.03410072121835,-3.699011553711017
350_5,207,350,R,high_school,60.6943,True,1.0493010844960529,200.69891550394715,88.89999999999998,1,1.0795258932509666,170.4741067490334,74.99999999999996,1,1.1006549625855755,149.3450374144243,27.800000000000047,1,177.79999999999995,127.79999999999993,,177.79999999999995,50.00000000000004,3,200.69891550394715,149.3450374144243,51.35387808952285,pelvis>torso>lead_hand,22.898915503947194,1.3538780895228086
350_6,207,350,R,high_school,66.3954,True,1.523180047608027,204.61995239197296,108.40000000000003,1,1.5619868933357963,165.81310666420367,74.99999999999996,1,1.5753470679336274,152.45293206637257,19.50000000000007,1,172.1999999999999,130.60000000000005,,172.1999999999999,41.59999999999986,3,204.61995239197296,152.45293206637257,52.16702032560039,pelvis>torso>lead_hand,32.419952391973055,10.56702032560053
350_7,207,350,R,high_school,64.4862,True,0.9883130924742592,197.7869075257408,80.50000000000001,1,1.027362323798682,158.73767620131795,74.99999999999996,1,1.0369732078339204,149.1267921660795,19.399999999999864,1,174.99999999999983,125.0,,174.99999999999983,49.99999999999982,3,197.7869075257408,149.1267921660795,48.66011535966129,pelvis>torso>lead_hand,22.786907525740958,-1.339884640338532
350_8,207,350,R,high_school,66.8345,True,1.1864325028265157,194.16749717348435,72.30000000000003,1,1.223513066960104,157.08693303989608,66.69999999999999,1,1.2343562137848052,146.24378621519486,22.299999999999983,1,175.00000000000006,125.0,199.99999999999997,199.99999999999997,74.99999999999996,3,194.16749717348435,146.24378621519486,47.92371095828949,pelvis>torso>lead_hand,-5.832502826515622,-27.076289041710467
353_1,98,353,L,college,63.4835,True,1.8305144590844868,191.68554091551337,72.20000000000026,1,1.8548240762176236,167.37592378237687,66.60000000000022,1,1.8484281249441863,173.7718750558137,47.20000000000013,1,177.80000000000018,127.80000000000014,194.4000000000001,194.4000000000001,66.6,3,191.68554091551337,167.37592378237687,24.3096171331365,pelvis>lead_hand>torso,-2.7144590844867196,-42.290382866863496
353_2,98,353,L,college,66.7865,True,1.0482253434549953,190.6746565450046,77.79999999999987,1,1.072544809361807,166.35519063819282,63.89999999999985,1,1.0699492447309638,168.95075526903614,66.69999999999999,1,172.1999999999999,125.0,194.4999999999999,194.4999999999999,69.4999999999999,3,190.6746565450046,166.35519063819282,24.319465906811786,pelvis>lead_hand>torso,-3.825343454995277,-45.180534093188115
353_3,98,353,L,college,65.9822,True,1.113615816856567,194.68418314343293,127.69999999999992,1,1.138844157030099,169.45584296990134,63.90000000000007,1,1.1318994168512215,176.40058314877848,8.299999999999974,1,175.00000000000006,155.49999999999997,199.99999999999997,199.99999999999997,44.49999999999999,3,194.68418314343293,169.45584296990134,25.228340173531592,pelvis>lead_hand>torso,-5.315816856567039,-19.2716598264684
353_4,98,353,L,college,67.5187,True,1.2160735493895007,186.7264506104993,74.99999999999996,1,1.2347844723698405,168.0155276301596,58.400000000000006,1,1.226590569073979,176.20943092602116,77.8000000000001,1,169.49999999999997,122.20000000000007,194.5000000000001,194.5000000000001,72.30000000000003,3,186.7264506104993,168.0155276301596,18.710922980339717,pelvis>lead_hand>torso,-7.7735493895008005,-53.58907701966031
353_5,98,353,L,college,67.7412,True,2.103913632503825,198.88636749617515,130.59999999999982,1,2.1300738262189145,172.72617378108546,77.79999999999987,1,2.1225077786972557,180.29222130274468,66.69999999999999,1,180.60000000000008,155.59999999999974,197.20000000000005,197.20000000000005,41.60000000000031,3,198.88636749617515,172.72617378108546,26.16019371508969,pelvis>lead_hand>torso,1.6863674961751087,-15.439806284910617
353_6,98,353,L,college,65.3232,True,1.4691467629184474,194.75323708155256,125.0,1,1.4960471666870736,167.85283331292632,66.69999999999999,1,1.4923614558370175,171.53854416298242,80.60000000000001,1,177.79999999999995,130.59999999999982,197.20000000000005,197.20000000000005,66.60000000000022,3,194.75323708155256,167.85283331292632,26.900403768626234,pelvis>lead_hand>torso,-2.44676291844749,-39.69959623137399
353_7,98,353,L,college,63.6046,True,1.3092974057304674,190.70259426953265,77.8000000000001,1,1.330918572934458,169.08142706554185,74.99999999999996,1,1.3214852068233434,178.51479317665664,83.29999999999993,1,177.79999999999995,130.60000000000005,199.99999999999997,199.99999999999997,69.3999999999999,3,190.70259426953265,169.08142706554185,21.621167203990808,pelvis>lead_hand>torso,-9.297405730467318,-47.7788327960091
353_8,98,353,L,college,63.4409,True,1.5011056984088815,193.2943015911184,130.49999999999983,1,1.5264891279607404,167.91087203925946,74.99999999999996,1,1.5022913265923026,192.10867340769727,72.19999999999982,1,177.69999999999996,130.49999999999983,199.99999999999997,199.99999999999997,69.50000000000011,3,193.2943015911184,167.91087203925946,25.38342955185894,pelvis>lead_hand>torso,-6.705698408881574,-44.116570448141175
358_1,58,358,L,college,72.7336,True,1.252115380640436,222.88461935956397,141.70000000000016,1,1.2909769025585744,184.02309744142565,72.20000000000005,1,1.314002891829967,160.997108170033,22.2,3,194.4000000000001,122.20000000000007,180.60000000000008,194.4000000000001,72.20000000000005,3,222.88461935956397,160.997108170033,61.88751118953098,pelvis>torso>lead_hand,28.48461935956388,-10.312488810469063
358_3,58,358,L,college,73.9305,True,1.2935630850464117,220.33691495358832,50.00000000000004,1,1.3420332415776273,171.86675842237275,69.50000000000011,1,1.3181145115492054,195.7854884507946,30.59999999999996,2,186.09999999999997,113.90000000000012,166.70000000000007,186.09999999999997,72.19999999999982,3,220.33691495358832,171.86675842237275,48.470156531215565,pelvis>lead_hand>torso,34.236914953588354,-23.729843468784253
358_5,58,358,L,college,73.2244,True,1.1300710492451402,236.6289507548598,55.600000000000094,1,1.1830152482813845,183.68475171861576,74.99999999999996,1,1.104549721184435,262.15027881556495,25.00000000000013,2,183.4,122.30000000000008,199.99999999999997,199.99999999999997,77.69999999999987,3,262.15027881556495,183.68475171861576,78.46552709694919,lead_hand>pelvis>torso,62.150278815564974,0.7655270969493131
358_6,58,358,L,college,73.024,True,1.105644232247802,241.555767752198,61.09999999999993,1,1.1579285800693615,189.27141993063825,72.20000000000005,1,1.1235990428140257,223.60095718597427,27.800000000000047,2,191.6,116.60000000000004,163.89999999999992,191.6,74.99999999999996,3,241.555767752198,189.27141993063825,52.28434782155975,pelvis>lead_hand>torso,49.955767752198,-22.71565217844021
358_7,58,358,L,college,76.8577,True,0.957295656604447,223.30434339555305,77.8000000000001,1,0.9976980962422664,182.90190375773363,72.30000000000003,1,0.9788262051399944,201.7737948600056,25.00000000000013,2,191.7000000000001,122.30000000000008,161.20000000000002,191.7000000000001,69.40000000000002,3,223.30434339555305,182.90190375773363,40.40243963781941,pelvis>lead_hand>torso,31.604343395552945,-28.997560362180607
358_8,58,358,L,college,75.3953,True,1.041550189562186,216.74981043781384,80.50000000000001,1,1.0823657871125354,175.93421288746458,69.3999999999999,1,1.0711063616831278,187.19363831687215,22.2,2,197.20000000000005,125.0,149.99999999999991,197.20000000000005,72.20000000000005,3,216.74981043781384,175.93421288746458,40.81559755034925,pelvis>lead_hand>torso,19.54981043781379,-31.384402449650793
360_1,210,360,R,college,70.7704,True,1.3548526538469756,211.8473461530244,69.4999999999999,1,1.4040748367133438,162.6251632866562,69.4999999999999,1,1.3988867329266967,167.81326707330325,36.10000000000002,1,172.2999999999999,119.49999999999994,199.99999999999997,199.99999999999997,80.50000000000001,3,211.8473461530244,162.6251632866562,49.2221828663682,pelvis>lead_hand>torso,11.847346153024432,-31.277817133631814
360_2,210,360,R,college,70.3252,True,1.009476803103882,223.8231968961182,66.6,1,1.0645463322308704,168.7536677691297,63.90000000000007,1,1.0643006435295572,168.99935647044285,2.7000000000001467,1,188.9000000000001,125.0,,188.9000000000001,63.90000000000007,3,223.8231968961182,168.7536677691297,55.0695291269885,pelvis>lead_hand>torso,34.9231968961181,-8.83047087301157
360_3,210,360,R,college,69.597,True,0.9395601151599616,199.3398848400385,55.600000000000094,1,0.9883103080995884,150.5896919004117,44.49999999999999,1,0.9780672818932852,160.83271810671496,30.59999999999996,1,158.29999999999998,122.20000000000007,197.20000000000005,197.20000000000005,74.99999999999996,3,199.3398848400385,150.5896919004117,48.7501929396268,pelvis>lead_hand>torso,2.1398848400384622,-26.249807060373158
360_4,210,360,R,college,68.0364,True,1.4460410078149113,203.95899218508865,61.09999999999993,1,1.4927916401529857,157.20835984701444,49.99999999999982,1,1.4898471960948605,160.15280390513965,30.59999999999996,1,161.10000000000002,122.19999999999986,,161.10000000000002,38.90000000000016,3,203.95899218508865,157.20835984701444,46.75063233807421,pelvis>lead_hand>torso,42.858992185088624,7.85063233807405
360_5,210,360,R,college,70.175,True,2.7623811164330663,215.41888356693352,74.99999999999973,1,2.8179608700210097,159.8391299789901,55.59999999999965,1,2.817052888621718,160.74711137828191,22.199999999999772,1,208.3999999999997,130.59999999999982,,208.3999999999997,77.79999999999987,3,215.41888356693352,159.8391299789901,55.57975358794343,pelvis>lead_hand>torso,7.018883566933823,-22.22024641205644
360_6,210,360,R,college,69.0553,True,1.2159869228037004,206.2130771962996,72.19999999999982,1,1.2687432628140556,153.45673718594432,52.79999999999996,1,1.2597124636516492,162.48753634835066,2.7999999999999137,1,163.89999999999992,125.0,,163.89999999999992,38.899999999999935,3,206.2130771962996,153.45673718594432,52.756340010355274,pelvis>lead_hand>torso,42.31307719629967,13.85634001035534
360_7,210,360,R,college,67.6399,True,1.4584208127604488,205.47918723955115,119.49999999999994,1,1.5064727610707296,157.42723892927037,50.00000000000004,1,1.4969088531979808,166.9911468020191,2.7999999999999137,1,177.79999999999995,125.0,194.4999999999999,194.4999999999999,69.4999999999999,3,205.47918723955115,157.42723892927037,48.05194831028078,pelvis>lead_hand>torso,10.979187239551266,-21.448051689719122
360_8,210,360,R,college,67.3336,True,1.4154931888108526,201.2068111891474,63.90000000000007,1,1.4633834822057576,153.31651779424237,63.90000000000007,1,1.4601817049628003,156.51829503719972,33.4000000000001,1,177.79999999999995,111.09999999999998,199.99999999999997,199.99999999999997,88.89999999999998,3,201.2068111891474,153.31651779424237,47.89029339490503,pelvis>lead_hand>torso,1.2068111891474302,-41.00970660509495
363_1,34,363,R,college,71.1714,True,0.9254679451389848,221.7320548610153,91.59999999999992,1,0.9707818329772108,176.41816702278933,86.10000000000007,1,0.9716035386648416,175.59646133515838,36.10000000000002,1,197.20000000000005,119.39999999999996,199.99999999999997,199.99999999999997,80.60000000000001,3,221.7320548610153,175.59646133515838,46.13559352585693,pelvis>torso>lead_hand,21.732054861015342,-34.464406474143075
363_2,34,363,R,college,71.3523,True,1.0132892080270783,211.71079197292173,75.00000000000017,1,1.0774307887155905,147.5692112844096,61.10000000000015,1,1.0682362220495665,156.76377795043385,30.600000000000183,1,172.20000000000013,111.1000000000002,194.4000000000001,194.4000000000001,83.29999999999993,3,211.71079197292173,147.5692112844096,64.14158068851214,pelvis>lead_hand>torso,17.310791972921635,-19.15841931148779
363_3,34,363,R,college,70.7232,True,0.9964740815137768,197.9259184862232,72.19999999999982,1,1.0367712798493105,157.62872015068942,61.09999999999993,1,1.0337238417535468,160.6761582464531,30.49999999999997,1,174.99999999999983,105.49999999999991,183.29999999999976,183.29999999999976,77.79999999999987,3,197.9259184862232,157.62872015068942,40.29719833553378,pelvis>lead_hand>torso,14.62591848622344,-37.50280166446609
363_4,34,363,R,college,70.4637,True,1.1856346634406612,211.56533655933885,80.50000000000001,1,1.2396981631151354,157.50183688486464,66.6,1,1.231774220006404,165.42577999359608,36.10000000000002,1,180.5000000000001,122.20000000000007,177.79999999999995,180.5000000000001,58.30000000000002,3,211.56533655933885,157.50183688486464,54.0634996744742,pelvis>lead_hand>torso,31.065336559338732,-4.236500325525817
363_5,34,363,R,college,71.8841,True,1.6104482349778655,200.65176502213444,74.99999999999996,1,1.6541948038439824,156.9051961560175,61.09999999999993,1,1.6460524122145208,165.04758778547912,33.29999999999988,1,174.99999999999983,111.09999999999998,199.99999999999997,199.99999999999997,88.89999999999998,3,200.65176502213444,156.9051961560175,43.746568866116945,pelvis>lead_hand>torso,0.6517650221344695,-45.15343113388303
363_6,34,363,R,college,72.6495,True,1.1792752589013626,206.82474109863747,119.40000000000018,1,1.2293754411152746,156.72455888472547,66.7000000000002,3,1.2243828201918707,161.71717980812937,33.30000000000011,1,180.5000000000001,141.70000000000016,194.4000000000001,194.4000000000001,52.69999999999997,3,206.82474109863747,156.72455888472547,50.10018221391201,pelvis>lead_hand>torso,12.424741098637384,-2.5998177860879608
363_7,34,363,R,college,72.6779,True,1.1541275111970415,218.0724888029586,119.40000000000018,1,1.1980594474401047,174.14055255989535,66.6,1,1.2020872695825306,170.11273041746944,2.800000000000136,1,188.9000000000001,119.40000000000018,183.3,188.9000000000001,69.4999999999999,3,218.0724888029586,170.11273041746944,47.95975838548915,pelvis>torso>lead_hand,29.172488802958497,-21.540241614510748
363_8,34,363,R,college,70.9444,True,1.7131135071209165,222.98649287908344,80.50000000000001,1,1.7799833826547429,156.11661734525703,63.89999999999985,1,1.777669965124624,158.43003487537598,33.29999999999988,1,202.79999999999987,111.09999999999998,199.99999999999997,202.79999999999987,91.69999999999987,3,222.98649287908344,156.11661734525703,66.86987553382642,pelvis>lead_hand>torso,20.186492879083573,-24.83012446617346
376_1,215,376,R,college,67.5581,True,1.623653104043928,201.346895956072,94.40000000000003,1,1.65495610771193,170.04389228806983,61.09999999999993,1,1.6521143577055033,172.88564229449665,44.39999999999999,1,172.1999999999999,94.40000000000003,188.89999999999984,188.89999999999984,94.4999999999998,3,201.346895956072,170.04389228806983,31.303003668002162,pelvis>lead_hand>torso,12.446895956072154,-63.19699633199764
376_2,215,376,R,college,66.1049,True,1.7280046602730137,213.6953397269865,86.10000000000007,1,1.7731896819616395,168.51031803836048,72.30000000000003,1,1.764927687101985,176.77231289801497,52.79999999999996,1,177.79999999999995,122.30000000000008,199.99999999999997,199.99999999999997,77.69999999999987,3,213.6953397269865,168.51031803836048,45.18502168862602,pelvis>lead_hand>torso,13.695339726986532,-32.51497831137385
376_3,215,376,R,college,66.5969,True,1.4533146382731756,210.5853617268243,94.50000000000004,1,1.4894640595483375,174.43594045166222,69.4999999999999,1,1.495968328710919,167.9316712890813,58.30000000000002,1,169.49999999999997,133.29999999999998,,169.49999999999997,36.20000000000001,3,210.5853617268243,167.9316712890813,42.653690437742995,pelvis>torso>lead_hand,41.08536172682432,6.453690437742985
376_4,215,376,R,college,66.6973,True,1.434222506557583,210.177493442417,105.50000000000014,1,1.4742483383894938,170.15166161050632,80.50000000000001,1,1.4704118061913694,173.98819380863074,41.60000000000008,1,183.3,125.0,197.20000000000005,197.20000000000005,72.20000000000005,3,210.177493442417,170.15166161050632,40.025831831910665,pelvis>lead_hand>torso,12.977493442416943,-32.17416816808938
376_6,215,376,R,college,64.9884,True,1.7303203555352866,214.07964446471328,111.09999999999998,1,1.768884601345763,175.51539865423683,77.69999999999987,2,1.7706069403587117,173.79305964128844,49.99999999999982,1,166.59999999999985,136.09999999999988,199.99999999999997,199.99999999999997,63.90000000000007,3,214.07964446471328,173.79305964128844,40.286584823424846,pelvis>torso>lead_hand,14.079644464713311,-23.613415176575224
376_7,215,376,R,college,66.6412,True,1.374487631255537,200.51236874446295,86.10000000000007,1,1.402094713139868,172.90528686013195,72.20000000000005,1,1.4068555521384576,168.14444786154235,8.299999999999974,1,161.10000000000002,119.39999999999996,177.79999999999995,177.79999999999995,58.400000000000006,3,200.51236874446295,168.14444786154235,32.3679208829206,pelvis>torso>lead_hand,22.712368744462992,-26.032079117079405
376_8,215,376,R,college,66.5418,True,1.1574069334537942,203.69306654620576,77.79999999999987,1,1.1908086060366467,170.29139396335324,72.20000000000005,1,1.1942526515740872,166.84734842591274,38.899999999999935,1,163.89999999999992,125.0,,163.89999999999992,38.899999999999935,3,203.69306654620576,166.84734842591274,36.845718120293014,pelvis>torso>lead_hand,39.793066546205836,-2.05428187970692
378_1,57,378,R,college,68.2454,True,0.785247152905308,214.752847094692,91.7,1,0.8164176966038463,183.5823033961537,77.79999999999998,1,0.8187707910901044,181.2292089098956,27.800000000000047,1,197.20000000000005,105.60000000000002,,197.20000000000005,91.6,3,214.752847094692,181.2292089098956,33.5236381847964,pelvis>torso>lead_hand,17.55284709469194,-58.0763618152036
378_2,57,378,R,college,69.5744,True,1.103178927230985,207.9210727690146,83.29999999999993,1,1.12493268600544,186.1673139945599,80.50000000000001,1,1.1283526254540015,182.74737454599844,30.49999999999997,1,194.39999999999992,141.69999999999993,,194.39999999999992,52.69999999999997,3,207.9210727690146,182.74737454599844,25.173698223016146,pelvis>torso>lead_hand,13.521072769014665,-27.52630177698382
378_3,57,378,R,college,71.2679,True,1.0420636036805988,219.0363963194013,88.9000000000002,1,1.0700712500187977,191.02874998120245,86.10000000000007,1,1.0751689749087463,185.9310250912536,30.500000000000192,1,202.8000000000001,152.80000000000004,,202.8000000000001,50.00000000000004,3,219.0363963194013,185.9310250912536,33.1053712281477,pelvis>torso>lead_hand,16.236396319401194,-16.89462877185234
378_4,57,378,R,college,69.6103,True,0.9566545581908728,207.2454418091272,74.99999999999996,1,0.9846137475863442,179.2862524136557,74.99999999999996,1,0.986481966144158,177.41803385584188,24.99999999999991,1,194.4999999999999,133.29999999999998,,194.4999999999999,61.19999999999992,3,207.2454418091272,177.41803385584188,29.827407953285302,pelvis>torso>lead_hand,12.7454418091273,-31.372592046714615
378_5,57,378,R,college,70.8054,True,0.8598328017153946,206.86719828460545,80.60000000000001,1,0.8816848599170137,185.01514008298625,80.60000000000001,1,0.889979230990084,176.72076900991595,27.800000000000047,1,197.30000000000004,130.59999999999994,199.99999999999997,199.99999999999997,69.40000000000002,3,206.86719828460545,176.72076900991595,30.146429274689496,pelvis>torso>lead_hand,6.867198284605479,-39.253570725310524
378_6,57,378,R,college,67.6051,True,0.7872101320871394,201.6898679128606,72.20000000000005,1,0.8076283648649554,181.27163513504465,72.20000000000005,1,0.8165930941391548,172.30690586084518,22.2,1,191.7,119.50000000000006,,191.7,72.19999999999993,3,201.6898679128606,172.30690586084518,29.382962052015415,pelvis>torso>lead_hand,9.989867912860603,-42.81703794798452
378_7,57,378,R,college,71.8771,True,0.695719816351552,207.08018364844804,77.8000000000001,1,0.7215122395309747,181.2877604690254,72.20000000000005,1,0.7310776780934614,171.7223219065387,22.2,1,183.4,133.40000000000006,197.20000000000005,197.20000000000005,63.79999999999997,3,207.08018364844804,171.7223219065387,35.357861741909346,pelvis>torso>lead_hand,9.880183648447996,-28.442138258090623
378_8,57,378,R,college,64.4698,True,0.9049177289399636,206.1822710600365,72.20000000000005,1,0.9291252209576912,181.97477904230877,74.99999999999996,1,0.9423584484639588,168.7415515360412,19.400000000000084,1,191.7,138.90000000000003,,191.7,52.79999999999996,3,206.1822710600365,168.7415515360412,37.44071952399531,pelvis>torso>lead_hand,14.48227106003651,-15.359280476004649
383_1,94,383,L,college,70.5587,True,1.3274611546629853,200.33884533701476,77.8000000000001,1,1.3527283056666934,175.0716943333066,72.20000000000005,1,1.3657653615785423,162.03463842145771,27.800000000000047,1,191.7,125.0,,191.7,66.69999999999999,3,200.33884533701476,162.03463842145771,38.304206915557046,pelvis>torso>lead_hand,8.638845337014772,-28.395793084442943
383_2,94,383,L,college,70.7986,True,1.2522119154899958,197.78808451000415,74.99999999999996,1,1.2769860430492137,173.01395695078648,66.69999999999999,1,1.2859441340906177,164.05586590938225,33.29999999999988,1,191.7,119.39999999999996,169.4,191.7,72.30000000000003,3,197.78808451000415,164.05586590938225,33.732218600621906,pelvis>torso>lead_hand,6.088084510004165,-38.56778139937812
383_3,94,383,L,college,73.3285,True,0.9986900481057,204.1099518943,80.60000000000001,1,1.0339436360958691,168.85636390413094,69.50000000000011,1,1.0461208347552862,156.67916524471391,27.800000000000047,1,194.5000000000001,130.60000000000005,,194.5000000000001,63.90000000000007,3,204.1099518943,156.67916524471391,47.43078664958608,pelvis>torso>lead_hand,9.609951894299883,-16.469213350413987
383_4,94,383,L,college,76.1298,True,1.377213582853263,200.5864171467371,69.50000000000011,1,1.4033484179571354,174.45158204286471,66.69999999999999,1,1.4109490702246823,166.85092977531758,30.600000000000183,1,188.9000000000001,111.1000000000002,197.20000000000005,197.20000000000005,86.09999999999984,3,200.5864171467371,166.85092977531758,33.73548737141951,pelvis>torso>lead_hand,3.3864171467370454,-52.36451262858033
383_5,94,383,L,college,76.1241,True,1.0209601894105722,215.13981058942775,88.89999999999998,1,1.0532563951947902,182.8436048052098,77.79999999999987,1,1.0634272141223338,172.6727858776662,33.29999999999988,1,199.99999999999997,133.29999999999998,,199.99999999999997,66.69999999999999,3,215.13981058942775,172.6727858776662,42.46702471176155,pelvis>torso>lead_hand,15.139810589427782,-24.232975288238435
383_6,94,383,L,college,73.4352,True,1.1346820085899625,212.5179914100377,80.50000000000001,1,1.168632562343642,178.56743765635795,72.20000000000005,1,1.1796816658029772,167.51833419702277,27.800000000000047,1,194.39999999999992,125.0,177.79999999999995,194.39999999999992,69.3999999999999,3,212.5179914100377,167.51833419702277,44.99965721301493,pelvis>torso>lead_hand,18.117991410037774,-24.40034278698498
383_7,94,383,L,college,76.5329,True,0.999675571838984,203.12442816101608,77.8000000000001,1,1.0324830736641983,170.31692633580175,63.90000000000007,1,1.039031835456589,163.76816454341105,25.00000000000013,1,191.7,119.50000000000016,,191.7,72.19999999999982,3,203.12442816101608,163.76816454341105,39.35626361760504,pelvis>torso>lead_hand,11.424428161016095,-32.84373638239478
383_8,94,383,L,college,75.4439,True,0.8581759043888483,200.12409561115172,75.00000000000007,1,0.8812813317285965,177.01866827140356,61.10000000000005,1,0.8983920666163493,159.90793338365071,27.70000000000006,1,191.6,127.70000000000005,158.29999999999998,191.6,63.89999999999996,3,200.12409561115172,159.90793338365071,40.216162227501,pelvis>torso>lead_hand,8.524095611151722,-23.68383777249896
391_1,103,391,R,high_school,69.9597,True,1.8696143417623263,208.18565823767355,69.49999999999967,1,1.9112097760420936,166.590223957906,63.89999999999985,1,1.938238997653144,139.56100234685587,11.099999999999888,1,194.4999999999999,94.4999999999998,155.59999999999997,194.4999999999999,100.00000000000009,3,208.18565823767355,139.56100234685587,68.62465589081768,pelvis>torso>lead_hand,13.685658237673664,-31.375344109182407
391_2,103,391,R,high_school,70.4064,True,1.7460296948353884,226.1703051646116,80.50000000000001,1,1.7921395505824254,180.0604494175746,83.29999999999993,1,1.8202884386327245,151.91156136727568,22.2,1,202.79999999999987,111.09999999999998,166.59999999999985,202.79999999999987,91.69999999999987,3,226.1703051646116,151.91156136727568,74.25874379733591,pelvis>torso>lead_hand,23.37030516461172,-17.441256202663965
391_3,103,391,R,high_school,71.5565,True,1.4015299850109595,212.3700149890402,77.79999999999987,1,1.4330897997802856,180.8102002197143,77.79999999999987,1,1.4647786619425895,149.12133805741036,19.49999999999985,1,194.4999999999999,133.29999999999998,155.59999999999997,194.4999999999999,61.19999999999992,3,212.3700149890402,149.12133805741036,63.24867693162983,pelvis>torso>lead_hand,17.8700149890403,2.048676931629913
391_4,103,391,R,high_school,72.4412,True,1.6525518933985823,225.24810660141736,83.39999999999992,1,1.696657720733784,181.14227926621584,83.39999999999992,1,1.723628792821685,154.171207178315,19.49999999999985,1,208.39999999999992,116.6999999999998,169.49999999999997,208.39999999999992,91.70000000000012,3,225.24810660141736,154.171207178315,71.07689942310236,pelvis>torso>lead_hand,16.84810660141744,-20.623100576897755
391_5,103,391,R,high_school,71.8184,True,1.5231595004858185,221.2404995141817,80.50000000000001,1,1.5607852148794858,183.6147851205141,74.99999999999996,1,1.5932006479501002,151.19935204989977,19.399999999999864,1,211.09999999999985,130.50000000000006,163.79999999999995,211.09999999999985,80.59999999999978,3,221.2404995141817,151.19935204989977,70.04114746428192,pelvis>torso>lead_hand,10.14049951418184,-10.558852535717861
391_6,103,391,R,high_school,71.1969,True,1.5074797405972369,214.72025940276308,69.3999999999999,1,1.5431923185511676,179.0076814488324,72.20000000000005,1,1.573787179852812,148.41282014718792,2.7999999999999137,1,199.99999999999997,113.89999999999988,161.10000000000002,199.99999999999997,86.10000000000007,3,214.72025940276308,148.41282014718792,66.30743925557516,pelvis>torso>lead_hand,14.720259402763105,-19.792560744424904
391_7,103,391,R,high_school,73.6326,True,1.4452964877728736,221.4035122271265,77.8000000000001,1,1.4878394659201155,178.86053407988456,80.60000000000001,1,1.5187321763736192,147.96782362638083,19.50000000000007,1,205.6,100.00000000000009,155.59999999999997,205.6,105.59999999999992,3,221.4035122271265,147.96782362638083,73.43568860074566,pelvis>torso>lead_hand,15.803512227126504,-32.16431139925426
391_8,103,391,R,high_school,73.7789,True,1.4570727324088888,229.02726759111115,74.99999999999996,1,1.5087967992878837,177.30320071211625,74.99999999999996,1,1.5312651555072452,154.83484449275474,24.99999999999991,1,199.99999999999997,108.29999999999984,155.49999999999997,199.99999999999997,91.70000000000012,3,229.02726759111115,154.83484449275474,74.19242309835641,pelvis>torso>lead_hand,29.027267591111183,-17.507576901643702
396_1,74,396,R,college,68.2315,True,1.3845959887314263,207.1040112685736,47.2999999999999,1,1.4191428963713792,172.55710362862064,55.59999999999987,1,1.4391996323382572,152.5003676617427,47.2999999999999,1,183.39999999999975,127.79999999999993,166.69999999999985,183.39999999999975,55.59999999999987,3,207.1040112685736,152.5003676617427,54.6036436068309,pelvis>torso>lead_hand,23.70401126857385,-0.9963563931689734
396_2,74,396,R,college,64.7284,True,0.8150731945083561,209.92680549164376,52.79999999999996,1,0.8526183462777002,172.38165372229977,44.399999999999885,1,0.8689202166873861,156.07978331261384,47.19999999999991,1,161.0999999999999,136.09999999999988,163.89999999999992,163.89999999999992,27.800000000000047,3,209.92680549164376,156.07978331261384,53.84702217902992,pelvis>torso>lead_hand,46.02680549164384,26.047022179029874
396_3,74,396,R,college,67.4535,True,0.8526429848432616,189.0570151567385,72.30000000000003,1,0.8752723066124622,166.42769338753783,55.600000000000094,1,0.8945497813177388,147.1502186822613,44.50000000000009,1,127.80000000000004,122.30000000000008,,127.80000000000004,5.499999999999949,3,189.0570151567385,147.1502186822613,41.906796474477176,pelvis>torso>lead_hand,61.25701515673845,36.406796474477225
396_4,74,396,R,college,66.9606,True,1.0113032360494316,202.59676395056837,77.79999999999987,1,1.0479052664763218,165.9947335236782,72.20000000000005,1,1.0627979611150231,151.10203888497665,33.29999999999988,1,144.50000000000009,130.60000000000005,199.99999999999997,199.99999999999997,69.3999999999999,3,202.59676395056837,151.10203888497665,51.49472506559172,pelvis>torso>lead_hand,2.596763950568402,-17.905274934408183
396_5,74,396,R,college,64.3035,True,1.0086969457607993,188.5030542392008,69.40000000000013,1,1.0363704545194912,160.82954548050887,66.6,1,1.0445516278770897,152.6483721229104,30.49999999999997,1,166.60000000000008,116.60000000000004,169.4,169.4,52.79999999999996,3,188.5030542392008,152.6483721229104,35.854682116290405,pelvis>torso>lead_hand,19.103054239200787,-16.945317883709556
396_6,74,396,R,college,63.7517,True,0.7800400734358373,194.9599265641627,63.89999999999996,1,0.8117889850196999,163.2110149803001,69.40000000000002,1,0.8136989049157102,161.3010950842898,38.899999999999935,1,183.3,127.80000000000004,166.69999999999996,183.3,55.49999999999999,3,194.9599265641627,161.3010950842898,33.6588314798729,pelvis>torso>lead_hand,11.659926564162703,-21.84116852012709
396_7,74,396,R,college,65.9948,True,1.0481283877118903,193.5716122881095,100.00000000000009,1,1.0723287205247196,169.3712794752804,69.50000000000011,1,1.0835170133088206,158.18298669117948,25.00000000000013,1,147.29999999999998,133.39999999999998,199.99999999999997,199.99999999999997,66.6,3,193.5716122881095,158.18298669117948,35.38862559693001,pelvis>torso>lead_hand,-6.42838771189048,-31.211374403069982
396_8,74,396,R,college,65.817,True,1.0768243852481163,195.3756147518837,80.50000000000001,1,1.1021986353406974,170.0013646593026,44.39999999999999,1,1.1154490354065556,156.7509645934444,36.10000000000002,1,180.5000000000001,130.50000000000006,199.99999999999997,199.99999999999997,69.4999999999999,3,195.3756147518837,156.7509645934444,38.624650158439295,pelvis>torso>lead_hand,-4.624385248116283,-30.875349841560606
398_1,221,398,L,college,60.0138,True,1.861002296491152,213.99770350884828,80.60000000000022,1,1.8985014714427129,176.49852855728733,69.40000000000035,1,1.9041828880465712,170.81711195342896,41.70000000000008,1,186.10000000000016,141.70000000000016,,186.10000000000016,44.39999999999999,3,213.99770350884828,170.81711195342896,43.18059155541931,pelvis>torso>lead_hand,27.89770350884811,-1.2194084445806794
398_2,221,398,L,college,57.3841,True,1.3589723565120644,202.1276434879356,55.499999999999886,1,1.396224887147155,164.87511285284495,47.19999999999991,1,1.4025951623320685,158.50483766793167,11.099999999999888,1,166.69999999999985,136.09999999999988,,166.69999999999985,30.59999999999996,3,202.1276434879356,158.50483766793167,43.62280582000392,pelvis>torso>lead_hand,35.42764348793574,13.02280582000396
398_3,221,398,L,college,61.9023,True,1.8051427673454177,200.45723265458216,74.99999999999973,1,1.837757694665448,167.84230533455192,63.89999999999985,1,1.8419707855601732,163.62921443982637,33.39999999999988,1,172.2999999999999,141.69999999999993,199.99999999999972,199.99999999999972,58.2999999999998,3,200.45723265458216,163.62921443982637,36.82801821475579,pelvis>torso>lead_hand,0.457232654582441,-21.47198178524401
398_4,221,398,L,college,58.1787,True,2.0963617457444306,203.63825425556925,83.29999999999993,1,2.1260531011418267,173.94689885817317,72.20000000000005,1,2.131365968395023,168.6340316049768,38.899999999999935,1,186.0999999999997,152.7999999999996,,186.0999999999997,33.30000000000011,3,203.63825425556925,168.6340316049768,35.00422265059245,pelvis>torso>lead_hand,17.53825425556954,1.7042226505923423
398_5,221,398,L,college,61.6967,True,2.2943523714801577,211.24762851984207,69.49999999999967,1,2.3376561581175284,167.94384188247147,61.19999999999992,1,2.337948718537156,167.6512814628439,33.39999999999988,1,186.19999999999996,125.0,199.99999999999972,199.99999999999972,74.99999999999973,3,211.24762851984207,167.6512814628439,43.596347056998155,pelvis>torso>lead_hand,11.247628519842351,-31.403652943001575
398_6,221,398,L,college,60.753,True,1.7532405473721069,199.55945262789345,58.400000000000006,1,1.7824597507516016,170.34024924839852,55.600000000000094,1,1.768425123720612,184.3748762793882,22.2,4,172.20000000000013,138.90000000000003,197.20000000000005,197.20000000000005,58.30000000000002,3,199.55945262789345,170.34024924839852,29.219203379494928,pelvis>lead_hand>torso,2.359452627893404,-29.08079662050509
398_7,221,398,L,college,58.4321,True,1.9592881343633055,201.81186563669405,66.69999999999999,1,1.996534234503896,164.56576549610412,58.30000000000002,1,1.9963756528716856,164.72434712831395,33.29999999999966,1,180.4999999999999,141.6999999999997,188.89999999999984,188.89999999999984,47.20000000000013,3,201.81186563669405,164.56576549610412,37.24610014058993,pelvis>lead_hand>torso,12.911865636694216,-9.9538998594102
426_1,231,426,R,college,65.6076,True,1.208246088629518,202.8539113704821,50.00000000000004,1,1.2373251599596422,173.77484004035782,63.90000000000007,1,1.2565996052816264,154.50039471837363,36.10000000000002,1,183.3,122.20000000000007,,183.3,61.09999999999993,3,202.8539113704821,154.50039471837363,48.35351665210848,pelvis>torso>lead_hand,19.553911370482098,-12.746483347891449
426_2,231,426,R,college,70.3444,True,1.1240955052462378,228.7044947537622,61.09999999999993,1,1.1692875972511854,183.51240274881465,72.20000000000005,1,1.1899091185057555,162.89088149424447,38.899999999999935,1,186.09999999999997,130.60000000000005,,186.09999999999997,55.499999999999886,3,228.7044947537622,162.89088149424447,65.81361325951772,pelvis>torso>lead_hand,42.604494753762225,10.313613259517837
426_3,231,426,R,college,68.0588,True,1.2068292594463053,218.1707405536948,52.79999999999996,1,1.245102486009996,179.8975139900041,74.99999999999996,1,1.26315493205769,161.84506794231,38.899999999999935,1,186.10000000000016,130.60000000000005,,186.10000000000016,55.50000000000011,3,218.1707405536948,161.84506794231,56.32567261138479,pelvis>torso>lead_hand,32.070740553694634,0.8256726113846824
426_4,231,426,R,college,70.0335,True,1.212540735052944,223.5592649470559,55.499999999999886,1,1.2518154431694282,184.28455683057177,74.99999999999996,1,1.268706886241369,167.39311375863088,38.899999999999935,1,191.7,130.49999999999983,,191.7,61.20000000000015,3,223.5592649470559,167.39311375863088,56.16615118842503,pelvis>torso>lead_hand,31.85926494705592,-5.033848811575119
426_5,231,426,R,college,70.5659,True,1.5157662589083165,209.2337410916838,61.10000000000015,1,1.5503117209562844,174.68827904371565,75.00000000000017,1,1.563055757610204,161.9442423897961,38.90000000000016,1,177.80000000000018,130.60000000000005,163.90000000000015,177.80000000000018,47.20000000000013,3,209.2337410916838,161.9442423897961,47.28949870188771,pelvis>torso>lead_hand,31.43374109168363,0.08949870188757814
426_6,231,426,R,college,70.2479,True,1.5813048641998078,207.59513580019217,50.00000000000004,1,1.6174199488885392,171.48005111146068,69.4999999999999,1,1.6302753477456893,158.62465225431066,36.10000000000002,1,177.79999999999995,127.79999999999993,,177.79999999999995,50.00000000000004,3,207.59513580019217,158.62465225431066,48.97048354588151,pelvis>torso>lead_hand,29.795135800192213,-1.0295164541185358
426_7,231,426,R,college,72.3302,True,1.2160689563913378,217.2310436086622,55.50000000000011,1,1.256956687885621,176.3433121143787,77.7000000000001,1,1.2685409306454702,164.75906935452977,41.60000000000008,1,177.69999999999996,91.60000000000012,,177.69999999999996,86.09999999999984,3,217.2310436086622,164.75906935452977,52.47197425413242,pelvis>torso>lead_hand,39.53104360866223,-33.62802574586742
426_8,231,426,R,college,68.0511,True,1.376111605454346,209.98839454565424,50.00000000000004,1,1.4044165391558985,181.6834608441018,77.8000000000001,1,1.416160324231935,169.93967576806511,38.90000000000016,1,183.3,138.90000000000003,,183.3,44.39999999999999,3,209.98839454565424,169.93967576806511,40.04871877758913,pelvis>torso>lead_hand,26.688394545654234,-4.3512812224108615
440_1,238,440,L,college,66.4235,True,0.7741218508152138,206.47814918478625,83.40000000000003,1,0.8025606421461033,178.0393578538967,63.90000000000007,1,0.819364416595893,161.23558340410705,8.400000000000073,1,180.6,136.2,,180.6,44.39999999999999,3,206.47814918478625,161.23558340410705,45.2425657806792,pelvis>torso>lead_hand,25.878149184786253,0.8425657806792088
440_2,238,440,L,college,62.8641,True,2.4248217932655813,200.1782067344187,24.99999999999991,1,2.4555588113322955,169.44118866770452,63.89999999999985,1,2.4755896042218386,149.4103957781614,13.900000000000023,1,166.70000000000007,102.79999999999978,,166.70000000000007,63.90000000000029,3,200.1782067344187,149.4103957781614,50.76781095625731,pelvis>torso>lead_hand,33.47820673441862,-13.132189043742983
440_3,238,440,L,college,66.3874,True,0.8034944233889729,199.305576611027,66.69999999999987,1,0.8300697486670902,172.73025133290977,52.79999999999996,1,0.8266693664737251,176.13063352627478,16.69999999999994,2,174.99999999999994,99.99999999999989,199.99999999999997,199.99999999999997,100.00000000000009,3,199.305576611027,172.73025133290977,26.57532527811722,pelvis>lead_hand>torso,-0.6944233889729787,-73.42467472188287
440_4,238,440,L,college,64.6849,True,0.8122986738809561,204.40132611904383,41.69999999999996,1,0.8458214865529959,170.878513447004,52.79999999999996,1,0.8659931746904967,150.7068253095032,13.900000000000023,1,186.09999999999997,74.99999999999996,199.99999999999997,199.99999999999997,125.0,3,204.40132611904383,150.7068253095032,53.69450080954064,pelvis>torso>lead_hand,4.401326119043858,-71.30549919045936
440_5,238,440,L,college,66.4716,True,1.0954697689034028,210.13023109659736,41.70000000000008,1,1.124157626935441,181.44237306455912,66.7000000000002,1,1.1467950688486126,158.8049311513875,16.70000000000016,1,183.4,125.0,,183.4,58.400000000000006,3,210.13023109659736,158.8049311513875,51.32529994520985,pelvis>torso>lead_hand,26.73023109659735,-7.074700054790156
440_6,238,440,L,college,63.5116,True,1.2810203469435288,205.07965305647116,30.49999999999997,1,1.3202992691169575,165.8007308830425,50.00000000000004,1,1.3358350243172876,150.26497568271236,11.099999999999888,1,199.99999999999997,91.69999999999987,199.99999999999997,199.99999999999997,108.30000000000008,3,205.07965305647116,150.26497568271236,54.8146773737588,pelvis>torso>lead_hand,5.079653056471187,-53.485322626241285
440_7,238,440,L,college,66.8836,True,0.786889544916859,196.41045508314093,38.899999999999935,1,0.8281558557239819,155.14414427601807,47.19999999999991,1,0.8632523218277153,120.04767817228468,47.19999999999991,2,174.99999999999994,61.09999999999993,138.89999999999992,174.99999999999994,113.9,3,196.41045508314093,120.04767817228468,76.36277691085625,pelvis>torso>lead_hand,21.410455083140988,-37.53722308914375
440_8,238,440,L,college,64.6783,True,1.348359259886555,215.54074011344505,88.89999999999998,1,1.4208861767814525,143.0138232185476,77.8000000000001,1,1.408238293845157,155.6617061548431,2.800000000000136,1,183.3,119.50000000000016,,183.3,63.799999999999855,3,215.54074011344505,143.0138232185476,72.52691689489745,pelvis>lead_hand>torso,32.24074011344504,8.726916894897599
447_1,242,447,R,milb,70.4389,True,1.326706569059123,209.3934309408767,58.30000000000002,1,1.365942796925526,170.157203074474,66.69999999999999,1,1.3731468248678993,162.95317513210074,50.00000000000004,1,197.20000000000005,116.70000000000005,180.5000000000001,197.20000000000005,80.50000000000001,3,209.3934309408767,162.95317513210074,46.44025580877596,pelvis>torso>lead_hand,12.193430940876652,-34.059744191224055
447_2,242,447,R,milb,71.1425,True,1.353630871022959,207.46912897704092,52.79999999999996,1,1.3886820647489446,172.4179352510553,66.69999999999999,1,1.3919686512497602,169.1313487502397,16.69999999999994,1,191.7,122.19999999999986,194.39999999999992,194.39999999999992,72.20000000000005,3,207.46912897704092,169.1313487502397,38.337780226801215,pelvis>torso>lead_hand,13.069128977041004,-33.86221977319883
447_3,242,447,R,milb,68.8615,True,1.624437580053671,239.46241994632888,63.89999999999985,1,1.685168792509053,178.73120749094684,74.99999999999996,1,1.6989560755739763,164.94392442602336,13.8999999999998,1,180.59999999999988,122.19999999999986,183.29999999999976,183.29999999999976,61.09999999999993,3,239.46241994632888,164.94392442602336,74.51849552030552,pelvis>torso>lead_hand,56.16241994632912,13.41849552030559
447_4,242,447,R,milb,65.8131,True,0.7612695141149366,210.93048588506332,63.89999999999996,1,0.7980866286280538,174.11337137194616,77.79999999999998,1,0.8067446097125862,165.4553902874137,47.19999999999991,1,191.6,125.0,,191.6,66.6,3,210.93048588506332,165.4553902874137,45.47509559764961,pelvis>torso>lead_hand,19.330485885063325,-21.12490440235038
447_5,242,447,R,milb,68.3259,True,1.3892117110878508,213.5882889121492,58.400000000000006,1,1.4307165356453055,172.08346435469446,66.69999999999999,1,1.4356439212090204,167.1560787909796,41.70000000000008,1,197.20000000000005,113.90000000000012,,197.20000000000005,83.29999999999993,3,213.5882889121492,167.1560787909796,46.43221012116962,pelvis>torso>lead_hand,16.388288912149164,-36.86778987883031
447_6,242,447,R,milb,67.2476,True,0.7532101661837726,193.98983381622747,50.00000000000004,1,0.7747710329768115,172.42896702318856,69.40000000000002,1,0.7917701607265806,155.42983927341947,47.20000000000002,1,172.20000000000002,113.9,194.4,194.4,80.50000000000001,3,193.98983381622747,155.42983927341947,38.559994542808,pelvis>torso>lead_hand,-0.41016618377253167,-41.940005457192015
447_7,242,447,R,milb,67.2688,True,0.9326583818455364,217.3416181544636,63.89999999999985,1,0.9725207503985134,177.47924960148654,72.19999999999982,1,0.9850037099673578,164.99629003264215,19.399999999999864,1,194.39999999999992,116.6999999999998,,194.39999999999992,77.7000000000001,3,217.3416181544636,164.99629003264215,52.34532812182144,pelvis>torso>lead_hand,22.94161815446367,-25.354671878178664
447_8,242,447,R,milb,67.7816,True,1.0266714035756432,201.1285964243568,55.600000000000094,1,1.053081712648465,174.71828735153494,77.8000000000001,1,1.0644547266047908,163.3452733952092,13.900000000000023,1,188.9000000000001,125.0,,188.9000000000001,63.90000000000007,3,201.1285964243568,163.3452733952092,37.783323029147596,pelvis>torso>lead_hand,12.22859642435671,-26.116676970852474
448_1,243,448,R,milb,68.9866,True,1.191609898453927,175.09010154607307,63.90000000000007,1,1.2121954915026194,154.5045084973806,63.90000000000007,1,1.2191342901269215,147.56570987307848,27.800000000000047,1,161.10000000000002,105.59999999999992,199.99999999999997,199.99999999999997,94.40000000000003,3,175.09010154607307,147.56570987307848,27.524391672994597,pelvis>torso>lead_hand,-24.9098984539269,-66.87560832700544
448_2,243,448,R,milb,65.0502,True,1.4677392739690631,160.0607260309368,55.59999999999987,1,1.4827694540561789,145.03054594382104,52.79999999999996,1,1.4967597616402322,131.04023835976776,22.2,1,144.49999999999986,105.59999999999992,,144.49999999999986,38.899999999999935,3,160.0607260309368,131.04023835976776,29.020487671169036,pelvis>torso>lead_hand,15.560726030936934,-9.879512328830899
448_3,243,448,R,milb,71.4135,True,1.0907117655816094,192.58823441839067,72.20000000000005,1,1.1202926055253593,163.00739447464085,69.40000000000013,1,1.1246163247718357,158.68367522816462,27.70000000000006,1,172.20000000000013,113.90000000000012,169.4000000000002,172.20000000000013,58.30000000000002,3,192.58823441839067,158.68367522816462,33.90455919022605,pelvis>torso>lead_hand,20.38823441839054,-24.395440809773966
448_4,243,448,R,milb,70.899,True,1.1545115688496084,173.28843115039172,69.50000000000011,1,1.1798790443486131,147.92095565138675,63.90000000000007,1,1.1812135343716523,146.58646562834775,30.600000000000183,1,169.49999999999997,108.40000000000003,152.80000000000004,169.49999999999997,61.09999999999993,3,173.28843115039172,146.58646562834775,26.701965522043963,pelvis>torso>lead_hand,3.7884311503917445,-34.39803447795597
448_5,243,448,R,milb,71.0822,True,1.1633282769227968,172.77172307720323,80.50000000000001,1,1.1871769646766357,148.92303532336436,66.69999999999999,1,1.199123354980086,136.97664501991414,25.00000000000013,1,133.29999999999998,108.30000000000008,,133.29999999999998,24.99999999999991,3,172.77172307720323,136.97664501991414,35.79507805728909,pelvis>torso>lead_hand,39.47172307720325,10.795078057289178
448_6,243,448,R,milb,71.2491,True,1.3573354472682528,178.7645527317472,61.09999999999993,2,1.3820348570274257,154.06514297257434,72.20000000000005,1,1.3996377837336975,136.4622162663025,24.99999999999991,1,149.99999999999991,108.30000000000008,,149.99999999999991,41.69999999999985,3,178.7645527317472,136.4622162663025,42.30233646544468,pelvis>torso>lead_hand,28.764552731747273,0.6023364654448358
448_7,243,448,R,milb,72.1349,True,1.284444456602859,171.155543397141,77.8000000000001,1,1.311028259978324,144.57174002167594,66.69999999999999,1,1.3203704157557956,135.2295842442044,27.800000000000047,1,136.2000000000001,113.90000000000012,155.59999999999997,155.59999999999997,41.69999999999985,3,171.155543397141,135.2295842442044,35.9259591529366,pelvis>torso>lead_hand,15.555543397141037,-5.774040847063247
448_8,243,448,R,milb,69.4011,True,1.294666945091825,169.23305490817532,63.90000000000007,1,1.319116478513857,144.78352148614303,66.69999999999999,1,1.3274170485850731,136.48295141492684,24.99999999999991,1,141.69999999999993,105.59999999999992,194.4999999999999,194.4999999999999,88.89999999999998,3,169.23305490817532,136.48295141492684,32.750103493248474,pelvis>torso>lead_hand,-25.266945091824567,-56.1498965067515
450_1,209,450,R,college,66.6926,True,2.799339274464725,186.760725535275,55.499999999999886,1,2.811982374137946,174.11762586205404,52.79999999999996,1,2.832651136689704,153.44886331029662,19.400000000000084,1,211.10000000000008,100.00000000000009,,211.10000000000008,111.09999999999998,3,186.760725535275,153.44886331029662,33.31186222497837,pelvis>torso>lead_hand,-24.339274464725094,-77.78813777502161
450_2,209,450,R,college,67.7343,True,1.268011784609471,195.88821539052904,58.30000000000002,1,1.2811239264474228,182.7760735525772,72.20000000000005,1,1.306270700108488,157.6292998915121,22.2,1,172.1999999999999,102.8,,172.1999999999999,69.3999999999999,3,195.88821539052904,157.6292998915121,38.25891549901695,pelvis>torso>lead_hand,23.688215390529137,-31.141084500982956
450_3,209,450,R,college,70.1481,True,1.613148375160124,192.451624839876,61.20000000000015,1,1.6309160842251071,174.68391577489294,72.30000000000003,1,1.650800751936977,154.79924806302313,19.50000000000007,1,186.20000000000013,97.30000000000015,,186.20000000000013,88.89999999999998,3,192.451624839876,154.79924806302313,37.65237677685286,pelvis>torso>lead_hand,6.251624839875859,-51.247623223147116
450_4,209,450,R,college,65.6142,True,1.4596619050985116,190.33809490148835,55.59999999999987,1,1.4722703169334346,177.72968306656534,55.59999999999987,1,1.4943979289668134,155.60207103318646,19.399999999999864,1,180.59999999999988,105.59999999999992,,180.59999999999988,74.99999999999996,3,190.33809490148835,155.60207103318646,34.736023868301885,pelvis>torso>lead_hand,9.738094901488466,-40.26397613169807
450_5,209,450,R,college,66.4277,True,1.711149752639252,188.85024736074783,52.79999999999996,1,1.7206789963022897,179.3210036977102,52.79999999999996,1,1.7407218040977253,159.27819590227466,19.399999999999864,1,158.2999999999999,105.59999999999992,,158.2999999999999,52.69999999999997,3,188.85024736074783,159.27819590227466,29.57205145847317,pelvis>torso>lead_hand,30.55024736074793,-23.1279485415268
450_6,209,450,R,college,66.4394,True,1.803040465716058,188.6595342839421,52.79999999999996,1,1.8146296763916392,177.07032360836084,61.09999999999993,1,1.8379748576462624,153.72514235373757,13.900000000000023,1,152.80000000000004,94.50000000000004,199.99999999999997,199.99999999999997,105.49999999999991,3,188.6595342839421,153.72514235373757,34.93439193020453,pelvis>torso>lead_hand,-11.340465716057878,-70.56560806979539
450_7,209,450,R,college,68.3105,True,1.8751799841934984,180.42001580650145,52.79999999999996,1,1.883205032670141,172.39496732985904,47.2999999999999,1,1.9051809615221915,150.41903847780878,16.70000000000016,1,163.90000000000015,91.70000000000012,,163.90000000000015,72.20000000000005,3,180.42001580650145,150.41903847780878,30.00097732869267,pelvis>torso>lead_hand,16.520015806501306,-42.199022671307375
450_8,209,450,R,college,68.5179,True,1.598954999363908,198.24500063609185,58.30000000000002,1,1.6205869022610435,176.61309773895618,63.89999999999985,1,1.639385849854555,157.81415014544487,22.2,1,213.9,91.59999999999992,,213.9,122.30000000000008,3,198.24500063609185,157.81415014544487,40.430850490646975,pelvis>torso>lead_hand,-15.65499936390816,-81.86914950935311
451_1,70,451,R,college,64.8666,True,1.2951582120415066,207.6417879584933,80.60000000000001,1,1.3208156777001263,181.9843222998736,80.60000000000001,1,1.3376598557960575,165.1401442039422,22.2,1,191.7,122.19999999999986,,191.7,69.50000000000011,3,207.6417879584933,165.1401442039422,42.50164375455108,pelvis>torso>lead_hand,15.941787958493308,-26.99835624544903
451_2,70,451,R,college,63.0163,True,1.1571868177964777,203.91318220352227,80.50000000000001,1,1.180294468469674,180.80553153032608,80.50000000000001,3,1.1933675612027197,167.7324387972805,24.99999999999991,1,191.7,180.4999999999999,,191.7,11.2000000000001,3,203.91318220352227,167.7324387972805,36.18074340624176,pelvis>torso>lead_hand,12.21318220352228,24.980743406241658
451_3,70,451,R,college,64.4715,True,1.7453675194712834,215.73248052871665,83.30000000000015,1,1.7743063786316635,186.79362136833632,83.30000000000015,1,1.7878595364710488,173.2404635289513,19.400000000000084,1,194.4000000000001,119.40000000000018,,194.4000000000001,74.99999999999996,3,215.73248052871665,173.2404635289513,42.492016999765355,pelvis>torso>lead_hand,21.33248052871656,-32.5079830002346
451_4,70,451,R,college,65.4655,True,2.3144064683055188,210.59353169448116,83.29999999999993,1,2.359959006231478,165.040993768522,83.29999999999993,2,2.353244119164187,171.75588083581283,33.30000000000011,1,194.39999999999992,158.3000000000001,,194.39999999999992,36.0999999999998,3,210.59353169448116,165.040993768522,45.55253792595917,pelvis>lead_hand>torso,16.193531694481237,9.45253792595937
451_5,70,451,R,college,63.5291,True,1.2397239004043736,210.2760995956263,86.10000000000007,1,1.259290107213987,190.7098927860129,80.60000000000001,1,1.2767679580012792,173.23204199872075,2.7999999999999137,1,194.39999999999992,119.39999999999996,,194.39999999999992,74.99999999999996,3,210.2760995956263,173.23204199872075,37.04405759690556,pelvis>torso>lead_hand,15.876099595626386,-37.9559424030944
451_6,70,451,R,college,69.0179,True,1.144034470773896,214.2655292261042,102.70000000000002,1,1.1932425360230074,165.0574639769926,80.50000000000001,2,1.1867185152624786,171.58148473752144,30.49999999999997,1,199.99999999999997,161.10000000000002,,199.99999999999997,38.899999999999935,3,214.2655292261042,165.0574639769926,49.2080652491116,pelvis>lead_hand>torso,14.265529226104235,10.308065249111664
451_7,70,451,R,college,66.8019,True,1.2623778308239126,215.42216917608732,88.89999999999998,1,1.2882010360826328,189.5989639173672,80.60000000000001,1,1.3064652748076269,171.33472519237313,24.99999999999991,1,197.20000000000005,122.20000000000007,,197.20000000000005,74.99999999999996,3,215.42216917608732,171.33472519237313,44.087443983714195,pelvis>torso>lead_hand,18.222169176087277,-30.912556016285762
451_8,70,451,R,college,65.2349,True,1.4211072362807808,226.0927637192192,119.39999999999996,1,1.4478142569026649,199.38574309733517,91.59999999999992,1,1.4755563855291105,171.6436144708897,30.49999999999997,1,213.9,127.79999999999993,,213.9,86.10000000000007,3,226.0927637192192,171.6436144708897,54.44914924832949,pelvis>torso>lead_hand,12.192763719219187,-31.650850751670575
468_1,108,468,R,college,66.3653,True,1.2591309197306644,224.1690802693357,33.30000000000011,1,1.292876054417793,190.42394558220695,58.30000000000002,1,1.2977620292487704,185.5379707512297,27.70000000000006,1,205.50000000000003,127.70000000000014,155.49999999999997,205.50000000000003,77.79999999999987,3,224.1690802693357,185.5379707512297,38.631109518106,pelvis>torso>lead_hand,18.669080269335666,-39.16889048189387
468_2,108,468,R,college,64.962,True,2.450502601580532,224.49739841946803,24.99999999999991,1,2.484988829031332,190.01117096866827,47.19999999999969,1,2.508456806784971,166.54319321502874,41.699999999999626,2,194.39999999999992,130.59999999999982,149.99999999999991,194.39999999999992,63.80000000000008,3,224.49739841946803,166.54319321502874,57.95420520443929,pelvis>torso>lead_hand,30.097398419468107,-5.845794795560792
468_3,108,468,R,college,64.8097,True,1.419562226017398,227.63777398260189,50.00000000000004,1,1.464155851684295,183.04414831570503,66.6,1,1.487517826599517,159.68217340048295,58.30000000000002,2,202.8000000000001,136.09999999999988,147.2,202.8000000000001,66.7000000000002,3,227.63777398260189,159.68217340048295,67.95560058211893,pelvis>torso>lead_hand,24.83777398260179,1.2556005821187313
468_4,108,468,R,college,65.8408,True,1.4493576173095413,217.3423826904588,25.00000000000013,1,1.4873292528053956,179.37074719460443,30.59999999999996,1,1.5212314669882174,145.46853301178265,22.299999999999983,3,186.10000000000016,111.09999999999998,141.70000000000016,186.10000000000016,75.00000000000017,3,217.3423826904588,145.46853301178265,71.87384967867615,pelvis>torso>lead_hand,31.24238269045864,-3.126150321324019
468_5,108,468,R,college,65.9811,True,1.6366939324731409,227.20606752685904,36.0999999999998,1,1.6837134792016877,180.18652079831244,88.89999999999998,1,1.7104705253846688,153.42947461533106,27.799999999999827,2,186.09999999999997,113.89999999999988,147.2,186.09999999999997,72.20000000000005,3,227.20606752685904,153.42947461533106,73.77659291152798,pelvis>torso>lead_hand,41.10606752685908,1.5765929115279391
468_6,108,468,R,college,65.4069,True,1.1171918578765363,210.60814212346375,25.00000000000013,1,1.1606913625808606,167.1086374191395,44.49999999999999,1,1.1883832329673278,139.41676703267223,22.2,4,188.9000000000001,122.20000000000007,125.0,188.9000000000001,66.69999999999999,3,210.60814212346375,139.41676703267223,71.19137509079152,pelvis>torso>lead_hand,21.70814212346366,4.491375090791536
468_7,108,468,R,college,65.2249,True,1.369770867199165,221.9291328008348,27.799999999999827,1,1.4104347261726813,181.2652738273186,61.09999999999993,1,1.4323312923615887,159.36870763841117,22.299999999999983,1,188.89999999999984,127.79999999999993,147.29999999999998,188.89999999999984,61.09999999999993,3,221.9291328008348,159.36870763841117,62.56042516242363,pelvis>torso>lead_hand,33.02913280083496,1.4604251624236966
468_8,108,468,R,college,65.4033,True,1.9442963480823767,233.5036519176228,36.0999999999998,1,1.9957619808546003,182.0380191453994,61.10000000000015,1,2.0202649558647594,157.53504413524055,27.800000000000047,1,194.4999999999999,130.59999999999982,144.49999999999986,194.4999999999999,63.90000000000007,3,233.5036519176228,157.53504413524055,75.96860778238224,pelvis>torso>lead_hand,39.0036519176229,12.068607782382166
474_1,50,474,R,college,67.1284,True,2.091774707456695,247.1252925433052,52.8000000000004,1,2.1793359463635555,159.56405363644467,61.10000000000015,3,2.1719248809239544,166.9751190760458,2.800000000000136,1,216.70000000000036,155.6000000000002,186.10000000000016,216.70000000000036,61.10000000000015,3,247.1252925433052,159.56405363644467,87.56123890686052,pelvis>lead_hand>torso,30.425292543304835,26.461238906860373
474_2,50,474,R,college,69.0834,True,1.4532467468646009,257.8532531353992,150.00000000000014,1,1.545627778589836,165.47222141016405,80.50000000000001,2,1.5342300904478818,176.86990955211823,36.10000000000002,1,225.00000000000009,105.50000000000014,,225.00000000000009,119.49999999999994,3,257.8532531353992,165.47222141016405,92.38103172523515,pelvis>lead_hand>torso,32.853253135399115,-27.118968274764796
474_3,50,474,R,college,68.4086,True,2.207753865258792,245.04613474120828,133.39999999999998,1,2.2951291153612474,157.67088463875243,74.99999999999973,2,2.27810941141925,174.69058858074993,38.899999999999935,1,208.3999999999997,147.19999999999976,166.70000000000007,208.3999999999997,61.19999999999992,3,245.04613474120828,157.67088463875243,87.37525010245585,pelvis>lead_hand>torso,36.646134741208584,26.175250102455934
474_4,50,474,R,college,66.9757,True,2.701387805501871,262.51219449812925,138.90000000000003,1,2.78836762949605,175.5323705039502,66.69999999999999,2,2.7975598294331743,166.34017056682592,27.800000000000047,1,233.3000000000003,169.5000000000002,,233.3000000000003,63.80000000000008,3,262.51219449812925,166.34017056682592,96.17202393130333,pelvis>torso>lead_hand,29.21219449812895,32.37202393130325
474_5,50,474,R,college,68.1302,True,2.1522440692506213,250.5559307493788,141.70000000000016,1,2.251669922134598,151.1300778654019,63.89999999999985,2,2.2341351488747656,168.66485112523443,33.39999999999988,1,213.9000000000002,141.70000000000016,200.00000000000017,213.9000000000002,72.20000000000005,3,250.5559307493788,151.1300778654019,99.42585288397692,pelvis>lead_hand>torso,36.6559307493786,27.22585288397687
474_6,50,474,R,college,70.3693,True,1.7331293184186043,252.97068158139547,141.69999999999993,1,1.8096655441179808,176.43445588201922,72.20000000000005,2,1.8097785485367568,176.32145146324274,36.10000000000002,1,219.40000000000003,149.99999999999991,199.99999999999997,219.40000000000003,69.40000000000013,3,252.97068158139547,176.32145146324274,76.64923011815273,pelvis>torso>lead_hand,33.570681581395434,7.249230118152596
474_7,50,474,R,college,67.3349,True,1.7851631566514503,267.6368433485494,133.39999999999998,1,1.8889785499186005,163.8214500813995,66.69999999999999,2,1.872973571616969,179.82642838303065,38.899999999999935,1,216.6999999999999,147.2,199.99999999999997,216.6999999999999,69.4999999999999,3,267.6368433485494,163.8214500813995,103.81539326714991,pelvis>lead_hand>torso,50.9368433485495,34.315393267150014
474_8,50,474,R,college,68.2962,True,1.750282108200716,271.9178917992842,158.30000000000032,1,1.8445932277181891,177.6067722818109,52.80000000000018,2,1.827376584597512,194.8234154024884,33.30000000000033,1,227.80000000000024,66.60000000000022,186.10000000000016,227.80000000000024,161.20000000000002,3,271.9178917992842,177.6067722818109,94.31111951747329,pelvis>lead_hand>torso,44.11789179928394,-66.88888048252673
478_1,137,478,R,milb,73.294,True,0.9031312646981756,205.16873530182457,72.20000000000005,1,0.9415442404929104,166.75575950708975,61.10000000000015,1,0.9720896590925288,136.2103409074712,27.70000000000006,1,191.6000000000001,122.20000000000007,,191.6000000000001,69.40000000000002,3,205.16873530182457,136.2103409074712,68.95839439435338,pelvis>torso>lead_hand,13.56873530182446,-0.4416056056466431
478_2,137,478,R,milb,71.5881,True,1.3995128342654133,222.6871657345868,83.30000000000015,1,1.447919945798153,174.280054201847,75.00000000000017,1,1.4809959306467966,141.20406935320352,33.30000000000011,1,194.4000000000001,130.50000000000006,150.00000000000014,194.4000000000001,63.90000000000007,3,222.6871657345868,141.20406935320352,81.48309638138329,pelvis>torso>lead_hand,28.287165734586722,17.58309638138322
478_3,137,478,R,milb,72.8612,True,1.3153971632650423,223.5028367349574,80.60000000000001,1,1.361527120447389,177.3728795526106,66.69999999999999,1,1.3962892936812732,142.61070631872676,36.10000000000002,1,194.4999999999999,122.19999999999986,,194.4999999999999,72.30000000000003,3,223.5028367349574,142.61070631872676,80.89213041623066,pelvis>torso>lead_hand,29.002836734957526,8.592130416230631
478_4,137,478,R,milb,71.5879,True,1.102853528279221,219.34647172077916,74.99999999999996,1,1.1479442082612346,174.25579173876548,58.30000000000002,1,1.1804987780796077,141.70122192039258,33.30000000000011,1,199.99999999999997,127.80000000000014,,199.99999999999997,72.19999999999982,3,219.34647172077916,141.70122192039258,77.64524980038658,pelvis>torso>lead_hand,19.346471720779192,5.445249800386762
478_5,137,478,R,milb,72.5252,True,1.3799114204322471,217.28857956775283,77.79999999999987,1,1.4282065777635768,168.9934222364231,63.89999999999985,1,1.456911862849446,140.288137150554,33.29999999999988,1,199.99999999999997,127.79999999999993,194.39999999999992,199.99999999999997,72.20000000000005,3,217.28857956775283,140.288137150554,77.00044241719883,pelvis>torso>lead_hand,17.288579567752862,4.800442417198781
478_6,137,478,R,milb,74.4849,True,1.7152350701609933,220.86492983900663,83.29999999999993,1,1.760785038092733,175.31496190726693,77.79999999999987,1,1.793605290648896,142.49470935110398,33.29999999999988,1,205.50000000000003,122.19999999999986,149.99999999999991,205.50000000000003,83.30000000000015,3,220.86492983900663,142.49470935110398,78.37022048790266,pelvis>torso>lead_hand,15.364929839006606,-4.929779512097497
478_7,137,478,R,milb,69.9409,True,1.5874568031284433,212.5431968715568,74.99999999999996,1,1.632111070535456,167.88892946454405,58.30000000000002,1,1.659775875753343,140.22412424665708,33.30000000000011,1,194.4000000000001,133.29999999999998,,194.4000000000001,61.10000000000015,3,212.5431968715568,140.22412424665708,72.31907262489972,pelvis>torso>lead_hand,18.14319687155671,11.219072624899567
490_1,128,490,L,college,68.4666,True,1.5000385452898397,202.7614547101606,77.8000000000001,1,1.536552393443822,166.24760655617797,69.50000000000011,1,1.5501569849286272,152.6430150713729,25.00000000000013,1,183.4,122.20000000000007,197.20000000000005,197.20000000000005,74.99999999999996,3,202.7614547101606,152.6430150713729,50.11843963878769,pelvis>torso>lead_hand,5.561454710160547,-24.881560361212266
490_2,128,490,L,college,68.2517,True,1.3728554035286475,216.04459647135243,83.29999999999993,1,1.4107621052742518,178.13789472574814,61.09999999999993,1,1.428212115052287,160.68788494771292,27.800000000000047,1,194.4999999999999,133.29999999999998,180.59999999999988,194.4999999999999,61.19999999999992,3,216.04459647135243,160.68788494771292,55.35671152363952,pelvis>torso>lead_hand,21.54459647135255,-5.843288476360399
490_3,128,490,L,college,66.1493,True,1.31582984103453,209.17015896547,80.60000000000001,1,1.360401758850573,164.59824114942688,74.99999999999996,1,1.374236467537673,150.76353246232688,27.799999999999827,1,191.7,127.79999999999993,161.10000000000002,191.7,63.90000000000007,3,209.17015896547,150.76353246232688,58.406626503143116,pelvis>torso>lead_hand,17.470158965470006,-5.493373496856954
490_4,128,490,L,college,68.1547,True,1.8066882864396543,218.3117135603454,80.60000000000001,1,1.8531616867710308,171.83831322896913,74.99999999999996,1,1.8702487515724844,154.75124842751552,19.400000000000084,1,194.39999999999992,130.59999999999982,,194.39999999999992,63.80000000000008,3,218.3117135603454,154.75124842751552,63.560465132829876,pelvis>torso>lead_hand,23.911713560345476,-0.23953486717020667
490_5,128,490,L,college,67.8997,True,1.2765868642734737,220.61313572652665,88.89999999999998,1,1.3219200485877074,175.2799514122927,80.50000000000001,1,1.3389734334551715,158.22656654482836,27.800000000000047,1,194.4000000000001,133.30000000000018,,194.4000000000001,61.09999999999993,3,220.61313572652665,158.22656654482836,62.38656918169829,pelvis>torso>lead_hand,26.21313572652656,1.2865691816983613
490_6,128,490,L,college,68.0046,True,1.4416310585878818,211.16894141211827,80.60000000000001,1,1.4801147205553922,172.6852794446079,77.8000000000001,1,1.490624592527151,162.17540747284897,22.2,1,191.7,125.0,155.59999999999997,191.7,66.69999999999999,3,211.16894141211827,162.17540747284897,48.9935339392693,pelvis>torso>lead_hand,19.468941412118284,-17.70646606073069
490_7,128,490,L,college,68.0372,True,1.2827164554377397,214.4835445622606,83.30000000000015,1,1.325020512290371,172.17948770962897,72.20000000000005,1,1.343628452940808,153.57154705919208,19.400000000000084,1,191.6,127.80000000000014,,191.6,63.799999999999855,3,214.4835445622606,153.57154705919208,60.911997503068505,pelvis>torso>lead_hand,22.883544562260596,-2.8880024969313496
490_8,128,490,L,college,67.8641,True,2.479759836179804,220.2401638201965,83.30000000000038,1,2.529522829503271,170.47717049672917,83.30000000000038,1,2.547710867038045,152.28913296195535,30.600000000000183,1,183.3,127.80000000000014,163.90000000000038,183.3,55.499999999999886,3,220.2401638201965,152.28913296195535,67.95103085824115,pelvis>torso>lead_hand,36.94016382019649,12.451030858241268
492_1,192,492,R,college,65.8519,True,1.1610989360196136,200.0010639803864,77.79999999999987,1,1.188537933574459,172.56206642554096,66.69999999999999,1,1.2004775870596625,160.6224129403375,11.099999999999888,1,188.9000000000001,113.89999999999988,199.99999999999997,199.99999999999997,86.10000000000007,3,200.0010639803864,160.6224129403375,39.37865104004888,pelvis>torso>lead_hand,0.0010639803864194164,-46.721348959951186
492_2,192,492,R,college,66.0001,True,1.245323239984748,201.876760015252,77.8000000000001,1,1.2786995919929396,168.50040800706046,72.20000000000005,1,1.2892369656992289,157.9630343007712,2.800000000000136,1,188.9000000000001,116.60000000000004,199.99999999999997,199.99999999999997,83.39999999999992,3,201.876760015252,157.9630343007712,43.91372571448079,pelvis>torso>lead_hand,1.8767600152520174,-39.48627428551913
492_3,192,492,R,college,64.8018,True,1.4933190213886554,203.8809786113447,72.20000000000005,1,1.5310383260939042,166.1616739060958,61.09999999999993,1,1.5452626393236006,151.9373606763994,2.800000000000136,1,186.09999999999997,113.90000000000012,199.99999999999997,199.99999999999997,86.09999999999984,3,203.8809786113447,151.9373606763994,51.94361793494528,pelvis>torso>lead_hand,3.880978611344716,-34.15638206505456
492_4,192,492,R,college,67.2456,True,1.3837242352519796,205.1757647480204,72.20000000000005,1,1.415253531248141,173.6464687518593,63.90000000000007,1,1.4288658688398812,160.03413116011876,8.299999999999974,1,188.9000000000001,122.20000000000007,197.20000000000005,197.20000000000005,74.99999999999996,3,205.1757647480204,160.03413116011876,45.14163358790165,pelvis>torso>lead_hand,7.975764748020367,-29.858366412098306
492_5,192,492,R,college,66.1275,True,1.5398771771598272,196.2228228401728,66.69999999999999,1,1.573137974264712,162.96202573528797,63.90000000000007,1,1.5765691375259343,159.53086247406566,5.50000000000006,1,180.4999999999999,108.30000000000008,133.29999999999998,180.4999999999999,72.19999999999982,3,196.2228228401728,159.53086247406566,36.69196036610714,pelvis>torso>lead_hand,15.72282284017291,-35.50803963389268
492_6,192,492,R,college,64.2752,True,1.5591748495450524,213.02515045494764,38.899999999999935,1,1.601466495430859,170.73350456914093,72.20000000000005,1,1.6142530034599492,157.94699654005083,11.099999999999888,1,188.9000000000001,119.39999999999996,199.99999999999997,199.99999999999997,80.60000000000001,3,213.02515045494764,157.94699654005083,55.0781539148968,pelvis>torso>lead_hand,13.025150454947664,-25.521846085103206
492_7,192,492,R,college,63.9486,True,1.40126305890993,226.53694109006997,61.09999999999993,1,1.460962496636928,166.8375033630718,58.400000000000006,1,1.4702081544941257,157.59184550587446,8.399999999999963,1,183.4,122.19999999999986,199.99999999999997,199.99999999999997,77.8000000000001,3,226.53694109006997,157.59184550587446,68.94509558419551,pelvis>torso>lead_hand,26.536941090070002,-8.854904415804583
492_8,192,492,R,college,64.6811,True,0.8779373004915878,222.0626995084123,47.20000000000013,1,0.9235667858511504,176.4332141488496,75.00000000000017,1,0.9410775001979212,158.92249980207885,13.900000000000023,1,194.4000000000001,127.80000000000014,186.10000000000005,194.4000000000001,66.6,3,222.0626995084123,158.92249980207885,63.14019970633345,pelvis>torso>lead_hand,27.662699508412203,-3.4598002936665466
500_1,193,500,R,college,71.3644,True,1.3123842044927545,212.61579550724545,74.99999999999996,1,1.3595381273493514,165.4618726506485,74.99999999999996,1,1.3742782857413585,150.72171425864144,33.29999999999988,1,191.7,136.09999999999988,177.79999999999995,191.7,55.600000000000094,3,212.61579550724545,150.72171425864144,61.89408124860401,pelvis>torso>lead_hand,20.915795507245463,6.294081248603916
500_2,193,500,R,college,73.7808,True,1.127991572153885,224.8084278461153,66.69999999999999,1,1.1895287122252107,163.27128777478927,61.09999999999993,1,1.2020232270252906,150.77677297470936,33.4000000000001,1,194.4999999999999,119.49999999999994,,194.4999999999999,74.99999999999996,3,224.8084278461153,150.77677297470936,74.03165487140595,pelvis>torso>lead_hand,30.30842784611542,-0.9683451285940095
500_3,193,500,R,college,72.4185,True,1.0858779001850225,216.92209981497743,83.39999999999992,1,1.145273937426586,157.52606257341384,69.4999999999999,1,1.1532536991899134,149.54630081008656,24.99999999999991,1,158.39999999999986,113.89999999999988,188.9000000000001,188.9000000000001,75.00000000000017,3,216.92209981497743,149.54630081008656,67.37579900489087,pelvis>torso>lead_hand,28.022099814977338,-7.624200995109305
500_4,193,500,R,college,70.3438,True,1.076552943195735,198.4470568042649,69.3999999999999,1,1.1168523307273643,158.14766927263557,58.30000000000002,1,1.1289163559713065,146.08364402869344,27.799999999999827,1,172.1999999999999,122.19999999999986,,172.1999999999999,50.00000000000004,3,198.4470568042649,146.08364402869344,52.36341277557145,pelvis>torso>lead_hand,26.247056804264986,2.3634127755714047
500_5,193,500,R,college,74.544,True,0.9781687675783848,232.9312324216154,77.8000000000001,1,1.0398812008226073,171.2187991773928,77.8000000000001,1,1.056801749422838,154.29825057716195,33.30000000000011,1,227.80000000000013,130.50000000000006,,227.80000000000013,97.30000000000004,3,232.9312324216154,154.29825057716195,78.63298184445344,pelvis>torso>lead_hand,5.131232421615266,-18.6670181555466
500_6,193,500,R,college,69.8728,True,1.6869549277802445,193.6450722197558,58.400000000000006,1,1.7294882566010017,151.11174339899836,63.90000000000007,1,1.7511710784564942,129.42892154350582,25.00000000000013,1,172.30000000000013,122.30000000000008,199.99999999999997,199.99999999999997,77.69999999999987,3,193.6450722197558,129.42892154350582,64.21615067624998,pelvis>torso>lead_hand,-6.354927780244168,-13.483849323749894
500_7,193,500,R,college,71.3782,True,1.2044936481992137,234.4063518007864,94.50000000000004,1,1.2559420714909788,182.9579285090213,75.00000000000017,1,1.2739314558135924,164.9685441864077,33.30000000000011,1,158.3000000000001,130.60000000000005,197.20000000000005,197.20000000000005,66.6,3,234.4063518007864,164.9685441864077,69.4378076143787,pelvis>torso>lead_hand,37.206351800786365,2.837807614378704
500_8,193,500,R,college,73.6975,True,1.3993381322667675,236.7618677332324,86.10000000000007,1,1.459990894992614,176.10910500738598,88.9000000000002,1,1.46669879954602,169.40120045397998,2.800000000000136,1,216.7000000000001,125.0,,216.7000000000001,91.70000000000012,3,236.7618677332324,169.40120045397998,67.36066727925243,pelvis>torso>lead_hand,20.061867733232305,-24.33933272074769
504_1,49,504,L,college,68.4291,True,0.9467174806051204,203.28251939487944,47.19999999999991,1,0.983242793751714,166.75720624828594,66.69999999999999,1,1.002237919551991,147.76208044800887,2.7999999999999137,2,191.69999999999987,116.6999999999998,,191.69999999999987,75.00000000000007,3,203.28251939487944,147.76208044800887,55.52043894687057,pelvis>torso>lead_hand,11.582519394879569,-19.4795610531295
504_2,49,504,L,college,70.3446,True,1.1661450690727475,208.85493092725227,50.00000000000004,1,1.2069102698963494,168.0897301036506,69.3999999999999,1,1.2387001139090603,136.29988609093945,2.7999999999999137,2,191.7,130.60000000000005,,191.7,61.09999999999993,3,208.85493092725227,136.29988609093945,72.55504483631282,pelvis>torso>lead_hand,17.15493092725228,11.455044836312887
504_3,49,504,L,college,69.718,True,1.0902549128911223,209.74508710887756,50.00000000000004,1,1.1294053799109345,170.59462008906578,41.70000000000008,1,1.1482320081550517,151.76799184494837,2.800000000000136,1,186.10000000000016,113.90000000000012,,186.10000000000016,72.20000000000005,3,209.74508710887756,151.76799184494837,57.977095263929186,pelvis>torso>lead_hand,23.64508710887739,-14.22290473607086
504_4,49,504,L,college,72.8996,True,1.1880385221100167,214.76147788998333,55.600000000000094,1,1.2281189061060165,174.6810938939838,77.8000000000001,1,1.263303385639625,139.49661436037508,2.800000000000136,1,194.5000000000001,130.60000000000005,,194.5000000000001,63.90000000000007,3,214.76147788998333,139.49661436037508,75.26486352960825,pelvis>torso>lead_hand,20.26147788998321,11.36486352960818
504_5,49,504,L,college,67.6853,True,0.9779994643668872,199.80053563311276,52.79999999999996,2,1.0142416921173352,163.5583078826648,69.4999999999999,1,1.0365135770650762,141.28642293492376,5.600000000000049,3,188.89999999999995,125.0,,188.89999999999995,63.89999999999996,3,199.80053563311276,141.28642293492376,58.514112698188995,pelvis>torso>lead_hand,10.90053563311281,-5.385887301810968
504_6,49,504,L,college,68.1359,True,0.9752623124368672,196.93768756313256,55.499999999999886,2,1.0070654049663097,165.1345950336902,72.19999999999982,1,1.031704784964977,140.49521503502294,2.7999999999999137,1,186.09999999999997,127.79999999999993,163.89999999999992,186.09999999999997,58.30000000000002,3,196.93768756313256,140.49521503502294,56.44247252810962,pelvis>torso>lead_hand,10.83768756313259,-1.8575274718903998
504_7,49,504,L,college,72.4951,True,1.5703837207966844,207.4162792033156,52.79999999999996,1,1.606824739256094,170.9752607439059,77.8000000000001,2,1.636256801626805,141.54319837319497,2.800000000000136,1,197.20000000000005,136.1000000000001,,197.20000000000005,61.09999999999993,3,207.4162792033156,141.54319837319497,65.87308083012064,pelvis>torso>lead_hand,10.216279203315565,4.773080830120712
504_8,49,504,L,college,69.8004,True,1.4858871119930823,200.2128880069176,66.69999999999999,2,1.5196460691622646,166.4539308377353,69.3999999999999,1,1.545143974704331,140.95602529566898,5.499999999999838,1,191.7,130.49999999999983,,191.7,61.20000000000015,3,200.2128880069176,140.95602529566898,59.25686271124863,pelvis>torso>lead_hand,8.51288800691762,-1.9431372887515224
509_1,222,509,R,independent,68.1541,True,1.2233536902700606,198.8463097299393,58.30000000000002,1,1.2813725485370593,140.82745146294062,69.3999999999999,1,1.2373918308275165,184.80816917248345,5.499999999999838,2,180.4999999999999,136.09999999999988,174.99999999999983,180.4999999999999,44.39999999999999,3,198.8463097299393,140.82745146294062,58.01885826699868,pelvis>lead_hand>torso,18.346309729939406,13.618858266998686
509_2,222,509,R,independent,68.1473,True,1.3485826655086834,201.4173344913166,61.10000000000015,1,1.3953774243665689,154.62257563343118,69.40000000000013,2,1.3562972523968626,193.70274760313745,19.400000000000084,1,194.4000000000001,152.80000000000004,,194.4000000000001,41.60000000000008,3,201.4173344913166,154.62257563343118,46.79475885788543,pelvis>lead_hand>torso,7.017334491316518,5.194758857885347
509_3,222,509,R,independent,71.4042,True,1.052521065886739,205.778934113261,61.09999999999993,1,1.1156351698857678,142.66483011423213,36.10000000000002,3,1.069383513472395,188.91648652760492,11.099999999999888,1,188.9000000000001,138.90000000000003,166.60000000000008,188.9000000000001,50.00000000000004,3,205.778934113261,142.66483011423213,63.114103999028856,pelvis>lead_hand>torso,16.878934113260897,13.114103999028814
509_4,222,509,R,independent,71.9096,True,1.0444953341432217,216.6046658567784,69.40000000000013,1,1.1098573804224685,151.2426195775316,69.40000000000013,1,1.0480694636276815,213.0305363723184,41.70000000000008,1,200.00000000000017,144.4000000000001,194.4000000000001,200.00000000000017,55.600000000000094,3,216.6046658567784,151.2426195775316,65.36204627924681,pelvis>lead_hand>torso,16.60466585677824,9.762046279246718
509_5,222,509,R,independent,69.0217,True,1.5832004905171813,205.69950948281868,63.89999999999985,1,1.655172330925973,133.727669074027,72.20000000000005,2,1.5996075087217507,189.2924912782492,8.299999999999974,1,152.7999999999998,91.69999999999987,191.7,191.7,100.00000000000009,3,205.69950948281868,133.727669074027,71.97184040879168,pelvis>lead_hand>torso,13.999509482818695,-28.028159591208407
509_6,222,509,R,independent,71.9226,True,1.0251401844808057,208.1598155191946,61.10000000000015,1,1.0980752437098809,135.22475629011922,69.40000000000013,3,1.0187911152818694,214.50888471813067,2.7000000000001467,1,188.9000000000001,130.50000000000006,155.49999999999997,188.9000000000001,58.400000000000006,3,214.50888471813067,135.22475629011922,79.28412842801146,lead_hand>pelvis>torso,25.608884718130582,20.88412842801145
509_7,222,509,R,independent,70.3256,True,1.4527055028070406,222.29449719295943,58.30000000000002,1,1.5334068120870052,141.5931879129948,66.69999999999999,2,1.4664148533241868,208.5851466758133,5.600000000000049,1,219.40000000000003,133.29999999999998,,219.40000000000003,86.10000000000007,3,222.29449719295943,141.5931879129948,80.70130927996462,pelvis>lead_hand>torso,2.894497192959392,-5.398690720035447
509_8,222,509,R,independent,67.9435,True,1.5994648749808018,200.53512501919823,61.10000000000015,1,1.6374543366628609,162.5456633371394,74.99999999999996,1,1.6129682903949776,187.03170960502248,11.10000000000011,1,177.79999999999995,91.70000000000012,197.20000000000005,197.20000000000005,105.49999999999991,3,200.53512501919823,162.5456633371394,37.989461682058845,pelvis>lead_hand>torso,3.3351250191981876,-67.51053831794107
